ISO-10303-21;
HEADER;
FILE_DESCRIPTION((''),'2;1');
FILE_NAME('base', '2026-04-26T17:54:12', (''), (''), 'ImageToStl.com STEP Converter','', '');
FILE_SCHEMA(('AUTOMOTIVE_DESIGN_CC2'));
ENDSEC;
DATA;
#1=PRODUCT_DEFINITION_CONTEXT('',#4,'design');
#2=APPLICATION_PROTOCOL_DEFINITION('INTERNATIONAL STANDARD','automotive_design',1994,#4);
#3=(GEOMETRIC_REPRESENTATION_CONTEXT(3)GLOBAL_UNCERTAINTY_ASSIGNED_CONTEXT((#5))GLOBAL_UNIT_ASSIGNED_CONTEXT((#6,#7,#8))REPRESENTATION_CONTEXT('NONE','WORKSPACE'));
#4=APPLICATION_CONTEXT(' ');
#5=UNCERTAINTY_MEASURE_WITH_UNIT(LENGTH_MEASURE(1.0E-006),#6,'','');
#6=(CONVERSION_BASED_UNIT('METRE',#10)LENGTH_UNIT()NAMED_UNIT(#11));
#7=(NAMED_UNIT(#12)PLANE_ANGLE_UNIT()SI_UNIT($,.RADIAN.));
#8=(NAMED_UNIT(#12)SOLID_ANGLE_UNIT()SI_UNIT($,.STERADIAN.));
#9=AXIS2_PLACEMENT_3D('',#14,#15,#16);
#10=LENGTH_MEASURE_WITH_UNIT(LENGTH_MEASURE(1.0),#17);
#11=DIMENSIONAL_EXPONENTS(1.0,0.0,0.0,0.0,0.0,0.0,0.0);
#12=DIMENSIONAL_EXPONENTS(0.0,0.0,0.0,0.0,0.0,0.0,0.0);
#13=PRODUCT_CONTEXT('',#4,'mechanical');
#14=CARTESIAN_POINT('',(0.0,0.0,0.0));
#15=DIRECTION('',(0.0,0.0,1.0));
#16=DIRECTION('',(1.0,0.0,0.0));
#17=(NAMED_UNIT(#11)LENGTH_UNIT()SI_UNIT(.MILLI.,.METRE.));
#18=PRESENTATION_STYLE_ASSIGNMENT((#19));
#19=SURFACE_STYLE_USAGE(.BOTH.,#20);
#20=SURFACE_SIDE_STYLE('',(#21));
#21=SURFACE_STYLE_FILL_AREA(#22);
#22=FILL_AREA_STYLE('',(#23));
#23=FILL_AREA_STYLE_COLOUR('',#24);
#24=COLOUR_RGB('',0.85,0.85,0.85);
#25=SHAPE_DEFINITION_REPRESENTATION(#26,#27);
#26=PRODUCT_DEFINITION_SHAPE('productshape0','',#30);
#27=MANIFOLD_SURFACE_SHAPE_REPRESENTATION('',(#28,#9),#3);
#28=SHELL_BASED_SURFACE_MODEL('shell0',(#33));
#29=PRODUCT('product0','','',(#13));
#30=PRODUCT_DEFINITION('mesh0','',#31,#2);
#31=PRODUCT_DEFINITION_FORMATION_WITH_SPECIFIED_SOURCE('prodsource0','',#29,.NOT_KNOWN.);
#32=STYLED_ITEM('',(#18),#33);
#33=CLOSED_SHELL('',(#920,#942,#964,#986,#1008,#1030,#1052,#1074,#1096,#1118,#1140,#1162,#1184,#1206,#1228,#1250,#1272,#1294,#1316,#1338,#1360,#1382,#1404,#1426,#1448,#1470,#1492,#1514,#1536,#1558,#1580,#1602,#1624,#1646,#1668,#1690,#1712,#1734,#1756,#1778,#1800,#1822,#1844,#1866,#1888,#1910,#1932,#1954,#1976,#1998,#2020,#2042,#2064,#2086,#2108,#2130,#2152,#2174,#2196,#2218,#2240,#2262,#2284,#2306,#2328,#2350,#2372,#2394,#2416,#2438,#2460,#2482,#2504,#2526,#2548,#2570,#2592,#2614,#2636,#2658,#2680,#2702,#2724,#2746,#2768,#2790,#2812,#2834,#2856,#2878,#2900,#2922,#2944,#2966,#2988,#3010,#3032,#3054,#3076,#3098,#3120,#3142,#3164,#3186,#3208,#3230,#3252,#3274,#3296,#3318,#3340,#3362,#3384,#3406,#3428,#3450,#3472,#3494,#3516,#3538,#3560,#3582,#3604,#3626,#3648,#3670,#3692,#3714,#3736,#3758,#3780,#3802,#3824,#3846,#3868,#3890,#3912,#3934,#3956,#3978,#4000,#4022,#4044,#4066,#4088,#4110,#4132,#4154,#4176,#4198,#4220,#4242,#4264,#4286,#4308,#4330,#4352,#4374,#4396,#4418,#4440,#4462,#4484,#4506,#4528,#4550,#4572,#4594,#4616,#4638,#4660,#4682,#4704,#4726,#4748,#4770,#4792,#4814,#4836,#4858,#4880,#4902,#4924,#4946,#4968,#4990,#5012,#5034,#5056,#5078,#5100,#5122,#5144,#5166,#5188,#5210,#5232,#5254,#5276,#5298,#5320,#5342,#5364,#5386,#5408,#5430,#5452,#5474,#5496,#5518,#5540,#5562,#5584,#5606,#5628,#5650,#5672,#5694,#5716,#5738,#5760,#5782,#5804,#5826,#5848,#5870,#5892,#5914,#5936,#5958,#5980,#6002,#6024,#6046,#6068,#6090,#6112,#6134,#6156,#6178,#6200,#6222,#6244,#6266,#6288,#6310,#6332,#6354,#6376,#6398,#6420,#6442,#6464,#6486,#6508,#6530,#6552,#6574,#6596,#6618,#6640,#6662,#6684,#6706,#6728,#6750,#6772,#6794,#6816,#6838,#6860,#6882,#6904,#6926,#6948,#6970,#6992,#7014,#7036,#7058,#7080,#7102,#7124,#7146,#7168,#7190,#7212,#7234,#7256,#7278,#7300,#7322,#7344,#7366,#7388,#7410,#7432,#7454,#7476,#7498,#7520,#7542,#7564,#7586,#7608,#7630,#7652,#7674,#7696,#7718,#7740,#7762,#7784,#7806,#7828,#7850,#7872,#7894,#7916,#7938,#7960,#7982,#8004,#8026,#8048,#8070,#8092,#8114,#8136,#8158,#8180,#8202,#8224,#8246,#8268,#8290,#8312,#8334,#8356,#8378,#8400,#8422,#8444,#8466,#8488,#8510,#8532,#8554,#8576,#8598,#8620,#8642,#8664,#8686,#8708,#8730,#8752,#8774,#8796,#8818,#8840,#8862,#8884,#8906,#8928,#8950,#8972,#8994,#9016,#9038,#9060,#9082,#9104,#9126,#9148,#9170,#9192,#9214,#9236,#9258,#9280,#9302,#9324,#9346,#9368,#9390,#9412,#9434,#9456,#9478,#9500,#9522,#9544,#9566,#9588,#9610,#9632,#9654,#9676,#9698,#9720,#9742,#9764,#9786,#9808,#9830,#9852,#9874,#9896,#9918,#9940,#9962,#9984,#10006,#10028,#10050,#10072,#10094,#10116,#10138,#10160,#10182,#10204,#10226,#10248,#10270,#10292,#10314,#10336,#10358,#10380,#10402,#10424,#10446,#10468,#10490,#10512,#10534,#10556,#10578,#10600,#10622,#10644,#10666,#10688,#10710,#10732,#10754,#10776,#10798,#10820,#10842,#10864,#10886,#10908,#10930,#10952,#10974,#10996,#11018,#11040,#11062,#11084,#11106,#11128,#11150,#11172,#11194,#11216,#11238,#11260,#11282,#11304,#11326,#11348,#11370,#11392,#11414,#11436,#11458,#11480,#11502,#11524,#11546,#11568,#11590,#11612,#11634,#11656,#11678,#11700,#11722,#11744,#11766,#11788,#11810,#11832,#11854,#11876,#11898,#11920,#11942,#11964,#11986,#12008,#12030,#12052,#12074,#12096,#12118,#12140,#12162,#12184,#12206,#12228,#12250,#12272,#12294,#12316,#12338,#12360,#12382,#12404,#12426,#12448,#12470,#12492,#12514,#12536,#12558,#12580,#12602,#12624,#12646,#12668,#12690,#12712,#12734,#12756,#12778,#12800,#12822,#12844,#12866,#12888,#12910,#12932,#12954,#12976,#12998,#13020,#13042,#13064,#13086,#13108,#13130,#13152,#13174,#13196,#13218,#13240,#13262,#13284,#13306,#13328,#13350,#13372,#13394,#13416,#13438,#13460,#13482,#13504,#13526,#13548,#13570,#13592,#13614,#13636,#13658,#13680,#13702,#13724,#13746,#13768,#13790,#13812,#13834,#13856,#13878,#13900,#13922,#13944,#13966,#13988,#14010,#14032,#14054,#14076,#14098,#14120,#14142,#14164,#14186,#14208,#14230,#14252,#14274,#14296,#14318,#14340,#14362,#14384,#14406,#14428,#14450,#14472,#14494,#14516,#14538,#14560,#14582,#14604,#14626,#14648,#14670,#14692,#14714,#14736,#14758,#14780,#14802,#14824,#14846,#14868,#14890,#14912,#14934,#14956,#14978,#15000,#15022,#15044,#15066,#15088,#15110,#15132,#15154,#15176,#15198,#15220,#15242,#15264,#15286,#15308,#15330,#15352,#15374,#15396,#15418,#15440,#15462,#15484,#15506,#15528,#15550,#15572,#15594,#15616,#15638,#15660,#15682,#15704,#15726,#15748,#15770,#15792,#15814,#15836,#15858,#15880,#15902,#15924,#15946,#15968,#15990,#16012,#16034,#16056,#16078,#16100,#16122,#16144,#16166,#16188,#16210,#16232,#16254,#16276,#16298,#16320,#16342,#16364,#16386,#16408,#16430,#16452,#16474,#16496,#16518,#16540,#16562,#16584,#16606,#16628,#16650,#16672,#16694,#16716,#16738,#16760,#16782,#16804,#16826,#16848,#16870,#16892,#16914,#16936,#16958,#16980,#17002,#17024,#17046,#17068,#17090,#17112,#17134,#17156,#17178,#17200,#17222,#17244,#17266,#17288,#17310,#17332,#17354,#17376,#17398,#17420,#17442,#17464,#17486,#17508,#17530,#17552,#17574,#17596,#17618,#17640,#17662,#17684,#17706,#17728,#17750,#17772,#17794,#17816,#17838,#17860,#17882,#17904,#17926,#17948,#17970,#17992,#18014,#18036,#18058,#18080,#18102,#18124,#18146,#18168,#18190,#18212,#18234,#18256,#18278,#18300,#18322,#18344,#18366,#18388,#18410,#18432,#18454,#18476,#18498,#18520,#18542,#18564,#18586,#18608,#18630,#18652,#18674,#18696,#18718,#18740,#18762,#18784,#18806,#18828,#18850,#18872,#18894,#18916,#18938,#18960,#18982,#19004,#19026,#19048,#19070,#19092,#19114,#19136,#19158,#19180,#19202,#19224,#19246,#19268,#19290,#19312,#19334,#19356,#19378,#19400,#19422,#19444,#19466,#19488,#19510,#19532,#19554,#19576,#19598,#19620,#19642,#19664,#19686,#19708,#19730,#19752,#19774,#19796,#19818,#19840,#19862,#19884,#19906,#19928,#19950,#19972,#19994,#20016,#20038,#20060,#20082,#20104,#20126,#20148,#20170,#20192,#20214,#20236,#20258,#20280,#20302,#20324,#20346,#20368,#20390,#20412,#20434,#20456,#20478,#20500,#20522,#20544,#20566,#20588,#20610,#20632,#20654));
#34=CARTESIAN_POINT('',(-84.5,-24.000999450683594,0));
#35=VERTEX_POINT('',#34);
#36=CARTESIAN_POINT('',(-84.5,-24.000999450683594,0.29100000858306885));
#37=VERTEX_POINT('',#36);
#38=CARTESIAN_POINT('',(-84.5,25.000999450683594,0));
#39=VERTEX_POINT('',#38);
#40=CARTESIAN_POINT('',(-84.5,25.000999450683594,20));
#41=VERTEX_POINT('',#40);
#42=CARTESIAN_POINT('',(-84.5,-24.000999450683594,3.7090001106262207));
#43=VERTEX_POINT('',#42);
#44=CARTESIAN_POINT('',(78.20800018310547,18.81999969482422,0.03799999877810478));
#45=VERTEX_POINT('',#44);
#46=CARTESIAN_POINT('',(75.15899658203125,17.191999435424805,0.009999999776482582));
#47=VERTEX_POINT('',#46);
#48=CARTESIAN_POINT('',(75.37200164794922,17.739999771118164,0.010999999940395355));
#49=VERTEX_POINT('',#48);
#50=CARTESIAN_POINT('',(83.22699737548828,-26.625,3.7269999980926514));
#51=VERTEX_POINT('',#50);
#52=CARTESIAN_POINT('',(83.7770004272461,-26.010000228881836,3.759000062942505));
#53=VERTEX_POINT('',#52);
#54=CARTESIAN_POINT('',(83.22699737548828,-26.625999450683594,20));
#55=VERTEX_POINT('',#54);
#56=CARTESIAN_POINT('',(-84.5,-24.85099983215332,0.29100000858306885));
#57=VERTEX_POINT('',#56);
#58=CARTESIAN_POINT('',(-84.5,-24.000999450683594,20));
#59=VERTEX_POINT('',#58);
#60=CARTESIAN_POINT('',(-84.5,-24.85099983215332,3.7090001106262207));
#61=VERTEX_POINT('',#60);
#62=CARTESIAN_POINT('',(84.1760025024414,25.110000610351562,0));
#63=VERTEX_POINT('',#62);
#64=CARTESIAN_POINT('',(84.41899871826172,24.43600082397461,0));
#65=VERTEX_POINT('',#64);
#66=CARTESIAN_POINT('',(79.5,19.13599967956543,0));
#67=VERTEX_POINT('',#66);
#68=CARTESIAN_POINT('',(84.47000122070312,24.000999450683594,0));
#69=VERTEX_POINT('',#68);
#70=CARTESIAN_POINT('',(84.5,-25.000999450683594,0));
#71=VERTEX_POINT('',#70);
#72=CARTESIAN_POINT('',(79.5,-19.38599967956543,0));
#73=VERTEX_POINT('',#72);
#74=CARTESIAN_POINT('',(84.5,24.000999450683594,0));
#75=VERTEX_POINT('',#74);
#76=CARTESIAN_POINT('',(78.63500213623047,28.60099983215332,0));
#77=VERTEX_POINT('',#76);
#78=CARTESIAN_POINT('',(73.7969970703125,21.20400047302246,0));
#79=VERTEX_POINT('',#78);
#80=CARTESIAN_POINT('',(76.23999786376953,28.95599937438965,0));
#81=VERTEX_POINT('',#80);
#82=CARTESIAN_POINT('',(79.75,28.29800033569336,0));
#83=VERTEX_POINT('',#82);
#84=CARTESIAN_POINT('',(74.447998046875,20.768999099731445,0));
#85=VERTEX_POINT('',#84);
#86=CARTESIAN_POINT('',(80.78299713134766,27.916000366210938,0));
#87=VERTEX_POINT('',#86);
#88=CARTESIAN_POINT('',(74.96299743652344,20.18199920654297,0));
#89=VERTEX_POINT('',#88);
#90=CARTESIAN_POINT('',(81.71800231933594,27.46299934387207,0));
#91=VERTEX_POINT('',#90);
#92=CARTESIAN_POINT('',(-71.01000213623047,17.367000579833984,3.997999906539917));
#93=VERTEX_POINT('',#92);
#94=CARTESIAN_POINT('',(-61.119998931884766,24.015705108642578,3.997999906539917));
#95=VERTEX_POINT('',#94);
#96=CARTESIAN_POINT('',(-70.94599914550781,17.95199966430664,3.997999906539917));
#97=VERTEX_POINT('',#96);
#98=CARTESIAN_POINT('',(83.22699737548828,26.375999450683594,0));
#99=VERTEX_POINT('',#98);
#100=CARTESIAN_POINT('',(82.53700256347656,26.94700050354004,0));
#101=VERTEX_POINT('',#100);
#102=CARTESIAN_POINT('',(83.7770004272461,25.760000228881836,0));
#103=VERTEX_POINT('',#102);
#104=CARTESIAN_POINT('',(83.75399780273438,-26.117000579833984,3.753999948501587));
#105=VERTEX_POINT('',#104);
#106=CARTESIAN_POINT('',(84.11799621582031,-25.45400047302246,3.76200008392334));
#107=VERTEX_POINT('',#106);
#108=CARTESIAN_POINT('',(83.89800262451172,-26.132999420166016,3.7090001106262207));
#109=VERTEX_POINT('',#108);
#110=CARTESIAN_POINT('',(84.3479995727539,-25.5,3.7090001106262207));
#111=VERTEX_POINT('',#110);
#112=CARTESIAN_POINT('',(-71.3479995727539,19.452999114990234,3.997999906539917));
#113=VERTEX_POINT('',#112);
#114=CARTESIAN_POINT('',(-65.69971466064453,25,3.997999906539917));
#115=VERTEX_POINT('',#114);
#116=CARTESIAN_POINT('',(-71.82499694824219,20.075000762939453,3.997999906539917));
#117=VERTEX_POINT('',#116);
#118=CARTESIAN_POINT('',(75.4749984741211,18.51799964904785,0));
#119=VERTEX_POINT('',#118);
#120=CARTESIAN_POINT('',(75.41100311279297,19.10099983215332,0));
#121=VERTEX_POINT('',#120);
#122=CARTESIAN_POINT('',(77.45899963378906,18.68000030517578,0));
#123=VERTEX_POINT('',#122);
#124=CARTESIAN_POINT('',(75.24600219726562,19.666000366210938,0));
#125=VERTEX_POINT('',#124);
#126=CARTESIAN_POINT('',(84.3479995727539,-25.5,0.29100000858306885));
#127=VERTEX_POINT('',#126);
#128=CARTESIAN_POINT('',(-72.28399658203125,20.44300079345703,0));
#129=VERTEX_POINT('',#128);
#130=CARTESIAN_POINT('',(-71.82499694824219,20.075000762939453,0));
#131=VERTEX_POINT('',#130);
#132=CARTESIAN_POINT('',(-72.28399658203125,20.44300079345703,3.997999906539917));
#133=VERTEX_POINT('',#132);
#134=CARTESIAN_POINT('',(84.5,-25.000999450683594,20));
#135=VERTEX_POINT('',#134);
#136=CARTESIAN_POINT('',(84.30500030517578,-25.000999450683594,3.755000114440918));
#137=VERTEX_POINT('',#136);
#138=CARTESIAN_POINT('',(84.46499633789062,-25.000999450683594,3.7090001106262207));
#139=VERTEX_POINT('',#138);
#140=CARTESIAN_POINT('',(74.85399627685547,16.68899917602539,0.00800000037997961));
#141=VERTEX_POINT('',#140);
#142=CARTESIAN_POINT('',(84.46499633789062,-25.000999450683594,0.29100000858306885));
#143=VERTEX_POINT('',#142);
#144=CARTESIAN_POINT('',(73.2490005493164,21.41699981689453,0));
#145=VERTEX_POINT('',#144);
#146=CARTESIAN_POINT('',(73.76000213623047,28.95599937438965,0));
#147=VERTEX_POINT('',#146);
#148=CARTESIAN_POINT('',(-71.01000213623047,18.535999298095703,3.997999906539917));
#149=VERTEX_POINT('',#148);
#150=CARTESIAN_POINT('',(-71.17400360107422,19.10099983215332,3.997999906539917));
#151=VERTEX_POINT('',#150);
#152=CARTESIAN_POINT('',(74.59500122070312,16.393999099731445,0.007000000216066837));
#153=VERTEX_POINT('',#152);
#154=CARTESIAN_POINT('',(-71.17400360107422,19.10099983215332,3.761963659151354E-19));
#155=VERTEX_POINT('',#154);
#156=CARTESIAN_POINT('',(72.08000183105469,21.493999481201172,0));
#157=VERTEX_POINT('',#156);
#158=CARTESIAN_POINT('',(72.16300201416016,28.750999450683594,0));
#159=VERTEX_POINT('',#158);
#160=CARTESIAN_POINT('',(72.47200012207031,21.520000457763672,0));
#161=VERTEX_POINT('',#160);
#162=CARTESIAN_POINT('',(77.45899963378906,18.68000030517578,0.028999999165534973));
#163=VERTEX_POINT('',#162);
#164=CARTESIAN_POINT('',(71.4209976196289,21.31100082397461,0));
#165=VERTEX_POINT('',#164);
#166=CARTESIAN_POINT('',(79.5,19.13599967956543,0.05700000002980232));
#167=VERTEX_POINT('',#166);
#168=CARTESIAN_POINT('',(82.96900177001953,-26.839000701904297,3.7090001106262207));
#169=VERTEX_POINT('',#168);
#170=CARTESIAN_POINT('',(83.15899658203125,-26.735000610351562,3.7090001106262207));
#171=VERTEX_POINT('',#170);
#172=CARTESIAN_POINT('',(70.64399719238281,20.89900016784668,0));
#173=VERTEX_POINT('',#172);
#174=CARTESIAN_POINT('',(83.15899658203125,-26.735000610351562,0.29100000858306885));
#175=VERTEX_POINT('',#174);
#176=CARTESIAN_POINT('',(83.89800262451172,-26.132999420166016,0.29100000858306885));
#177=VERTEX_POINT('',#176);
#178=CARTESIAN_POINT('',(75.41100311279297,17.93199920654297,3.989000082015991));
#179=VERTEX_POINT('',#178);
#180=CARTESIAN_POINT('',(79.5,19.13599967956543,3.943000078201294));
#181=VERTEX_POINT('',#180);
#182=CARTESIAN_POINT('',(77.45899963378906,18.68000030517578,3.9709999561309814));
#183=VERTEX_POINT('',#182);
#184=CARTESIAN_POINT('',(82.96900177001953,-26.839000701904297,0.29100000858306885));
#185=VERTEX_POINT('',#184);
#186=CARTESIAN_POINT('',(70.08999633789062,16.68899917602539,0));
#187=VERTEX_POINT('',#186);
#188=CARTESIAN_POINT('',(40.959999084472656,2.867274284362793,0));
#189=VERTEX_POINT('',#188);
#190=CARTESIAN_POINT('',(69.87200164794922,17.016000747680664,0));
#191=VERTEX_POINT('',#190);
#192=CARTESIAN_POINT('',(70.3489990234375,16.393999099731445,0));
#193=VERTEX_POINT('',#192);
#194=CARTESIAN_POINT('',(75.4749984741211,18.51799964904785,3.997999906539917));
#195=VERTEX_POINT('',#194);
#196=CARTESIAN_POINT('',(75.41100311279297,19.10099983215332,3.997999906539917));
#197=VERTEX_POINT('',#196);
#198=CARTESIAN_POINT('',(75.4749984741211,18.51799964904785,3.989000082015991));
#199=VERTEX_POINT('',#198);
#200=CARTESIAN_POINT('',(82.53700256347656,-27.19700050354004,0));
#201=VERTEX_POINT('',#200);
#202=CARTESIAN_POINT('',(83.22699737548828,-26.625999450683594,0));
#203=VERTEX_POINT('',#202);
#204=CARTESIAN_POINT('',(69.5719985961914,17.739999771118164,0));
#205=VERTEX_POINT('',#204);
#206=CARTESIAN_POINT('',(-6.002999782562256,28.750999450683594,17.003000259399414));
#207=VERTEX_POINT('',#206);
#208=CARTESIAN_POINT('',(-70.99700164794922,28.750999450683594,20));
#209=VERTEX_POINT('',#208);
#210=CARTESIAN_POINT('',(7.002999782562256,28.750999450683594,17.003000259399414));
#211=VERTEX_POINT('',#210);
#212=CARTESIAN_POINT('',(77.45899963378906,18.68000030517578,3.997999906539917));
#213=VERTEX_POINT('',#212);
#214=CARTESIAN_POINT('',(79.50299835205078,25,3.997999906539917));
#215=VERTEX_POINT('',#214);
#216=CARTESIAN_POINT('',(75.24600219726562,19.666000366210938,3.997999906539917));
#217=VERTEX_POINT('',#216);
#218=CARTESIAN_POINT('',(72.13700103759766,15.53600025177002,0));
#219=VERTEX_POINT('',#218);
#220=CARTESIAN_POINT('',(71.69499969482422,15.616999626159668,0));
#221=VERTEX_POINT('',#220);
#222=CARTESIAN_POINT('',(65.91100311279297,25.250999450683594,20));
#223=VERTEX_POINT('',#222);
#224=CARTESIAN_POINT('',(-6.002999782562256,25.250999450683594,17.003000259399414));
#225=VERTEX_POINT('',#224);
#226=CARTESIAN_POINT('',(7.002999782562256,25.250999450683594,17.003000259399414));
#227=VERTEX_POINT('',#226);
#228=CARTESIAN_POINT('',(71.14700317382812,15.829999923706055,0));
#229=VERTEX_POINT('',#228);
#230=CARTESIAN_POINT('',(-65.67748260498047,25,3.997999906539917));
#231=VERTEX_POINT('',#230);
#232=CARTESIAN_POINT('',(70.64399719238281,16.135000228881836,0));
#233=VERTEX_POINT('',#232);
#234=CARTESIAN_POINT('',(-74.5,-29.000999450683594,20));
#235=VERTEX_POINT('',#234);
#236=CARTESIAN_POINT('',(72.16300201416016,-29.000999450683594,20));
#237=VERTEX_POINT('',#236);
#238=CARTESIAN_POINT('',(-74.5,-28.982999801635742,20));
#239=VERTEX_POINT('',#238);
#240=CARTESIAN_POINT('',(83.7770004272461,-26.010000228881836,2.0486560364796347E-11));
#241=VERTEX_POINT('',#240);
#242=CARTESIAN_POINT('',(83.47799682617188,-26.344999313354492,0.24699999392032623));
#243=VERTEX_POINT('',#242);
#244=CARTESIAN_POINT('',(-81.00299835205078,-25.5049991607666,20));
#245=VERTEX_POINT('',#244);
#246=CARTESIAN_POINT('',(-78.63500213623047,-28.60099983215332,20));
#247=VERTEX_POINT('',#246);
#248=CARTESIAN_POINT('',(-79.75,-28.29800033569336,20));
#249=VERTEX_POINT('',#248);
#250=CARTESIAN_POINT('',(-80.78299713134766,-27.916000366210938,20));
#251=VERTEX_POINT('',#250);
#252=CARTESIAN_POINT('',(-81.71800231933594,-27.46299934387207,20));
#253=VERTEX_POINT('',#252);
#254=CARTESIAN_POINT('',(-81.00299835205078,25,20));
#255=VERTEX_POINT('',#254);
#256=CARTESIAN_POINT('',(-84.47000122070312,-24.000999450683594,20));
#257=VERTEX_POINT('',#256);
#258=CARTESIAN_POINT('',(2.0290000438690186,-17.586999893188477,3.997999906539917));
#259=VERTEX_POINT('',#258);
#260=CARTESIAN_POINT('',(2.0290000438690186,-17.586999893188477,0));
#261=VERTEX_POINT('',#260);
#262=CARTESIAN_POINT('',(2.0291759967803955,-17.587087631225586,3.997999906539917));
#263=VERTEX_POINT('',#262);
#264=CARTESIAN_POINT('',(83.75399780273438,-26.117000579833984,0.2460000067949295));
#265=VERTEX_POINT('',#264);
#266=CARTESIAN_POINT('',(81.71800231933594,-27.71299934387207,0));
#267=VERTEX_POINT('',#266);
#268=CARTESIAN_POINT('',(7.002999782562256,25.250999450683594,11.998000144958496));
#269=VERTEX_POINT('',#268);
#270=CARTESIAN_POINT('',(7.002999782562256,28.750999450683594,11.998000144958496));
#271=VERTEX_POINT('',#270);
#272=CARTESIAN_POINT('',(-71.3479995727539,19.452999114990234,0));
#273=VERTEX_POINT('',#272);
#274=CARTESIAN_POINT('',(80.78299713134766,-28.166000366210938,0));
#275=VERTEX_POINT('',#274);
#276=CARTESIAN_POINT('',(84.1760025024414,-25.360000610351562,0));
#277=VERTEX_POINT('',#276);
#278=CARTESIAN_POINT('',(2.8559999465942383,-18.107999801635742,3.997999906539917));
#279=VERTEX_POINT('',#278);
#280=CARTESIAN_POINT('',(61.134822845458984,24.015705108642578,3.997999906539917));
#281=VERTEX_POINT('',#280);
#282=CARTESIAN_POINT('',(2.0294134616851807,-17.587261199951172,3.997999906539917));
#283=VERTEX_POINT('',#282);
#284=CARTESIAN_POINT('',(84.30500030517578,-25.000999450683594,0));
#285=VERTEX_POINT('',#284);
#286=CARTESIAN_POINT('',(0.2952924966812134,-17.421968460083008,3.997999906539917));
#287=VERTEX_POINT('',#286);
#288=CARTESIAN_POINT('',(0.8799999952316284,-17.358999252319336,3.997999906539917));
#289=VERTEX_POINT('',#288);
#290=CARTESIAN_POINT('',(1.465000033378601,-17.422000885009766,3.997999906539917));
#291=VERTEX_POINT('',#290);
#292=CARTESIAN_POINT('',(83.7770004272461,-26.010000228881836,0.2409999966621399));
#293=VERTEX_POINT('',#292);
#294=CARTESIAN_POINT('',(0.2949039936065674,-17.422019958496094,3.997999906539917));
#295=VERTEX_POINT('',#294);
#296=CARTESIAN_POINT('',(-71.0479965209961,18.729000091552734,3.761963659151354E-19));
#297=VERTEX_POINT('',#296);
#298=CARTESIAN_POINT('',(84.1510009765625,-25.400999069213867,0.23899999260902405));
#299=VERTEX_POINT('',#298);
#300=CARTESIAN_POINT('',(3.882999897003174,-20.361000061035156,0));
#301=VERTEX_POINT('',#300);
#302=CARTESIAN_POINT('',(3.8829870223999023,-20.361196517944336,3.997999906539917));
#303=VERTEX_POINT('',#302);
#304=CARTESIAN_POINT('',(3.882999897003174,-20.361000061035156,3.997999906539917));
#305=VERTEX_POINT('',#304);
#306=CARTESIAN_POINT('',(77.45899963378906,-29.07200050354004,0));
#307=VERTEX_POINT('',#306);
#308=CARTESIAN_POINT('',(75,-29.250999450683594,0));
#309=VERTEX_POINT('',#308);
#310=CARTESIAN_POINT('',(73.76000213623047,-29.20599937438965,0));
#311=VERTEX_POINT('',#310);
#312=CARTESIAN_POINT('',(3.8190319538116455,-19.77629280090332,3.997999906539917));
#313=VERTEX_POINT('',#312);
#314=CARTESIAN_POINT('',(79.75,-28.54800033569336,0));
#315=VERTEX_POINT('',#314);
#316=CARTESIAN_POINT('',(34.753501892089844,-25.176000595092773,3.997999906539917));
#317=VERTEX_POINT('',#316);
#318=CARTESIAN_POINT('',(-70.97200012207031,17.559999465942383,-2.7324972475667694E-21));
#319=VERTEX_POINT('',#318);
#320=CARTESIAN_POINT('',(-71.3479995727539,16.450000762939453,3.997999906539917));
#321=VERTEX_POINT('',#320);
#322=CARTESIAN_POINT('',(75.15899658203125,17.191999435424805,3.990000009536743));
#323=VERTEX_POINT('',#322);
#324=CARTESIAN_POINT('',(74.85399627685547,16.68899917602539,3.992000102996826));
#325=VERTEX_POINT('',#324);
#326=CARTESIAN_POINT('',(-71.17400360107422,16.80299949645996,0));
#327=VERTEX_POINT('',#326);
#328=CARTESIAN_POINT('',(-84.30500030517578,25.000999450683594,20));
#329=VERTEX_POINT('',#328);
#330=CARTESIAN_POINT('',(-84.41899871826172,-24.43600082397461,20));
#331=VERTEX_POINT('',#330);
#332=CARTESIAN_POINT('',(-84.1760025024414,-25.110000610351562,20));
#333=VERTEX_POINT('',#332);
#334=CARTESIAN_POINT('',(-83.7770004272461,-25.760000228881836,20));
#335=VERTEX_POINT('',#334);
#336=CARTESIAN_POINT('',(-83.22699737548828,-26.375999450683594,20));
#337=VERTEX_POINT('',#336);
#338=CARTESIAN_POINT('',(-82.53700256347656,-26.94700050354004,20));
#339=VERTEX_POINT('',#338);
#340=CARTESIAN_POINT('',(69.49500274658203,18.125,0));
#341=VERTEX_POINT('',#340);
#342=CARTESIAN_POINT('',(-70.95899963378906,18.148000717163086,0));
#343=VERTEX_POINT('',#342);
#344=CARTESIAN_POINT('',(3.8189804553985596,-19.775903701782227,3.997999906539917));
#345=VERTEX_POINT('',#344);
#346=CARTESIAN_POINT('',(3.26200008392334,-18.533000946044922,0));
#347=VERTEX_POINT('',#346);
#348=CARTESIAN_POINT('',(3.566999912261963,-19.035999298095703,3.997999906539917));
#349=VERTEX_POINT('',#348);
#350=CARTESIAN_POINT('',(3.26200008392334,-18.533000946044922,3.997999906539917));
#351=VERTEX_POINT('',#350);
#352=CARTESIAN_POINT('',(3.5671064853668213,-19.036273956298828,3.997999906539917));
#353=VERTEX_POINT('',#352);
#354=CARTESIAN_POINT('',(84.30500030517578,-25.000999450683594,0.24500000476837158));
#355=VERTEX_POINT('',#354);
#356=CARTESIAN_POINT('',(72.16300201416016,-29.000999450683594,0));
#357=VERTEX_POINT('',#356);
#358=CARTESIAN_POINT('',(75.4749984741211,18.51799964904785,0.010999999940395355));
#359=VERTEX_POINT('',#358);
#360=CARTESIAN_POINT('',(-71.3479995727539,16.450000762939453,0));
#361=VERTEX_POINT('',#360);
#362=CARTESIAN_POINT('',(3.7799999713897705,-19.583999633789062,0));
#363=VERTEX_POINT('',#362);
#364=CARTESIAN_POINT('',(3.566999912261963,-19.035999298095703,0));
#365=VERTEX_POINT('',#364);
#366=CARTESIAN_POINT('',(2.8559999465942383,-18.107999801635742,0));
#367=VERTEX_POINT('',#366);
#368=CARTESIAN_POINT('',(2.38100004196167,-17.76099967956543,0));
#369=VERTEX_POINT('',#368);
#370=CARTESIAN_POINT('',(1.465000033378601,-17.422000885009766,0));
#371=VERTEX_POINT('',#370);
#372=CARTESIAN_POINT('',(0.8799999952316284,-17.358999252319336,0));
#373=VERTEX_POINT('',#372);
#374=CARTESIAN_POINT('',(74.96299743652344,20.18199920654297,3.997999906539917));
#375=VERTEX_POINT('',#374);
#376=CARTESIAN_POINT('',(0.10300000011920929,-17.461000442504883,0));
#377=VERTEX_POINT('',#376);
#378=CARTESIAN_POINT('',(-1.0959999561309814,-18.107999801635742,0));
#379=VERTEX_POINT('',#378);
#380=CARTESIAN_POINT('',(-0.6209999918937683,-17.76099967956543,0));
#381=VERTEX_POINT('',#380);
#382=CARTESIAN_POINT('',(-0.6209999918937683,-17.76099967956543,3.997999906539917));
#383=VERTEX_POINT('',#382);
#384=CARTESIAN_POINT('',(-1.0959999561309814,-18.107999801635742,3.997999906539917));
#385=VERTEX_POINT('',#384);
#386=CARTESIAN_POINT('',(-1.5019999742507935,-18.533000946044922,0));
#387=VERTEX_POINT('',#386);
#388=CARTESIAN_POINT('',(-1.5019999742507935,-18.533000946044922,3.997999906539917));
#389=VERTEX_POINT('',#388);
#390=CARTESIAN_POINT('',(-1.8940000534057617,-19.211999893188477,0));
#391=VERTEX_POINT('',#390);
#392=CARTESIAN_POINT('',(-1.8940000534057617,-19.211999893188477,3.997999906539917));
#393=VERTEX_POINT('',#392);
#394=CARTESIAN_POINT('',(3.8570001125335693,-20.753000259399414,0));
#395=VERTEX_POINT('',#394);
#396=CARTESIAN_POINT('',(3.654101610183716,-21.509620666503906,3.997999906539917));
#397=VERTEX_POINT('',#396);
#398=CARTESIAN_POINT('',(-1.8941015005111694,-19.212377548217773,3.997999906539917));
#399=VERTEX_POINT('',#398);
#400=CARTESIAN_POINT('',(-2.0969998836517334,-19.9689998626709,0));
#401=VERTEX_POINT('',#400);
#402=CARTESIAN_POINT('',(-2.1229870319366455,-20.360803604125977,3.997999906539917));
#403=VERTEX_POINT('',#402);
#404=CARTESIAN_POINT('',(-2.122999906539917,-20.361000061035156,3.997999906539917));
#405=VERTEX_POINT('',#404);
#406=CARTESIAN_POINT('',(-2.122999906539917,-20.361000061035156,0));
#407=VERTEX_POINT('',#406);
#408=CARTESIAN_POINT('',(3.6540000438690186,-21.510000228881836,0));
#409=VERTEX_POINT('',#408);
#410=CARTESIAN_POINT('',(3.6540000438690186,-21.510000228881836,3.997999906539917));
#411=VERTEX_POINT('',#410);
#412=CARTESIAN_POINT('',(-2.059000015258789,-20.94499969482422,0));
#413=VERTEX_POINT('',#412);
#414=CARTESIAN_POINT('',(0.8799999952316284,-23.36400032043457,3.997999906539917));
#415=VERTEX_POINT('',#414);
#416=CARTESIAN_POINT('',(1.465000033378601,-23.298999786376953,3.997999906539917));
#417=VERTEX_POINT('',#416);
#418=CARTESIAN_POINT('',(0.8799999952316284,-23.36400032043457,0));
#419=VERTEX_POINT('',#418);
#420=CARTESIAN_POINT('',(1.465000033378601,-23.298999786376953,0));
#421=VERTEX_POINT('',#420);
#422=CARTESIAN_POINT('',(-31.233999252319336,-25.176000595092773,3.997999906539917));
#423=VERTEX_POINT('',#422);
#424=CARTESIAN_POINT('',(-0.6206380128860474,-17.76085090637207,3.997999906539917));
#425=VERTEX_POINT('',#424);
#426=CARTESIAN_POINT('',(2.0290000438690186,-23.135000228881836,0));
#427=VERTEX_POINT('',#426);
#428=CARTESIAN_POINT('',(2.380542039871216,-22.96116828918457,3.997999906539917));
#429=VERTEX_POINT('',#428);
#430=CARTESIAN_POINT('',(2.380824089050293,-22.96108627319336,3.997999906539917));
#431=VERTEX_POINT('',#430);
#432=CARTESIAN_POINT('',(-2.059000015258789,-20.94499969482422,3.997999906539917));
#433=VERTEX_POINT('',#432);
#434=CARTESIAN_POINT('',(65.78600311279297,25.003999710083008,3.997999906539917));
#435=VERTEX_POINT('',#434);
#436=CARTESIAN_POINT('',(65.91100311279297,25.250999450683594,3.9830000400543213));
#437=VERTEX_POINT('',#436);
#438=CARTESIAN_POINT('',(65.76765441894531,25,3.998006820678711));
#439=VERTEX_POINT('',#438);
#440=CARTESIAN_POINT('',(-1.8071260452270508,-21.68562889099121,3.997999906539917));
#441=VERTEX_POINT('',#440);
#442=CARTESIAN_POINT('',(65.78893280029297,25,3.997999906539917));
#443=VERTEX_POINT('',#442);
#444=CARTESIAN_POINT('',(65.76717376708984,25,3.997999906539917));
#445=VERTEX_POINT('',#444);
#446=CARTESIAN_POINT('',(-66.06400299072266,-25.500999450683594,3.996000051498413));
#447=VERTEX_POINT('',#446);
#448=CARTESIAN_POINT('',(-65.87866973876953,-25.169666290283203,3.997999906539917));
#449=VERTEX_POINT('',#448);
#450=CARTESIAN_POINT('',(-66.06400299072266,-25.500999450683594,3.997999906539917));
#451=VERTEX_POINT('',#450);
#452=CARTESIAN_POINT('',(-1.8070435523986816,-21.685911178588867,3.997999906539917));
#453=VERTEX_POINT('',#452);
#454=CARTESIAN_POINT('',(-1.8940000534057617,-21.510000228881836,0));
#455=VERTEX_POINT('',#454);
#456=CARTESIAN_POINT('',(-81.00299835205078,-25.5049991607666,3.997999906539917));
#457=VERTEX_POINT('',#456);
#458=CARTESIAN_POINT('',(-79.50299835205078,-25.003999710083008,3.997999906539917));
#459=VERTEX_POINT('',#458);
#460=CARTESIAN_POINT('',(-1.502195954322815,-22.18865966796875,3.997999906539917));
#461=VERTEX_POINT('',#460);
#462=CARTESIAN_POINT('',(-1.5019999742507935,-22.18899917602539,0));
#463=VERTEX_POINT('',#462);
#464=CARTESIAN_POINT('',(-1.5019999742507935,-22.18899917602539,3.997999906539917));
#465=VERTEX_POINT('',#464);
#466=CARTESIAN_POINT('',(2.8559999465942383,-22.613000869750977,0));
#467=VERTEX_POINT('',#466);
#468=CARTESIAN_POINT('',(2.38100004196167,-22.961000442504883,0));
#469=VERTEX_POINT('',#468);
#470=CARTESIAN_POINT('',(3.26200008392334,-22.18899917602539,0));
#471=VERTEX_POINT('',#470);
#472=CARTESIAN_POINT('',(-1.0959999561309814,-22.613000869750977,0));
#473=VERTEX_POINT('',#472);
#474=CARTESIAN_POINT('',(-0.6209999918937683,-22.961000442504883,0));
#475=VERTEX_POINT('',#474);
#476=CARTESIAN_POINT('',(-0.44532549381256104,-23.04778289794922,3.997999906539917));
#477=VERTEX_POINT('',#476);
#478=CARTESIAN_POINT('',(-0.4450879991054535,-23.047956466674805,3.997999906539917));
#479=VERTEX_POINT('',#478);
#480=CARTESIAN_POINT('',(-74.5,-29.000999450683594,0));
#481=VERTEX_POINT('',#480);
#482=CARTESIAN_POINT('',(-1.0959999561309814,-22.613000869750977,3.997999906539917));
#483=VERTEX_POINT('',#482);
#484=CARTESIAN_POINT('',(0.29499998688697815,-23.298999786376953,0));
#485=VERTEX_POINT('',#484);
#486=CARTESIAN_POINT('',(0,-25.176000595092773,3.997999906539917));
#487=VERTEX_POINT('',#486);
#488=CARTESIAN_POINT('',(2.38100004196167,-22.961000442504883,3.997999906539917));
#489=VERTEX_POINT('',#488);
#490=CARTESIAN_POINT('',(-0.26899999380111694,-23.135000228881836,0));
#491=VERTEX_POINT('',#490);
#492=CARTESIAN_POINT('',(-0.44491198658943176,-23.048044204711914,3.997999906539917));
#493=VERTEX_POINT('',#492);
#494=CARTESIAN_POINT('',(81.71800231933594,-27.71299934387207,20));
#495=VERTEX_POINT('',#494);
#496=CARTESIAN_POINT('',(2.8559999465942383,-22.613000869750977,3.997999906539917));
#497=VERTEX_POINT('',#496);
#498=CARTESIAN_POINT('',(70.3489990234375,20.639999389648438,0));
#499=VERTEX_POINT('',#498);
#500=CARTESIAN_POINT('',(70.3489990234375,20.639999389648438,3.997999906539917));
#501=VERTEX_POINT('',#500);
#502=CARTESIAN_POINT('',(69.98100280761719,20.18199920654297,0));
#503=VERTEX_POINT('',#502);
#504=CARTESIAN_POINT('',(0.2947179973125458,-23.298917770385742,3.997999906539917));
#505=VERTEX_POINT('',#504);
#506=CARTESIAN_POINT('',(3.26200008392334,-22.18899917602539,3.997999906539917));
#507=VERTEX_POINT('',#506);
#508=CARTESIAN_POINT('',(79.75,-28.54800033569336,20));
#509=VERTEX_POINT('',#508);
#510=CARTESIAN_POINT('',(-19.680164337158203,-8.192000389099121,0));
#511=VERTEX_POINT('',#510);
#512=CARTESIAN_POINT('',(70.97100067138672,21.118000030517578,3.997999906539917));
#513=VERTEX_POINT('',#512);
#514=CARTESIAN_POINT('',(71.69499969482422,21.41699981689453,3.997999906539917));
#515=VERTEX_POINT('',#514);
#516=CARTESIAN_POINT('',(72.47200012207031,21.520000457763672,3.997999906539917));
#517=VERTEX_POINT('',#516);
#518=CARTESIAN_POINT('',(73.2490005493164,21.41699981689453,3.997999906539917));
#519=VERTEX_POINT('',#518);
#520=CARTESIAN_POINT('',(79.50299835205078,25.003999710083008,3.997999906539917));
#521=VERTEX_POINT('',#520);
#522=CARTESIAN_POINT('',(-79.5,-19.13599967956543,3.943000078201294));
#523=VERTEX_POINT('',#522);
#524=CARTESIAN_POINT('',(-79.5,-19.13599967956543,3.997999906539917));
#525=VERTEX_POINT('',#524);
#526=CARTESIAN_POINT('',(70.64399719238281,20.89900016784668,3.997999906539917));
#527=VERTEX_POINT('',#526);
#528=CARTESIAN_POINT('',(0.29499998688697815,-23.298999786376953,3.997999906539917));
#529=VERTEX_POINT('',#528);
#530=CARTESIAN_POINT('',(77.45899963378906,-29.07200050354004,20));
#531=VERTEX_POINT('',#530);
#532=CARTESIAN_POINT('',(-74.18699645996094,14.96399974822998,3.996000051498413));
#533=VERTEX_POINT('',#532);
#534=CARTESIAN_POINT('',(-73.55599975585938,14.975000381469727,3.996999979019165));
#535=VERTEX_POINT('',#534);
#536=CARTESIAN_POINT('',(81.00299835205078,-25.5049991607666,3.997999906539917));
#537=VERTEX_POINT('',#536);
#538=CARTESIAN_POINT('',(79.50299835205078,-25.003999710083008,3.997999906539917));
#539=VERTEX_POINT('',#538);
#540=CARTESIAN_POINT('',(73.72799682617188,-25.5049991607666,3.997999906539917));
#541=VERTEX_POINT('',#540);
#542=CARTESIAN_POINT('',(79.5,-19.38599967956543,3.997999906539917));
#543=VERTEX_POINT('',#542);
#544=CARTESIAN_POINT('',(65.91100311279297,-25.500999450683594,3.996000051498413));
#545=VERTEX_POINT('',#544);
#546=CARTESIAN_POINT('',(72.16300201416016,28.750999450683594,20));
#547=VERTEX_POINT('',#546);
#548=CARTESIAN_POINT('',(-65.78500366210938,25.250999450683594,20));
#549=VERTEX_POINT('',#548);
#550=CARTESIAN_POINT('',(79.5,-19.38599967956543,3.943000078201294));
#551=VERTEX_POINT('',#550);
#552=CARTESIAN_POINT('',(71.67400360107422,-19.115999221801758,3.997999906539917));
#553=VERTEX_POINT('',#552);
#554=CARTESIAN_POINT('',(-75.09700012207031,20.72599983215332,3.997999906539917));
#555=VERTEX_POINT('',#554);
#556=CARTESIAN_POINT('',(-75.09700012207031,20.72599983215332,0));
#557=VERTEX_POINT('',#556);
#558=CARTESIAN_POINT('',(-74.7249984741211,20.851999282836914,0));
#559=VERTEX_POINT('',#558);
#560=CARTESIAN_POINT('',(-73.947998046875,20.95400047302246,3.997999906539917));
#561=VERTEX_POINT('',#560);
#562=CARTESIAN_POINT('',(73.7969970703125,21.20400047302246,3.997999906539917));
#563=VERTEX_POINT('',#562);
#564=CARTESIAN_POINT('',(-75.61299896240234,20.44300079345703,3.997999906539917));
#565=VERTEX_POINT('',#564);
#566=CARTESIAN_POINT('',(-73.947998046875,20.95400047302246,0));
#567=VERTEX_POINT('',#566);
#568=CARTESIAN_POINT('',(73.1510009765625,-29.138999938964844,20));
#569=VERTEX_POINT('',#568);
#570=CARTESIAN_POINT('',(-79.50299835205078,25,3.997999906539917));
#571=VERTEX_POINT('',#570);
#572=CARTESIAN_POINT('',(-78.63500213623047,19.150999069213867,3.997999906539917));
#573=VERTEX_POINT('',#572);
#574=CARTESIAN_POINT('',(-79.5,19.38599967956543,3.997999906539917));
#575=VERTEX_POINT('',#574);
#576=CARTESIAN_POINT('',(-73.36299896240234,20.889999389648438,0));
#577=VERTEX_POINT('',#576);
#578=CARTESIAN_POINT('',(-6.002999782562256,25.250999450683594,11.998000144958496));
#579=VERTEX_POINT('',#578);
#580=CARTESIAN_POINT('',(-6.002999782562256,28.750999450683594,11.998000144958496));
#581=VERTEX_POINT('',#580);
#582=CARTESIAN_POINT('',(-81.00299835205078,25,3.997999906539917));
#583=VERTEX_POINT('',#582);
#584=CARTESIAN_POINT('',(-76.33000183105469,19.77899932861328,3.997999906539917));
#585=VERTEX_POINT('',#584);
#586=CARTESIAN_POINT('',(-76.07099914550781,20.075000762939453,3.997999906539917));
#587=VERTEX_POINT('',#586);
#588=CARTESIAN_POINT('',(69.98100280761719,20.18199920654297,3.997999906539917));
#589=VERTEX_POINT('',#588);
#590=CARTESIAN_POINT('',(69.697998046875,19.666000366210938,3.997999906539917));
#591=VERTEX_POINT('',#590);
#592=CARTESIAN_POINT('',(65.91100311279297,-25.500999450683594,3.997999906539917));
#593=VERTEX_POINT('',#592);
#594=CARTESIAN_POINT('',(65.86700439453125,-25.430007934570312,3.997999906539917));
#595=VERTEX_POINT('',#594);
#596=CARTESIAN_POINT('',(-70.99700164794922,28.750999450683594,0));
#597=VERTEX_POINT('',#596);
#598=CARTESIAN_POINT('',(65.86698150634766,-25.429946899414062,3.997999906539917));
#599=VERTEX_POINT('',#598);
#600=CARTESIAN_POINT('',(65.75299835205078,-25.145999908447266,3.997999906539917));
#601=VERTEX_POINT('',#600);
#602=CARTESIAN_POINT('',(6.839000225067139,24.551000595092773,0.004000000189989805));
#603=VERTEX_POINT('',#602);
#604=CARTESIAN_POINT('',(69.697998046875,19.666000366210938,0));
#605=VERTEX_POINT('',#604);
#606=CARTESIAN_POINT('',(65.86699676513672,-25.43000030517578,3.996000051498413));
#607=VERTEX_POINT('',#606);
#608=CARTESIAN_POINT('',(62.28766632080078,-25.145999908447266,3.997999906539917));
#609=VERTEX_POINT('',#608);
#610=CARTESIAN_POINT('',(69.697998046875,17.368000030517578,3.997999906539917));
#611=VERTEX_POINT('',#610);
#612=CARTESIAN_POINT('',(62.30233383178711,-25.169666290283203,3.997999906539917));
#613=VERTEX_POINT('',#612);
#614=CARTESIAN_POINT('',(70.08999633789062,16.68899917602539,3.997999906539917));
#615=VERTEX_POINT('',#614);
#616=CARTESIAN_POINT('',(-76.63600158691406,19.277000427246094,3.997999906539917));
#617=VERTEX_POINT('',#616);
#618=CARTESIAN_POINT('',(-76.80500030517578,18.857999801635742,3.997999906539917));
#619=VERTEX_POINT('',#618);
#620=CARTESIAN_POINT('',(71.14700317382812,15.829999923706055,3.997999906539917));
#621=VERTEX_POINT('',#620);
#622=CARTESIAN_POINT('',(-76.23999786376953,-28.95599937438965,0));
#623=VERTEX_POINT('',#622);
#624=CARTESIAN_POINT('',(-77.45899963378906,-28.82200050354004,0));
#625=VERTEX_POINT('',#624);
#626=CARTESIAN_POINT('',(-72.54100036621094,29.07200050354004,0));
#627=VERTEX_POINT('',#626);
#628=CARTESIAN_POINT('',(-76.33000183105469,19.77899932861328,0));
#629=VERTEX_POINT('',#628);
#630=CARTESIAN_POINT('',(-80.78299713134766,-27.916000366210938,0));
#631=VERTEX_POINT('',#630);
#632=CARTESIAN_POINT('',(-76.23999786376953,29.20599937438965,0));
#633=VERTEX_POINT('',#632);
#634=CARTESIAN_POINT('',(-75,29.250999450683594,0));
#635=VERTEX_POINT('',#634);
#636=CARTESIAN_POINT('',(-76.80500030517578,18.857999801635742,3.9779999256134033));
#637=VERTEX_POINT('',#636);
#638=CARTESIAN_POINT('',(-72.79900360107422,20.72599983215332,0));
#639=VERTEX_POINT('',#638);
#640=CARTESIAN_POINT('',(69.5719985961914,19.29400062561035,0));
#641=VERTEX_POINT('',#640);
#642=CARTESIAN_POINT('',(69.5719985961914,19.29400062561035,3.997999906539917));
#643=VERTEX_POINT('',#642);
#644=CARTESIAN_POINT('',(69.48300170898438,18.71299934387207,3.997999906539917));
#645=VERTEX_POINT('',#644);
#646=CARTESIAN_POINT('',(69.48300170898438,18.71299934387207,0));
#647=VERTEX_POINT('',#646);
#648=CARTESIAN_POINT('',(69.49500274658203,18.125,3.997999906539917));
#649=VERTEX_POINT('',#648);
#650=CARTESIAN_POINT('',(-76.8489990234375,18.729000091552734,3.9769999980926514));
#651=VERTEX_POINT('',#650);
#652=CARTESIAN_POINT('',(-76.93800354003906,18.148000717163086,3.9769999980926514));
#653=VERTEX_POINT('',#652);
#654=CARTESIAN_POINT('',(-76.93800354003906,18.148000717163086,0.024000000208616257));
#655=VERTEX_POINT('',#654);
#656=CARTESIAN_POINT('',(-79.75,-28.29800033569336,0));
#657=VERTEX_POINT('',#656);
#658=CARTESIAN_POINT('',(-76.88700103759766,17.367000579833984,0.023000000044703484));
#659=VERTEX_POINT('',#658);
#660=CARTESIAN_POINT('',(-76.88700103759766,17.367000579833984,3.9769999980926514));
#661=VERTEX_POINT('',#660);
#662=CARTESIAN_POINT('',(-75,-29.000999450683594,2.8069850588861855E-13));
#663=VERTEX_POINT('',#662);
#664=CARTESIAN_POINT('',(-74.5,-28.982999801635742,0));
#665=VERTEX_POINT('',#664);
#666=CARTESIAN_POINT('',(-81.90599822998047,-27.344999313354492,3.7309999465942383));
#667=VERTEX_POINT('',#666);
#668=CARTESIAN_POINT('',(-81.93199920654297,-27.327999114990234,0.26600000262260437));
#669=VERTEX_POINT('',#668);
#670=CARTESIAN_POINT('',(-81.71800231933594,-27.46299934387207,0));
#671=VERTEX_POINT('',#670);
#672=CARTESIAN_POINT('',(-75.61299896240234,20.44300079345703,0));
#673=VERTEX_POINT('',#672);
#674=CARTESIAN_POINT('',(-76.07099914550781,20.075000762939453,0));
#675=VERTEX_POINT('',#674);
#676=CARTESIAN_POINT('',(-80.78299713134766,28.166000366210938,0));
#677=VERTEX_POINT('',#676);
#678=CARTESIAN_POINT('',(-76.80500030517578,18.857999801635742,0));
#679=VERTEX_POINT('',#678);
#680=CARTESIAN_POINT('',(-76.63600158691406,19.277000427246094,0));
#681=VERTEX_POINT('',#680);
#682=CARTESIAN_POINT('',(-76.80500030517578,18.857999801635742,0.02199999988079071));
#683=VERTEX_POINT('',#682);
#684=CARTESIAN_POINT('',(-83.22699737548828,26.625999450683594,0));
#685=VERTEX_POINT('',#684);
#686=CARTESIAN_POINT('',(-82.53700256347656,27.19700050354004,0));
#687=VERTEX_POINT('',#686);
#688=CARTESIAN_POINT('',(-79.75,28.54800033569336,0));
#689=VERTEX_POINT('',#688);
#690=CARTESIAN_POINT('',(-78.0469970703125,28.961999893188477,0));
#691=VERTEX_POINT('',#690);
#692=CARTESIAN_POINT('',(-79.5,19.38599967956543,0));
#693=VERTEX_POINT('',#692);
#694=CARTESIAN_POINT('',(-77.62000274658203,18.959999084472656,0.029999999329447746));
#695=VERTEX_POINT('',#694);
#696=CARTESIAN_POINT('',(-76.8489990234375,18.729000091552734,0.023000000044703484));
#697=VERTEX_POINT('',#696);
#698=CARTESIAN_POINT('',(-84.47000122070312,-24.000999450683594,3.7179999351501465));
#699=VERTEX_POINT('',#698);
#700=CARTESIAN_POINT('',(74.0459976196289,15.96500015258789,0.004000000189989805));
#701=VERTEX_POINT('',#700);
#702=CARTESIAN_POINT('',(73.2490005493164,15.616999626159668,0.0020000000949949026));
#703=VERTEX_POINT('',#702);
#704=CARTESIAN_POINT('',(74.0459976196289,15.96500015258789,3.996000051498413));
#705=VERTEX_POINT('',#704);
#706=CARTESIAN_POINT('',(-83.7770004272461,26.010000228881836,0));
#707=VERTEX_POINT('',#706);
#708=CARTESIAN_POINT('',(-84.1760025024414,25.360000610351562,0));
#709=VERTEX_POINT('',#708);
#710=CARTESIAN_POINT('',(-81.71800231933594,27.71299934387207,0));
#711=VERTEX_POINT('',#710);
#712=CARTESIAN_POINT('',(-84.30500030517578,25.000999450683594,0));
#713=VERTEX_POINT('',#712);
#714=CARTESIAN_POINT('',(74.447998046875,16.263999938964844,3.99399995803833));
#715=VERTEX_POINT('',#714);
#716=CARTESIAN_POINT('',(-72.15799713134766,15.545000076293945,0));
#717=VERTEX_POINT('',#716);
#718=CARTESIAN_POINT('',(-79.5,-19.13599967956543,0));
#719=VERTEX_POINT('',#718);
#720=CARTESIAN_POINT('',(-84.47000122070312,-24.000999450683594,0));
#721=VERTEX_POINT('',#720);
#722=CARTESIAN_POINT('',(-84.41899871826172,-24.43600082397461,0));
#723=VERTEX_POINT('',#722);
#724=CARTESIAN_POINT('',(-84.47000122070312,-24.000999450683594,0.28200000524520874));
#725=VERTEX_POINT('',#724);
#726=CARTESIAN_POINT('',(-76.72200012207031,16.80299949645996,3.9790000915527344));
#727=VERTEX_POINT('',#726);
#728=CARTESIAN_POINT('',(-76.72200012207031,16.80299949645996,0.020999999716877937));
#729=VERTEX_POINT('',#728);
#730=CARTESIAN_POINT('',(-84.35800170898438,-24.604999542236328,3.750999927520752));
#731=VERTEX_POINT('',#730);
#732=CARTESIAN_POINT('',(-78.12799835205078,19.05500030517578,3.9630000591278076));
#733=VERTEX_POINT('',#732);
#734=CARTESIAN_POINT('',(-82.53700256347656,-26.94700050354004,0));
#735=VERTEX_POINT('',#734);
#736=CARTESIAN_POINT('',(-83.22699737548828,-26.375999450683594,0));
#737=VERTEX_POINT('',#736);
#738=CARTESIAN_POINT('',(-79.5,19.38599967956543,0.05700000002980232));
#739=VERTEX_POINT('',#738);
#740=CARTESIAN_POINT('',(-84.1760025024414,-25.110000610351562,0));
#741=VERTEX_POINT('',#740);
#742=CARTESIAN_POINT('',(-84.13200378417969,-25.18199920654297,3.7679998874664307));
#743=VERTEX_POINT('',#742);
#744=CARTESIAN_POINT('',(-84.3479995727539,-25.5,3.7090001106262207));
#745=VERTEX_POINT('',#744);
#746=CARTESIAN_POINT('',(-79.5,19.38599967956543,3.943000078201294));
#747=VERTEX_POINT('',#746);
#748=CARTESIAN_POINT('',(-83.7770004272461,26.010000228881836,20));
#749=VERTEX_POINT('',#748);
#750=CARTESIAN_POINT('',(-83.83899688720703,-25.6560001373291,3.7780001163482666));
#751=VERTEX_POINT('',#750);
#752=CARTESIAN_POINT('',(-83.48500061035156,-26.086999893188477,3.7820000648498535));
#753=VERTEX_POINT('',#752);
#754=CARTESIAN_POINT('',(-84.3479995727539,-25.5,0.29100000858306885));
#755=VERTEX_POINT('',#754);
#756=CARTESIAN_POINT('',(-83.89800262451172,-26.132999420166016,3.7090001106262207));
#757=VERTEX_POINT('',#756);
#758=CARTESIAN_POINT('',(-62.35333251953125,-25.169666290283203,3.997999906539917));
#759=VERTEX_POINT('',#758);
#760=CARTESIAN_POINT('',(-60.49800109863281,-25.003999710083008,3.997999906539917));
#761=VERTEX_POINT('',#760);
#762=CARTESIAN_POINT('',(72.47200012207031,15.515000343322754,3.997999906539917));
#763=VERTEX_POINT('',#762);
#764=CARTESIAN_POINT('',(71.69499969482422,15.616999626159668,3.997999906539917));
#765=VERTEX_POINT('',#764);
#766=CARTESIAN_POINT('',(84.5,24.000999450683594,20));
#767=VERTEX_POINT('',#766);
#768=CARTESIAN_POINT('',(-65.69599914550781,25.003999710083008,20));
#769=VERTEX_POINT('',#768);
#770=CARTESIAN_POINT('',(-79.50299835205078,25.003999710083008,20));
#771=VERTEX_POINT('',#770);
#772=CARTESIAN_POINT('',(-72.54100036621094,29.07200050354004,20));
#773=VERTEX_POINT('',#772);
#774=CARTESIAN_POINT('',(-79.50299835205078,25,20));
#775=VERTEX_POINT('',#774);
#776=CARTESIAN_POINT('',(81.00299835205078,25,20));
#777=VERTEX_POINT('',#776);
#778=CARTESIAN_POINT('',(81.00299835205078,-8.192000389099121,20));
#779=VERTEX_POINT('',#778);
#780=CARTESIAN_POINT('',(84.47000122070312,24.000999450683594,20));
#781=VERTEX_POINT('',#780);
#782=CARTESIAN_POINT('',(81.71800231933594,27.46299934387207,20));
#783=VERTEX_POINT('',#782);
#784=CARTESIAN_POINT('',(82.53700256347656,26.94700050354004,20));
#785=VERTEX_POINT('',#784);
#786=CARTESIAN_POINT('',(84.41899871826172,24.43600082397461,20));
#787=VERTEX_POINT('',#786);
#788=CARTESIAN_POINT('',(84.1760025024414,25.110000610351562,20));
#789=VERTEX_POINT('',#788);
#790=CARTESIAN_POINT('',(83.7770004272461,25.760000228881836,20));
#791=VERTEX_POINT('',#790);
#792=CARTESIAN_POINT('',(83.22699737548828,26.375999450683594,20));
#793=VERTEX_POINT('',#792);
#794=CARTESIAN_POINT('',(-76.23999786376953,29.20599937438965,20));
#795=VERTEX_POINT('',#794);
#796=CARTESIAN_POINT('',(-77.45899963378906,29.07200050354004,20));
#797=VERTEX_POINT('',#796);
#798=CARTESIAN_POINT('',(-79.75,28.54800033569336,20));
#799=VERTEX_POINT('',#798);
#800=CARTESIAN_POINT('',(-80.78299713134766,28.166000366210938,20));
#801=VERTEX_POINT('',#800);
#802=CARTESIAN_POINT('',(-81.71800231933594,27.71299934387207,20));
#803=VERTEX_POINT('',#802);
#804=CARTESIAN_POINT('',(-75,29.250999450683594,20));
#805=VERTEX_POINT('',#804);
#806=CARTESIAN_POINT('',(73.76000213623047,28.95599937438965,20));
#807=VERTEX_POINT('',#806);
#808=CARTESIAN_POINT('',(79.50299835205078,25.003999710083008,20));
#809=VERTEX_POINT('',#808);
#810=CARTESIAN_POINT('',(75,29.000999450683594,20));
#811=VERTEX_POINT('',#810);
#812=CARTESIAN_POINT('',(77.45899963378906,28.82200050354004,20));
#813=VERTEX_POINT('',#812);
#814=CARTESIAN_POINT('',(-83.04100036621094,-26.530000686645508,3.7730000019073486));
#815=VERTEX_POINT('',#814);
#816=CARTESIAN_POINT('',(-83.15899658203125,-26.735000610351562,3.7090001106262207));
#817=VERTEX_POINT('',#816);
#818=CARTESIAN_POINT('',(-74.18699645996094,14.96399974822998,0.004999999888241291));
#819=VERTEX_POINT('',#818);
#820=CARTESIAN_POINT('',(-73.55599975585938,14.975000381469727,0.003000000026077032));
#821=VERTEX_POINT('',#820);
#822=CARTESIAN_POINT('',(-83.89800262451172,-26.132999420166016,0.29100000858306885));
#823=VERTEX_POINT('',#822);
#824=CARTESIAN_POINT('',(-83.15899658203125,-26.735000610351562,0.29100000858306885));
#825=VERTEX_POINT('',#824);
#826=CARTESIAN_POINT('',(-72.79900360107422,15.178000450134277,0.0010000000474974513));
#827=VERTEX_POINT('',#826);
#828=CARTESIAN_POINT('',(-72.4469985961914,15.35099983215332,3.997999906539917));
#829=VERTEX_POINT('',#828);
#830=CARTESIAN_POINT('',(-84.1760025024414,25.360000610351562,20));
#831=VERTEX_POINT('',#830);
#832=CARTESIAN_POINT('',(-83.22699737548828,26.625999450683594,20));
#833=VERTEX_POINT('',#832);
#834=CARTESIAN_POINT('',(-82.53700256347656,27.19700050354004,20));
#835=VERTEX_POINT('',#834);
#836=CARTESIAN_POINT('',(79.5,-19.38599967956543,0.05700000002980232));
#837=VERTEX_POINT('',#836);
#838=CARTESIAN_POINT('',(-83.02400207519531,-26.711999893188477,3.753999948501587));
#839=VERTEX_POINT('',#838);
#840=CARTESIAN_POINT('',(80.78299713134766,27.916000366210938,20));
#841=VERTEX_POINT('',#840);
#842=CARTESIAN_POINT('',(79.75,28.29800033569336,20));
#843=VERTEX_POINT('',#842);
#844=CARTESIAN_POINT('',(79.50299835205078,25,20));
#845=VERTEX_POINT('',#844);
#846=CARTESIAN_POINT('',(81.00299835205078,25,3.997999906539917));
#847=VERTEX_POINT('',#846);
#848=CARTESIAN_POINT('',(-72.12100219726562,15.569999694824219,3.997999906539917));
#849=VERTEX_POINT('',#848);
#850=CARTESIAN_POINT('',(-71.56600189208984,16.124000549316406,3.997999906539917));
#851=VERTEX_POINT('',#850);
#852=CARTESIAN_POINT('',(-79.50299835205078,25.003999710083008,3.997999906539917));
#853=VERTEX_POINT('',#852);
#854=CARTESIAN_POINT('',(-65.69599914550781,25.003999710083008,3.997999906539917));
#855=VERTEX_POINT('',#854);
#856=CARTESIAN_POINT('',(65.78600311279297,25.003999710083008,20));
#857=VERTEX_POINT('',#856);
#858=CARTESIAN_POINT('',(-82.1500015258789,-27.290000915527344,3.7090001106262207));
#859=VERTEX_POINT('',#858);
#860=CARTESIAN_POINT('',(-82.47899627685547,-26.983999252319336,3.757999897003174));
#861=VERTEX_POINT('',#860);
#862=CARTESIAN_POINT('',(-84.35800170898438,-24.604999542236328,0.24899999797344208));
#863=VERTEX_POINT('',#862);
#864=CARTESIAN_POINT('',(-76.33000183105469,16.124000549316406,3.9830000400543213));
#865=VERTEX_POINT('',#864);
#866=CARTESIAN_POINT('',(-75.90499877929688,15.682999610900879,0.014000000432133675));
#867=VERTEX_POINT('',#866);
#868=CARTESIAN_POINT('',(-75.90499877929688,15.682999610900879,3.9860000610351562));
#869=VERTEX_POINT('',#868);
#870=CARTESIAN_POINT('',(-75.44999694824219,15.35099983215332,0.010999999940395355));
#871=VERTEX_POINT('',#870);
#872=CARTESIAN_POINT('',(-75.44999694824219,15.35099983215332,3.989000082015991));
#873=VERTEX_POINT('',#872);
#874=CARTESIAN_POINT('',(-74.7249984741211,15.050999641418457,3.993000030517578));
#875=VERTEX_POINT('',#874);
#876=CARTESIAN_POINT('',(-74.7249984741211,15.050999641418457,0.007000000216066837));
#877=VERTEX_POINT('',#876);
#878=CARTESIAN_POINT('',(-65.78500366210938,25.250999450683594,3.9830000400543213));
#879=VERTEX_POINT('',#878);
#880=CARTESIAN_POINT('',(-65.67796325683594,25,3.998006820678711));
#881=VERTEX_POINT('',#880);
#882=CARTESIAN_POINT('',(-84.1989974975586,-25.04599952697754,0.23600000143051147));
#883=VERTEX_POINT('',#882);
#884=CARTESIAN_POINT('',(-72.79900360107422,20.72599983215332,3.997999906539917));
#885=VERTEX_POINT('',#884);
#886=CARTESIAN_POINT('',(-83.48500061035156,-26.086999893188477,0.21799999475479126));
#887=VERTEX_POINT('',#886);
#888=CARTESIAN_POINT('',(-83.76499938964844,-25.773000717163086,0.22300000488758087));
#889=VERTEX_POINT('',#888);
#890=CARTESIAN_POINT('',(-73.36299896240234,20.889999389648438,3.997999906539917));
#891=VERTEX_POINT('',#890);
#892=CARTESIAN_POINT('',(73.03299713134766,15.572999954223633,3.997999906539917));
#893=VERTEX_POINT('',#892);
#894=CARTESIAN_POINT('',(-83.02400207519531,-26.711999893188477,0.2460000067949295));
#895=VERTEX_POINT('',#894);
#896=CARTESIAN_POINT('',(-82.89099884033203,-26.65399932861328,0.22699999809265137));
#897=VERTEX_POINT('',#896);
#898=CARTESIAN_POINT('',(74.59500122070312,20.639999389648438,3.997999906539917));
#899=VERTEX_POINT('',#898);
#900=CARTESIAN_POINT('',(74.30000305175781,20.89900016784668,3.997999906539917));
#901=VERTEX_POINT('',#900);
#902=CARTESIAN_POINT('',(79.5,19.13599967956543,3.997999906539917));
#903=VERTEX_POINT('',#902);
#904=CARTESIAN_POINT('',(-82.1500015258789,-27.290000915527344,0.29100000858306885));
#905=VERTEX_POINT('',#904);
#906=CARTESIAN_POINT('',(-79.5,-19.13599967956543,0.05700000002980232));
#907=VERTEX_POINT('',#906);
#908=CARTESIAN_POINT('',(81.00299835205078,-25.5049991607666,20));
#909=VERTEX_POINT('',#908);
#910=CARTESIAN_POINT('',(84.1760025024414,-25.360000610351562,20));
#911=VERTEX_POINT('',#910);
#912=CARTESIAN_POINT('',(84.30500030517578,-25.000999450683594,20));
#913=VERTEX_POINT('',#912);
#914=CARTESIAN_POINT('',(83.7770004272461,-26.010000228881836,20));
#915=VERTEX_POINT('',#914);
#916=CARTESIAN_POINT('',(80.78299713134766,-28.166000366210938,20));
#917=VERTEX_POINT('',#916);
#918=CARTESIAN_POINT('',(82.53700256347656,-27.19700050354004,20));
#919=VERTEX_POINT('',#918);
#920=FACE_SURFACE('',(#925),#921,.T.);
#921=PLANE('',#922);
#922=AXIS2_PLACEMENT_3D('',#34,#923,#924);
#923=DIRECTION('',(-1,0,0));
#924=DIRECTION('',(0,0,1));
#925=FACE_BOUND('',#926,.T.);
#926=EDGE_LOOP('',(#927,#928,#929));
#927=ORIENTED_EDGE('',*,*,#930,.T.);
#928=ORIENTED_EDGE('',*,*,#931,.T.);
#929=ORIENTED_EDGE('',*,*,#932,.T.);
#930=EDGE_CURVE('',#35,#37,#933,.F.);
#931=EDGE_CURVE('',#37,#39,#934,.T.);
#932=EDGE_CURVE('',#39,#35,#935,.T.);
#933=LINE('',#34,#936);
#934=LINE('',#36,#937);
#935=LINE('',#38,#938);
#936=VECTOR('',#939,1.0);
#937=VECTOR('',#940,1.0);
#938=VECTOR('',#941,1.0);
#939=DIRECTION('',(0,0,1));
#940=DIRECTION('',(0,0.9999823673767291,-0.005938428717474763));
#941=DIRECTION('',(0,-1,0));
#942=FACE_SURFACE('',(#947),#943,.T.);
#943=PLANE('',#944);
#944=AXIS2_PLACEMENT_3D('',#40,#945,#946);
#945=DIRECTION('',(-1,0,-0));
#946=DIRECTION('',(0,0,-1));
#947=FACE_BOUND('',#948,.T.);
#948=EDGE_LOOP('',(#949,#950,#951));
#949=ORIENTED_EDGE('',*,*,#952,.T.);
#950=ORIENTED_EDGE('',*,*,#953,.T.);
#951=ORIENTED_EDGE('',*,*,#954,.T.);
#952=EDGE_CURVE('',#41,#39,#955,.F.);
#953=EDGE_CURVE('',#39,#43,#956,.T.);
#954=EDGE_CURVE('',#43,#41,#957,.T.);
#955=LINE('',#40,#958);
#956=LINE('',#38,#959);
#957=LINE('',#42,#960);
#958=VECTOR('',#961,1.0);
#959=VECTOR('',#962,1.0);
#960=VECTOR('',#963,1.0);
#961=DIRECTION('',(0,0,-1));
#962=DIRECTION('',(0,-0.997147701979094,0.07547489938921559));
#963=DIRECTION('',(0,0.9489328114502854,0.31547823911176065));
#964=FACE_SURFACE('',(#969),#965,.T.);
#965=PLANE('',#966);
#966=AXIS2_PLACEMENT_3D('',#44,#967,#968);
#967=DIRECTION('',(0.010358295067409451,-0.0022015045487569483,-0.9999439279784733));
#968=DIRECTION('',(-0.8820998518938181,-0.47099281456846137,-0.00810061193881705));
#969=FACE_BOUND('',#970,.T.);
#970=EDGE_LOOP('',(#971,#972,#973));
#971=ORIENTED_EDGE('',*,*,#974,.T.);
#972=ORIENTED_EDGE('',*,*,#975,.T.);
#973=ORIENTED_EDGE('',*,*,#976,.T.);
#974=EDGE_CURVE('',#45,#47,#977,.F.);
#975=EDGE_CURVE('',#47,#49,#978,.T.);
#976=EDGE_CURVE('',#49,#45,#979,.T.);
#977=LINE('',#44,#980);
#978=LINE('',#46,#981);
#979=LINE('',#48,#982);
#980=VECTOR('',#983,1.0);
#981=VECTOR('',#984,1.0);
#982=VECTOR('',#985,1.0);
#983=DIRECTION('',(-0.8820998518938181,-0.47099281456846137,-0.00810061193881705));
#984=DIRECTION('',(0.3622888665912796,0.9320643133738721,0.0017008465240661223));
#985=DIRECTION('',(0.9344924510451463,0.3558717549820727,0.008896794120056574));
#986=FACE_SURFACE('',(#991),#987,.T.);
#987=PLANE('',#988);
#988=AXIS2_PLACEMENT_3D('',#50,#989,#990);
#989=DIRECTION('',(0.7453988857060841,-0.6666187062420795,-4.094220620487535E-05));
#990=DIRECTION('',(0.666119064656672,0.7448378167939498,0.038755881805767625));
#991=FACE_BOUND('',#992,.T.);
#992=EDGE_LOOP('',(#993,#994,#995));
#993=ORIENTED_EDGE('',*,*,#996,.T.);
#994=ORIENTED_EDGE('',*,*,#997,.T.);
#995=ORIENTED_EDGE('',*,*,#998,.T.);
#996=EDGE_CURVE('',#51,#53,#999,.F.);
#997=EDGE_CURVE('',#53,#55,#1000,.T.);
#998=EDGE_CURVE('',#55,#51,#1001,.T.);
#999=LINE('',#50,#1002);
#1000=LINE('',#52,#1003);
#1001=LINE('',#54,#1004);
#1002=VECTOR('',#1005,1.0);
#1003=VECTOR('',#1006,1.0);
#1004=VECTOR('',#1007,1.0);
#1005=DIRECTION('',(0.666119064656672,0.7448378167939498,0.038755881805767625));
#1006=DIRECTION('',(-0.033821404661419634,-0.037879715185381975,0.9987097875580286));
#1007=DIRECTION('',(0,6.141772762192419E-05,-0.9999999981139313));
#1008=FACE_SURFACE('',(#1013),#1009,.T.);
#1009=PLANE('',#1010);
#1010=AXIS2_PLACEMENT_3D('',#36,#1011,#1012);
#1011=DIRECTION('',(-1,0,0));
#1012=DIRECTION('',(0,-1,0));
#1013=FACE_BOUND('',#1014,.T.);
#1014=EDGE_LOOP('',(#1015,#1016,#1017));
#1015=ORIENTED_EDGE('',*,*,#1018,.T.);
#1016=ORIENTED_EDGE('',*,*,#1019,.T.);
#1017=ORIENTED_EDGE('',*,*,#1020,.T.);
#1018=EDGE_CURVE('',#37,#57,#1021,.F.);
#1019=EDGE_CURVE('',#57,#43,#1022,.T.);
#1020=EDGE_CURVE('',#43,#37,#1023,.T.);
#1021=LINE('',#36,#1024);
#1022=LINE('',#56,#1025);
#1023=LINE('',#42,#1026);
#1024=VECTOR('',#1027,1.0);
#1025=VECTOR('',#1028,1.0);
#1026=VECTOR('',#1029,1.0);
#1027=DIRECTION('',(0,-1,0));
#1028=DIRECTION('',(0,0.24133304450401738,0.9704423535843961));
#1029=DIRECTION('',(0,0,-1));
#1030=FACE_SURFACE('',(#1035),#1031,.T.);
#1031=PLANE('',#1032);
#1032=AXIS2_PLACEMENT_3D('',#42,#1033,#1034);
#1033=DIRECTION('',(-1,0,0));
#1034=DIRECTION('',(0,0.997147701979094,-0.07547489938921559));
#1035=FACE_BOUND('',#1036,.T.);
#1036=EDGE_LOOP('',(#1037,#1038,#1039));
#1037=ORIENTED_EDGE('',*,*,#1040,.T.);
#1038=ORIENTED_EDGE('',*,*,#1041,.T.);
#1039=ORIENTED_EDGE('',*,*,#1042,.T.);
#1040=EDGE_CURVE('',#43,#39,#1043,.F.);
#1041=EDGE_CURVE('',#39,#37,#1044,.T.);
#1042=EDGE_CURVE('',#37,#43,#1045,.T.);
#1043=LINE('',#42,#1046);
#1044=LINE('',#38,#1047);
#1045=LINE('',#36,#1048);
#1046=VECTOR('',#1049,1.0);
#1047=VECTOR('',#1050,1.0);
#1048=VECTOR('',#1051,1.0);
#1049=DIRECTION('',(0,0.997147701979094,-0.07547489938921559));
#1050=DIRECTION('',(0,-0.9999823673767291,0.005938428717474763));
#1051=DIRECTION('',(0,0,1));
#1052=FACE_SURFACE('',(#1057),#1053,.T.);
#1053=PLANE('',#1054);
#1054=AXIS2_PLACEMENT_3D('',#58,#1055,#1056);
#1055=DIRECTION('',(-1,0,0));
#1056=DIRECTION('',(0,1,0));
#1057=FACE_BOUND('',#1058,.T.);
#1058=EDGE_LOOP('',(#1059,#1060,#1061));
#1059=ORIENTED_EDGE('',*,*,#1062,.T.);
#1060=ORIENTED_EDGE('',*,*,#1063,.T.);
#1061=ORIENTED_EDGE('',*,*,#1064,.T.);
#1062=EDGE_CURVE('',#59,#41,#1065,.F.);
#1063=EDGE_CURVE('',#41,#43,#1066,.T.);
#1064=EDGE_CURVE('',#43,#59,#1067,.T.);
#1065=LINE('',#58,#1068);
#1066=LINE('',#40,#1069);
#1067=LINE('',#42,#1070);
#1068=VECTOR('',#1071,1.0);
#1069=VECTOR('',#1072,1.0);
#1070=VECTOR('',#1073,1.0);
#1071=DIRECTION('',(0,1,0));
#1072=DIRECTION('',(0,-0.9489328114502854,-0.31547823911176065));
#1073=DIRECTION('',(0,0,1));
#1074=FACE_SURFACE('',(#1079),#1075,.T.);
#1075=PLANE('',#1076);
#1076=AXIS2_PLACEMENT_3D('',#60,#1077,#1078);
#1077=DIRECTION('',(-1,0,0));
#1078=DIRECTION('',(0,1,0));
#1079=FACE_BOUND('',#1080,.T.);
#1080=EDGE_LOOP('',(#1081,#1082,#1083));
#1081=ORIENTED_EDGE('',*,*,#1084,.T.);
#1082=ORIENTED_EDGE('',*,*,#1085,.T.);
#1083=ORIENTED_EDGE('',*,*,#1086,.T.);
#1084=EDGE_CURVE('',#61,#43,#1087,.F.);
#1085=EDGE_CURVE('',#43,#57,#1088,.T.);
#1086=EDGE_CURVE('',#57,#61,#1089,.T.);
#1087=LINE('',#60,#1090);
#1088=LINE('',#42,#1091);
#1089=LINE('',#56,#1092);
#1090=VECTOR('',#1093,1.0);
#1091=VECTOR('',#1094,1.0);
#1092=VECTOR('',#1095,1.0);
#1093=DIRECTION('',(0,1,0));
#1094=DIRECTION('',(0,-0.24133304450401738,-0.9704423535843961));
#1095=DIRECTION('',(0,0,1));
#1096=FACE_SURFACE('',(#1101),#1097,.T.);
#1097=PLANE('',#1098);
#1098=AXIS2_PLACEMENT_3D('',#62,#1099,#1100);
#1099=DIRECTION('',(0,-0,-1));
#1100=DIRECTION('',(0.33915966862330194,-0.940728823402011,0));
#1101=FACE_BOUND('',#1102,.T.);
#1102=EDGE_LOOP('',(#1103,#1104,#1105));
#1103=ORIENTED_EDGE('',*,*,#1106,.T.);
#1104=ORIENTED_EDGE('',*,*,#1107,.T.);
#1105=ORIENTED_EDGE('',*,*,#1108,.T.);
#1106=EDGE_CURVE('',#63,#65,#1109,.F.);
#1107=EDGE_CURVE('',#65,#67,#1110,.T.);
#1108=EDGE_CURVE('',#67,#63,#1111,.T.);
#1109=LINE('',#62,#1112);
#1110=LINE('',#64,#1113);
#1111=LINE('',#66,#1114);
#1112=VECTOR('',#1115,1.0);
#1113=VECTOR('',#1116,1.0);
#1114=VECTOR('',#1117,1.0);
#1115=DIRECTION('',(0.33915966862330194,-0.940728823402011,0));
#1116=DIRECTION('',(-0.6802705534123065,-0.7329611000319964,0));
#1117=DIRECTION('',(0.616365272309907,0.7874603806480261,0));
#1118=FACE_SURFACE('',(#1123),#1119,.T.);
#1119=PLANE('',#1120);
#1120=AXIS2_PLACEMENT_3D('',#68,#1121,#1122);
#1121=DIRECTION('',(-0,0,-1));
#1122=DIRECTION('',(-0.7146153413650795,-0.6995176294316467,0));
#1123=FACE_BOUND('',#1124,.T.);
#1124=EDGE_LOOP('',(#1125,#1126,#1127));
#1125=ORIENTED_EDGE('',*,*,#1128,.T.);
#1126=ORIENTED_EDGE('',*,*,#1129,.T.);
#1127=ORIENTED_EDGE('',*,*,#1130,.T.);
#1128=EDGE_CURVE('',#69,#67,#1131,.F.);
#1129=EDGE_CURVE('',#67,#65,#1132,.T.);
#1130=EDGE_CURVE('',#65,#69,#1133,.T.);
#1131=LINE('',#68,#1134);
#1132=LINE('',#66,#1135);
#1133=LINE('',#64,#1136);
#1134=VECTOR('',#1137,1.0);
#1135=VECTOR('',#1138,1.0);
#1136=VECTOR('',#1139,1.0);
#1137=DIRECTION('',(-0.7146153413650795,-0.6995176294316467,0));
#1138=DIRECTION('',(0.6802705534123065,0.7329611000319964,0));
#1139=DIRECTION('',(0.1164490925187888,-0.9931966617198985,0));
#1140=FACE_SURFACE('',(#1145),#1141,.T.);
#1141=PLANE('',#1142);
#1142=AXIS2_PLACEMENT_3D('',#70,#1143,#1144);
#1143=DIRECTION('',(0,0,-1));
#1144=DIRECTION('',(-0.6650240322220738,0.7468219577430046,0));
#1145=FACE_BOUND('',#1146,.T.);
#1146=EDGE_LOOP('',(#1147,#1148,#1149));
#1147=ORIENTED_EDGE('',*,*,#1150,.T.);
#1148=ORIENTED_EDGE('',*,*,#1151,.T.);
#1149=ORIENTED_EDGE('',*,*,#1152,.T.);
#1150=EDGE_CURVE('',#71,#73,#1153,.F.);
#1151=EDGE_CURVE('',#73,#75,#1154,.T.);
#1152=EDGE_CURVE('',#75,#71,#1155,.T.);
#1153=LINE('',#70,#1156);
#1154=LINE('',#72,#1157);
#1155=LINE('',#74,#1158);
#1156=VECTOR('',#1159,1.0);
#1157=VECTOR('',#1160,1.0);
#1158=VECTOR('',#1161,1.0);
#1159=DIRECTION('',(-0.6650240322220738,0.7468219577430046,0));
#1160=DIRECTION('',(0.11448418771150563,0.9934250705332721,0));
#1161=DIRECTION('',(0,-1,0));
#1162=FACE_SURFACE('',(#1167),#1163,.T.);
#1163=PLANE('',#1164);
#1164=AXIS2_PLACEMENT_3D('',#76,#1165,#1166);
#1165=DIRECTION('',(-0,0,-1));
#1166=DIRECTION('',(-0.5473686763715384,-0.8368915892320044,0));
#1167=FACE_BOUND('',#1168,.T.);
#1168=EDGE_LOOP('',(#1169,#1170,#1171));
#1169=ORIENTED_EDGE('',*,*,#1172,.T.);
#1170=ORIENTED_EDGE('',*,*,#1173,.T.);
#1171=ORIENTED_EDGE('',*,*,#1174,.T.);
#1172=EDGE_CURVE('',#77,#79,#1175,.F.);
#1173=EDGE_CURVE('',#79,#81,#1176,.T.);
#1174=EDGE_CURVE('',#81,#77,#1177,.T.);
#1175=LINE('',#76,#1178);
#1176=LINE('',#78,#1179);
#1177=LINE('',#80,#1180);
#1178=VECTOR('',#1181,1.0);
#1179=VECTOR('',#1182,1.0);
#1180=VECTOR('',#1183,1.0);
#1181=DIRECTION('',(-0.5473686763715384,-0.8368915892320044,0));
#1182=DIRECTION('',(0.30057205759998323,0.9537591090994163,0));
#1183=DIRECTION('',(0.9891924369898303,-0.14662306299528952,0));
#1184=FACE_SURFACE('',(#1189),#1185,.T.);
#1185=PLANE('',#1186);
#1186=AXIS2_PLACEMENT_3D('',#82,#1187,#1188);
#1187=DIRECTION('',(-0,0,-1));
#1188=DIRECTION('',(-0.5757705183206685,-0.8176113442417179,0));
#1189=FACE_BOUND('',#1190,.T.);
#1190=EDGE_LOOP('',(#1191,#1192,#1193));
#1191=ORIENTED_EDGE('',*,*,#1194,.T.);
#1192=ORIENTED_EDGE('',*,*,#1195,.T.);
#1193=ORIENTED_EDGE('',*,*,#1196,.T.);
#1194=EDGE_CURVE('',#83,#85,#1197,.F.);
#1195=EDGE_CURVE('',#85,#77,#1198,.T.);
#1196=EDGE_CURVE('',#77,#83,#1199,.T.);
#1197=LINE('',#82,#1200);
#1198=LINE('',#84,#1201);
#1199=LINE('',#76,#1202);
#1200=VECTOR('',#1203,1.0);
#1201=VECTOR('',#1204,1.0);
#1202=VECTOR('',#1205,1.0);
#1203=DIRECTION('',(-0.5757705183206685,-0.8176113442417179,0));
#1204=DIRECTION('',(0.4714591340737932,0.8818879094864547,0));
#1205=DIRECTION('',(0.9650030737594087,-0.2622385700748331,0));
#1206=FACE_SURFACE('',(#1211),#1207,.T.);
#1207=PLANE('',#1208);
#1208=AXIS2_PLACEMENT_3D('',#86,#1209,#1210);
#1209=DIRECTION('',(-0,0,-1));
#1210=DIRECTION('',(-0.6012885041153702,-0.7990319986200182,0));
#1211=FACE_BOUND('',#1212,.T.);
#1212=EDGE_LOOP('',(#1213,#1214,#1215));
#1213=ORIENTED_EDGE('',*,*,#1216,.T.);
#1214=ORIENTED_EDGE('',*,*,#1217,.T.);
#1215=ORIENTED_EDGE('',*,*,#1218,.T.);
#1216=EDGE_CURVE('',#87,#89,#1219,.F.);
#1217=EDGE_CURVE('',#89,#83,#1220,.T.);
#1218=EDGE_CURVE('',#83,#87,#1221,.T.);
#1219=LINE('',#86,#1222);
#1220=LINE('',#88,#1223);
#1221=LINE('',#82,#1224);
#1222=VECTOR('',#1225,1.0);
#1223=VECTOR('',#1226,1.0);
#1224=VECTOR('',#1227,1.0);
#1225=DIRECTION('',(-0.6012885041153702,-0.7990319986200182,0));
#1226=DIRECTION('',(0.5080356440603783,0.8613360461307519,0));
#1227=DIRECTION('',(0.937923576828618,-0.3468419871195115,0));
#1228=FACE_SURFACE('',(#1233),#1229,.T.);
#1229=PLANE('',#1230);
#1230=AXIS2_PLACEMENT_3D('',#90,#1231,#1232);
#1231=DIRECTION('',(-0,0,-1));
#1232=DIRECTION('',(-0.6801307531185398,-0.7330908256569632,0));
#1233=FACE_BOUND('',#1234,.T.);
#1234=EDGE_LOOP('',(#1235,#1236,#1237));
#1235=ORIENTED_EDGE('',*,*,#1238,.T.);
#1236=ORIENTED_EDGE('',*,*,#1239,.T.);
#1237=ORIENTED_EDGE('',*,*,#1240,.T.);
#1238=EDGE_CURVE('',#91,#89,#1241,.F.);
#1239=EDGE_CURVE('',#89,#87,#1242,.T.);
#1240=EDGE_CURVE('',#87,#91,#1243,.T.);
#1241=LINE('',#90,#1244);
#1242=LINE('',#88,#1245);
#1243=LINE('',#86,#1246);
#1244=VECTOR('',#1247,1.0);
#1245=VECTOR('',#1248,1.0);
#1246=VECTOR('',#1249,1.0);
#1247=DIRECTION('',(-0.6801307531185398,-0.7330908256569632,0));
#1248=DIRECTION('',(0.6012885041153702,0.7990319986200182,0));
#1249=DIRECTION('',(0.8999405811896201,-0.43601255753485907,0));
#1250=FACE_SURFACE('',(#1255),#1251,.T.);
#1251=PLANE('',#1252);
#1252=AXIS2_PLACEMENT_3D('',#92,#1253,#1254);
#1253=DIRECTION('',(0,0,1));
#1254=DIRECTION('',(0.829899684721734,0.5579126394864761,0));
#1255=FACE_BOUND('',#1256,.T.);
#1256=EDGE_LOOP('',(#1257,#1258,#1259));
#1257=ORIENTED_EDGE('',*,*,#1260,.T.);
#1258=ORIENTED_EDGE('',*,*,#1261,.T.);
#1259=ORIENTED_EDGE('',*,*,#1262,.T.);
#1260=EDGE_CURVE('',#93,#95,#1263,.F.);
#1261=EDGE_CURVE('',#95,#97,#1264,.T.);
#1262=EDGE_CURVE('',#97,#93,#1265,.T.);
#1263=LINE('',#92,#1266);
#1264=LINE('',#94,#1267);
#1265=LINE('',#96,#1268);
#1266=VECTOR('',#1269,1.0);
#1267=VECTOR('',#1270,1.0);
#1268=VECTOR('',#1271,1.0);
#1269=DIRECTION('',(0.829899684721734,0.5579126394864761,0));
#1270=DIRECTION('',(-0.8510029486929018,-0.5251609099276014,0));
#1271=DIRECTION('',(-0.10875801846705024,-0.9940682539036848,0));
#1272=FACE_SURFACE('',(#1277),#1273,.T.);
#1273=PLANE('',#1274);
#1274=AXIS2_PLACEMENT_3D('',#78,#1275,#1276);
#1275=DIRECTION('',(0,0,-1));
#1276=DIRECTION('',(0.5473686763715384,0.8368915892320044,0));
#1277=FACE_BOUND('',#1278,.T.);
#1278=EDGE_LOOP('',(#1279,#1280,#1281));
#1279=ORIENTED_EDGE('',*,*,#1282,.T.);
#1280=ORIENTED_EDGE('',*,*,#1283,.T.);
#1281=ORIENTED_EDGE('',*,*,#1284,.T.);
#1282=EDGE_CURVE('',#79,#77,#1285,.F.);
#1283=EDGE_CURVE('',#77,#85,#1286,.T.);
#1284=EDGE_CURVE('',#85,#79,#1287,.T.);
#1285=LINE('',#78,#1288);
#1286=LINE('',#76,#1289);
#1287=LINE('',#84,#1290);
#1288=VECTOR('',#1291,1.0);
#1289=VECTOR('',#1292,1.0);
#1290=VECTOR('',#1293,1.0);
#1291=DIRECTION('',(0.5473686763715384,0.8368915892320044,0));
#1292=DIRECTION('',(-0.4714591340737932,-0.8818879094864547,0));
#1293=DIRECTION('',(-0.8314599201143066,0.5555847381304773,0));
#1294=FACE_SURFACE('',(#1299),#1295,.T.);
#1295=PLANE('',#1296);
#1296=AXIS2_PLACEMENT_3D('',#98,#1297,#1298);
#1297=DIRECTION('',(-0,0,-1));
#1298=DIRECTION('',(-0.8001858577191138,-0.5997521097139435,0));
#1299=FACE_BOUND('',#1300,.T.);
#1300=EDGE_LOOP('',(#1301,#1302,#1303));
#1301=ORIENTED_EDGE('',*,*,#1304,.T.);
#1302=ORIENTED_EDGE('',*,*,#1305,.T.);
#1303=ORIENTED_EDGE('',*,*,#1306,.T.);
#1304=EDGE_CURVE('',#99,#89,#1307,.F.);
#1305=EDGE_CURVE('',#89,#101,#1308,.T.);
#1306=EDGE_CURVE('',#101,#99,#1309,.T.);
#1307=LINE('',#98,#1310);
#1308=LINE('',#88,#1311);
#1309=LINE('',#100,#1312);
#1310=VECTOR('',#1313,1.0);
#1311=VECTOR('',#1314,1.0);
#1312=VECTOR('',#1315,1.0);
#1313=DIRECTION('',(-0.8001858577191138,-0.5997521097139435,0));
#1314=DIRECTION('',(0.7458155077673799,0.6661525563815583,0));
#1315=DIRECTION('',(0.7704102999511119,-0.6375484057930328,0));
#1316=FACE_SURFACE('',(#1321),#1317,.T.);
#1317=PLANE('',#1318);
#1318=AXIS2_PLACEMENT_3D('',#98,#1319,#1320);
#1319=DIRECTION('',(0,-0,-1));
#1320=DIRECTION('',(0.6660182937207187,-0.7459354076790714,0));
#1321=FACE_BOUND('',#1322,.T.);
#1322=EDGE_LOOP('',(#1323,#1324,#1325));
#1323=ORIENTED_EDGE('',*,*,#1326,.T.);
#1324=ORIENTED_EDGE('',*,*,#1327,.T.);
#1325=ORIENTED_EDGE('',*,*,#1328,.T.);
#1326=EDGE_CURVE('',#99,#103,#1329,.F.);
#1327=EDGE_CURVE('',#103,#67,#1330,.T.);
#1328=EDGE_CURVE('',#67,#99,#1331,.T.);
#1329=LINE('',#98,#1332);
#1330=LINE('',#102,#1333);
#1331=LINE('',#66,#1334);
#1332=VECTOR('',#1335,1.0);
#1333=VECTOR('',#1336,1.0);
#1334=VECTOR('',#1337,1.0);
#1335=DIRECTION('',(0.6660182937207187,-0.7459354076790714,0));
#1336=DIRECTION('',(-0.542435937889402,-0.8400971689549042,0));
#1337=DIRECTION('',(0.4576945857268843,0.8891094793085358,0));
#1338=FACE_SURFACE('',(#1343),#1339,.T.);
#1339=PLANE('',#1340);
#1340=AXIS2_PLACEMENT_3D('',#62,#1341,#1342);
#1341=DIRECTION('',(-0,0,-1));
#1342=DIRECTION('',(-0.616365272309907,-0.7874603806480261,0));
#1343=FACE_BOUND('',#1344,.T.);
#1344=EDGE_LOOP('',(#1345,#1346,#1347));
#1345=ORIENTED_EDGE('',*,*,#1348,.T.);
#1346=ORIENTED_EDGE('',*,*,#1349,.T.);
#1347=ORIENTED_EDGE('',*,*,#1350,.T.);
#1348=EDGE_CURVE('',#63,#67,#1351,.F.);
#1349=EDGE_CURVE('',#67,#103,#1352,.T.);
#1350=EDGE_CURVE('',#103,#63,#1353,.T.);
#1351=LINE('',#62,#1354);
#1352=LINE('',#66,#1355);
#1353=LINE('',#102,#1356);
#1354=VECTOR('',#1357,1.0);
#1355=VECTOR('',#1358,1.0);
#1356=VECTOR('',#1359,1.0);
#1357=DIRECTION('',(-0.616365272309907,-0.7874603806480261,0));
#1358=DIRECTION('',(0.542435937889402,0.8400971689549042,0));
#1359=DIRECTION('',(0.5231482973396346,-0.8522416670115591,0));
#1360=FACE_SURFACE('',(#1365),#1361,.T.);
#1361=PLANE('',#1362);
#1362=AXIS2_PLACEMENT_3D('',#104,#1363,#1364);
#1363=DIRECTION('',(0.10297322621161885,-0.06850798624129878,0.9923221102569129));
#1364=DIRECTION('',(0.48123022132182114,0.8765304371312566,0.010576713527335536));
#1365=FACE_BOUND('',#1366,.T.);
#1366=EDGE_LOOP('',(#1367,#1368,#1369));
#1367=ORIENTED_EDGE('',*,*,#1370,.T.);
#1368=ORIENTED_EDGE('',*,*,#1371,.T.);
#1369=ORIENTED_EDGE('',*,*,#1372,.T.);
#1370=EDGE_CURVE('',#105,#107,#1373,.F.);
#1371=EDGE_CURVE('',#107,#53,#1374,.T.);
#1372=EDGE_CURVE('',#53,#105,#1375,.T.);
#1373=LINE('',#104,#1376);
#1374=LINE('',#106,#1377);
#1375=LINE('',#52,#1378);
#1376=VECTOR('',#1379,1.0);
#1377=VECTOR('',#1380,1.0);
#1378=VECTOR('',#1381,1.0);
#1379=DIRECTION('',(0.48123022132182114,0.8765304371312566,0.010576713527335536));
#1380=DIRECTION('',(-0.5228036436087188,-0.8524407278583509,-0.004599534516954154));
#1381=DIRECTION('',(-0.20995630619877845,-0.976645010070089,-0.045638512164187205));
#1382=FACE_SURFACE('',(#1387),#1383,.T.);
#1383=PLANE('',#1384);
#1384=AXIS2_PLACEMENT_3D('',#104,#1385,#1386);
#1385=DIRECTION('',(0.2776066361964983,-0.16383327562887212,0.9466220012953317));
#1386=DIRECTION('',(0.9491613864003383,-0.10545120144537799,-0.2966019330353627));
#1387=FACE_BOUND('',#1388,.T.);
#1388=EDGE_LOOP('',(#1389,#1390,#1391));
#1389=ORIENTED_EDGE('',*,*,#1392,.T.);
#1390=ORIENTED_EDGE('',*,*,#1393,.T.);
#1391=ORIENTED_EDGE('',*,*,#1394,.T.);
#1392=EDGE_CURVE('',#105,#109,#1395,.F.);
#1393=EDGE_CURVE('',#109,#107,#1396,.T.);
#1394=EDGE_CURVE('',#107,#105,#1397,.T.);
#1395=LINE('',#104,#1398);
#1396=LINE('',#108,#1399);
#1397=LINE('',#106,#1400);
#1398=VECTOR('',#1401,1.0);
#1399=VECTOR('',#1402,1.0);
#1400=VECTOR('',#1403,1.0);
#1401=DIRECTION('',(0.9491613864003383,-0.10545120144537799,-0.2966019330353627));
#1402=DIRECTION('',(0.30737663266490906,0.9487022267991473,0.074051944997555));
#1403=DIRECTION('',(-0.48123022132182114,-0.8765304371312566,-0.010576713527335536));
#1404=FACE_SURFACE('',(#1409),#1405,.T.);
#1405=PLANE('',#1406);
#1406=AXIS2_PLACEMENT_3D('',#108,#1407,#1408);
#1407=DIRECTION('',(0.19583721175439922,-0.13921995002558774,0.9707036581815974));
#1408=DIRECTION('',(0.5794075033916947,0.8150380021897158,0));
#1409=FACE_BOUND('',#1410,.T.);
#1410=EDGE_LOOP('',(#1411,#1412,#1413));
#1411=ORIENTED_EDGE('',*,*,#1414,.T.);
#1412=ORIENTED_EDGE('',*,*,#1415,.T.);
#1413=ORIENTED_EDGE('',*,*,#1416,.T.);
#1414=EDGE_CURVE('',#109,#111,#1417,.F.);
#1415=EDGE_CURVE('',#111,#107,#1418,.T.);
#1416=EDGE_CURVE('',#107,#109,#1419,.T.);
#1417=LINE('',#108,#1420);
#1418=LINE('',#110,#1421);
#1419=LINE('',#106,#1422);
#1420=VECTOR('',#1423,1.0);
#1421=VECTOR('',#1424,1.0);
#1422=VECTOR('',#1425,1.0);
#1423=DIRECTION('',(0.5794075033916947,0.8150380021897158,0));
#1424=DIRECTION('',(-0.9564686266462437,0.1912889663053327,0.22040031218509168));
#1425=DIRECTION('',(-0.30737663266490906,-0.9487022267991473,-0.074051944997555));
#1426=FACE_SURFACE('',(#1431),#1427,.T.);
#1427=PLANE('',#1428);
#1428=AXIS2_PLACEMENT_3D('',#112,#1429,#1430);
#1429=DIRECTION('',(0,-0,1));
#1430=DIRECTION('',(0.7134747958204751,0.7006808943655674,0));
#1431=FACE_BOUND('',#1432,.T.);
#1432=EDGE_LOOP('',(#1433,#1434,#1435));
#1433=ORIENTED_EDGE('',*,*,#1436,.T.);
#1434=ORIENTED_EDGE('',*,*,#1437,.T.);
#1435=ORIENTED_EDGE('',*,*,#1438,.T.);
#1436=EDGE_CURVE('',#113,#115,#1439,.F.);
#1437=EDGE_CURVE('',#115,#117,#1440,.T.);
#1438=EDGE_CURVE('',#117,#113,#1441,.T.);
#1439=LINE('',#112,#1442);
#1440=LINE('',#114,#1443);
#1441=LINE('',#116,#1444);
#1442=VECTOR('',#1445,1.0);
#1443=VECTOR('',#1446,1.0);
#1444=VECTOR('',#1447,1.0);
#1445=DIRECTION('',(0.7134747958204751,0.7006808943655674,0));
#1446=DIRECTION('',(-0.7793289037989487,-0.6266150809735823,0));
#1447=DIRECTION('',(0.6085355464556188,-0.7935266149915586,0));
#1448=FACE_SURFACE('',(#1453),#1449,.T.);
#1449=PLANE('',#1450);
#1450=AXIS2_PLACEMENT_3D('',#118,#1451,#1452);
#1451=DIRECTION('',(0,0,-1));
#1452=DIRECTION('',(-0.10911362470573087,0.9940292837253725,0));
#1453=FACE_BOUND('',#1454,.T.);
#1454=EDGE_LOOP('',(#1455,#1456,#1457));
#1455=ORIENTED_EDGE('',*,*,#1458,.T.);
#1456=ORIENTED_EDGE('',*,*,#1459,.T.);
#1457=ORIENTED_EDGE('',*,*,#1460,.T.);
#1458=EDGE_CURVE('',#119,#121,#1461,.F.);
#1459=EDGE_CURVE('',#121,#123,#1462,.T.);
#1460=EDGE_CURVE('',#123,#119,#1463,.T.);
#1461=LINE('',#118,#1464);
#1462=LINE('',#120,#1465);
#1463=LINE('',#122,#1466);
#1464=VECTOR('',#1467,1.0);
#1465=VECTOR('',#1468,1.0);
#1466=VECTOR('',#1469,1.0);
#1467=DIRECTION('',(-0.10911362470573087,0.9940292837253725,0));
#1468=DIRECTION('',(0.9795181000416842,-0.20135613149524162,0));
#1469=DIRECTION('',(-0.9966829299805166,-0.08138265838280694,0));
#1470=FACE_SURFACE('',(#1475),#1471,.T.);
#1471=PLANE('',#1472);
#1472=AXIS2_PLACEMENT_3D('',#124,#1473,#1474);
#1473=DIRECTION('',(0,0,-1));
#1474=DIRECTION('',(0.7654231339131027,0.6435273312538048,0));
#1475=FACE_BOUND('',#1476,.T.);
#1476=EDGE_LOOP('',(#1477,#1478,#1479));
#1477=ORIENTED_EDGE('',*,*,#1480,.T.);
#1478=ORIENTED_EDGE('',*,*,#1481,.T.);
#1479=ORIENTED_EDGE('',*,*,#1482,.T.);
#1480=EDGE_CURVE('',#125,#99,#1483,.F.);
#1481=EDGE_CURVE('',#99,#121,#1484,.T.);
#1482=EDGE_CURVE('',#121,#125,#1485,.T.);
#1483=LINE('',#124,#1486);
#1484=LINE('',#98,#1487);
#1485=LINE('',#120,#1488);
#1486=VECTOR('',#1489,1.0);
#1487=VECTOR('',#1490,1.0);
#1488=VECTOR('',#1491,1.0);
#1489=DIRECTION('',(0.7654231339131027,0.6435273312538048,0));
#1490=DIRECTION('',(-0.7319855392262562,-0.6813201672955579,0));
#1491=DIRECTION('',(-0.28032737062306734,0.9599044563286272,0));
#1492=FACE_SURFACE('',(#1497),#1493,.T.);
#1493=PLANE('',#1494);
#1494=AXIS2_PLACEMENT_3D('',#108,#1495,#1496);
#1495=DIRECTION('',(0.8150380021897159,-0.5794075033916947,0));
#1496=DIRECTION('',(0.1283825211118564,0.18059247232832148,-0.9751432136928956));
#1497=FACE_BOUND('',#1498,.T.);
#1498=EDGE_LOOP('',(#1499,#1500,#1501));
#1499=ORIENTED_EDGE('',*,*,#1502,.T.);
#1500=ORIENTED_EDGE('',*,*,#1503,.T.);
#1501=ORIENTED_EDGE('',*,*,#1504,.T.);
#1502=EDGE_CURVE('',#109,#127,#1505,.F.);
#1503=EDGE_CURVE('',#127,#111,#1506,.T.);
#1504=EDGE_CURVE('',#111,#109,#1507,.T.);
#1505=LINE('',#108,#1508);
#1506=LINE('',#126,#1509);
#1507=LINE('',#110,#1510);
#1508=VECTOR('',#1511,1.0);
#1509=VECTOR('',#1512,1.0);
#1510=VECTOR('',#1513,1.0);
#1511=DIRECTION('',(0.1283825211118564,0.18059247232832148,-0.9751432136928956));
#1512=DIRECTION('',(0,0,1));
#1513=DIRECTION('',(-0.5794075033916947,-0.8150380021897158,0));
#1514=FACE_SURFACE('',(#1519),#1515,.T.);
#1515=PLANE('',#1516);
#1516=AXIS2_PLACEMENT_3D('',#128,#1517,#1518);
#1517=DIRECTION('',(-0.6255241981125662,-0.7802047664399591,0));
#1518=DIRECTION('',(0.7802047664399591,-0.6255241981125661,0));
#1519=FACE_BOUND('',#1520,.T.);
#1520=EDGE_LOOP('',(#1521,#1522,#1523));
#1521=ORIENTED_EDGE('',*,*,#1524,.T.);
#1522=ORIENTED_EDGE('',*,*,#1525,.T.);
#1523=ORIENTED_EDGE('',*,*,#1526,.T.);
#1524=EDGE_CURVE('',#129,#131,#1527,.F.);
#1525=EDGE_CURVE('',#131,#133,#1528,.T.);
#1526=EDGE_CURVE('',#133,#129,#1529,.T.);
#1527=LINE('',#128,#1530);
#1528=LINE('',#130,#1531);
#1529=LINE('',#132,#1532);
#1530=VECTOR('',#1533,1.0);
#1531=VECTOR('',#1534,1.0);
#1532=VECTOR('',#1535,1.0);
#1533=DIRECTION('',(0.7802047664399591,-0.6255241981125661,0));
#1534=DIRECTION('',(-0.11358417066111202,0.09106538479028968,0.9893461132830229));
#1535=DIRECTION('',(0,0,-1));
#1536=FACE_SURFACE('',(#1541),#1537,.T.);
#1537=PLANE('',#1538);
#1538=AXIS2_PLACEMENT_3D('',#134,#1539,#1540);
#1539=DIRECTION('',(0,-1,0));
#1540=DIRECTION('',(-0.01200281004232663,0,-0.9999279636809283));
#1541=FACE_BOUND('',#1542,.T.);
#1542=EDGE_LOOP('',(#1543,#1544,#1545));
#1543=ORIENTED_EDGE('',*,*,#1546,.T.);
#1544=ORIENTED_EDGE('',*,*,#1547,.T.);
#1545=ORIENTED_EDGE('',*,*,#1548,.T.);
#1546=EDGE_CURVE('',#135,#137,#1549,.F.);
#1547=EDGE_CURVE('',#137,#139,#1550,.T.);
#1548=EDGE_CURVE('',#139,#135,#1551,.T.);
#1549=LINE('',#134,#1552);
#1550=LINE('',#136,#1553);
#1551=LINE('',#138,#1554);
#1552=VECTOR('',#1555,1.0);
#1553=VECTOR('',#1556,1.0);
#1554=VECTOR('',#1557,1.0);
#1555=DIRECTION('',(-0.01200281004232663,0,-0.9999279636809283));
#1556=DIRECTION('',(0.9610674784449543,0,-0.2763137743136543));
#1557=DIRECTION('',(0.0021486453591970708,0,0.999997691658896));
#1558=FACE_SURFACE('',(#1563),#1559,.T.);
#1559=PLANE('',#1560);
#1560=AXIS2_PLACEMENT_3D('',#110,#1561,#1562);
#1561=DIRECTION('',(0.21031875200389485,-0.07175596342645255,0.9749959508983951));
#1562=DIRECTION('',(-0.08549280462985182,0.9921321658650565,0.09145898431774724));
#1563=FACE_BOUND('',#1564,.T.);
#1564=EDGE_LOOP('',(#1565,#1566,#1567));
#1565=ORIENTED_EDGE('',*,*,#1568,.T.);
#1566=ORIENTED_EDGE('',*,*,#1569,.T.);
#1567=ORIENTED_EDGE('',*,*,#1570,.T.);
#1568=EDGE_CURVE('',#111,#137,#1571,.F.);
#1569=EDGE_CURVE('',#137,#107,#1572,.T.);
#1570=EDGE_CURVE('',#107,#111,#1573,.T.);
#1571=LINE('',#110,#1574);
#1572=LINE('',#136,#1575);
#1573=LINE('',#106,#1576);
#1574=VECTOR('',#1577,1.0);
#1575=VECTOR('',#1578,1.0);
#1576=VECTOR('',#1579,1.0);
#1577=DIRECTION('',(-0.08549280462985182,0.9921321658650565,0.09145898431774724));
#1578=DIRECTION('',(-0.3815381551595125,-0.9242427528951256,0.014281802348286594));
#1579=DIRECTION('',(0.9564686266462437,-0.1912889663053327,-0.22040031218509168));
#1580=FACE_SURFACE('',(#1585),#1581,.T.);
#1581=PLANE('',#1582);
#1582=AXIS2_PLACEMENT_3D('',#110,#1583,#1584);
#1583=DIRECTION('',(0.2757357330979065,-0.06464960579552627,0.9590569503233075));
#1584=DIRECTION('',(0.22827179628027583,0.9735974460848673,0));
#1585=FACE_BOUND('',#1586,.T.);
#1586=EDGE_LOOP('',(#1587,#1588,#1589));
#1587=ORIENTED_EDGE('',*,*,#1590,.T.);
#1588=ORIENTED_EDGE('',*,*,#1591,.T.);
#1589=ORIENTED_EDGE('',*,*,#1592,.T.);
#1590=EDGE_CURVE('',#111,#139,#1593,.F.);
#1591=EDGE_CURVE('',#139,#137,#1594,.T.);
#1592=EDGE_CURVE('',#137,#111,#1595,.T.);
#1593=LINE('',#110,#1596);
#1594=LINE('',#138,#1597);
#1595=LINE('',#136,#1598);
#1596=VECTOR('',#1599,1.0);
#1597=VECTOR('',#1600,1.0);
#1598=VECTOR('',#1601,1.0);
#1599=DIRECTION('',(0.22827179628027583,0.9735974460848673,0));
#1600=DIRECTION('',(-0.9610674784449543,0,0.2763137743136543));
#1601=DIRECTION('',(0.08549280462985182,-0.9921321658650565,-0.09145898431774724));
#1602=FACE_SURFACE('',(#1607),#1603,.T.);
#1603=PLANE('',#1604);
#1604=AXIS2_PLACEMENT_3D('',#44,#1605,#1606);
#1605=DIRECTION('',(0.010439969984582817,-0.002354490186699823,-0.9999427300614179));
#1606=DIRECTION('',(-0.8440208445159991,-0.5362572339850326,-0.0075493722402292535));
#1607=FACE_BOUND('',#1608,.T.);
#1608=EDGE_LOOP('',(#1609,#1610,#1611));
#1609=ORIENTED_EDGE('',*,*,#1612,.T.);
#1610=ORIENTED_EDGE('',*,*,#1613,.T.);
#1611=ORIENTED_EDGE('',*,*,#1614,.T.);
#1612=EDGE_CURVE('',#45,#141,#1615,.F.);
#1613=EDGE_CURVE('',#141,#47,#1616,.T.);
#1614=EDGE_CURVE('',#47,#45,#1617,.T.);
#1615=LINE('',#44,#1618);
#1616=LINE('',#140,#1619);
#1617=LINE('',#46,#1620);
#1618=VECTOR('',#1621,1.0);
#1619=VECTOR('',#1622,1.0);
#1620=VECTOR('',#1623,1.0);
#1621=DIRECTION('',(-0.8440208445159991,-0.5362572339850326,-0.0075493722402292535));
#1622=DIRECTION('',(0.5184872684685771,0.8550785888056115,0.003399912086756725));
#1623=DIRECTION('',(0.8820998518938181,0.47099281456846137,0.00810061193881705));
#1624=FACE_SURFACE('',(#1629),#1625,.T.);
#1625=PLANE('',#1626);
#1626=AXIS2_PLACEMENT_3D('',#84,#1627,#1628);
#1627=DIRECTION('',(0,0,-1));
#1628=DIRECTION('',(0.5757705183206685,0.8176113442417179,0));
#1629=FACE_BOUND('',#1630,.T.);
#1630=EDGE_LOOP('',(#1631,#1632,#1633));
#1631=ORIENTED_EDGE('',*,*,#1634,.T.);
#1632=ORIENTED_EDGE('',*,*,#1635,.T.);
#1633=ORIENTED_EDGE('',*,*,#1636,.T.);
#1634=EDGE_CURVE('',#85,#83,#1637,.F.);
#1635=EDGE_CURVE('',#83,#89,#1638,.T.);
#1636=EDGE_CURVE('',#89,#85,#1639,.T.);
#1637=LINE('',#84,#1640);
#1638=LINE('',#82,#1641);
#1639=LINE('',#88,#1642);
#1640=VECTOR('',#1643,1.0);
#1641=VECTOR('',#1644,1.0);
#1642=VECTOR('',#1645,1.0);
#1643=DIRECTION('',(0.5757705183206685,0.8176113442417179,0));
#1644=DIRECTION('',(-0.5080356440603783,-0.8613360461307519,0));
#1645=DIRECTION('',(-0.6595009256292524,0.7517037508847214,0));
#1646=FACE_SURFACE('',(#1651),#1647,.T.);
#1647=PLANE('',#1648);
#1648=AXIS2_PLACEMENT_3D('',#124,#1649,#1650);
#1649=DIRECTION('',(0,0,-1));
#1650=DIRECTION('',(-0.4808818005592045,0.876785432070434,0));
#1651=FACE_BOUND('',#1652,.T.);
#1652=EDGE_LOOP('',(#1653,#1654,#1655));
#1653=ORIENTED_EDGE('',*,*,#1656,.T.);
#1654=ORIENTED_EDGE('',*,*,#1657,.T.);
#1655=ORIENTED_EDGE('',*,*,#1658,.T.);
#1656=EDGE_CURVE('',#125,#89,#1659,.F.);
#1657=EDGE_CURVE('',#89,#99,#1660,.T.);
#1658=EDGE_CURVE('',#99,#125,#1661,.T.);
#1659=LINE('',#124,#1662);
#1660=LINE('',#88,#1663);
#1661=LINE('',#98,#1664);
#1662=VECTOR('',#1665,1.0);
#1663=VECTOR('',#1666,1.0);
#1664=VECTOR('',#1667,1.0);
#1665=DIRECTION('',(-0.4808818005592045,0.876785432070434,0));
#1666=DIRECTION('',(0.8001858577191138,0.5997521097139435,0));
#1667=DIRECTION('',(-0.7654231339131027,-0.6435273312538048,0));
#1668=FACE_SURFACE('',(#1673),#1669,.T.);
#1669=PLANE('',#1670);
#1670=AXIS2_PLACEMENT_3D('',#142,#1671,#1672);
#1671=DIRECTION('',(0,-1,0));
#1672=DIRECTION('',(0.11942660139810544,0,-0.9928430323462506));
#1673=FACE_BOUND('',#1674,.T.);
#1674=EDGE_LOOP('',(#1675,#1676,#1677));
#1675=ORIENTED_EDGE('',*,*,#1678,.T.);
#1676=ORIENTED_EDGE('',*,*,#1679,.T.);
#1677=ORIENTED_EDGE('',*,*,#1680,.T.);
#1678=EDGE_CURVE('',#143,#71,#1681,.F.);
#1679=EDGE_CURVE('',#71,#139,#1682,.T.);
#1680=EDGE_CURVE('',#139,#143,#1683,.T.);
#1681=LINE('',#142,#1684);
#1682=LINE('',#70,#1685);
#1683=LINE('',#138,#1686);
#1684=VECTOR('',#1687,1.0);
#1685=VECTOR('',#1688,1.0);
#1686=VECTOR('',#1689,1.0);
#1687=DIRECTION('',(0.11942660139810544,0,-0.9928430323462506));
#1688=DIRECTION('',(-0.009437072619754138,0,0.9999554698387171));
#1689=DIRECTION('',(0,0,-1));
#1690=FACE_SURFACE('',(#1695),#1691,.T.);
#1691=PLANE('',#1692);
#1692=AXIS2_PLACEMENT_3D('',#122,#1693,#1694);
#1693=DIRECTION('',(0,0,-1));
#1694=DIRECTION('',(-0.9795181000416842,0.20135613149524162,0));
#1695=FACE_BOUND('',#1696,.T.);
#1696=EDGE_LOOP('',(#1697,#1698,#1699));
#1697=ORIENTED_EDGE('',*,*,#1700,.T.);
#1698=ORIENTED_EDGE('',*,*,#1701,.T.);
#1699=ORIENTED_EDGE('',*,*,#1702,.T.);
#1700=EDGE_CURVE('',#123,#121,#1703,.F.);
#1701=EDGE_CURVE('',#121,#99,#1704,.T.);
#1702=EDGE_CURVE('',#99,#123,#1705,.T.);
#1703=LINE('',#122,#1706);
#1704=LINE('',#120,#1707);
#1705=LINE('',#98,#1708);
#1706=VECTOR('',#1709,1.0);
#1707=VECTOR('',#1710,1.0);
#1708=VECTOR('',#1711,1.0);
#1709=DIRECTION('',(-0.9795181000416842,0.20135613149524162,0));
#1710=DIRECTION('',(0.7319855392262562,0.6813201672955579,0));
#1711=DIRECTION('',(-0.5997336804161013,-0.8001996704414203,0));
#1712=FACE_SURFACE('',(#1717),#1713,.T.);
#1713=PLANE('',#1714);
#1714=AXIS2_PLACEMENT_3D('',#66,#1715,#1716);
#1715=DIRECTION('',(-0,0,-1));
#1716=DIRECTION('',(-0.9759389749505105,-0.2180438423174266,0));
#1717=FACE_BOUND('',#1718,.T.);
#1718=EDGE_LOOP('',(#1719,#1720,#1721));
#1719=ORIENTED_EDGE('',*,*,#1722,.T.);
#1720=ORIENTED_EDGE('',*,*,#1723,.T.);
#1721=ORIENTED_EDGE('',*,*,#1724,.T.);
#1722=EDGE_CURVE('',#67,#123,#1725,.F.);
#1723=EDGE_CURVE('',#123,#99,#1726,.T.);
#1724=EDGE_CURVE('',#99,#67,#1727,.T.);
#1725=LINE('',#66,#1728);
#1726=LINE('',#122,#1729);
#1727=LINE('',#98,#1730);
#1728=VECTOR('',#1731,1.0);
#1729=VECTOR('',#1732,1.0);
#1730=VECTOR('',#1733,1.0);
#1731=DIRECTION('',(-0.9759389749505105,-0.2180438423174266,0));
#1732=DIRECTION('',(0.5997336804161013,0.8001996704414203,0));
#1733=DIRECTION('',(-0.4576945857268843,-0.8891094793085358,0));
#1734=FACE_SURFACE('',(#1739),#1735,.T.);
#1735=PLANE('',#1736);
#1736=AXIS2_PLACEMENT_3D('',#100,#1737,#1738);
#1737=DIRECTION('',(-0,0,-1));
#1738=DIRECTION('',(-0.7458155077673799,-0.6661525563815583,0));
#1739=FACE_BOUND('',#1740,.T.);
#1740=EDGE_LOOP('',(#1741,#1742,#1743));
#1741=ORIENTED_EDGE('',*,*,#1744,.T.);
#1742=ORIENTED_EDGE('',*,*,#1745,.T.);
#1743=ORIENTED_EDGE('',*,*,#1746,.T.);
#1744=EDGE_CURVE('',#101,#89,#1747,.F.);
#1745=EDGE_CURVE('',#89,#91,#1748,.T.);
#1746=EDGE_CURVE('',#91,#101,#1749,.T.);
#1747=LINE('',#100,#1750);
#1748=LINE('',#88,#1751);
#1749=LINE('',#90,#1752);
#1750=VECTOR('',#1753,1.0);
#1751=VECTOR('',#1754,1.0);
#1752=VECTOR('',#1755,1.0);
#1753=DIRECTION('',(-0.7458155077673799,-0.6661525563815583,0));
#1754=DIRECTION('',(0.6801307531185398,0.7330908256569632,0));
#1755=DIRECTION('',(0.846078152445604,-0.5330588710022873,0));
#1756=FACE_SURFACE('',(#1761),#1757,.T.);
#1757=PLANE('',#1758);
#1758=AXIS2_PLACEMENT_3D('',#80,#1759,#1760);
#1759=DIRECTION('',(-0,0,-1));
#1760=DIRECTION('',(-0.36877423795292835,-0.9295189946538139,0));
#1761=FACE_BOUND('',#1762,.T.);
#1762=EDGE_LOOP('',(#1763,#1764,#1765));
#1763=ORIENTED_EDGE('',*,*,#1766,.T.);
#1764=ORIENTED_EDGE('',*,*,#1767,.T.);
#1765=ORIENTED_EDGE('',*,*,#1768,.T.);
#1766=EDGE_CURVE('',#81,#145,#1769,.F.);
#1767=EDGE_CURVE('',#145,#147,#1770,.T.);
#1768=EDGE_CURVE('',#147,#81,#1771,.T.);
#1769=LINE('',#80,#1772);
#1770=LINE('',#144,#1773);
#1771=LINE('',#146,#1774);
#1772=VECTOR('',#1775,1.0);
#1773=VECTOR('',#1776,1.0);
#1774=VECTOR('',#1777,1.0);
#1775=DIRECTION('',(-0.36877423795292835,-0.9295189946538139,0));
#1776=DIRECTION('',(0.06762591922241318,0.9977107471854373,0));
#1777=DIRECTION('',(1,0,0));
#1778=FACE_SURFACE('',(#1783),#1779,.T.);
#1779=PLANE('',#1780);
#1780=AXIS2_PLACEMENT_3D('',#132,#1781,#1782);
#1781=DIRECTION('',(-0,0,1));
#1782=DIRECTION('',(0.7802047664399591,-0.6255241981125661,0));
#1783=FACE_BOUND('',#1784,.T.);
#1784=EDGE_LOOP('',(#1785,#1786,#1787));
#1785=ORIENTED_EDGE('',*,*,#1788,.T.);
#1786=ORIENTED_EDGE('',*,*,#1789,.T.);
#1787=ORIENTED_EDGE('',*,*,#1790,.T.);
#1788=EDGE_CURVE('',#133,#117,#1791,.F.);
#1789=EDGE_CURVE('',#117,#115,#1792,.T.);
#1790=EDGE_CURVE('',#115,#133,#1793,.T.);
#1791=LINE('',#132,#1794);
#1792=LINE('',#116,#1795);
#1793=LINE('',#114,#1796);
#1794=VECTOR('',#1797,1.0);
#1795=VECTOR('',#1798,1.0);
#1796=VECTOR('',#1799,1.0);
#1797=DIRECTION('',(0.7802047664399591,-0.6255241981125661,0));
#1798=DIRECTION('',(0.7793289037989487,0.6266150809735823,0));
#1799=DIRECTION('',(-0.8222710746642432,-0.5690960198160857,0));
#1800=FACE_SURFACE('',(#1805),#1801,.T.);
#1801=PLANE('',#1802);
#1802=AXIS2_PLACEMENT_3D('',#148,#1803,#1804);
#1803=DIRECTION('',(0,-0,1));
#1804=DIRECTION('',(0.8747101656956895,0.4846463927737617,0));
#1805=FACE_BOUND('',#1806,.T.);
#1806=EDGE_LOOP('',(#1807,#1808,#1809));
#1807=ORIENTED_EDGE('',*,*,#1810,.T.);
#1808=ORIENTED_EDGE('',*,*,#1811,.T.);
#1809=ORIENTED_EDGE('',*,*,#1812,.T.);
#1810=EDGE_CURVE('',#149,#95,#1813,.F.);
#1811=EDGE_CURVE('',#95,#151,#1814,.T.);
#1812=EDGE_CURVE('',#151,#149,#1815,.T.);
#1813=LINE('',#148,#1816);
#1814=LINE('',#94,#1817);
#1815=LINE('',#150,#1818);
#1816=VECTOR('',#1819,1.0);
#1817=VECTOR('',#1820,1.0);
#1818=VECTOR('',#1821,1.0);
#1819=DIRECTION('',(0.8747101656956895,0.4846463927737617,0));
#1820=DIRECTION('',(-0.8984050178885336,-0.439167876594707,0));
#1821=DIRECTION('',(0.27876167935718515,-0.9603603105720071,0));
#1822=FACE_SURFACE('',(#1827),#1823,.T.);
#1823=PLANE('',#1824);
#1824=AXIS2_PLACEMENT_3D('',#44,#1825,#1826);
#1825=DIRECTION('',(0.015354674281763993,-0.01009136477658719,-0.9998311849180574));
#1826=DIRECTION('',(-0.8301862586246929,-0.5574406133020818,-0.007123105511903327));
#1827=FACE_BOUND('',#1828,.T.);
#1828=EDGE_LOOP('',(#1829,#1830,#1831));
#1829=ORIENTED_EDGE('',*,*,#1832,.T.);
#1830=ORIENTED_EDGE('',*,*,#1833,.T.);
#1831=ORIENTED_EDGE('',*,*,#1834,.T.);
#1832=EDGE_CURVE('',#45,#153,#1835,.F.);
#1833=EDGE_CURVE('',#153,#141,#1836,.T.);
#1834=EDGE_CURVE('',#141,#45,#1837,.T.);
#1835=LINE('',#44,#1838);
#1836=LINE('',#152,#1839);
#1837=LINE('',#140,#1840);
#1838=VECTOR('',#1841,1.0);
#1839=VECTOR('',#1842,1.0);
#1840=VECTOR('',#1843,1.0);
#1841=DIRECTION('',(-0.8301862586246929,-0.5574406133020818,-0.007123105511903327));
#1842=DIRECTION('',(0.6597567407388645,0.751474919038328,0.002547372365646027));
#1843=DIRECTION('',(0.8440208445159991,0.5362572339850326,0.0075493722402292535));
#1844=FACE_SURFACE('',(#1849),#1845,.T.);
#1845=PLANE('',#1846);
#1846=AXIS2_PLACEMENT_3D('',#148,#1847,#1848);
#1847=DIRECTION('',(-0.9603603105720071,-0.27876167935718515,0));
#1848=DIRECTION('',(-0.27876167935718515,0.9603603105720071,0));
#1849=FACE_BOUND('',#1850,.T.);
#1850=EDGE_LOOP('',(#1851,#1852,#1853));
#1851=ORIENTED_EDGE('',*,*,#1854,.T.);
#1852=ORIENTED_EDGE('',*,*,#1855,.T.);
#1853=ORIENTED_EDGE('',*,*,#1856,.T.);
#1854=EDGE_CURVE('',#149,#151,#1857,.F.);
#1855=EDGE_CURVE('',#151,#155,#1858,.T.);
#1856=EDGE_CURVE('',#155,#149,#1859,.T.);
#1857=LINE('',#148,#1860);
#1858=LINE('',#150,#1861);
#1859=LINE('',#154,#1862);
#1860=VECTOR('',#1863,1.0);
#1861=VECTOR('',#1864,1.0);
#1862=VECTOR('',#1865,1.0);
#1863=DIRECTION('',(-0.27876167935718515,0.9603603105720071,0));
#1864=DIRECTION('',(0,0,-1));
#1865=DIRECTION('',(0.040583824206651235,-0.13981510697300484,0.9893455862714964));
#1866=FACE_SURFACE('',(#1871),#1867,.T.);
#1867=PLANE('',#1868);
#1868=AXIS2_PLACEMENT_3D('',#156,#1869,#1870);
#1869=DIRECTION('',(0,0,-1));
#1870=DIRECTION('',(0.011436510310546526,0.9999346009774424,0));
#1871=FACE_BOUND('',#1872,.T.);
#1872=EDGE_LOOP('',(#1873,#1874,#1875));
#1873=ORIENTED_EDGE('',*,*,#1876,.T.);
#1874=ORIENTED_EDGE('',*,*,#1877,.T.);
#1875=ORIENTED_EDGE('',*,*,#1878,.T.);
#1876=EDGE_CURVE('',#157,#159,#1879,.F.);
#1877=EDGE_CURVE('',#159,#161,#1880,.T.);
#1878=EDGE_CURVE('',#161,#157,#1881,.T.);
#1879=LINE('',#156,#1882);
#1880=LINE('',#158,#1883);
#1881=LINE('',#160,#1884);
#1882=VECTOR('',#1885,1.0);
#1883=VECTOR('',#1886,1.0);
#1884=VECTOR('',#1887,1.0);
#1885=DIRECTION('',(0.011436510310546526,0.9999346009774424,0));
#1886=DIRECTION('',(0.04269346040132959,-0.9990882185467708,0));
#1887=DIRECTION('',(-0.9978074433456018,-0.06618388024370983,0));
#1888=FACE_SURFACE('',(#1893),#1889,.T.);
#1889=PLANE('',#1890);
#1890=AXIS2_PLACEMENT_3D('',#44,#1891,#1892);
#1891=DIRECTION('',(0.01441893400739247,-0.012867704041599811,-0.9998132408278999));
#1892=DIRECTION('',(-0.9344924510451463,-0.3558717549820727,-0.008896794120056574));
#1893=FACE_BOUND('',#1894,.T.);
#1894=EDGE_LOOP('',(#1895,#1896,#1897));
#1895=ORIENTED_EDGE('',*,*,#1898,.T.);
#1896=ORIENTED_EDGE('',*,*,#1899,.T.);
#1897=ORIENTED_EDGE('',*,*,#1900,.T.);
#1898=EDGE_CURVE('',#45,#49,#1901,.F.);
#1899=EDGE_CURVE('',#49,#163,#1902,.T.);
#1900=EDGE_CURVE('',#163,#45,#1903,.T.);
#1901=LINE('',#44,#1904);
#1902=LINE('',#48,#1905);
#1903=LINE('',#162,#1906);
#1904=VECTOR('',#1907,1.0);
#1905=VECTOR('',#1908,1.0);
#1906=VECTOR('',#1909,1.0);
#1907=DIRECTION('',(-0.9344924510451463,-0.3558717549820727,-0.008896794120056574));
#1908=DIRECTION('',(0.9117540571121998,0.410661297437609,0.007863722165947946));
#1909=DIRECTION('',(0.9829076391667079,0.18372011834933322,0.011810630018584031));
#1910=FACE_SURFACE('',(#1915),#1911,.T.);
#1911=PLANE('',#1912);
#1912=AXIS2_PLACEMENT_3D('',#96,#1913,#1914);
#1913=DIRECTION('',(0,-0,1));
#1914=DIRECTION('',(0.8510029486929018,0.5251609099276014,0));
#1915=FACE_BOUND('',#1916,.T.);
#1916=EDGE_LOOP('',(#1917,#1918,#1919));
#1917=ORIENTED_EDGE('',*,*,#1920,.T.);
#1918=ORIENTED_EDGE('',*,*,#1921,.T.);
#1919=ORIENTED_EDGE('',*,*,#1922,.T.);
#1920=EDGE_CURVE('',#97,#95,#1923,.F.);
#1921=EDGE_CURVE('',#95,#149,#1924,.T.);
#1922=EDGE_CURVE('',#149,#97,#1925,.T.);
#1923=LINE('',#96,#1926);
#1924=LINE('',#94,#1927);
#1925=LINE('',#148,#1928);
#1926=VECTOR('',#1929,1.0);
#1927=VECTOR('',#1930,1.0);
#1928=VECTOR('',#1931,1.0);
#1929=DIRECTION('',(0.8510029486929018,0.5251609099276014,0));
#1930=DIRECTION('',(-0.8747101656956895,-0.4846463927737617,0));
#1931=DIRECTION('',(0.10894193860998153,-0.9940481145356592,0));
#1932=FACE_SURFACE('',(#1937),#1933,.T.);
#1933=PLANE('',#1934);
#1934=AXIS2_PLACEMENT_3D('',#112,#1935,#1936);
#1935=DIRECTION('',(-0,0,1));
#1936=DIRECTION('',(0.4431266386060272,-0.8964590242491418,0));
#1937=FACE_BOUND('',#1938,.T.);
#1938=EDGE_LOOP('',(#1939,#1940,#1941));
#1939=ORIENTED_EDGE('',*,*,#1942,.T.);
#1940=ORIENTED_EDGE('',*,*,#1943,.T.);
#1941=ORIENTED_EDGE('',*,*,#1944,.T.);
#1942=EDGE_CURVE('',#113,#151,#1945,.F.);
#1943=EDGE_CURVE('',#151,#115,#1946,.T.);
#1944=EDGE_CURVE('',#115,#113,#1947,.T.);
#1945=LINE('',#112,#1948);
#1946=LINE('',#150,#1949);
#1947=LINE('',#114,#1950);
#1948=VECTOR('',#1951,1.0);
#1949=VECTOR('',#1952,1.0);
#1950=VECTOR('',#1953,1.0);
#1951=DIRECTION('',(0.4431266386060272,-0.8964590242491418,0));
#1952=DIRECTION('',(0.6802272666540181,0.7330012726458278,0));
#1953=DIRECTION('',(-0.7134747958204751,-0.7006808943655674,0));
#1954=FACE_SURFACE('',(#1959),#1955,.T.);
#1955=PLANE('',#1956);
#1956=AXIS2_PLACEMENT_3D('',#164,#1957,#1958);
#1957=DIRECTION('',(0,0,-1));
#1958=DIRECTION('',(0.09923947378506222,0.9950635792967523,0));
#1959=FACE_BOUND('',#1960,.T.);
#1960=EDGE_LOOP('',(#1961,#1962,#1963));
#1961=ORIENTED_EDGE('',*,*,#1964,.T.);
#1962=ORIENTED_EDGE('',*,*,#1965,.T.);
#1963=ORIENTED_EDGE('',*,*,#1966,.T.);
#1964=EDGE_CURVE('',#165,#159,#1967,.F.);
#1965=EDGE_CURVE('',#159,#157,#1968,.T.);
#1966=EDGE_CURVE('',#157,#165,#1969,.T.);
#1967=LINE('',#164,#1970);
#1968=LINE('',#158,#1971);
#1969=LINE('',#156,#1972);
#1970=VECTOR('',#1973,1.0);
#1971=VECTOR('',#1974,1.0);
#1972=VECTOR('',#1975,1.0);
#1973=DIRECTION('',(0.09923947378506222,0.9950635792967523,0));
#1974=DIRECTION('',(-0.011436510310546526,-0.9999346009774424,0));
#1975=DIRECTION('',(-0.9635398009894378,-0.26756504239013457,0));
#1976=FACE_SURFACE('',(#1981),#1977,.T.);
#1977=PLANE('',#1978);
#1978=AXIS2_PLACEMENT_3D('',#44,#1979,#1980);
#1979=DIRECTION('',(0.2375792323757214,-0.9713681631306242,0));
#1980=DIRECTION('',(0.9709719780664527,0.23748233261413026,-0.028558002483920757));
#1981=FACE_BOUND('',#1982,.T.);
#1982=EDGE_LOOP('',(#1983,#1984,#1985));
#1983=ORIENTED_EDGE('',*,*,#1986,.T.);
#1984=ORIENTED_EDGE('',*,*,#1987,.T.);
#1985=ORIENTED_EDGE('',*,*,#1988,.T.);
#1986=EDGE_CURVE('',#45,#67,#1989,.F.);
#1987=EDGE_CURVE('',#67,#167,#1990,.T.);
#1988=EDGE_CURVE('',#167,#45,#1991,.T.);
#1989=LINE('',#44,#1992);
#1990=LINE('',#66,#1993);
#1991=LINE('',#166,#1994);
#1992=VECTOR('',#1995,1.0);
#1993=VECTOR('',#1996,1.0);
#1994=VECTOR('',#1997,1.0);
#1995=DIRECTION('',(0.9709719780664527,0.23748233261413026,-0.028558002483920757));
#1996=DIRECTION('',(0,0,1));
#1997=DIRECTION('',(-0.9712690713811961,-0.2375549963109033,-0.014283371662028867));
#1998=FACE_SURFACE('',(#2003),#1999,.T.);
#1999=PLANE('',#2000);
#2000=AXIS2_PLACEMENT_3D('',#158,#2001,#2002);
#2001=DIRECTION('',(0,0,-1));
#2002=DIRECTION('',(0.9918615729141267,0.12732093377098133,0));
#2003=FACE_BOUND('',#2004,.T.);
#2004=EDGE_LOOP('',(#2005,#2006,#2007));
#2005=ORIENTED_EDGE('',*,*,#2008,.T.);
#2006=ORIENTED_EDGE('',*,*,#2009,.T.);
#2007=ORIENTED_EDGE('',*,*,#2010,.T.);
#2008=EDGE_CURVE('',#159,#147,#2011,.F.);
#2009=EDGE_CURVE('',#147,#161,#2012,.T.);
#2010=EDGE_CURVE('',#161,#159,#2013,.T.);
#2011=LINE('',#158,#2014);
#2012=LINE('',#146,#2015);
#2013=LINE('',#160,#2016);
#2014=VECTOR('',#2017,1.0);
#2015=VECTOR('',#2018,1.0);
#2016=VECTOR('',#2019,1.0);
#2017=DIRECTION('',(0.9918615729141267,0.12732093377098133,0));
#2018=DIRECTION('',(-0.1706703694338571,-0.9853281813676653,0));
#2019=DIRECTION('',(-0.04269346040132959,0.9990882185467708,0));
#2020=FACE_SURFACE('',(#2025),#2021,.T.);
#2021=PLANE('',#2022);
#2022=AXIS2_PLACEMENT_3D('',#168,#2023,#2024);
#2023=DIRECTION('',(0.13030174344550885,-0.23804455247210554,0.9624740239057965));
#2024=DIRECTION('',(0.8771831690367281,0.4801558996395679,0));
#2025=FACE_BOUND('',#2026,.T.);
#2026=EDGE_LOOP('',(#2027,#2028,#2029));
#2027=ORIENTED_EDGE('',*,*,#2030,.T.);
#2028=ORIENTED_EDGE('',*,*,#2031,.T.);
#2029=ORIENTED_EDGE('',*,*,#2032,.T.);
#2030=EDGE_CURVE('',#169,#171,#2033,.F.);
#2031=EDGE_CURVE('',#171,#51,#2034,.T.);
#2032=EDGE_CURVE('',#51,#169,#2035,.T.);
#2033=LINE('',#168,#2036);
#2034=LINE('',#170,#2037);
#2035=LINE('',#50,#2038);
#2036=VECTOR('',#2039,1.0);
#2037=VECTOR('',#2040,1.0);
#2038=VECTOR('',#2041,1.0);
#2039=DIRECTION('',(0.8771831690367281,0.4801558996395679,0));
#2040=DIRECTION('',(0.520803901079053,0.8424717430447421,0.13785738569983894));
#2041=DIRECTION('',(-0.7685727452643668,-0.637511273311239,-0.05362193243326375));
#2042=FACE_SURFACE('',(#2047),#2043,.T.);
#2043=PLANE('',#2044);
#2044=AXIS2_PLACEMENT_3D('',#160,#2045,#2046);
#2045=DIRECTION('',(0,0,-1));
#2046=DIRECTION('',(0.1706703694338571,0.9853281813676653,0));
#2047=FACE_BOUND('',#2048,.T.);
#2048=EDGE_LOOP('',(#2049,#2050,#2051));
#2049=ORIENTED_EDGE('',*,*,#2052,.T.);
#2050=ORIENTED_EDGE('',*,*,#2053,.T.);
#2051=ORIENTED_EDGE('',*,*,#2054,.T.);
#2052=EDGE_CURVE('',#161,#147,#2055,.F.);
#2053=EDGE_CURVE('',#147,#145,#2056,.T.);
#2054=EDGE_CURVE('',#145,#161,#2057,.T.);
#2055=LINE('',#160,#2058);
#2056=LINE('',#146,#2059);
#2057=LINE('',#144,#2060);
#2058=VECTOR('',#2061,1.0);
#2059=VECTOR('',#2062,1.0);
#2060=VECTOR('',#2063,1.0);
#2061=DIRECTION('',(0.1706703694338571,0.9853281813676653,0));
#2062=DIRECTION('',(-0.06762591922241318,-0.9977107471854373,0));
#2063=DIRECTION('',(-0.9913278026131761,0.13141228164114552,0));
#2064=FACE_SURFACE('',(#2069),#2065,.T.);
#2065=PLANE('',#2066);
#2066=AXIS2_PLACEMENT_3D('',#172,#2067,#2068);
#2067=DIRECTION('',(0,0,-1));
#2068=DIRECTION('',(0.18993308341086013,0.9817970380002393,0));
#2069=FACE_BOUND('',#2070,.T.);
#2070=EDGE_LOOP('',(#2071,#2072,#2073));
#2071=ORIENTED_EDGE('',*,*,#2074,.T.);
#2072=ORIENTED_EDGE('',*,*,#2075,.T.);
#2073=ORIENTED_EDGE('',*,*,#2076,.T.);
#2074=EDGE_CURVE('',#173,#159,#2077,.F.);
#2075=EDGE_CURVE('',#159,#165,#2078,.T.);
#2076=EDGE_CURVE('',#165,#173,#2079,.T.);
#2077=LINE('',#172,#2080);
#2078=LINE('',#158,#2081);
#2079=LINE('',#164,#2082);
#2080=VECTOR('',#2083,1.0);
#2081=VECTOR('',#2084,1.0);
#2082=VECTOR('',#2085,1.0);
#2083=DIRECTION('',(0.18993308341086013,0.9817970380002393,0));
#2084=DIRECTION('',(-0.09923947378506222,-0.9950635792967523,0));
#2085=DIRECTION('',(-0.8834832911492997,-0.46846267114894197,0));
#2086=FACE_SURFACE('',(#2091),#2087,.T.);
#2087=PLANE('',#2088);
#2088=AXIS2_PLACEMENT_3D('',#144,#2089,#2090);
#2089=DIRECTION('',(0,0,-1));
#2090=DIRECTION('',(0.36877423795292835,0.9295189946538139,0));
#2091=FACE_BOUND('',#2092,.T.);
#2092=EDGE_LOOP('',(#2093,#2094,#2095));
#2093=ORIENTED_EDGE('',*,*,#2096,.T.);
#2094=ORIENTED_EDGE('',*,*,#2097,.T.);
#2095=ORIENTED_EDGE('',*,*,#2098,.T.);
#2096=EDGE_CURVE('',#145,#81,#2099,.F.);
#2097=EDGE_CURVE('',#81,#79,#2100,.T.);
#2098=EDGE_CURVE('',#79,#145,#2101,.T.);
#2099=LINE('',#144,#2102);
#2100=LINE('',#80,#2103);
#2101=LINE('',#78,#2104);
#2102=VECTOR('',#2105,1.0);
#2103=VECTOR('',#2106,1.0);
#2104=VECTOR('',#2107,1.0);
#2105=DIRECTION('',(0.36877423795292835,0.9295189946538139,0));
#2106=DIRECTION('',(-0.30057205759998323,-0.9537591090994163,0));
#2107=DIRECTION('',(-0.9320680963413595,0.3622831265496563,0));
#2108=FACE_SURFACE('',(#2113),#2109,.T.);
#2109=PLANE('',#2110);
#2110=AXIS2_PLACEMENT_3D('',#174,#2111,#2112);
#2111=DIRECTION('',(0.6315771827155793,-0.7753130092246948,0));
#2112=DIRECTION('',(0.7753130092246948,0.6315771827155793,0));
#2113=FACE_BOUND('',#2114,.T.);
#2114=EDGE_LOOP('',(#2115,#2116,#2117));
#2115=ORIENTED_EDGE('',*,*,#2118,.T.);
#2116=ORIENTED_EDGE('',*,*,#2119,.T.);
#2117=ORIENTED_EDGE('',*,*,#2120,.T.);
#2118=EDGE_CURVE('',#175,#177,#2121,.F.);
#2119=EDGE_CURVE('',#177,#171,#2122,.T.);
#2120=EDGE_CURVE('',#171,#175,#2123,.T.);
#2121=LINE('',#174,#2124);
#2122=LINE('',#176,#2125);
#2123=LINE('',#170,#2126);
#2124=VECTOR('',#2127,1.0);
#2125=VECTOR('',#2128,1.0);
#2126=VECTOR('',#2129,1.0);
#2127=DIRECTION('',(0.7753130092246948,0.6315771827155793,0));
#2128=DIRECTION('',(-0.2082636101561239,-0.16965347233901526,0.9632465769511216));
#2129=DIRECTION('',(0,0,-1));
#2130=FACE_SURFACE('',(#2135),#2131,.T.);
#2131=PLANE('',#2132);
#2132=AXIS2_PLACEMENT_3D('',#178,#2133,#2134);
#2133=DIRECTION('',(0.021466914127544624,-0.03473129892366572,0.9991661065473125));
#2134=DIRECTION('',(0.9592235949620901,0.28244229426584727,-0.010790981320003558));
#2135=FACE_BOUND('',#2136,.T.);
#2136=EDGE_LOOP('',(#2137,#2138,#2139));
#2137=ORIENTED_EDGE('',*,*,#2140,.T.);
#2138=ORIENTED_EDGE('',*,*,#2141,.T.);
#2139=ORIENTED_EDGE('',*,*,#2142,.T.);
#2140=EDGE_CURVE('',#179,#181,#2143,.F.);
#2141=EDGE_CURVE('',#181,#183,#2144,.T.);
#2142=EDGE_CURVE('',#183,#179,#2145,.T.);
#2143=LINE('',#178,#2146);
#2144=LINE('',#180,#2147);
#2145=LINE('',#182,#2148);
#2146=VECTOR('',#2149,1.0);
#2147=VECTOR('',#2150,1.0);
#2148=VECTOR('',#2151,1.0);
#2149=DIRECTION('',(0.9592235949620901,0.28244229426584727,-0.010790981320003558));
#2150=DIRECTION('',(-0.9758515157064113,-0.21802430221285135,0.013387417155640105));
#2151=DIRECTION('',(-0.9392780473761707,-0.34305771721591644,0.00825544522193526));
#2152=FACE_SURFACE('',(#2157),#2153,.T.);
#2153=PLANE('',#2154);
#2154=AXIS2_PLACEMENT_3D('',#170,#2155,#2156);
#2155=DIRECTION('',(0.48015589963956795,-0.8771831690367282,0));
#2156=DIRECTION('',(-0.8771831690367281,-0.4801558996395679,0));
#2157=FACE_BOUND('',#2158,.T.);
#2158=EDGE_LOOP('',(#2159,#2160,#2161));
#2159=ORIENTED_EDGE('',*,*,#2162,.T.);
#2160=ORIENTED_EDGE('',*,*,#2163,.T.);
#2161=ORIENTED_EDGE('',*,*,#2164,.T.);
#2162=EDGE_CURVE('',#171,#169,#2165,.F.);
#2163=EDGE_CURVE('',#169,#175,#2166,.T.);
#2164=EDGE_CURVE('',#175,#171,#2167,.T.);
#2165=LINE('',#170,#2168);
#2166=LINE('',#168,#2169);
#2167=LINE('',#174,#2170);
#2168=VECTOR('',#2171,1.0);
#2169=VECTOR('',#2172,1.0);
#2170=VECTOR('',#2173,1.0);
#2171=DIRECTION('',(-0.8771831690367281,-0.4801558996395679,0));
#2172=DIRECTION('',(0.05547526991023386,0.03036626678638529,-0.9979981885103023));
#2173=DIRECTION('',(0,0,1));
#2174=FACE_SURFACE('',(#2179),#2175,.T.);
#2175=PLANE('',#2176);
#2176=AXIS2_PLACEMENT_3D('',#184,#2177,#2178);
#2177=DIRECTION('',(0.48015589963956795,-0.8771831690367282,0));
#2178=DIRECTION('',(0.8771831690367281,0.4801558996395679,0));
#2179=FACE_BOUND('',#2180,.T.);
#2180=EDGE_LOOP('',(#2181,#2182,#2183));
#2181=ORIENTED_EDGE('',*,*,#2184,.T.);
#2182=ORIENTED_EDGE('',*,*,#2185,.T.);
#2183=ORIENTED_EDGE('',*,*,#2186,.T.);
#2184=EDGE_CURVE('',#185,#175,#2187,.F.);
#2185=EDGE_CURVE('',#175,#169,#2188,.T.);
#2186=EDGE_CURVE('',#169,#185,#2189,.T.);
#2187=LINE('',#184,#2190);
#2188=LINE('',#174,#2191);
#2189=LINE('',#168,#2192);
#2190=VECTOR('',#2193,1.0);
#2191=VECTOR('',#2194,1.0);
#2192=VECTOR('',#2195,1.0);
#2193=DIRECTION('',(0.8771831690367281,0.4801558996395679,0));
#2194=DIRECTION('',(-0.05547526991023386,-0.03036626678638529,0.9979981885103023));
#2195=DIRECTION('',(0,0,-1));
#2196=FACE_SURFACE('',(#2201),#2197,.T.);
#2197=PLANE('',#2198);
#2198=AXIS2_PLACEMENT_3D('',#186,#2199,#2200);
#2199=DIRECTION('',(-0,0,-1));
#2200=DIRECTION('',(-0.9034580100769303,-0.4286765960812805,0));
#2201=FACE_BOUND('',#2202,.T.);
#2202=EDGE_LOOP('',(#2203,#2204,#2205));
#2203=ORIENTED_EDGE('',*,*,#2206,.T.);
#2204=ORIENTED_EDGE('',*,*,#2207,.T.);
#2205=ORIENTED_EDGE('',*,*,#2208,.T.);
#2206=EDGE_CURVE('',#187,#189,#2209,.F.);
#2207=EDGE_CURVE('',#189,#191,#2210,.T.);
#2208=EDGE_CURVE('',#191,#187,#2211,.T.);
#2209=LINE('',#186,#2212);
#2210=LINE('',#188,#2213);
#2211=LINE('',#190,#2214);
#2212=VECTOR('',#2215,1.0);
#2213=VECTOR('',#2216,1.0);
#2214=VECTOR('',#2217,1.0);
#2215=DIRECTION('',(-0.9034580100769303,-0.4286765960812805,0));
#2216=DIRECTION('',(0.8982130462596957,0.43956037529431363,0));
#2217=DIRECTION('',(0.5546889963400805,-0.8320577608190637,0));
#2218=FACE_SURFACE('',(#2223),#2219,.T.);
#2219=PLANE('',#2220);
#2220=AXIS2_PLACEMENT_3D('',#52,#2221,#2222);
#2221=DIRECTION('',(-0.007797634299542534,-0.04500480524306492,0.9989563375865655));
#2222=DIRECTION('',(-0.666119064656672,-0.7448378167939498,-0.038755881805767625));
#2223=FACE_BOUND('',#2224,.T.);
#2224=EDGE_LOOP('',(#2225,#2226,#2227));
#2225=ORIENTED_EDGE('',*,*,#2228,.T.);
#2226=ORIENTED_EDGE('',*,*,#2229,.T.);
#2227=ORIENTED_EDGE('',*,*,#2230,.T.);
#2228=EDGE_CURVE('',#53,#51,#2231,.F.);
#2229=EDGE_CURVE('',#51,#105,#2232,.T.);
#2230=EDGE_CURVE('',#105,#53,#2233,.T.);
#2231=LINE('',#52,#2234);
#2232=LINE('',#50,#2235);
#2233=LINE('',#104,#2236);
#2234=VECTOR('',#2237,1.0);
#2235=VECTOR('',#2238,1.0);
#2236=VECTOR('',#2239,1.0);
#2237=DIRECTION('',(-0.666119064656672,-0.7448378167939498,-0.038755881805767625));
#2238=DIRECTION('',(0.7194775666150134,0.6935367938368058,0.03686118191679506));
#2239=DIRECTION('',(0.20995630619877845,0.976645010070089,0.045638512164187205));
#2240=FACE_SURFACE('',(#2245),#2241,.T.);
#2241=PLANE('',#2242);
#2242=AXIS2_PLACEMENT_3D('',#192,#2243,#2244);
#2243=DIRECTION('',(-0,0,-1));
#2244=DIRECTION('',(-0.9083990742873032,-0.41810419973252,0));
#2245=FACE_BOUND('',#2246,.T.);
#2246=EDGE_LOOP('',(#2247,#2248,#2249));
#2247=ORIENTED_EDGE('',*,*,#2250,.T.);
#2248=ORIENTED_EDGE('',*,*,#2251,.T.);
#2249=ORIENTED_EDGE('',*,*,#2252,.T.);
#2250=EDGE_CURVE('',#193,#189,#2253,.F.);
#2251=EDGE_CURVE('',#189,#187,#2254,.T.);
#2252=EDGE_CURVE('',#187,#193,#2255,.T.);
#2253=LINE('',#192,#2256);
#2254=LINE('',#188,#2257);
#2255=LINE('',#186,#2258);
#2256=VECTOR('',#2259,1.0);
#2257=VECTOR('',#2260,1.0);
#2258=VECTOR('',#2261,1.0);
#2259=DIRECTION('',(-0.9083990742873032,-0.41810419973252,0));
#2260=DIRECTION('',(0.9034580100769303,0.4286765960812805,0));
#2261=DIRECTION('',(0.6597698564347751,-0.7514677215556476,0));
#2262=FACE_SURFACE('',(#2267),#2263,.T.);
#2263=PLANE('',#2264);
#2264=AXIS2_PLACEMENT_3D('',#50,#2265,#2266);
#2265=DIRECTION('',(0.24711220960841976,-0.3033505897472339,0.9202792921512739));
#2266=DIRECTION('',(-0.520803901079053,-0.8424717430447421,-0.13785738569983894));
#2267=FACE_BOUND('',#2268,.T.);
#2268=EDGE_LOOP('',(#2269,#2270,#2271));
#2269=ORIENTED_EDGE('',*,*,#2272,.T.);
#2270=ORIENTED_EDGE('',*,*,#2273,.T.);
#2271=ORIENTED_EDGE('',*,*,#2274,.T.);
#2272=EDGE_CURVE('',#51,#171,#2275,.F.);
#2273=EDGE_CURVE('',#171,#109,#2276,.T.);
#2274=EDGE_CURVE('',#109,#51,#2277,.T.);
#2275=LINE('',#50,#2278);
#2276=LINE('',#170,#2279);
#2277=LINE('',#108,#2280);
#2278=VECTOR('',#2281,1.0);
#2279=VECTOR('',#2282,1.0);
#2280=VECTOR('',#2283,1.0);
#2281=DIRECTION('',(-0.520803901079053,-0.8424717430447421,-0.13785738569983894));
#2282=DIRECTION('',(0.7753130092246948,0.6315771827155793,0));
#2283=DIRECTION('',(-0.8062564385817504,-0.5911706888350271,0.021628035227262084));
#2284=FACE_SURFACE('',(#2289),#2285,.T.);
#2285=PLANE('',#2286);
#2286=AXIS2_PLACEMENT_3D('',#50,#2287,#2288);
#2287=DIRECTION('',(0.25199632649915027,-0.3101432406213862,0.9166837086628075));
#2288=DIRECTION('',(0.8062564385817504,0.5911706888350271,-0.021628035227262084));
#2289=FACE_BOUND('',#2290,.T.);
#2290=EDGE_LOOP('',(#2291,#2292,#2293));
#2291=ORIENTED_EDGE('',*,*,#2294,.T.);
#2292=ORIENTED_EDGE('',*,*,#2295,.T.);
#2293=ORIENTED_EDGE('',*,*,#2296,.T.);
#2294=EDGE_CURVE('',#51,#109,#2297,.F.);
#2295=EDGE_CURVE('',#109,#105,#2298,.T.);
#2296=EDGE_CURVE('',#105,#51,#2299,.T.);
#2297=LINE('',#50,#2300);
#2298=LINE('',#108,#2301);
#2299=LINE('',#104,#2302);
#2300=VECTOR('',#2303,1.0);
#2301=VECTOR('',#2304,1.0);
#2302=VECTOR('',#2305,1.0);
#2303=DIRECTION('',(0.8062564385817504,0.5911706888350271,-0.021628035227262084));
#2304=DIRECTION('',(-0.9491613864003383,0.10545120144537799,0.2966019330353627));
#2305=DIRECTION('',(-0.7194775666150134,-0.6935367938368058,-0.03686118191679506));
#2306=FACE_SURFACE('',(#2311),#2307,.T.);
#2307=PLANE('',#2308);
#2308=AXIS2_PLACEMENT_3D('',#194,#2309,#2310);
#2309=DIRECTION('',(-0.9940292837253725,-0.10911362470573087,-0));
#2310=DIRECTION('',(-0.10911362470573087,0.9940292837253725,0));
#2311=FACE_BOUND('',#2312,.T.);
#2312=EDGE_LOOP('',(#2313,#2314,#2315));
#2313=ORIENTED_EDGE('',*,*,#2316,.T.);
#2314=ORIENTED_EDGE('',*,*,#2317,.T.);
#2315=ORIENTED_EDGE('',*,*,#2318,.T.);
#2316=EDGE_CURVE('',#195,#197,#2319,.F.);
#2317=EDGE_CURVE('',#197,#199,#2320,.T.);
#2318=EDGE_CURVE('',#199,#195,#2321,.T.);
#2319=LINE('',#194,#2322);
#2320=LINE('',#196,#2323);
#2321=LINE('',#198,#2324);
#2322=VECTOR('',#2325,1.0);
#2323=VECTOR('',#2326,1.0);
#2324=VECTOR('',#2327,1.0);
#2325=DIRECTION('',(-0.10911362470573087,0.9940292837253725,0));
#2326=DIRECTION('',(0.10910078067434789,-0.9939122741094771,-0.015343110205409828));
#2327=DIRECTION('',(0,0,1));
#2328=FACE_SURFACE('',(#2333),#2329,.T.);
#2329=PLANE('',#2330);
#2330=AXIS2_PLACEMENT_3D('',#108,#2331,#2332);
#2331=DIRECTION('',(0.6315771827155793,-0.7753130092246948,0));
#2332=DIRECTION('',(-0.7753130092246948,-0.6315771827155793,0));
#2333=FACE_BOUND('',#2334,.T.);
#2334=EDGE_LOOP('',(#2335,#2336,#2337));
#2335=ORIENTED_EDGE('',*,*,#2338,.T.);
#2336=ORIENTED_EDGE('',*,*,#2339,.T.);
#2337=ORIENTED_EDGE('',*,*,#2340,.T.);
#2338=EDGE_CURVE('',#109,#171,#2341,.F.);
#2339=EDGE_CURVE('',#171,#177,#2342,.T.);
#2340=EDGE_CURVE('',#177,#109,#2343,.T.);
#2341=LINE('',#108,#2344);
#2342=LINE('',#170,#2345);
#2343=LINE('',#176,#2346);
#2344=VECTOR('',#2347,1.0);
#2345=VECTOR('',#2348,1.0);
#2346=VECTOR('',#2349,1.0);
#2347=DIRECTION('',(-0.7753130092246948,-0.6315771827155793,0));
#2348=DIRECTION('',(0.2082636101561239,0.16965347233901526,-0.9632465769511216));
#2349=DIRECTION('',(0,0,1));
#2350=FACE_SURFACE('',(#2355),#2351,.T.);
#2351=PLANE('',#2352);
#2352=AXIS2_PLACEMENT_3D('',#200,#2353,#2354);
#2353=DIRECTION('',(0.6375478439545376,-0.7704096210282885,0.001327590286801041));
#2354=DIRECTION('',(0.7704102999511119,0.6375484057930328,0));
#2355=FACE_BOUND('',#2356,.T.);
#2356=EDGE_LOOP('',(#2357,#2358,#2359));
#2357=ORIENTED_EDGE('',*,*,#2360,.T.);
#2358=ORIENTED_EDGE('',*,*,#2361,.T.);
#2359=ORIENTED_EDGE('',*,*,#2362,.T.);
#2360=EDGE_CURVE('',#201,#203,#2363,.F.);
#2361=EDGE_CURVE('',#203,#185,#2364,.T.);
#2362=EDGE_CURVE('',#185,#201,#2365,.T.);
#2363=LINE('',#200,#2366);
#2364=LINE('',#202,#2367);
#2365=LINE('',#184,#2368);
#2366=VECTOR('',#2369,1.0);
#2367=VECTOR('',#2370,1.0);
#2368=VECTOR('',#2371,1.0);
#2369=DIRECTION('',(0.7704102999511119,0.6375484057930328,0));
#2370=DIRECTION('',(-0.5818445882996832,-0.4803710710446151,0.6562777683038041));
#2371=DIRECTION('',(-0.6835052505688692,-0.5664240591523052,-0.46041759051779646));
#2372=FACE_SURFACE('',(#2377),#2373,.T.);
#2373=PLANE('',#2374);
#2374=AXIS2_PLACEMENT_3D('',#188,#2375,#2376);
#2375=DIRECTION('',(0,0,-1));
#2376=DIRECTION('',(0.8872867858355448,0.46121812592484707,0));
#2377=FACE_BOUND('',#2378,.T.);
#2378=EDGE_LOOP('',(#2379,#2380,#2381));
#2379=ORIENTED_EDGE('',*,*,#2382,.T.);
#2380=ORIENTED_EDGE('',*,*,#2383,.T.);
#2381=ORIENTED_EDGE('',*,*,#2384,.T.);
#2382=EDGE_CURVE('',#189,#205,#2385,.F.);
#2383=EDGE_CURVE('',#205,#191,#2386,.T.);
#2384=EDGE_CURVE('',#191,#189,#2387,.T.);
#2385=LINE('',#188,#2388);
#2386=LINE('',#204,#2389);
#2387=LINE('',#190,#2390);
#2388=VECTOR('',#2391,1.0);
#2389=VECTOR('',#2392,1.0);
#2390=VECTOR('',#2393,1.0);
#2391=DIRECTION('',(0.8872867858355448,0.46121812592484707,0));
#2392=DIRECTION('',(0.3828063245015539,-0.9238286193453908,0));
#2393=DIRECTION('',(-0.8982130462596957,-0.43956037529431363,0));
#2394=FACE_SURFACE('',(#2399),#2395,.T.);
#2395=PLANE('',#2396);
#2396=AXIS2_PLACEMENT_3D('',#184,#2397,#2398);
#2397=DIRECTION('',(0.6380787370991134,-0.7699711197583975,0));
#2398=DIRECTION('',(0,0,1));
#2399=FACE_BOUND('',#2400,.T.);
#2400=EDGE_LOOP('',(#2401,#2402,#2403));
#2401=ORIENTED_EDGE('',*,*,#2404,.T.);
#2402=ORIENTED_EDGE('',*,*,#2405,.T.);
#2403=ORIENTED_EDGE('',*,*,#2406,.T.);
#2404=EDGE_CURVE('',#185,#169,#2407,.F.);
#2405=EDGE_CURVE('',#169,#201,#2408,.T.);
#2406=EDGE_CURVE('',#201,#185,#2409,.T.);
#2407=LINE('',#184,#2410);
#2408=LINE('',#168,#2411);
#2409=LINE('',#200,#2412);
#2410=VECTOR('',#2413,1.0);
#2411=VECTOR('',#2414,1.0);
#2412=VECTOR('',#2415,1.0);
#2413=DIRECTION('',(0,0,1));
#2414=DIRECTION('',(-0.11516306904703806,-0.09543618425720912,-0.9887514360354128));
#2415=DIRECTION('',(0.6835052505688692,0.5664240591523052,0.46041759051779646));
#2416=FACE_SURFACE('',(#2421),#2417,.T.);
#2417=PLANE('',#2418);
#2418=AXIS2_PLACEMENT_3D('',#206,#2419,#2420);
#2419=DIRECTION('',(0,1,-0));
#2420=DIRECTION('',(-0.9989385367855381,0,0.046062997348937935));
#2421=FACE_BOUND('',#2422,.T.);
#2422=EDGE_LOOP('',(#2423,#2424,#2425));
#2423=ORIENTED_EDGE('',*,*,#2426,.T.);
#2424=ORIENTED_EDGE('',*,*,#2427,.T.);
#2425=ORIENTED_EDGE('',*,*,#2428,.T.);
#2426=EDGE_CURVE('',#207,#209,#2429,.F.);
#2427=EDGE_CURVE('',#209,#211,#2430,.T.);
#2428=EDGE_CURVE('',#211,#207,#2431,.T.);
#2429=LINE('',#206,#2432);
#2430=LINE('',#208,#2433);
#2431=LINE('',#210,#2434);
#2432=VECTOR('',#2435,1.0);
#2433=VECTOR('',#2436,1.0);
#2434=VECTOR('',#2437,1.0);
#2435=DIRECTION('',(-0.9989385367855381,0,0.046062997348937935));
#2436=DIRECTION('',(0.999262650064641,0,-0.038394741642454676));
#2437=DIRECTION('',(-1,0,0));
#2438=FACE_SURFACE('',(#2443),#2439,.T.);
#2439=PLANE('',#2440);
#2440=AXIS2_PLACEMENT_3D('',#108,#2441,#2442);
#2441=DIRECTION('',(0.8150380021897159,-0.5794075033916947,0));
#2442=DIRECTION('',(0,0,-1));
#2443=FACE_BOUND('',#2444,.T.);
#2444=EDGE_LOOP('',(#2445,#2446,#2447));
#2445=ORIENTED_EDGE('',*,*,#2448,.T.);
#2446=ORIENTED_EDGE('',*,*,#2449,.T.);
#2447=ORIENTED_EDGE('',*,*,#2450,.T.);
#2448=EDGE_CURVE('',#109,#177,#2451,.F.);
#2449=EDGE_CURVE('',#177,#127,#2452,.T.);
#2450=EDGE_CURVE('',#127,#109,#2453,.T.);
#2451=LINE('',#108,#2454);
#2452=LINE('',#176,#2455);
#2453=LINE('',#126,#2456);
#2454=VECTOR('',#2457,1.0);
#2455=VECTOR('',#2458,1.0);
#2456=VECTOR('',#2459,1.0);
#2457=DIRECTION('',(0,0,-1));
#2458=DIRECTION('',(0.5794075033916947,0.8150380021897158,0));
#2459=DIRECTION('',(-0.1283825211118564,-0.18059247232832148,0.9751432136928956));
#2460=FACE_SURFACE('',(#2465),#2461,.T.);
#2461=PLANE('',#2462);
#2462=AXIS2_PLACEMENT_3D('',#212,#2463,#2464);
#2463=DIRECTION('',(0,-0,1));
#2464=DIRECTION('',(0.3077239215406666,0.9514756897113209,0));
#2465=FACE_BOUND('',#2466,.T.);
#2466=EDGE_LOOP('',(#2467,#2468,#2469));
#2467=ORIENTED_EDGE('',*,*,#2470,.T.);
#2468=ORIENTED_EDGE('',*,*,#2471,.T.);
#2469=ORIENTED_EDGE('',*,*,#2472,.T.);
#2470=EDGE_CURVE('',#213,#215,#2473,.F.);
#2471=EDGE_CURVE('',#215,#217,#2474,.T.);
#2472=EDGE_CURVE('',#217,#213,#2475,.T.);
#2473=LINE('',#212,#2476);
#2474=LINE('',#214,#2477);
#2475=LINE('',#216,#2478);
#2476=VECTOR('',#2479,1.0);
#2477=VECTOR('',#2480,1.0);
#2478=VECTOR('',#2481,1.0);
#2479=DIRECTION('',(0.3077239215406666,0.9514756897113209,0));
#2480=DIRECTION('',(-0.6237829515416979,-0.7815976134597187,0));
#2481=DIRECTION('',(0.9134365133884714,-0.40698124773595257,0));
#2482=FACE_SURFACE('',(#2487),#2483,.T.);
#2483=PLANE('',#2484);
#2484=AXIS2_PLACEMENT_3D('',#196,#2485,#2486);
#2485=DIRECTION('',(-0,-0,1));
#2486=DIRECTION('',(0.9795181000416842,-0.20135613149524162,0));
#2487=FACE_BOUND('',#2488,.T.);
#2488=EDGE_LOOP('',(#2489,#2490,#2491));
#2489=ORIENTED_EDGE('',*,*,#2492,.T.);
#2490=ORIENTED_EDGE('',*,*,#2493,.T.);
#2491=ORIENTED_EDGE('',*,*,#2494,.T.);
#2492=EDGE_CURVE('',#197,#213,#2495,.F.);
#2493=EDGE_CURVE('',#213,#217,#2496,.T.);
#2494=EDGE_CURVE('',#217,#197,#2497,.T.);
#2495=LINE('',#196,#2498);
#2496=LINE('',#212,#2499);
#2497=LINE('',#216,#2500);
#2498=VECTOR('',#2501,1.0);
#2499=VECTOR('',#2502,1.0);
#2500=VECTOR('',#2503,1.0);
#2501=DIRECTION('',(0.9795181000416842,-0.20135613149524162,0));
#2502=DIRECTION('',(-0.9134365133884714,0.40698124773595257,0));
#2503=DIRECTION('',(0.28032737062306734,-0.9599044563286272,0));
#2504=FACE_SURFACE('',(#2509),#2505,.T.);
#2505=PLANE('',#2506);
#2506=AXIS2_PLACEMENT_3D('',#218,#2507,#2508);
#2507=DIRECTION('',(-0,-0,-1));
#2508=DIRECTION('',(0.20630557518521317,-0.9784876134359077,0));
#2509=FACE_BOUND('',#2510,.T.);
#2510=EDGE_LOOP('',(#2511,#2512,#2513));
#2511=ORIENTED_EDGE('',*,*,#2514,.T.);
#2512=ORIENTED_EDGE('',*,*,#2515,.T.);
#2513=ORIENTED_EDGE('',*,*,#2516,.T.);
#2514=EDGE_CURVE('',#219,#73,#2517,.F.);
#2515=EDGE_CURVE('',#73,#221,#2518,.T.);
#2516=EDGE_CURVE('',#221,#219,#2519,.T.);
#2517=LINE('',#218,#2520);
#2518=LINE('',#72,#2521);
#2519=LINE('',#220,#2522);
#2520=VECTOR('',#2523,1.0);
#2521=VECTOR('',#2524,1.0);
#2522=VECTOR('',#2525,1.0);
#2523=DIRECTION('',(0.20630557518521317,-0.9784876134359077,0));
#2524=DIRECTION('',(-0.21763604717473012,0.9760299949131476,0));
#2525=DIRECTION('',(0.9836200560310564,-0.18025422428742566,0));
#2526=FACE_SURFACE('',(#2531),#2527,.T.);
#2527=PLANE('',#2528);
#2528=AXIS2_PLACEMENT_3D('',#194,#2529,#2530);
#2529=DIRECTION('',(0.08138265838280694,-0.9966829299805167,0));
#2530=DIRECTION('',(0,0,-1));
#2531=FACE_BOUND('',#2532,.T.);
#2532=EDGE_LOOP('',(#2533,#2534,#2535));
#2533=ORIENTED_EDGE('',*,*,#2536,.T.);
#2534=ORIENTED_EDGE('',*,*,#2537,.T.);
#2535=ORIENTED_EDGE('',*,*,#2538,.T.);
#2536=EDGE_CURVE('',#195,#199,#2539,.F.);
#2537=EDGE_CURVE('',#199,#213,#2540,.T.);
#2538=EDGE_CURVE('',#213,#195,#2541,.T.);
#2539=LINE('',#194,#2542);
#2540=LINE('',#198,#2543);
#2541=LINE('',#212,#2544);
#2542=VECTOR('',#2545,1.0);
#2543=VECTOR('',#2546,1.0);
#2544=VECTOR('',#2547,1.0);
#2545=DIRECTION('',(0,0,-1));
#2546=DIRECTION('',(0.9966727436292738,0.0813818266314862,0.004521106127752607));
#2547=DIRECTION('',(-0.9966829299805166,-0.08138265838280694,0));
#2548=FACE_SURFACE('',(#2553),#2549,.T.);
#2549=PLANE('',#2550);
#2550=AXIS2_PLACEMENT_3D('',#182,#2551,#2552);
#2551=DIRECTION('',(0.08138265838280692,-0.9966829299805166,0));
#2552=DIRECTION('',(0,0,1));
#2553=FACE_BOUND('',#2554,.T.);
#2554=EDGE_LOOP('',(#2555,#2556,#2557));
#2555=ORIENTED_EDGE('',*,*,#2558,.T.);
#2556=ORIENTED_EDGE('',*,*,#2559,.T.);
#2557=ORIENTED_EDGE('',*,*,#2560,.T.);
#2558=EDGE_CURVE('',#183,#213,#2561,.F.);
#2559=EDGE_CURVE('',#213,#199,#2562,.T.);
#2560=EDGE_CURVE('',#199,#183,#2563,.T.);
#2561=LINE('',#182,#2564);
#2562=LINE('',#212,#2565);
#2563=LINE('',#198,#2566);
#2564=VECTOR('',#2567,1.0);
#2565=VECTOR('',#2568,1.0);
#2566=VECTOR('',#2569,1.0);
#2567=DIRECTION('',(0,0,1));
#2568=DIRECTION('',(-0.9966727436292738,-0.0813818266314862,-0.004521106127752607));
#2569=DIRECTION('',(0.9966421842907628,0.08137933135427051,-0.009042174543157585));
#2570=FACE_SURFACE('',(#2575),#2571,.T.);
#2571=PLANE('',#2572);
#2572=AXIS2_PLACEMENT_3D('',#222,#2573,#2574);
#2573=DIRECTION('',(0,-1,0));
#2574=DIRECTION('',(-0.9991327361767789,0,-0.04163862989944567));
#2575=FACE_BOUND('',#2576,.T.);
#2576=EDGE_LOOP('',(#2577,#2578,#2579));
#2577=ORIENTED_EDGE('',*,*,#2580,.T.);
#2578=ORIENTED_EDGE('',*,*,#2581,.T.);
#2579=ORIENTED_EDGE('',*,*,#2582,.T.);
#2580=EDGE_CURVE('',#223,#225,#2583,.F.);
#2581=EDGE_CURVE('',#225,#227,#2584,.T.);
#2582=EDGE_CURVE('',#227,#223,#2585,.T.);
#2583=LINE('',#222,#2586);
#2584=LINE('',#224,#2587);
#2585=LINE('',#226,#2588);
#2586=VECTOR('',#2589,1.0);
#2587=VECTOR('',#2590,1.0);
#2588=VECTOR('',#2591,1.0);
#2589=DIRECTION('',(-0.9991327361767789,0,-0.04163862989944567));
#2590=DIRECTION('',(1,0,0));
#2591=DIRECTION('',(0.9987083265731219,0,0.05081021977431821));
#2592=FACE_SURFACE('',(#2597),#2593,.T.);
#2593=PLANE('',#2594);
#2594=AXIS2_PLACEMENT_3D('',#220,#2595,#2596);
#2595=DIRECTION('',(-0,-0,-1));
#2596=DIRECTION('',(0.21763604717473012,-0.9760299949131476,0));
#2597=FACE_BOUND('',#2598,.T.);
#2598=EDGE_LOOP('',(#2599,#2600,#2601));
#2599=ORIENTED_EDGE('',*,*,#2602,.T.);
#2600=ORIENTED_EDGE('',*,*,#2603,.T.);
#2601=ORIENTED_EDGE('',*,*,#2604,.T.);
#2602=EDGE_CURVE('',#221,#73,#2605,.F.);
#2603=EDGE_CURVE('',#73,#229,#2606,.T.);
#2604=EDGE_CURVE('',#229,#221,#2607,.T.);
#2605=LINE('',#220,#2608);
#2606=LINE('',#72,#2609);
#2607=LINE('',#228,#2610);
#2608=VECTOR('',#2611,1.0);
#2609=VECTOR('',#2612,1.0);
#2610=VECTOR('',#2613,1.0);
#2611=DIRECTION('',(0.21763604717473012,-0.9760299949131476,0));
#2612=DIRECTION('',(-0.23078987382612004,0.9730036146589198,0));
#2613=DIRECTION('',(0.9320675486116887,-0.3622845357243356,0));
#2614=FACE_SURFACE('',(#2619),#2615,.T.);
#2615=PLANE('',#2616);
#2616=AXIS2_PLACEMENT_3D('',#72,#2617,#2618);
#2617=DIRECTION('',(0,0,-1));
#2618=DIRECTION('',(-0.8660040549802769,0.500036975390538,0));
#2619=FACE_BOUND('',#2620,.T.);
#2620=EDGE_LOOP('',(#2621,#2622,#2623));
#2621=ORIENTED_EDGE('',*,*,#2624,.T.);
#2622=ORIENTED_EDGE('',*,*,#2625,.T.);
#2623=ORIENTED_EDGE('',*,*,#2626,.T.);
#2624=EDGE_CURVE('',#73,#189,#2627,.F.);
#2625=EDGE_CURVE('',#189,#229,#2628,.T.);
#2626=EDGE_CURVE('',#229,#73,#2629,.T.);
#2627=LINE('',#72,#2630);
#2628=LINE('',#188,#2631);
#2629=LINE('',#228,#2632);
#2630=VECTOR('',#2633,1.0);
#2631=VECTOR('',#2634,1.0);
#2632=VECTOR('',#2635,1.0);
#2633=DIRECTION('',(-0.8660040549802769,0.500036975390538,0));
#2634=DIRECTION('',(0.9188644420158676,0.39457336098483436,0));
#2635=DIRECTION('',(0.23078987382612004,-0.9730036146589198,0));
#2636=FACE_SURFACE('',(#2641),#2637,.T.);
#2637=PLANE('',#2638);
#2638=AXIS2_PLACEMENT_3D('',#94,#2639,#2640);
#2639=DIRECTION('',(0,0,1));
#2640=DIRECTION('',(-0.97746318043844,0.21110597075206042,0));
#2641=FACE_BOUND('',#2642,.T.);
#2642=EDGE_LOOP('',(#2643,#2644,#2645));
#2643=ORIENTED_EDGE('',*,*,#2646,.T.);
#2644=ORIENTED_EDGE('',*,*,#2647,.T.);
#2645=ORIENTED_EDGE('',*,*,#2648,.T.);
#2646=EDGE_CURVE('',#95,#231,#2649,.F.);
#2647=EDGE_CURVE('',#231,#151,#2650,.T.);
#2648=EDGE_CURVE('',#151,#95,#2651,.T.);
#2649=LINE('',#94,#2652);
#2650=LINE('',#230,#2653);
#2651=LINE('',#150,#2654);
#2652=VECTOR('',#2655,1.0);
#2653=VECTOR('',#2656,1.0);
#2654=VECTOR('',#2657,1.0);
#2655=DIRECTION('',(-0.97746318043844,0.21110597075206042,0));
#2656=DIRECTION('',(-0.6817073688381938,-0.7316249471359673,0));
#2657=DIRECTION('',(0.8984050178885336,0.439167876594707,0));
#2658=FACE_SURFACE('',(#2663),#2659,.T.);
#2659=PLANE('',#2660);
#2660=AXIS2_PLACEMENT_3D('',#194,#2661,#2662);
#2661=DIRECTION('',(0,-0,1));
#2662=DIRECTION('',(0.9966829299805166,0.08138265838280694,0));
#2663=FACE_BOUND('',#2664,.T.);
#2664=EDGE_LOOP('',(#2665,#2666,#2667));
#2665=ORIENTED_EDGE('',*,*,#2668,.T.);
#2666=ORIENTED_EDGE('',*,*,#2669,.T.);
#2667=ORIENTED_EDGE('',*,*,#2670,.T.);
#2668=EDGE_CURVE('',#195,#213,#2671,.F.);
#2669=EDGE_CURVE('',#213,#197,#2672,.T.);
#2670=EDGE_CURVE('',#197,#195,#2673,.T.);
#2671=LINE('',#194,#2674);
#2672=LINE('',#212,#2675);
#2673=LINE('',#196,#2676);
#2674=VECTOR('',#2677,1.0);
#2675=VECTOR('',#2678,1.0);
#2676=VECTOR('',#2679,1.0);
#2677=DIRECTION('',(0.9966829299805166,0.08138265838280694,0));
#2678=DIRECTION('',(-0.9795181000416842,0.20135613149524162,0));
#2679=DIRECTION('',(0.10911362470573087,-0.9940292837253725,0));
#2680=FACE_SURFACE('',(#2685),#2681,.T.);
#2681=PLANE('',#2682);
#2682=AXIS2_PLACEMENT_3D('',#192,#2683,#2684);
#2683=DIRECTION('',(0,-0,-1));
#2684=DIRECTION('',(0.7514704244370121,-0.6597667778817428,0));
#2685=FACE_BOUND('',#2686,.T.);
#2686=EDGE_LOOP('',(#2687,#2688,#2689));
#2687=ORIENTED_EDGE('',*,*,#2690,.T.);
#2688=ORIENTED_EDGE('',*,*,#2691,.T.);
#2689=ORIENTED_EDGE('',*,*,#2692,.T.);
#2690=EDGE_CURVE('',#193,#233,#2693,.F.);
#2691=EDGE_CURVE('',#233,#189,#2694,.T.);
#2692=EDGE_CURVE('',#189,#193,#2695,.T.);
#2693=LINE('',#192,#2696);
#2694=LINE('',#232,#2697);
#2695=LINE('',#188,#2698);
#2696=VECTOR('',#2699,1.0);
#2697=VECTOR('',#2700,1.0);
#2698=VECTOR('',#2701,1.0);
#2699=DIRECTION('',(0.7514704244370121,-0.6597667778817428,0));
#2700=DIRECTION('',(-0.9129552881752202,-0.4080596056863517,0));
#2701=DIRECTION('',(0.9083990742873032,0.41810419973252,0));
#2702=FACE_SURFACE('',(#2707),#2703,.T.);
#2703=PLANE('',#2704);
#2704=AXIS2_PLACEMENT_3D('',#232,#2705,#2706);
#2705=DIRECTION('',(0,-0,-1));
#2706=DIRECTION('',(0.8550861459216591,-0.5184859526089817,0));
#2707=FACE_BOUND('',#2708,.T.);
#2708=EDGE_LOOP('',(#2709,#2710,#2711));
#2709=ORIENTED_EDGE('',*,*,#2712,.T.);
#2710=ORIENTED_EDGE('',*,*,#2713,.T.);
#2711=ORIENTED_EDGE('',*,*,#2714,.T.);
#2712=EDGE_CURVE('',#233,#229,#2715,.F.);
#2713=EDGE_CURVE('',#229,#189,#2716,.T.);
#2714=EDGE_CURVE('',#189,#233,#2717,.T.);
#2715=LINE('',#232,#2718);
#2716=LINE('',#228,#2719);
#2717=LINE('',#188,#2720);
#2718=VECTOR('',#2721,1.0);
#2719=VECTOR('',#2722,1.0);
#2720=VECTOR('',#2723,1.0);
#2721=DIRECTION('',(0.8550861459216591,-0.5184859526089817,0));
#2722=DIRECTION('',(-0.9188644420158676,-0.39457336098483436,0));
#2723=DIRECTION('',(0.9129552881752202,0.4080596056863517,0));
#2724=FACE_SURFACE('',(#2729),#2725,.T.);
#2725=PLANE('',#2726);
#2726=AXIS2_PLACEMENT_3D('',#182,#2727,#2728);
#2727=DIRECTION('',(0.009153880536668154,-0.000999668003652895,0.9999576026687346));
#2728=DIRECTION('',(-0.9966421842907628,-0.08137933135427051,0.009042174543157585));
#2729=FACE_BOUND('',#2730,.T.);
#2730=EDGE_LOOP('',(#2731,#2732,#2733));
#2731=ORIENTED_EDGE('',*,*,#2734,.T.);
#2732=ORIENTED_EDGE('',*,*,#2735,.T.);
#2733=ORIENTED_EDGE('',*,*,#2736,.T.);
#2734=EDGE_CURVE('',#183,#199,#2737,.F.);
#2735=EDGE_CURVE('',#199,#179,#2738,.T.);
#2736=EDGE_CURVE('',#179,#183,#2739,.T.);
#2737=LINE('',#182,#2740);
#2738=LINE('',#198,#2741);
#2739=LINE('',#178,#2742);
#2740=VECTOR('',#2743,1.0);
#2741=VECTOR('',#2744,1.0);
#2742=VECTOR('',#2745,1.0);
#2743=DIRECTION('',(-0.9966421842907628,-0.08137933135427051,0.009042174543157585));
#2744=DIRECTION('',(-0.10856157542860467,-0.9940897265038299,0));
#2745=DIRECTION('',(0.9392780473761707,0.34305771721591644,-0.00825544522193526));
#2746=FACE_SURFACE('',(#2751),#2747,.T.);
#2747=PLANE('',#2748);
#2748=AXIS2_PLACEMENT_3D('',#210,#2749,#2750);
#2749=DIRECTION('',(0,-0,-1));
#2750=DIRECTION('',(0,-1,0));
#2751=FACE_BOUND('',#2752,.T.);
#2752=EDGE_LOOP('',(#2753,#2754,#2755));
#2753=ORIENTED_EDGE('',*,*,#2756,.T.);
#2754=ORIENTED_EDGE('',*,*,#2757,.T.);
#2755=ORIENTED_EDGE('',*,*,#2758,.T.);
#2756=EDGE_CURVE('',#211,#227,#2759,.F.);
#2757=EDGE_CURVE('',#227,#225,#2760,.T.);
#2758=EDGE_CURVE('',#225,#211,#2761,.T.);
#2759=LINE('',#210,#2762);
#2760=LINE('',#226,#2763);
#2761=LINE('',#224,#2764);
#2762=VECTOR('',#2765,1.0);
#2763=VECTOR('',#2766,1.0);
#2764=VECTOR('',#2767,1.0);
#2765=DIRECTION('',(0,-1,0));
#2766=DIRECTION('',(-1,0,0));
#2767=DIRECTION('',(0.9656458579721258,0.25986164969321096,0));
#2768=FACE_SURFACE('',(#2773),#2769,.T.);
#2769=PLANE('',#2770);
#2770=AXIS2_PLACEMENT_3D('',#210,#2771,#2772);
#2771=DIRECTION('',(-0,0,-1));
#2772=DIRECTION('',(-0.9656458579721258,-0.25986164969321096,0));
#2773=FACE_BOUND('',#2774,.T.);
#2774=EDGE_LOOP('',(#2775,#2776,#2777));
#2775=ORIENTED_EDGE('',*,*,#2778,.T.);
#2776=ORIENTED_EDGE('',*,*,#2779,.T.);
#2777=ORIENTED_EDGE('',*,*,#2780,.T.);
#2778=EDGE_CURVE('',#211,#225,#2781,.F.);
#2779=EDGE_CURVE('',#225,#207,#2782,.T.);
#2780=EDGE_CURVE('',#207,#211,#2783,.T.);
#2781=LINE('',#210,#2784);
#2782=LINE('',#224,#2785);
#2783=LINE('',#206,#2786);
#2784=VECTOR('',#2787,1.0);
#2785=VECTOR('',#2788,1.0);
#2786=VECTOR('',#2789,1.0);
#2787=DIRECTION('',(-0.9656458579721258,-0.25986164969321096,0));
#2788=DIRECTION('',(0,1,0));
#2789=DIRECTION('',(1,0,0));
#2790=FACE_SURFACE('',(#2795),#2791,.T.);
#2791=PLANE('',#2792);
#2792=AXIS2_PLACEMENT_3D('',#234,#2793,#2794);
#2793=DIRECTION('',(0,0,1));
#2794=DIRECTION('',(1,0,0));
#2795=FACE_BOUND('',#2796,.T.);
#2796=EDGE_LOOP('',(#2797,#2798,#2799));
#2797=ORIENTED_EDGE('',*,*,#2800,.T.);
#2798=ORIENTED_EDGE('',*,*,#2801,.T.);
#2799=ORIENTED_EDGE('',*,*,#2802,.T.);
#2800=EDGE_CURVE('',#235,#237,#2803,.F.);
#2801=EDGE_CURVE('',#237,#239,#2804,.T.);
#2802=EDGE_CURVE('',#239,#235,#2805,.T.);
#2803=LINE('',#234,#2806);
#2804=LINE('',#236,#2807);
#2805=LINE('',#238,#2808);
#2806=VECTOR('',#2809,1.0);
#2807=VECTOR('',#2810,1.0);
#2808=VECTOR('',#2811,1.0);
#2809=DIRECTION('',(1,0,0));
#2810=DIRECTION('',(-0.9999999924689256,0.00012272794546068966,0));
#2811=DIRECTION('',(0,-1,0));
#2812=FACE_SURFACE('',(#2817),#2813,.T.);
#2813=PLANE('',#2814);
#2814=AXIS2_PLACEMENT_3D('',#202,#2815,#2816);
#2815=DIRECTION('',(0.7459353703466624,-0.6660182603879731,-0.0003163788327491992));
#2816=DIRECTION('',(0.6660182937207187,0.7459354076790714,2.4807905946631608E-11));
#2817=FACE_BOUND('',#2818,.T.);
#2818=EDGE_LOOP('',(#2819,#2820,#2821));
#2819=ORIENTED_EDGE('',*,*,#2822,.T.);
#2820=ORIENTED_EDGE('',*,*,#2823,.T.);
#2821=ORIENTED_EDGE('',*,*,#2824,.T.);
#2822=EDGE_CURVE('',#203,#241,#2825,.F.);
#2823=EDGE_CURVE('',#241,#243,#2826,.T.);
#2824=EDGE_CURVE('',#243,#203,#2827,.T.);
#2825=LINE('',#202,#2828);
#2826=LINE('',#240,#2829);
#2827=LINE('',#242,#2830);
#2828=VECTOR('',#2831,1.0);
#2829=VECTOR('',#2832,1.0);
#2830=VECTOR('',#2833,1.0);
#2831=DIRECTION('',(0.6660182937207187,0.7459354076790714,2.4807905946631608E-11));
#2832=DIRECTION('',(-0.583443555439307,-0.6536812807987684,0.4819692944053823));
#2833=DIRECTION('',(-0.5571292896400819,-0.623720117604069,-0.5482519215845066));
#2834=FACE_SURFACE('',(#2839),#2835,.T.);
#2835=PLANE('',#2836);
#2836=AXIS2_PLACEMENT_3D('',#238,#2837,#2838);
#2837=DIRECTION('',(0,0,1));
#2838=DIRECTION('',(-0.8818042281039603,0.47161563088809816,0));
#2839=FACE_BOUND('',#2840,.T.);
#2840=EDGE_LOOP('',(#2841,#2842,#2843));
#2841=ORIENTED_EDGE('',*,*,#2844,.T.);
#2842=ORIENTED_EDGE('',*,*,#2845,.T.);
#2843=ORIENTED_EDGE('',*,*,#2846,.T.);
#2844=EDGE_CURVE('',#239,#245,#2847,.F.);
#2845=EDGE_CURVE('',#245,#247,#2848,.T.);
#2846=EDGE_CURVE('',#247,#239,#2849,.T.);
#2847=LINE('',#238,#2850);
#2848=LINE('',#244,#2851);
#2849=LINE('',#246,#2852);
#2850=VECTOR('',#2853,1.0);
#2851=VECTOR('',#2854,1.0);
#2852=VECTOR('',#2855,1.0);
#2853=DIRECTION('',(-0.8818042281039603,0.47161563088809816,0));
#2854=DIRECTION('',(0.6075255919100148,-0.7943001039748051,0));
#2855=DIRECTION('',(0.9957598994738409,-0.09199033970937369,0));
#2856=FACE_SURFACE('',(#2861),#2857,.T.);
#2857=PLANE('',#2858);
#2858=AXIS2_PLACEMENT_3D('',#248,#2859,#2860);
#2859=DIRECTION('',(0,0,1));
#2860=DIRECTION('',(-0.40931792605796474,0.9123918212081948,0));
#2861=FACE_BOUND('',#2862,.T.);
#2862=EDGE_LOOP('',(#2863,#2864,#2865));
#2863=ORIENTED_EDGE('',*,*,#2866,.T.);
#2864=ORIENTED_EDGE('',*,*,#2867,.T.);
#2865=ORIENTED_EDGE('',*,*,#2868,.T.);
#2866=EDGE_CURVE('',#249,#245,#2869,.F.);
#2867=EDGE_CURVE('',#245,#251,#2870,.T.);
#2868=EDGE_CURVE('',#251,#249,#2871,.T.);
#2869=LINE('',#248,#2872);
#2870=LINE('',#244,#2873);
#2871=LINE('',#250,#2874);
#2872=VECTOR('',#2875,1.0);
#2873=VECTOR('',#2876,1.0);
#2874=VECTOR('',#2877,1.0);
#2875=DIRECTION('',(-0.40931792605796474,0.9123918212081948,0));
#2876=DIRECTION('',(0.0908713755287931,-0.9958626376712327,0));
#2877=DIRECTION('',(0.937923576828618,-0.3468419871195115,0));
#2878=FACE_SURFACE('',(#2883),#2879,.T.);
#2879=PLANE('',#2880);
#2880=AXIS2_PLACEMENT_3D('',#246,#2881,#2882);
#2881=DIRECTION('',(0,0,1));
#2882=DIRECTION('',(-0.6075255919100148,0.7943001039748051,0));
#2883=FACE_BOUND('',#2884,.T.);
#2884=EDGE_LOOP('',(#2885,#2886,#2887));
#2885=ORIENTED_EDGE('',*,*,#2888,.T.);
#2886=ORIENTED_EDGE('',*,*,#2889,.T.);
#2887=ORIENTED_EDGE('',*,*,#2890,.T.);
#2888=EDGE_CURVE('',#247,#245,#2891,.F.);
#2889=EDGE_CURVE('',#245,#249,#2892,.T.);
#2890=EDGE_CURVE('',#249,#247,#2893,.T.);
#2891=LINE('',#246,#2894);
#2892=LINE('',#244,#2895);
#2893=LINE('',#248,#2896);
#2894=VECTOR('',#2897,1.0);
#2895=VECTOR('',#2898,1.0);
#2896=VECTOR('',#2899,1.0);
#2897=DIRECTION('',(-0.6075255919100148,0.7943001039748051,0));
#2898=DIRECTION('',(0.40931792605796474,-0.9123918212081948,0));
#2899=DIRECTION('',(0.9650030737594087,-0.2622385700748331,0));
#2900=FACE_SURFACE('',(#2905),#2901,.T.);
#2901=PLANE('',#2902);
#2902=AXIS2_PLACEMENT_3D('',#250,#2903,#2904);
#2903=DIRECTION('',(0,0,1));
#2904=DIRECTION('',(-0.0908713755287931,0.9958626376712327,0));
#2905=FACE_BOUND('',#2906,.T.);
#2906=EDGE_LOOP('',(#2907,#2908,#2909));
#2907=ORIENTED_EDGE('',*,*,#2910,.T.);
#2908=ORIENTED_EDGE('',*,*,#2911,.T.);
#2909=ORIENTED_EDGE('',*,*,#2912,.T.);
#2910=EDGE_CURVE('',#251,#245,#2913,.F.);
#2911=EDGE_CURVE('',#245,#253,#2914,.T.);
#2912=EDGE_CURVE('',#253,#251,#2915,.T.);
#2913=LINE('',#250,#2916);
#2914=LINE('',#244,#2917);
#2915=LINE('',#252,#2918);
#2916=VECTOR('',#2919,1.0);
#2917=VECTOR('',#2920,1.0);
#2918=VECTOR('',#2921,1.0);
#2919=DIRECTION('',(-0.0908713755287931,0.9958626376712327,0));
#2920=DIRECTION('',(-0.34301553662881407,-0.9393297299836979,0));
#2921=DIRECTION('',(0.8999405811896201,-0.43601255753485907,0));
#2922=FACE_SURFACE('',(#2927),#2923,.T.);
#2923=PLANE('',#2924);
#2924=AXIS2_PLACEMENT_3D('',#254,#2925,#2926);
#2925=DIRECTION('',(0,0,1));
#2926=DIRECTION('',(-0.07057727990860951,-0.9975063145467811,0));
#2927=FACE_BOUND('',#2928,.T.);
#2928=EDGE_LOOP('',(#2929,#2930,#2931));
#2929=ORIENTED_EDGE('',*,*,#2932,.T.);
#2930=ORIENTED_EDGE('',*,*,#2933,.T.);
#2931=ORIENTED_EDGE('',*,*,#2934,.T.);
#2932=EDGE_CURVE('',#255,#257,#2935,.F.);
#2933=EDGE_CURVE('',#257,#245,#2936,.T.);
#2934=EDGE_CURVE('',#245,#255,#2937,.T.);
#2935=LINE('',#254,#2938);
#2936=LINE('',#256,#2939);
#2937=LINE('',#244,#2940);
#2938=VECTOR('',#2941,1.0);
#2939=VECTOR('',#2942,1.0);
#2940=VECTOR('',#2943,1.0);
#2941=DIRECTION('',(-0.07057727990860951,-0.9975063145467811,0));
#2942=DIRECTION('',(0.9173980253842876,-0.39797093238201453,0));
#2943=DIRECTION('',(0,1,0));
#2944=FACE_SURFACE('',(#2949),#2945,.T.);
#2945=PLANE('',#2946);
#2946=AXIS2_PLACEMENT_3D('',#258,#2947,#2948);
#2947=DIRECTION('',(-0.4462432384627057,-0.8949117119170565,-0));
#2948=DIRECTION('',(0,0,-1));
#2949=FACE_BOUND('',#2950,.T.);
#2950=EDGE_LOOP('',(#2951,#2952,#2953));
#2951=ORIENTED_EDGE('',*,*,#2954,.T.);
#2952=ORIENTED_EDGE('',*,*,#2955,.T.);
#2953=ORIENTED_EDGE('',*,*,#2956,.T.);
#2954=EDGE_CURVE('',#259,#261,#2957,.F.);
#2955=EDGE_CURVE('',#261,#263,#2958,.T.);
#2956=EDGE_CURVE('',#263,#259,#2959,.T.);
#2957=LINE('',#258,#2960);
#2958=LINE('',#260,#2961);
#2959=LINE('',#262,#2962);
#2960=VECTOR('',#2963,1.0);
#2961=VECTOR('',#2964,1.0);
#2962=VECTOR('',#2965,1.0);
#2963=DIRECTION('',(0,0,-1));
#2964=DIRECTION('',(4.401023393631359E-05,-2.1945482504828458E-05,0.9999999987907475));
#2965=DIRECTION('',(-0.8949117119170565,0.4462432384627057,0));
#2966=FACE_SURFACE('',(#2971),#2967,.T.);
#2967=PLANE('',#2968);
#2968=AXIS2_PLACEMENT_3D('',#242,#2969,#2970);
#2969=DIRECTION('',(0.252169168237918,-0.309281771009519,-0.9169272036052875));
#2970=DIRECTION('',(0.7709615874208264,0.6368755202034728,-0.002793293238300083));
#2971=FACE_BOUND('',#2972,.T.);
#2972=EDGE_LOOP('',(#2973,#2974,#2975));
#2973=ORIENTED_EDGE('',*,*,#2976,.T.);
#2974=ORIENTED_EDGE('',*,*,#2977,.T.);
#2975=ORIENTED_EDGE('',*,*,#2978,.T.);
#2976=EDGE_CURVE('',#243,#265,#2979,.F.);
#2977=EDGE_CURVE('',#265,#177,#2980,.T.);
#2978=EDGE_CURVE('',#177,#243,#2981,.T.);
#2979=LINE('',#242,#2982);
#2980=LINE('',#264,#2983);
#2981=LINE('',#176,#2984);
#2982=VECTOR('',#2985,1.0);
#2983=VECTOR('',#2986,1.0);
#2984=VECTOR('',#2987,1.0);
#2985=DIRECTION('',(0.7709615874208264,0.6368755202034728,-0.002793293238300083));
#2986=DIRECTION('',(0.949161082248499,-0.10545116765431008,0.29660291836932534));
#2987=DIRECTION('',(-0.8888442766099606,-0.4486483102074463,-0.09311576496876908));
#2988=FACE_SURFACE('',(#2993),#2989,.T.);
#2989=PLANE('',#2990);
#2990=AXIS2_PLACEMENT_3D('',#66,#2991,#2992);
#2991=DIRECTION('',(0,0,-1));
#2992=DIRECTION('',(0.7146153413650795,0.6995176294316467,0));
#2993=FACE_BOUND('',#2994,.T.);
#2994=EDGE_LOOP('',(#2995,#2996,#2997));
#2995=ORIENTED_EDGE('',*,*,#2998,.T.);
#2996=ORIENTED_EDGE('',*,*,#2999,.T.);
#2997=ORIENTED_EDGE('',*,*,#3000,.T.);
#2998=EDGE_CURVE('',#67,#69,#3001,.F.);
#2999=EDGE_CURVE('',#69,#73,#3002,.T.);
#3000=EDGE_CURVE('',#73,#67,#3003,.T.);
#3001=LINE('',#66,#3004);
#3002=LINE('',#68,#3005);
#3003=LINE('',#72,#3006);
#3004=VECTOR('',#3007,1.0);
#3005=VECTOR('',#3008,1.0);
#3006=VECTOR('',#3009,1.0);
#3007=DIRECTION('',(0.7146153413650795,0.6995176294316467,0));
#3008=DIRECTION('',(-0.11380623337083377,-0.9935029648903638,0));
#3009=DIRECTION('',(0,1,0));
#3010=FACE_SURFACE('',(#3015),#3011,.T.);
#3011=PLANE('',#3012);
#3012=AXIS2_PLACEMENT_3D('',#184,#3013,#3014);
#3013=DIRECTION('',(0.6974362570713133,-0.7098059854495572,0.09878324930037434));
#3014=DIRECTION('',(0.5818445882996832,0.4803710710446151,-0.6562777683038041));
#3015=FACE_BOUND('',#3016,.T.);
#3016=EDGE_LOOP('',(#3017,#3018,#3019));
#3017=ORIENTED_EDGE('',*,*,#3020,.T.);
#3018=ORIENTED_EDGE('',*,*,#3021,.T.);
#3019=ORIENTED_EDGE('',*,*,#3022,.T.);
#3020=EDGE_CURVE('',#185,#203,#3023,.F.);
#3021=EDGE_CURVE('',#203,#243,#3024,.T.);
#3022=EDGE_CURVE('',#243,#185,#3025,.T.);
#3023=LINE('',#184,#3026);
#3024=LINE('',#202,#3027);
#3025=LINE('',#242,#3028);
#3026=VECTOR('',#3029,1.0);
#3027=VECTOR('',#3030,1.0);
#3028=VECTOR('',#3031,1.0);
#3029=DIRECTION('',(0.5818445882996832,0.4803710710446151,-0.6562777683038041));
#3030=DIRECTION('',(0.5571292896400819,0.623720117604069,0.5482519215845066));
#3031=DIRECTION('',(-0.7162203557435707,-0.6951223709706552,0.061913580050647274));
#3032=FACE_SURFACE('',(#3037),#3033,.T.);
#3033=PLANE('',#3034);
#3034=AXIS2_PLACEMENT_3D('',#266,#3035,#3036);
#3035=DIRECTION('',(0,0,-1));
#3036=DIRECTION('',(-0.2573884375023985,0.9663080214093608,0));
#3037=FACE_BOUND('',#3038,.T.);
#3038=EDGE_LOOP('',(#3039,#3040,#3041));
#3039=ORIENTED_EDGE('',*,*,#3042,.T.);
#3040=ORIENTED_EDGE('',*,*,#3043,.T.);
#3041=ORIENTED_EDGE('',*,*,#3044,.T.);
#3042=EDGE_CURVE('',#267,#73,#3045,.F.);
#3043=EDGE_CURVE('',#73,#201,#3046,.T.);
#3044=EDGE_CURVE('',#201,#267,#3047,.T.);
#3045=LINE('',#266,#3048);
#3046=LINE('',#72,#3049);
#3047=LINE('',#200,#3050);
#3048=VECTOR('',#3051,1.0);
#3049=VECTOR('',#3052,1.0);
#3050=VECTOR('',#3053,1.0);
#3051=DIRECTION('',(-0.2573884375023985,0.9663080214093608,0));
#3052=DIRECTION('',(0.3623831526436149,-0.9320292112804591,0));
#3053=DIRECTION('',(-0.846078152445604,-0.5330588710022873,0));
#3054=FACE_SURFACE('',(#3059),#3055,.T.);
#3055=PLANE('',#3056);
#3056=AXIS2_PLACEMENT_3D('',#226,#3057,#3058);
#3057=DIRECTION('',(-1,0,0));
#3058=DIRECTION('',(0,1,0));
#3059=FACE_BOUND('',#3060,.T.);
#3060=EDGE_LOOP('',(#3061,#3062,#3063));
#3061=ORIENTED_EDGE('',*,*,#3064,.T.);
#3062=ORIENTED_EDGE('',*,*,#3065,.T.);
#3063=ORIENTED_EDGE('',*,*,#3066,.T.);
#3064=EDGE_CURVE('',#227,#211,#3067,.F.);
#3065=EDGE_CURVE('',#211,#269,#3068,.T.);
#3066=EDGE_CURVE('',#269,#227,#3069,.T.);
#3067=LINE('',#226,#3070);
#3068=LINE('',#210,#3071);
#3069=LINE('',#268,#3072);
#3070=VECTOR('',#3073,1.0);
#3071=VECTOR('',#3074,1.0);
#3072=VECTOR('',#3075,1.0);
#3073=DIRECTION('',(0,1,0));
#3074=DIRECTION('',(0,-0.5730776564806563,-0.8195010675054908));
#3075=DIRECTION('',(0,0,1));
#3076=FACE_SURFACE('',(#3081),#3077,.T.);
#3077=PLANE('',#3078);
#3078=AXIS2_PLACEMENT_3D('',#270,#3079,#3080);
#3079=DIRECTION('',(-1,0,0));
#3080=DIRECTION('',(0,-1,0));
#3081=FACE_BOUND('',#3082,.T.);
#3082=EDGE_LOOP('',(#3083,#3084,#3085));
#3083=ORIENTED_EDGE('',*,*,#3086,.T.);
#3084=ORIENTED_EDGE('',*,*,#3087,.T.);
#3085=ORIENTED_EDGE('',*,*,#3088,.T.);
#3086=EDGE_CURVE('',#271,#269,#3089,.F.);
#3087=EDGE_CURVE('',#269,#211,#3090,.T.);
#3088=EDGE_CURVE('',#211,#271,#3091,.T.);
#3089=LINE('',#270,#3092);
#3090=LINE('',#268,#3093);
#3091=LINE('',#210,#3094);
#3092=VECTOR('',#3095,1.0);
#3093=VECTOR('',#3096,1.0);
#3094=VECTOR('',#3097,1.0);
#3095=DIRECTION('',(0,-1,0));
#3096=DIRECTION('',(0,0.5730776564806563,0.8195010675054908));
#3097=DIRECTION('',(0,0,-1));
#3098=FACE_SURFACE('',(#3103),#3099,.T.);
#3099=PLANE('',#3100);
#3100=AXIS2_PLACEMENT_3D('',#112,#3101,#3102);
#3101=DIRECTION('',(-0.7935266149915586,-0.6085355464556188,-0));
#3102=DIRECTION('',(-0.11707998810735203,0.15267158539415698,-0.9813173102508775));
#3103=FACE_BOUND('',#3104,.T.);
#3104=EDGE_LOOP('',(#3105,#3106,#3107));
#3105=ORIENTED_EDGE('',*,*,#3108,.T.);
#3106=ORIENTED_EDGE('',*,*,#3109,.T.);
#3107=ORIENTED_EDGE('',*,*,#3110,.T.);
#3108=EDGE_CURVE('',#113,#131,#3111,.F.);
#3109=EDGE_CURVE('',#131,#273,#3112,.T.);
#3110=EDGE_CURVE('',#273,#113,#3113,.T.);
#3111=LINE('',#112,#3114);
#3112=LINE('',#130,#3115);
#3113=LINE('',#272,#3116);
#3114=VECTOR('',#3117,1.0);
#3115=VECTOR('',#3118,1.0);
#3116=VECTOR('',#3119,1.0);
#3117=DIRECTION('',(-0.11707998810735203,0.15267158539415698,-0.9813173102508775));
#3118=DIRECTION('',(0.6085355464556188,-0.7935266149915586,0));
#3119=DIRECTION('',(0,0,1));
#3120=FACE_SURFACE('',(#3125),#3121,.T.);
#3121=PLANE('',#3122);
#3122=AXIS2_PLACEMENT_3D('',#272,#3123,#3124);
#3123=DIRECTION('',(-0.8964590242491418,-0.4431266386060272,0));
#3124=DIRECTION('',(0.4431266386060272,-0.8964590242491418,9.58083279023626E-19));
#3125=FACE_BOUND('',#3126,.T.);
#3126=EDGE_LOOP('',(#3127,#3128,#3129));
#3127=ORIENTED_EDGE('',*,*,#3130,.T.);
#3128=ORIENTED_EDGE('',*,*,#3131,.T.);
#3129=ORIENTED_EDGE('',*,*,#3132,.T.);
#3130=EDGE_CURVE('',#273,#155,#3133,.F.);
#3131=EDGE_CURVE('',#155,#113,#3134,.T.);
#3132=EDGE_CURVE('',#113,#273,#3135,.T.);
#3133=LINE('',#272,#3136);
#3134=LINE('',#154,#3137);
#3135=LINE('',#112,#3138);
#3136=VECTOR('',#3139,1.0);
#3137=VECTOR('',#3140,1.0);
#3138=VECTOR('',#3141,1.0);
#3139=DIRECTION('',(0.4431266386060272,-0.8964590242491418,9.58083279023626E-19));
#3140=DIRECTION('',(-0.043312364971216995,0.08762226654250115,0.9952117249342247));
#3141=DIRECTION('',(0,0,-1));
#3142=FACE_SURFACE('',(#3147),#3143,.T.);
#3143=PLANE('',#3144);
#3144=AXIS2_PLACEMENT_3D('',#202,#3145,#3146);
#3145=DIRECTION('',(2.3626353816054673E-11,1.2162342741510033E-11,-1));
#3146=DIRECTION('',(-0.4576945857268843,0.8891094793085358,0));
#3147=FACE_BOUND('',#3148,.T.);
#3148=EDGE_LOOP('',(#3149,#3150,#3151));
#3149=ORIENTED_EDGE('',*,*,#3152,.T.);
#3150=ORIENTED_EDGE('',*,*,#3153,.T.);
#3151=ORIENTED_EDGE('',*,*,#3154,.T.);
#3152=EDGE_CURVE('',#203,#73,#3155,.F.);
#3153=EDGE_CURVE('',#73,#241,#3156,.T.);
#3154=EDGE_CURVE('',#241,#203,#3157,.T.);
#3155=LINE('',#202,#3158);
#3156=LINE('',#72,#3159);
#3157=LINE('',#240,#3160);
#3158=VECTOR('',#3161,1.0);
#3159=VECTOR('',#3162,1.0);
#3160=VECTOR('',#3163,1.0);
#3161=DIRECTION('',(-0.4576945857268843,0.8891094793085358,0));
#3162=DIRECTION('',(0.542435937889402,-0.8400971689549042,2.5982336861166616E-12));
#3163=DIRECTION('',(-0.6660182937207187,-0.7459354076790714,-2.4807905946631608E-11));
#3164=FACE_SURFACE('',(#3169),#3165,.T.);
#3165=PLANE('',#3166);
#3166=AXIS2_PLACEMENT_3D('',#200,#3167,#3168);
#3167=DIRECTION('',(0,0,-1));
#3168=DIRECTION('',(-0.3623831526436149,0.9320292112804591,0));
#3169=FACE_BOUND('',#3170,.T.);
#3170=EDGE_LOOP('',(#3171,#3172,#3173));
#3171=ORIENTED_EDGE('',*,*,#3174,.T.);
#3172=ORIENTED_EDGE('',*,*,#3175,.T.);
#3173=ORIENTED_EDGE('',*,*,#3176,.T.);
#3174=EDGE_CURVE('',#201,#73,#3177,.F.);
#3175=EDGE_CURVE('',#73,#203,#3178,.T.);
#3176=EDGE_CURVE('',#203,#201,#3179,.T.);
#3177=LINE('',#200,#3180);
#3178=LINE('',#72,#3181);
#3179=LINE('',#202,#3182);
#3180=VECTOR('',#3183,1.0);
#3181=VECTOR('',#3184,1.0);
#3182=VECTOR('',#3185,1.0);
#3183=DIRECTION('',(-0.3623831526436149,0.9320292112804591,0));
#3184=DIRECTION('',(0.4576945857268843,-0.8891094793085358,0));
#3185=DIRECTION('',(-0.7704102999511119,-0.6375484057930328,0));
#3186=FACE_SURFACE('',(#3191),#3187,.T.);
#3187=PLANE('',#3188);
#3188=AXIS2_PLACEMENT_3D('',#274,#3189,#3190);
#3189=DIRECTION('',(0,0,-1));
#3190=DIRECTION('',(-0.14459163405560366,0.9894914144959169,0));
#3191=FACE_BOUND('',#3192,.T.);
#3192=EDGE_LOOP('',(#3193,#3194,#3195));
#3193=ORIENTED_EDGE('',*,*,#3196,.T.);
#3194=ORIENTED_EDGE('',*,*,#3197,.T.);
#3195=ORIENTED_EDGE('',*,*,#3198,.T.);
#3196=EDGE_CURVE('',#275,#73,#3199,.F.);
#3197=EDGE_CURVE('',#73,#267,#3200,.T.);
#3198=EDGE_CURVE('',#267,#275,#3201,.T.);
#3199=LINE('',#274,#3202);
#3200=LINE('',#72,#3203);
#3201=LINE('',#266,#3204);
#3202=VECTOR('',#3205,1.0);
#3203=VECTOR('',#3206,1.0);
#3204=VECTOR('',#3207,1.0);
#3205=DIRECTION('',(-0.14459163405560366,0.9894914144959169,0));
#3206=DIRECTION('',(0.2573884375023985,-0.9663080214093608,0));
#3207=DIRECTION('',(-0.8999405811896201,-0.43601255753485907,0));
#3208=FACE_SURFACE('',(#3213),#3209,.T.);
#3209=PLANE('',#3210);
#3210=AXIS2_PLACEMENT_3D('',#276,#3211,#3212);
#3211=DIRECTION('',(-2.2567925374865455E-11,-1.7664489301292283E-11,-1));
#3212=DIRECTION('',(-0.5231482973396346,-0.8522416670115591,2.6860785543389985E-11));
#3213=FACE_BOUND('',#3214,.T.);
#3214=EDGE_LOOP('',(#3215,#3216,#3217));
#3215=ORIENTED_EDGE('',*,*,#3218,.T.);
#3216=ORIENTED_EDGE('',*,*,#3219,.T.);
#3217=ORIENTED_EDGE('',*,*,#3220,.T.);
#3218=EDGE_CURVE('',#277,#241,#3221,.F.);
#3219=EDGE_CURVE('',#241,#73,#3222,.T.);
#3220=EDGE_CURVE('',#73,#277,#3223,.T.);
#3221=LINE('',#276,#3224);
#3222=LINE('',#240,#3225);
#3223=LINE('',#72,#3226);
#3224=VECTOR('',#3227,1.0);
#3225=VECTOR('',#3228,1.0);
#3226=VECTOR('',#3229,1.0);
#3227=DIRECTION('',(-0.5231482973396346,-0.8522416670115591,2.6860785543389985E-11));
#3228=DIRECTION('',(-0.542435937889402,0.8400971689549042,-2.5982336861166616E-12));
#3229=DIRECTION('',(0.616365272309907,-0.7874603806480261,0));
#3230=FACE_SURFACE('',(#3235),#3231,.T.);
#3231=PLANE('',#3232);
#3232=AXIS2_PLACEMENT_3D('',#278,#3233,#3234);
#3233=DIRECTION('',(0,-0,1));
#3234=DIRECTION('',(0.8104584179977007,0.5857961699231775,0));
#3235=FACE_BOUND('',#3236,.T.);
#3236=EDGE_LOOP('',(#3237,#3238,#3239));
#3237=ORIENTED_EDGE('',*,*,#3240,.T.);
#3238=ORIENTED_EDGE('',*,*,#3241,.T.);
#3239=ORIENTED_EDGE('',*,*,#3242,.T.);
#3240=EDGE_CURVE('',#279,#281,#3243,.F.);
#3241=EDGE_CURVE('',#281,#283,#3244,.T.);
#3242=EDGE_CURVE('',#283,#279,#3245,.T.);
#3243=LINE('',#278,#3246);
#3244=LINE('',#280,#3247);
#3245=LINE('',#282,#3248);
#3246=VECTOR('',#3249,1.0);
#3247=VECTOR('',#3250,1.0);
#3248=VECTOR('',#3251,1.0);
#3249=DIRECTION('',(0.8104584179977007,0.5857961699231775,0));
#3250=DIRECTION('',(-0.8177395357296887,-0.5755884395161122,0));
#3251=DIRECTION('',(0.8460965424420933,-0.533029681038059,0));
#3252=FACE_SURFACE('',(#3257),#3253,.T.);
#3253=PLANE('',#3254);
#3254=AXIS2_PLACEMENT_3D('',#284,#3255,#3256);
#3255=DIRECTION('',(-0,0,-1));
#3256=DIRECTION('',(-0.338156382490001,-0.9410899324619705,0));
#3257=FACE_BOUND('',#3258,.T.);
#3258=EDGE_LOOP('',(#3259,#3260,#3261));
#3259=ORIENTED_EDGE('',*,*,#3262,.T.);
#3260=ORIENTED_EDGE('',*,*,#3263,.T.);
#3261=ORIENTED_EDGE('',*,*,#3264,.T.);
#3262=EDGE_CURVE('',#285,#277,#3265,.F.);
#3263=EDGE_CURVE('',#277,#73,#3266,.T.);
#3264=EDGE_CURVE('',#73,#285,#3267,.T.);
#3265=LINE('',#284,#3268);
#3266=LINE('',#276,#3269);
#3267=LINE('',#72,#3270);
#3268=VECTOR('',#3271,1.0);
#3269=VECTOR('',#3272,1.0);
#3270=VECTOR('',#3273,1.0);
#3271=DIRECTION('',(-0.338156382490001,-0.9410899324619705,0));
#3272=DIRECTION('',(-0.616365272309907,0.7874603806480261,0));
#3273=DIRECTION('',(0.6501783129209854,-0.7597816537711483,0));
#3274=FACE_SURFACE('',(#3279),#3275,.T.);
#3275=PLANE('',#3276);
#3276=AXIS2_PLACEMENT_3D('',#70,#3277,#3278);
#3277=DIRECTION('',(0,0,-1));
#3278=DIRECTION('',(-1,0,0));
#3279=FACE_BOUND('',#3280,.T.);
#3280=EDGE_LOOP('',(#3281,#3282,#3283));
#3281=ORIENTED_EDGE('',*,*,#3284,.T.);
#3282=ORIENTED_EDGE('',*,*,#3285,.T.);
#3283=ORIENTED_EDGE('',*,*,#3286,.T.);
#3284=EDGE_CURVE('',#71,#285,#3287,.F.);
#3285=EDGE_CURVE('',#285,#73,#3288,.T.);
#3286=EDGE_CURVE('',#73,#71,#3289,.T.);
#3287=LINE('',#70,#3290);
#3288=LINE('',#284,#3291);
#3289=LINE('',#72,#3292);
#3290=VECTOR('',#3293,1.0);
#3291=VECTOR('',#3294,1.0);
#3292=VECTOR('',#3295,1.0);
#3293=DIRECTION('',(-1,0,0));
#3294=DIRECTION('',(-0.6501783129209854,0.7597816537711483,0));
#3295=DIRECTION('',(0.6650240322220738,-0.7468219577430046,0));
#3296=FACE_SURFACE('',(#3301),#3297,.T.);
#3297=PLANE('',#3298);
#3298=AXIS2_PLACEMENT_3D('',#242,#3299,#3300);
#3299=DIRECTION('',(0.10890777594608377,-0.19896052117414254,-0.9739372707482711));
#3300=DIRECTION('',(-0.630728274226928,-0.7711117766191683,0.08699696575140309));
#3301=FACE_BOUND('',#3302,.T.);
#3302=EDGE_LOOP('',(#3303,#3304,#3305));
#3303=ORIENTED_EDGE('',*,*,#3306,.T.);
#3304=ORIENTED_EDGE('',*,*,#3307,.T.);
#3305=ORIENTED_EDGE('',*,*,#3308,.T.);
#3306=EDGE_CURVE('',#243,#175,#3309,.F.);
#3307=EDGE_CURVE('',#175,#185,#3310,.T.);
#3308=EDGE_CURVE('',#185,#243,#3311,.T.);
#3309=LINE('',#242,#3312);
#3310=LINE('',#174,#3313);
#3311=LINE('',#184,#3314);
#3312=VECTOR('',#3315,1.0);
#3313=VECTOR('',#3316,1.0);
#3314=VECTOR('',#3317,1.0);
#3315=DIRECTION('',(-0.630728274226928,-0.7711117766191683,0.08699696575140309));
#3316=DIRECTION('',(-0.8771831690367281,-0.4801558996395679,0));
#3317=DIRECTION('',(0.7162203557435707,0.6951223709706552,-0.061913580050647274));
#3318=FACE_SURFACE('',(#3323),#3319,.T.);
#3319=PLANE('',#3320);
#3320=AXIS2_PLACEMENT_3D('',#262,#3321,#3322);
#3321=DIRECTION('',(0,-0,1));
#3322=DIRECTION('',(0.8177417544585045,0.5755852873511681,0));
#3323=FACE_BOUND('',#3324,.T.);
#3324=EDGE_LOOP('',(#3325,#3326,#3327));
#3325=ORIENTED_EDGE('',*,*,#3328,.T.);
#3326=ORIENTED_EDGE('',*,*,#3329,.T.);
#3327=ORIENTED_EDGE('',*,*,#3330,.T.);
#3328=EDGE_CURVE('',#263,#281,#3331,.F.);
#3329=EDGE_CURVE('',#281,#259,#3332,.T.);
#3330=EDGE_CURVE('',#259,#263,#3333,.T.);
#3331=LINE('',#262,#3334);
#3332=LINE('',#280,#3335);
#3333=LINE('',#258,#3336);
#3334=VECTOR('',#3337,1.0);
#3335=VECTOR('',#3338,1.0);
#3336=VECTOR('',#3339,1.0);
#3337=DIRECTION('',(0.8177417544585045,0.5755852873511681,0));
#3338=DIRECTION('',(-0.8177431323002222,-0.5755833298279419,0));
#3339=DIRECTION('',(0.8949117119170565,-0.4462432384627057,0));
#3340=FACE_SURFACE('',(#3345),#3341,.T.);
#3341=PLANE('',#3342);
#3342=AXIS2_PLACEMENT_3D('',#286,#3343,#3344);
#3343=DIRECTION('',(0,-0,1));
#3344=DIRECTION('',(0.9942510121060697,0.10707438968332299,0));
#3345=FACE_BOUND('',#3346,.T.);
#3346=EDGE_LOOP('',(#3347,#3348,#3349));
#3347=ORIENTED_EDGE('',*,*,#3350,.T.);
#3348=ORIENTED_EDGE('',*,*,#3351,.T.);
#3349=ORIENTED_EDGE('',*,*,#3352,.T.);
#3350=EDGE_CURVE('',#287,#289,#3353,.F.);
#3351=EDGE_CURVE('',#289,#95,#3354,.T.);
#3352=EDGE_CURVE('',#95,#287,#3355,.T.);
#3353=LINE('',#286,#3356);
#3354=LINE('',#288,#3357);
#3355=LINE('',#94,#3358);
#3356=VECTOR('',#3359,1.0);
#3357=VECTOR('',#3360,1.0);
#3358=VECTOR('',#3361,1.0);
#3359=DIRECTION('',(0.9942510121060697,0.10707438968332299,0));
#3360=DIRECTION('',(-0.8317940311450744,0.5550843987642121,0));
#3361=DIRECTION('',(0.828959119167332,-0.5593091978050434,0));
#3362=FACE_SURFACE('',(#3367),#3363,.T.);
#3363=PLANE('',#3364);
#3364=AXIS2_PLACEMENT_3D('',#290,#3365,#3366);
#3365=DIRECTION('',(0,-0,1));
#3366=DIRECTION('',(0.821367843655444,0.5703988651889186,0));
#3367=FACE_BOUND('',#3368,.T.);
#3368=EDGE_LOOP('',(#3369,#3370,#3371));
#3369=ORIENTED_EDGE('',*,*,#3372,.T.);
#3370=ORIENTED_EDGE('',*,*,#3373,.T.);
#3371=ORIENTED_EDGE('',*,*,#3374,.T.);
#3372=EDGE_CURVE('',#291,#281,#3375,.F.);
#3373=EDGE_CURVE('',#281,#289,#3376,.T.);
#3374=EDGE_CURVE('',#289,#291,#3377,.T.);
#3375=LINE('',#290,#3378);
#3376=LINE('',#280,#3379);
#3377=LINE('',#288,#3380);
#3378=VECTOR('',#3381,1.0);
#3379=VECTOR('',#3382,1.0);
#3380=VECTOR('',#3383,1.0);
#3381=DIRECTION('',(0.821367843655444,0.5703988651889186,0));
#3382=DIRECTION('',(-0.8243642483154268,-0.5660597018860655,0));
#3383=DIRECTION('',(0.9942508455892101,-0.1070759358826286,0));
#3384=FACE_SURFACE('',(#3389),#3385,.T.);
#3385=PLANE('',#3386);
#3386=AXIS2_PLACEMENT_3D('',#240,#3387,#3388);
#3387=DIRECTION('',(0.7460513049711651,-0.6658884669002922,0));
#3388=DIRECTION('',(0,0,1));
#3389=FACE_BOUND('',#3390,.T.);
#3390=EDGE_LOOP('',(#3391,#3392,#3393));
#3391=ORIENTED_EDGE('',*,*,#3394,.T.);
#3392=ORIENTED_EDGE('',*,*,#3395,.T.);
#3393=ORIENTED_EDGE('',*,*,#3396,.T.);
#3394=EDGE_CURVE('',#241,#293,#3397,.F.);
#3395=EDGE_CURVE('',#293,#243,#3398,.T.);
#3396=EDGE_CURVE('',#243,#241,#3399,.T.);
#3397=LINE('',#240,#3400);
#3398=LINE('',#292,#3401);
#3399=LINE('',#242,#3402);
#3400=VECTOR('',#3403,1.0);
#3401=VECTOR('',#3404,1.0);
#3402=VECTOR('',#3405,1.0);
#3403=DIRECTION('',(0,0,1));
#3404=DIRECTION('',(-0.6658290287072719,-0.7459847113242224,0.013360950611671304));
#3405=DIRECTION('',(0.583443555439307,0.6536812807987684,-0.4819692944053823));
#3406=FACE_SURFACE('',(#3411),#3407,.T.);
#3407=PLANE('',#3408);
#3408=AXIS2_PLACEMENT_3D('',#68,#3409,#3410);
#3409=DIRECTION('',(0,-0,-1));
#3410=DIRECTION('',(1,0,0));
#3411=FACE_BOUND('',#3412,.T.);
#3412=EDGE_LOOP('',(#3413,#3414,#3415));
#3413=ORIENTED_EDGE('',*,*,#3416,.T.);
#3414=ORIENTED_EDGE('',*,*,#3417,.T.);
#3415=ORIENTED_EDGE('',*,*,#3418,.T.);
#3416=EDGE_CURVE('',#69,#75,#3419,.F.);
#3417=EDGE_CURVE('',#75,#73,#3420,.T.);
#3418=EDGE_CURVE('',#73,#69,#3421,.T.);
#3419=LINE('',#68,#3422);
#3420=LINE('',#74,#3423);
#3421=LINE('',#72,#3424);
#3422=VECTOR('',#3425,1.0);
#3423=VECTOR('',#3426,1.0);
#3424=VECTOR('',#3427,1.0);
#3425=DIRECTION('',(1,0,0));
#3426=DIRECTION('',(-0.11448418771150563,-0.9934250705332721,0));
#3427=DIRECTION('',(0.11380623337083377,0.9935029648903638,0));
#3428=FACE_SURFACE('',(#3433),#3429,.T.);
#3429=PLANE('',#3430);
#3430=AXIS2_PLACEMENT_3D('',#294,#3431,#3432);
#3431=DIRECTION('',(0,-0,1));
#3432=DIRECTION('',(0.9913285626930938,0.13140654773961846,0));
#3433=FACE_BOUND('',#3434,.T.);
#3434=EDGE_LOOP('',(#3435,#3436,#3437));
#3435=ORIENTED_EDGE('',*,*,#3438,.T.);
#3436=ORIENTED_EDGE('',*,*,#3439,.T.);
#3437=ORIENTED_EDGE('',*,*,#3440,.T.);
#3438=EDGE_CURVE('',#295,#287,#3441,.F.);
#3439=EDGE_CURVE('',#287,#95,#3442,.T.);
#3440=EDGE_CURVE('',#95,#295,#3443,.T.);
#3441=LINE('',#294,#3444);
#3442=LINE('',#286,#3445);
#3443=LINE('',#94,#3446);
#3444=VECTOR('',#3447,1.0);
#3445=VECTOR('',#3448,1.0);
#3446=VECTOR('',#3449,1.0);
#3447=DIRECTION('',(0.9913285626930938,0.13140654773961846,0));
#3448=DIRECTION('',(-0.828959119167332,0.5593091978050434,0));
#3449=DIRECTION('',(0.8289571564531422,-0.5593121067571492,0));
#3450=FACE_SURFACE('',(#3455),#3451,.T.);
#3451=PLANE('',#3452);
#3452=AXIS2_PLACEMENT_3D('',#148,#3453,#3454);
#3453=DIRECTION('',(-0.9471191052438802,-0.320816656337743,-0.006486408736899936));
#3454=DIRECTION('',(-0.040583824206651235,0.13981510697300484,-0.9893455862714964));
#3455=FACE_BOUND('',#3456,.T.);
#3456=EDGE_LOOP('',(#3457,#3458,#3459));
#3457=ORIENTED_EDGE('',*,*,#3460,.T.);
#3458=ORIENTED_EDGE('',*,*,#3461,.T.);
#3459=ORIENTED_EDGE('',*,*,#3462,.T.);
#3460=EDGE_CURVE('',#149,#155,#3463,.F.);
#3461=EDGE_CURVE('',#155,#297,#3464,.T.);
#3462=EDGE_CURVE('',#297,#149,#3465,.T.);
#3463=LINE('',#148,#3466);
#3464=LINE('',#154,#3467);
#3465=LINE('',#296,#3468);
#3466=VECTOR('',#3469,1.0);
#3467=VECTOR('',#3470,1.0);
#3468=VECTOR('',#3471,1.0);
#3469=DIRECTION('',(-0.040583824206651235,0.13981510697300484,-0.9893455862714964));
#3470=DIRECTION('',(0.32082340549023697,-0.9471390301796495,0));
#3471=DIRECTION('',(0.009491866431623136,-0.04821601307645994,0.9987918304404851));
#3472=FACE_SURFACE('',(#3477),#3473,.T.);
#3473=PLANE('',#3474);
#3474=AXIS2_PLACEMENT_3D('',#240,#3475,#3476);
#3475=DIRECTION('',(0.8522415188432798,-0.5231482063865985,-0.0005896729470672325));
#3476=DIRECTION('',(0.5231482973396346,0.8522416670115591,-2.6860785543389985E-11));
#3477=FACE_BOUND('',#3478,.T.);
#3478=EDGE_LOOP('',(#3479,#3480,#3481));
#3479=ORIENTED_EDGE('',*,*,#3482,.T.);
#3480=ORIENTED_EDGE('',*,*,#3483,.T.);
#3481=ORIENTED_EDGE('',*,*,#3484,.T.);
#3482=EDGE_CURVE('',#241,#277,#3485,.F.);
#3483=EDGE_CURVE('',#277,#299,#3486,.T.);
#3484=EDGE_CURVE('',#299,#241,#3487,.T.);
#3485=LINE('',#240,#3488);
#3486=LINE('',#276,#3489);
#3487=LINE('',#298,#3490);
#3488=VECTOR('',#3491,1.0);
#3489=VECTOR('',#3492,1.0);
#3490=VECTOR('',#3493,1.0);
#3491=DIRECTION('',(0.5231482973396346,0.8522416670115591,-2.6860785543389985E-11));
#3492=DIRECTION('',(-0.10255924323750219,-0.16818057166540354,0.9804064957663473));
#3493=DIRECTION('',(-0.4962997108128939,-0.8081461377005289,-0.3171536176157473));
#3494=FACE_SURFACE('',(#3499),#3495,.T.);
#3495=PLANE('',#3496);
#3496=AXIS2_PLACEMENT_3D('',#298,#3497,#3498);
#3497=DIRECTION('',(0.8521384869467451,-0.5233163470254988,0));
#3498=DIRECTION('',(-0.523314297857201,-0.8521351501979835,0.002798473742032982));
#3499=FACE_BOUND('',#3500,.T.);
#3500=EDGE_LOOP('',(#3501,#3502,#3503));
#3501=ORIENTED_EDGE('',*,*,#3504,.T.);
#3502=ORIENTED_EDGE('',*,*,#3505,.T.);
#3503=ORIENTED_EDGE('',*,*,#3506,.T.);
#3504=EDGE_CURVE('',#299,#293,#3507,.F.);
#3505=EDGE_CURVE('',#293,#241,#3508,.T.);
#3506=EDGE_CURVE('',#241,#299,#3509,.T.);
#3507=LINE('',#298,#3510);
#3508=LINE('',#292,#3511);
#3509=LINE('',#240,#3512);
#3510=VECTOR('',#3513,1.0);
#3511=VECTOR('',#3514,1.0);
#3512=VECTOR('',#3515,1.0);
#3513=DIRECTION('',(-0.523314297857201,-0.8521351501979835,0.002798473742032982));
#3514=DIRECTION('',(0,0,-1));
#3515=DIRECTION('',(0.4962997108128939,0.8081461377005289,0.3171536176157473));
#3516=FACE_SURFACE('',(#3521),#3517,.T.);
#3517=PLANE('',#3518);
#3518=AXIS2_PLACEMENT_3D('',#300,#3519,#3520);
#3519=DIRECTION('',(-0.9978595407093896,0.06539370776493574,0));
#3520=DIRECTION('',(-3.220261019719819E-06,-4.9138797782391306E-05,0.9999999987875042));
#3521=FACE_BOUND('',#3522,.T.);
#3522=EDGE_LOOP('',(#3523,#3524,#3525));
#3523=ORIENTED_EDGE('',*,*,#3526,.T.);
#3524=ORIENTED_EDGE('',*,*,#3527,.T.);
#3525=ORIENTED_EDGE('',*,*,#3528,.T.);
#3526=EDGE_CURVE('',#301,#303,#3529,.F.);
#3527=EDGE_CURVE('',#303,#305,#3530,.T.);
#3528=EDGE_CURVE('',#305,#301,#3531,.T.);
#3529=LINE('',#300,#3532);
#3530=LINE('',#302,#3533);
#3531=LINE('',#304,#3534);
#3532=VECTOR('',#3535,1.0);
#3533=VECTOR('',#3536,1.0);
#3534=VECTOR('',#3537,1.0);
#3535=DIRECTION('',(-3.220261019719819E-06,-4.9138797782391306E-05,0.9999999987875042));
#3536=DIRECTION('',(0.06539370776493574,0.9978595407093896,0));
#3537=DIRECTION('',(0,0,-1));
#3538=FACE_SURFACE('',(#3543),#3539,.T.);
#3539=PLANE('',#3540);
#3540=AXIS2_PLACEMENT_3D('',#306,#3541,#3542);
#3541=DIRECTION('',(-0,0,-1));
#3542=DIRECTION('',(-0.9973610433790289,-0.07260130267353983,0));
#3543=FACE_BOUND('',#3544,.T.);
#3544=EDGE_LOOP('',(#3545,#3546,#3547));
#3545=ORIENTED_EDGE('',*,*,#3548,.T.);
#3546=ORIENTED_EDGE('',*,*,#3549,.T.);
#3547=ORIENTED_EDGE('',*,*,#3550,.T.);
#3548=EDGE_CURVE('',#307,#309,#3551,.F.);
#3549=EDGE_CURVE('',#309,#73,#3552,.T.);
#3550=EDGE_CURVE('',#73,#307,#3553,.T.);
#3551=LINE('',#306,#3554);
#3552=LINE('',#308,#3555);
#3553=LINE('',#72,#3556);
#3554=VECTOR('',#3557,1.0);
#3555=VECTOR('',#3558,1.0);
#3556=VECTOR('',#3559,1.0);
#3557=DIRECTION('',(-0.9973610433790289,-0.07260130267353983,0));
#3558=DIRECTION('',(0.4150185812294126,0.9098129352973201,0));
#3559=DIRECTION('',(-0.20618869396442252,-0.9785122495305031,0));
#3560=FACE_SURFACE('',(#3565),#3561,.T.);
#3561=PLANE('',#3562);
#3562=AXIS2_PLACEMENT_3D('',#310,#3563,#3564);
#3563=DIRECTION('',(0,0,-1));
#3564=DIRECTION('',(0.5046359760182639,0.8633322255702576,0));
#3565=FACE_BOUND('',#3566,.T.);
#3566=EDGE_LOOP('',(#3567,#3568,#3569));
#3567=ORIENTED_EDGE('',*,*,#3570,.T.);
#3568=ORIENTED_EDGE('',*,*,#3571,.T.);
#3569=ORIENTED_EDGE('',*,*,#3572,.T.);
#3570=EDGE_CURVE('',#311,#73,#3573,.F.);
#3571=EDGE_CURVE('',#73,#309,#3574,.T.);
#3572=EDGE_CURVE('',#309,#311,#3575,.T.);
#3573=LINE('',#310,#3576);
#3574=LINE('',#72,#3577);
#3575=LINE('',#308,#3578);
#3576=VECTOR('',#3579,1.0);
#3577=VECTOR('',#3580,1.0);
#3578=VECTOR('',#3581,1.0);
#3579=DIRECTION('',(0.5046359760182639,0.8633322255702576,0));
#3580=DIRECTION('',(-0.4150185812294126,-0.9098129352973201,0));
#3581=DIRECTION('',(-0.9993421514586814,0.03626657301060837,0));
#3582=FACE_SURFACE('',(#3587),#3583,.T.);
#3583=PLANE('',#3584);
#3584=AXIS2_PLACEMENT_3D('',#298,#3585,#3586);
#3585=DIRECTION('',(0.9403214069368933,-0.33788023267429584,0.0404054454768824));
#3586=DIRECTION('',(0.10255924323750219,0.16818057166540354,-0.9804064957663473));
#3587=FACE_BOUND('',#3588,.T.);
#3588=EDGE_LOOP('',(#3589,#3590,#3591));
#3589=ORIENTED_EDGE('',*,*,#3592,.T.);
#3590=ORIENTED_EDGE('',*,*,#3593,.T.);
#3591=ORIENTED_EDGE('',*,*,#3594,.T.);
#3592=EDGE_CURVE('',#299,#277,#3595,.F.);
#3593=EDGE_CURVE('',#277,#285,#3596,.T.);
#3594=EDGE_CURVE('',#285,#299,#3597,.T.);
#3595=LINE('',#298,#3598);
#3596=LINE('',#276,#3599);
#3597=LINE('',#284,#3600);
#3598=VECTOR('',#3601,1.0);
#3599=VECTOR('',#3602,1.0);
#3600=VECTOR('',#3603,1.0);
#3601=DIRECTION('',(0.10255924323750219,0.16818057166540354,-0.9804064957663473));
#3602=DIRECTION('',(0.338156382490001,0.9410899324619705,0));
#3603=DIRECTION('',(-0.313803431139736,-0.8150766232532789,0.48700873178102416));
#3604=FACE_SURFACE('',(#3609),#3605,.T.);
#3605=PLANE('',#3606);
#3606=AXIS2_PLACEMENT_3D('',#312,#3607,#3608);
#3607=DIRECTION('',(-0.9940688273420106,-0.10875277700766942,0));
#3608=DIRECTION('',(0.015829587233637074,-0.14469238994733863,-0.9893500575930342));
#3609=FACE_BOUND('',#3610,.T.);
#3610=EDGE_LOOP('',(#3611,#3612,#3613));
#3611=ORIENTED_EDGE('',*,*,#3614,.T.);
#3612=ORIENTED_EDGE('',*,*,#3615,.T.);
#3613=ORIENTED_EDGE('',*,*,#3616,.T.);
#3614=EDGE_CURVE('',#313,#301,#3617,.F.);
#3615=EDGE_CURVE('',#301,#305,#3618,.T.);
#3616=EDGE_CURVE('',#305,#313,#3619,.T.);
#3617=LINE('',#312,#3620);
#3618=LINE('',#300,#3621);
#3619=LINE('',#304,#3622);
#3620=VECTOR('',#3623,1.0);
#3621=VECTOR('',#3624,1.0);
#3622=VECTOR('',#3625,1.0);
#3623=DIRECTION('',(0.015829587233637074,-0.14469238994733863,-0.9893500575930342));
#3624=DIRECTION('',(0,0,1));
#3625=DIRECTION('',(-0.10875277700766943,0.9940688273420106,0));
#3626=FACE_SURFACE('',(#3631),#3627,.T.);
#3627=PLANE('',#3628);
#3628=AXIS2_PLACEMENT_3D('',#274,#3629,#3630);
#3629=DIRECTION('',(-0,0,-1));
#3630=DIRECTION('',(-0.937923576828618,-0.3468419871195115,0));
#3631=FACE_BOUND('',#3632,.T.);
#3632=EDGE_LOOP('',(#3633,#3634,#3635));
#3633=ORIENTED_EDGE('',*,*,#3636,.T.);
#3634=ORIENTED_EDGE('',*,*,#3637,.T.);
#3635=ORIENTED_EDGE('',*,*,#3638,.T.);
#3636=EDGE_CURVE('',#275,#315,#3639,.F.);
#3637=EDGE_CURVE('',#315,#73,#3640,.T.);
#3638=EDGE_CURVE('',#73,#275,#3641,.T.);
#3639=LINE('',#274,#3642);
#3640=LINE('',#314,#3643);
#3641=LINE('',#72,#3644);
#3642=VECTOR('',#3645,1.0);
#3643=VECTOR('',#3646,1.0);
#3644=VECTOR('',#3647,1.0);
#3645=DIRECTION('',(-0.937923576828618,-0.3468419871195115,0));
#3646=DIRECTION('',(-0.027276464103002763,0.9996279280342449,0));
#3647=DIRECTION('',(0.14459163405560366,-0.9894914144959169,0));
#3648=FACE_SURFACE('',(#3653),#3649,.T.);
#3649=PLANE('',#3650);
#3650=AXIS2_PLACEMENT_3D('',#314,#3651,#3652);
#3651=DIRECTION('',(-0,0,-1));
#3652=DIRECTION('',(-0.9748267990494763,-0.22296347650445367,0));
#3653=FACE_BOUND('',#3654,.T.);
#3654=EDGE_LOOP('',(#3655,#3656,#3657));
#3655=ORIENTED_EDGE('',*,*,#3658,.T.);
#3656=ORIENTED_EDGE('',*,*,#3659,.T.);
#3657=ORIENTED_EDGE('',*,*,#3660,.T.);
#3658=EDGE_CURVE('',#315,#307,#3661,.F.);
#3659=EDGE_CURVE('',#307,#73,#3662,.T.);
#3660=EDGE_CURVE('',#73,#315,#3663,.T.);
#3661=LINE('',#314,#3664);
#3662=LINE('',#306,#3665);
#3663=LINE('',#72,#3666);
#3664=VECTOR('',#3667,1.0);
#3665=VECTOR('',#3668,1.0);
#3666=VECTOR('',#3669,1.0);
#3667=DIRECTION('',(-0.9748267990494763,-0.22296347650445367,0));
#3668=DIRECTION('',(0.20618869396442252,0.9785122495305031,0));
#3669=DIRECTION('',(0.027276464103002763,-0.9996279280342449,0));
#3670=FACE_SURFACE('',(#3675),#3671,.T.);
#3671=PLANE('',#3672);
#3672=AXIS2_PLACEMENT_3D('',#242,#3673,#3674);
#3673=DIRECTION('',(0.042427343163777956,-0.05573504226613849,-0.9975437462165029));
#3674=DIRECTION('',(0.6658290287072719,0.7459847113242224,-0.013360950611671304));
#3675=FACE_BOUND('',#3676,.T.);
#3676=EDGE_LOOP('',(#3677,#3678,#3679));
#3677=ORIENTED_EDGE('',*,*,#3680,.T.);
#3678=ORIENTED_EDGE('',*,*,#3681,.T.);
#3679=ORIENTED_EDGE('',*,*,#3682,.T.);
#3680=EDGE_CURVE('',#243,#293,#3683,.F.);
#3681=EDGE_CURVE('',#293,#265,#3684,.T.);
#3682=EDGE_CURVE('',#265,#243,#3685,.T.);
#3683=LINE('',#242,#3686);
#3684=LINE('',#292,#3687);
#3685=LINE('',#264,#3688);
#3686=VECTOR('',#3689,1.0);
#3687=VECTOR('',#3690,1.0);
#3688=VECTOR('',#3691,1.0);
#3689=DIRECTION('',(0.6658290287072719,0.7459847113242224,-0.013360950611671304));
#3690=DIRECTION('',(-0.2099563153215245,-0.9766450525059871,0.04563756207540484));
#3691=DIRECTION('',(-0.7709615874208264,-0.6368755202034728,0.002793293238300083));
#3692=FACE_SURFACE('',(#3697),#3693,.T.);
#3693=PLANE('',#3694);
#3694=AXIS2_PLACEMENT_3D('',#302,#3695,#3696);
#3695=DIRECTION('',(-0,0,1));
#3696=DIRECTION('',(0.9880545357694904,-0.1541046214275768,0));
#3697=FACE_BOUND('',#3698,.T.);
#3698=EDGE_LOOP('',(#3699,#3700,#3701));
#3699=ORIENTED_EDGE('',*,*,#3702,.T.);
#3700=ORIENTED_EDGE('',*,*,#3703,.T.);
#3701=ORIENTED_EDGE('',*,*,#3704,.T.);
#3702=EDGE_CURVE('',#303,#317,#3705,.F.);
#3703=EDGE_CURVE('',#317,#305,#3706,.T.);
#3704=EDGE_CURVE('',#305,#303,#3707,.T.);
#3705=LINE('',#302,#3708);
#3706=LINE('',#316,#3709);
#3707=LINE('',#304,#3710);
#3708=VECTOR('',#3711,1.0);
#3709=VECTOR('',#3712,1.0);
#3710=VECTOR('',#3713,1.0);
#3711=DIRECTION('',(0.9880545357694904,-0.1541046214275768,0));
#3712=DIRECTION('',(-0.9880535685480928,0.15411082271981838,0));
#3713=DIRECTION('',(-0.06539370776493574,-0.9978595407093896,0));
#3714=FACE_SURFACE('',(#3719),#3715,.T.);
#3715=PLANE('',#3716);
#3716=AXIS2_PLACEMENT_3D('',#176,#3717,#3718);
#3717=DIRECTION('',(0.25245605458684744,-0.30991059958362605,-0.9166358932357821));
#3718=DIRECTION('',(-0.7753130092246948,-0.6315771827155793,0));
#3719=FACE_BOUND('',#3720,.T.);
#3720=EDGE_LOOP('',(#3721,#3722,#3723));
#3721=ORIENTED_EDGE('',*,*,#3724,.T.);
#3722=ORIENTED_EDGE('',*,*,#3725,.T.);
#3723=ORIENTED_EDGE('',*,*,#3726,.T.);
#3724=EDGE_CURVE('',#177,#175,#3727,.F.);
#3725=EDGE_CURVE('',#175,#243,#3728,.T.);
#3726=EDGE_CURVE('',#243,#177,#3729,.T.);
#3727=LINE('',#176,#3730);
#3728=LINE('',#174,#3731);
#3729=LINE('',#242,#3732);
#3730=VECTOR('',#3733,1.0);
#3731=VECTOR('',#3734,1.0);
#3732=VECTOR('',#3735,1.0);
#3733=DIRECTION('',(-0.7753130092246948,-0.6315771827155793,0));
#3734=DIRECTION('',(0.630728274226928,0.7711117766191683,-0.08699696575140309));
#3735=DIRECTION('',(0.8888442766099606,0.4486483102074463,0.09311576496876908));
#3736=FACE_SURFACE('',(#3741),#3737,.T.);
#3737=PLANE('',#3738);
#3738=AXIS2_PLACEMENT_3D('',#318,#3739,#3740);
#3739=DIRECTION('',(-0.9382631556247755,0.345834901537434,0.007776353620536633));
#3740=DIRECTION('',(-0.09024931707125641,-0.2664275831091416,0.9596204477431654));
#3741=FACE_BOUND('',#3742,.T.);
#3742=EDGE_LOOP('',(#3743,#3744,#3745));
#3743=ORIENTED_EDGE('',*,*,#3746,.T.);
#3744=ORIENTED_EDGE('',*,*,#3747,.T.);
#3745=ORIENTED_EDGE('',*,*,#3748,.T.);
#3746=EDGE_CURVE('',#319,#321,#3749,.F.);
#3747=EDGE_CURVE('',#321,#93,#3750,.T.);
#3748=EDGE_CURVE('',#93,#319,#3751,.T.);
#3749=LINE('',#318,#3752);
#3750=LINE('',#320,#3753);
#3751=LINE('',#92,#3754);
#3752=VECTOR('',#3755,1.0);
#3753=VECTOR('',#3756,1.0);
#3754=VECTOR('',#3757,1.0);
#3755=DIRECTION('',(-0.09024931707125641,-0.2664275831091416,0.9596204477431654));
#3756=DIRECTION('',(0.3458453586196983,0.9382915260840909,0));
#3757=DIRECTION('',(0.009493772475242374,0.048215536812505025,-0.9987918353160834));
#3758=FACE_SURFACE('',(#3763),#3759,.T.);
#3759=PLANE('',#3760);
#3760=AXIS2_PLACEMENT_3D('',#134,#3761,#3762);
#3761=DIRECTION('',(0,-1,-0));
#3762=DIRECTION('',(-0.0021486453591970708,0,-0.999997691658896));
#3763=FACE_BOUND('',#3764,.T.);
#3764=EDGE_LOOP('',(#3765,#3766,#3767));
#3765=ORIENTED_EDGE('',*,*,#3768,.T.);
#3766=ORIENTED_EDGE('',*,*,#3769,.T.);
#3767=ORIENTED_EDGE('',*,*,#3770,.T.);
#3768=EDGE_CURVE('',#135,#139,#3771,.F.);
#3769=EDGE_CURVE('',#139,#71,#3772,.T.);
#3770=EDGE_CURVE('',#71,#135,#3773,.T.);
#3771=LINE('',#134,#3774);
#3772=LINE('',#138,#3775);
#3773=LINE('',#70,#3776);
#3774=VECTOR('',#3777,1.0);
#3775=VECTOR('',#3778,1.0);
#3776=VECTOR('',#3779,1.0);
#3777=DIRECTION('',(-0.0021486453591970708,0,-0.999997691658896));
#3778=DIRECTION('',(0.009437072619754138,0,-0.9999554698387171));
#3779=DIRECTION('',(0,0,1));
#3780=FACE_SURFACE('',(#3785),#3781,.T.);
#3781=PLANE('',#3782);
#3782=AXIS2_PLACEMENT_3D('',#180,#3783,#3784);
#3783=DIRECTION('',(0.012417379325650067,-0.003553433270210573,0.9999165874225097));
#3784=DIRECTION('',(-0.9126190541067086,-0.4086916072553987,0.009880902811753257));
#3785=FACE_BOUND('',#3786,.T.);
#3786=EDGE_LOOP('',(#3787,#3788,#3789));
#3787=ORIENTED_EDGE('',*,*,#3790,.T.);
#3788=ORIENTED_EDGE('',*,*,#3791,.T.);
#3789=ORIENTED_EDGE('',*,*,#3792,.T.);
#3790=EDGE_CURVE('',#181,#323,#3793,.F.);
#3791=EDGE_CURVE('',#323,#325,#3794,.T.);
#3792=EDGE_CURVE('',#325,#181,#3795,.T.);
#3793=LINE('',#180,#3796);
#3794=LINE('',#322,#3797);
#3795=LINE('',#324,#3798);
#3796=VECTOR('',#3799,1.0);
#3797=VECTOR('',#3800,1.0);
#3798=VECTOR('',#3801,1.0);
#3799=DIRECTION('',(-0.9126190541067086,-0.4086916072553987,0.009880902811753257));
#3800=DIRECTION('',(-0.5184872681866899,-0.855078588340729,0.003400071988907795));
#3801=DIRECTION('',(0.8847434558416095,0.4659849218723546,-0.009331127105636867));
#3802=FACE_SURFACE('',(#3807),#3803,.T.);
#3803=PLANE('',#3804);
#3804=AXIS2_PLACEMENT_3D('',#318,#3805,#3806);
#3805=DIRECTION('',(-0.9660118316062897,0.2577777524572772,-0.019281377926280235));
#3806=DIRECTION('',(-0.2578256830374363,-0.9661914495410728,3.487603147855654E-21));
#3807=FACE_BOUND('',#3808,.T.);
#3808=EDGE_LOOP('',(#3809,#3810,#3811));
#3809=ORIENTED_EDGE('',*,*,#3812,.T.);
#3810=ORIENTED_EDGE('',*,*,#3813,.T.);
#3811=ORIENTED_EDGE('',*,*,#3814,.T.);
#3812=EDGE_CURVE('',#319,#327,#3815,.F.);
#3813=EDGE_CURVE('',#327,#321,#3816,.T.);
#3814=EDGE_CURVE('',#321,#319,#3817,.T.);
#3815=LINE('',#318,#3818);
#3816=LINE('',#326,#3819);
#3817=LINE('',#320,#3820);
#3818=VECTOR('',#3821,1.0);
#3819=VECTOR('',#3822,1.0);
#3820=VECTOR('',#3823,1.0);
#3821=DIRECTION('',(-0.2578256830374363,-0.9661914495410728,3.487603147855654E-21));
#3822=DIRECTION('',(-0.04331141946942924,-0.08786913899265192,0.9951899996263192));
#3823=DIRECTION('',(0.09024931707125641,0.2664275831091416,-0.9596204477431654));
#3824=FACE_SURFACE('',(#3829),#3825,.T.);
#3825=PLANE('',#3826);
#3826=AXIS2_PLACEMENT_3D('',#304,#3827,#3828);
#3827=DIRECTION('',(-0,-0,1));
#3828=DIRECTION('',(0.9880535685480928,-0.15411082271981838,0));
#3829=FACE_BOUND('',#3830,.T.);
#3830=EDGE_LOOP('',(#3831,#3832,#3833));
#3831=ORIENTED_EDGE('',*,*,#3834,.T.);
#3832=ORIENTED_EDGE('',*,*,#3835,.T.);
#3833=ORIENTED_EDGE('',*,*,#3836,.T.);
#3834=EDGE_CURVE('',#305,#317,#3837,.F.);
#3835=EDGE_CURVE('',#317,#313,#3838,.T.);
#3836=EDGE_CURVE('',#313,#305,#3839,.T.);
#3837=LINE('',#304,#3840);
#3838=LINE('',#316,#3841);
#3839=LINE('',#312,#3842);
#3840=VECTOR('',#3843,1.0);
#3841=VECTOR('',#3844,1.0);
#3842=VECTOR('',#3845,1.0);
#3843=DIRECTION('',(0.9880535685480928,-0.15411082271981838,0));
#3844=DIRECTION('',(-0.9851051269105646,0.1719531591292246,0));
#3845=DIRECTION('',(0.10875277700766943,-0.9940688273420106,0));
#3846=FACE_SURFACE('',(#3851),#3847,.T.);
#3847=PLANE('',#3848);
#3848=AXIS2_PLACEMENT_3D('',#254,#3849,#3850);
#3849=DIRECTION('',(0,0,1));
#3850=DIRECTION('',(-0.9999999541923448,0.000302680207946389,0));
#3851=FACE_BOUND('',#3852,.T.);
#3852=EDGE_LOOP('',(#3853,#3854,#3855));
#3853=ORIENTED_EDGE('',*,*,#3856,.T.);
#3854=ORIENTED_EDGE('',*,*,#3857,.T.);
#3855=ORIENTED_EDGE('',*,*,#3858,.T.);
#3856=EDGE_CURVE('',#255,#329,#3859,.F.);
#3857=EDGE_CURVE('',#329,#257,#3860,.T.);
#3858=EDGE_CURVE('',#257,#255,#3861,.T.);
#3859=LINE('',#254,#3862);
#3860=LINE('',#328,#3863);
#3861=LINE('',#256,#3864);
#3862=VECTOR('',#3865,1.0);
#3863=VECTOR('',#3866,1.0);
#3864=VECTOR('',#3867,1.0);
#3865=DIRECTION('',(-0.9999999541923448,0.000302680207946389,0));
#3866=DIRECTION('',(-0.0033672091715802664,-0.9999943309351282,0));
#3867=DIRECTION('',(0.07057727990860951,0.9975063145467811,0));
#3868=FACE_SURFACE('',(#3873),#3869,.T.);
#3869=PLANE('',#3870);
#3870=AXIS2_PLACEMENT_3D('',#330,#3871,#3872);
#3871=DIRECTION('',(-0,-0,1));
#3872=DIRECTION('',(0.9543607352477304,-0.29865630249069147,0));
#3873=FACE_BOUND('',#3874,.T.);
#3874=EDGE_LOOP('',(#3875,#3876,#3877));
#3875=ORIENTED_EDGE('',*,*,#3878,.T.);
#3876=ORIENTED_EDGE('',*,*,#3879,.T.);
#3877=ORIENTED_EDGE('',*,*,#3880,.T.);
#3878=EDGE_CURVE('',#331,#245,#3881,.F.);
#3879=EDGE_CURVE('',#245,#257,#3882,.T.);
#3880=EDGE_CURVE('',#257,#331,#3883,.T.);
#3881=LINE('',#330,#3884);
#3882=LINE('',#244,#3885);
#3883=LINE('',#256,#3886);
#3884=VECTOR('',#3887,1.0);
#3885=VECTOR('',#3888,1.0);
#3886=VECTOR('',#3889,1.0);
#3887=DIRECTION('',(0.9543607352477304,-0.29865630249069147,0));
#3888=DIRECTION('',(-0.9173980253842876,0.39797093238201453,0));
#3889=DIRECTION('',(0.1164490925187888,-0.9931966617198985,0));
#3890=FACE_SURFACE('',(#3895),#3891,.T.);
#3891=PLANE('',#3892);
#3892=AXIS2_PLACEMENT_3D('',#332,#3893,#3894);
#3893=DIRECTION('',(-0,-0,1));
#3894=DIRECTION('',(0.9923403749530646,-0.12353372105628084,0));
#3895=FACE_BOUND('',#3896,.T.);
#3896=EDGE_LOOP('',(#3897,#3898,#3899));
#3897=ORIENTED_EDGE('',*,*,#3900,.T.);
#3898=ORIENTED_EDGE('',*,*,#3901,.T.);
#3899=ORIENTED_EDGE('',*,*,#3902,.T.);
#3900=EDGE_CURVE('',#333,#245,#3903,.F.);
#3901=EDGE_CURVE('',#245,#331,#3904,.T.);
#3902=EDGE_CURVE('',#331,#333,#3905,.T.);
#3903=LINE('',#332,#3906);
#3904=LINE('',#244,#3907);
#3905=LINE('',#330,#3908);
#3906=VECTOR('',#3909,1.0);
#3907=VECTOR('',#3910,1.0);
#3908=VECTOR('',#3911,1.0);
#3909=DIRECTION('',(0.9923403749530646,-0.12353372105628084,0));
#3910=DIRECTION('',(-0.9543607352477304,0.29865630249069147,0));
#3911=DIRECTION('',(0.33915966862330194,-0.940728823402011,0));
#3912=FACE_SURFACE('',(#3917),#3913,.T.);
#3913=PLANE('',#3914);
#3914=AXIS2_PLACEMENT_3D('',#334,#3915,#3916);
#3915=DIRECTION('',(0,-0,1));
#3916=DIRECTION('',(0.9958014569055901,0.09153938182391345,0));
#3917=FACE_BOUND('',#3918,.T.);
#3918=EDGE_LOOP('',(#3919,#3920,#3921));
#3919=ORIENTED_EDGE('',*,*,#3922,.T.);
#3920=ORIENTED_EDGE('',*,*,#3923,.T.);
#3921=ORIENTED_EDGE('',*,*,#3924,.T.);
#3922=EDGE_CURVE('',#335,#245,#3925,.F.);
#3923=EDGE_CURVE('',#245,#333,#3926,.T.);
#3924=EDGE_CURVE('',#333,#335,#3927,.T.);
#3925=LINE('',#334,#3928);
#3926=LINE('',#244,#3929);
#3927=LINE('',#332,#3930);
#3928=VECTOR('',#3931,1.0);
#3929=VECTOR('',#3932,1.0);
#3930=VECTOR('',#3933,1.0);
#3931=DIRECTION('',(0.9958014569055901,0.09153938182391345,0));
#3932=DIRECTION('',(-0.9923403749530646,0.12353372105628084,0));
#3933=DIRECTION('',(0.5231482973396346,-0.8522416670115591,0));
#3934=FACE_SURFACE('',(#3939),#3935,.T.);
#3935=PLANE('',#3936);
#3936=AXIS2_PLACEMENT_3D('',#336,#3937,#3938);
#3937=DIRECTION('',(0,-0,1));
#3938=DIRECTION('',(0.9311376330124249,0.3646679426382562,0));
#3939=FACE_BOUND('',#3940,.T.);
#3940=EDGE_LOOP('',(#3941,#3942,#3943));
#3941=ORIENTED_EDGE('',*,*,#3944,.T.);
#3942=ORIENTED_EDGE('',*,*,#3945,.T.);
#3943=ORIENTED_EDGE('',*,*,#3946,.T.);
#3944=EDGE_CURVE('',#337,#245,#3947,.F.);
#3945=EDGE_CURVE('',#245,#335,#3948,.T.);
#3946=EDGE_CURVE('',#335,#337,#3949,.T.);
#3947=LINE('',#336,#3950);
#3948=LINE('',#244,#3951);
#3949=LINE('',#334,#3952);
#3950=VECTOR('',#3953,1.0);
#3951=VECTOR('',#3954,1.0);
#3952=VECTOR('',#3955,1.0);
#3953=DIRECTION('',(0.9311376330124249,0.3646679426382562,0));
#3954=DIRECTION('',(-0.9958014569055901,-0.09153938182391345,0));
#3955=DIRECTION('',(0.6660182937207187,-0.7459354076790714,0));
#3956=FACE_SURFACE('',(#3961),#3957,.T.);
#3957=PLANE('',#3958);
#3958=AXIS2_PLACEMENT_3D('',#338,#3959,#3960);
#3959=DIRECTION('',(0,-0,1));
#3960=DIRECTION('',(0.728618807506112,0.6849194356625977,0));
#3961=FACE_BOUND('',#3962,.T.);
#3962=EDGE_LOOP('',(#3963,#3964,#3965));
#3963=ORIENTED_EDGE('',*,*,#3966,.T.);
#3964=ORIENTED_EDGE('',*,*,#3967,.T.);
#3965=ORIENTED_EDGE('',*,*,#3968,.T.);
#3966=EDGE_CURVE('',#339,#245,#3969,.F.);
#3967=EDGE_CURVE('',#245,#337,#3970,.T.);
#3968=EDGE_CURVE('',#337,#339,#3971,.T.);
#3969=LINE('',#338,#3972);
#3970=LINE('',#244,#3973);
#3971=LINE('',#336,#3974);
#3972=VECTOR('',#3975,1.0);
#3973=VECTOR('',#3976,1.0);
#3974=VECTOR('',#3977,1.0);
#3975=DIRECTION('',(0.728618807506112,0.6849194356625977,0));
#3976=DIRECTION('',(-0.9311376330124249,-0.3646679426382562,0));
#3977=DIRECTION('',(0.7704102999511119,-0.6375484057930328,0));
#3978=FACE_SURFACE('',(#3983),#3979,.T.);
#3979=PLANE('',#3980);
#3980=AXIS2_PLACEMENT_3D('',#252,#3981,#3982);
#3981=DIRECTION('',(0,-0,1));
#3982=DIRECTION('',(0.34301553662881407,0.9393297299836979,0));
#3983=FACE_BOUND('',#3984,.T.);
#3984=EDGE_LOOP('',(#3985,#3986,#3987));
#3985=ORIENTED_EDGE('',*,*,#3988,.T.);
#3986=ORIENTED_EDGE('',*,*,#3989,.T.);
#3987=ORIENTED_EDGE('',*,*,#3990,.T.);
#3988=EDGE_CURVE('',#253,#245,#3991,.F.);
#3989=EDGE_CURVE('',#245,#339,#3992,.T.);
#3990=EDGE_CURVE('',#339,#253,#3993,.T.);
#3991=LINE('',#252,#3994);
#3992=LINE('',#244,#3995);
#3993=LINE('',#338,#3996);
#3994=VECTOR('',#3997,1.0);
#3995=VECTOR('',#3998,1.0);
#3996=VECTOR('',#3999,1.0);
#3997=DIRECTION('',(0.34301553662881407,0.9393297299836979,0));
#3998=DIRECTION('',(-0.728618807506112,-0.6849194356625977,0));
#3999=DIRECTION('',(0.846078152445604,-0.5330588710022873,0));
#4000=FACE_SURFACE('',(#4005),#4001,.T.);
#4001=PLANE('',#4002);
#4002=AXIS2_PLACEMENT_3D('',#126,#4003,#4004);
#4003=DIRECTION('',(0.9735974460848674,-0.22827179628027586,0));
#4004=DIRECTION('',(0.22827179628027583,0.9735974460848673,0));
#4005=FACE_BOUND('',#4006,.T.);
#4006=EDGE_LOOP('',(#4007,#4008,#4009));
#4007=ORIENTED_EDGE('',*,*,#4010,.T.);
#4008=ORIENTED_EDGE('',*,*,#4011,.T.);
#4009=ORIENTED_EDGE('',*,*,#4012,.T.);
#4010=EDGE_CURVE('',#127,#143,#4013,.F.);
#4011=EDGE_CURVE('',#143,#139,#4014,.T.);
#4012=EDGE_CURVE('',#139,#127,#4015,.T.);
#4013=LINE('',#126,#4016);
#4014=LINE('',#142,#4017);
#4015=LINE('',#138,#4018);
#4016=VECTOR('',#4019,1.0);
#4017=VECTOR('',#4020,1.0);
#4018=VECTOR('',#4021,1.0);
#4019=DIRECTION('',(0.22827179628027583,0.9735974460848673,0));
#4020=DIRECTION('',(0,0,1));
#4021=DIRECTION('',(-0.033851135574053795,-0.1443777973407883,-0.988943452506446));
#4022=FACE_SURFACE('',(#4027),#4023,.T.);
#4023=PLANE('',#4024);
#4024=AXIS2_PLACEMENT_3D('',#126,#4025,#4026);
#4025=DIRECTION('',(0.9735974460848674,-0.22827179628027586,0));
#4026=DIRECTION('',(0.033851135574053795,0.1443777973407883,0.988943452506446));
#4027=FACE_BOUND('',#4028,.T.);
#4028=EDGE_LOOP('',(#4029,#4030,#4031));
#4029=ORIENTED_EDGE('',*,*,#4032,.T.);
#4030=ORIENTED_EDGE('',*,*,#4033,.T.);
#4031=ORIENTED_EDGE('',*,*,#4034,.T.);
#4032=EDGE_CURVE('',#127,#139,#4035,.F.);
#4033=EDGE_CURVE('',#139,#111,#4036,.T.);
#4034=EDGE_CURVE('',#111,#127,#4037,.T.);
#4035=LINE('',#126,#4038);
#4036=LINE('',#138,#4039);
#4037=LINE('',#110,#4040);
#4038=VECTOR('',#4041,1.0);
#4039=VECTOR('',#4042,1.0);
#4040=VECTOR('',#4043,1.0);
#4041=DIRECTION('',(0.033851135574053795,0.1443777973407883,0.988943452506446));
#4042=DIRECTION('',(-0.22827179628027583,-0.9735974460848673,0));
#4043=DIRECTION('',(0,0,-1));
#4044=FACE_SURFACE('',(#4049),#4045,.T.);
#4045=PLANE('',#4046);
#4046=AXIS2_PLACEMENT_3D('',#340,#4047,#4048);
#4047=DIRECTION('',(0,-0,-1));
#4048=DIRECTION('',(0.1961058586877479,-0.980582730925005,0));
#4049=FACE_BOUND('',#4050,.T.);
#4050=EDGE_LOOP('',(#4051,#4052,#4053));
#4051=ORIENTED_EDGE('',*,*,#4054,.T.);
#4052=ORIENTED_EDGE('',*,*,#4055,.T.);
#4053=ORIENTED_EDGE('',*,*,#4056,.T.);
#4054=EDGE_CURVE('',#341,#205,#4057,.F.);
#4055=EDGE_CURVE('',#205,#189,#4058,.T.);
#4056=EDGE_CURVE('',#189,#341,#4059,.T.);
#4057=LINE('',#340,#4060);
#4058=LINE('',#204,#4061);
#4059=LINE('',#188,#4062);
#4060=VECTOR('',#4063,1.0);
#4061=VECTOR('',#4064,1.0);
#4062=VECTOR('',#4065,1.0);
#4063=DIRECTION('',(0.1961058586877479,-0.980582730925005,0));
#4064=DIRECTION('',(-0.8872867858355448,-0.46121812592484707,0));
#4065=DIRECTION('',(0.881851252655609,0.47152769610038103,0));
#4066=FACE_SURFACE('',(#4071),#4067,.T.);
#4067=PLANE('',#4068);
#4068=AXIS2_PLACEMENT_3D('',#92,#4069,#4070);
#4069=DIRECTION('',(-0.9997201003483939,0.0221034384231796,-0.008435577589590555));
#4070=DIRECTION('',(0.012519366985301268,0.19170877636889772,-0.9813720041418684));
#4071=FACE_BOUND('',#4072,.T.);
#4072=EDGE_LOOP('',(#4073,#4074,#4075));
#4073=ORIENTED_EDGE('',*,*,#4076,.T.);
#4074=ORIENTED_EDGE('',*,*,#4077,.T.);
#4075=ORIENTED_EDGE('',*,*,#4078,.T.);
#4076=EDGE_CURVE('',#93,#343,#4079,.F.);
#4077=EDGE_CURVE('',#343,#319,#4080,.T.);
#4078=EDGE_CURVE('',#319,#93,#4081,.T.);
#4079=LINE('',#92,#4082);
#4080=LINE('',#342,#4083);
#4081=LINE('',#318,#4084);
#4082=VECTOR('',#4085,1.0);
#4083=VECTOR('',#4086,1.0);
#4084=VECTOR('',#4087,1.0);
#4085=DIRECTION('',(0.012519366985301268,0.19170877636889772,-0.9813720041418684));
#4086=DIRECTION('',(-0.02210422489410095,-0.9997556717727742,-4.645958857548408E-21));
#4087=DIRECTION('',(-0.009493772475242374,-0.048215536812505025,0.9987918353160834));
#4088=FACE_SURFACE('',(#4093),#4089,.T.);
#4089=PLANE('',#4090);
#4090=AXIS2_PLACEMENT_3D('',#312,#4091,#4092);
#4091=DIRECTION('',(-0,-0,1));
#4092=DIRECTION('',(0.9851051269105646,-0.1719531591292246,0));
#4093=FACE_BOUND('',#4094,.T.);
#4094=EDGE_LOOP('',(#4095,#4096,#4097));
#4095=ORIENTED_EDGE('',*,*,#4098,.T.);
#4096=ORIENTED_EDGE('',*,*,#4099,.T.);
#4097=ORIENTED_EDGE('',*,*,#4100,.T.);
#4098=EDGE_CURVE('',#313,#317,#4101,.F.);
#4099=EDGE_CURVE('',#317,#345,#4102,.T.);
#4100=EDGE_CURVE('',#345,#313,#4103,.T.);
#4101=LINE('',#312,#4104);
#4102=LINE('',#316,#4105);
#4103=LINE('',#344,#4106);
#4104=VECTOR('',#4107,1.0);
#4105=VECTOR('',#4108,1.0);
#4106=VECTOR('',#4109,1.0);
#4107=DIRECTION('',(0.9851051269105646,-0.1719531591292246,0));
#4108=DIRECTION('',(-0.985103076432906,0.17196490572911802,0));
#4109=DIRECTION('',(0.131208719028083,-0.9913547659899606,0));
#4110=FACE_SURFACE('',(#4115),#4111,.T.);
#4111=PLANE('',#4112);
#4112=AXIS2_PLACEMENT_3D('',#148,#4113,#4114);
#4113=DIRECTION('',(-0.9940459049706195,-0.10894169645440033,-0.002108455543644592));
#4114=DIRECTION('',(0.012696327084445357,-0.09658657234476918,-0.9952436070235536));
#4115=FACE_BOUND('',#4116,.T.);
#4116=EDGE_LOOP('',(#4117,#4118,#4119));
#4117=ORIENTED_EDGE('',*,*,#4120,.T.);
#4118=ORIENTED_EDGE('',*,*,#4121,.T.);
#4119=ORIENTED_EDGE('',*,*,#4122,.T.);
#4120=EDGE_CURVE('',#149,#343,#4123,.F.);
#4121=EDGE_CURVE('',#343,#97,#4124,.T.);
#4122=EDGE_CURVE('',#97,#149,#4125,.T.);
#4123=LINE('',#148,#4126);
#4124=LINE('',#342,#4127);
#4125=LINE('',#96,#4128);
#4126=VECTOR('',#4129,1.0);
#4127=VECTOR('',#4130,1.0);
#4128=VECTOR('',#4131,1.0);
#4129=DIRECTION('',(0.012696327084445357,-0.09658657234476918,-0.9952436070235536));
#4130=DIRECTION('',(0.003247830247920777,-0.04896571069638893,0.9987951795912305));
#4131=DIRECTION('',(-0.10894193860998153,0.9940481145356592,0));
#4132=FACE_SURFACE('',(#4137),#4133,.T.);
#4133=PLANE('',#4134);
#4134=AXIS2_PLACEMENT_3D('',#346,#4135,#4136);
#4135=DIRECTION('',(-0.8550830186606988,-0.518491110047325,0));
#4136=DIRECTION('',(0.07547550553666689,-0.12447238122047022,0.9893483079165247));
#4137=FACE_BOUND('',#4138,.T.);
#4138=EDGE_LOOP('',(#4139,#4140,#4141));
#4139=ORIENTED_EDGE('',*,*,#4142,.T.);
#4140=ORIENTED_EDGE('',*,*,#4143,.T.);
#4141=ORIENTED_EDGE('',*,*,#4144,.T.);
#4142=EDGE_CURVE('',#347,#349,#4145,.F.);
#4143=EDGE_CURVE('',#349,#351,#4146,.T.);
#4144=EDGE_CURVE('',#351,#347,#4147,.T.);
#4145=LINE('',#346,#4148);
#4146=LINE('',#348,#4149);
#4147=LINE('',#350,#4150);
#4148=VECTOR('',#4151,1.0);
#4149=VECTOR('',#4152,1.0);
#4150=VECTOR('',#4153,1.0);
#4151=DIRECTION('',(0.07547550553666689,-0.12447238122047022,0.9893483079165247));
#4152=DIRECTION('',(-0.518491110047325,0.8550830186606987,0));
#4153=DIRECTION('',(0,0,-1));
#4154=FACE_SURFACE('',(#4159),#4155,.T.);
#4155=PLANE('',#4156);
#4156=AXIS2_PLACEMENT_3D('',#296,#4157,#4158);
#4157=DIRECTION('',(-0.988468454303219,-0.15141258220414955,0.002084417826790932));
#4158=DIRECTION('',(0.15141291113373911,-0.9884706016579383,-6.400334743016018E-19));
#4159=FACE_BOUND('',#4160,.T.);
#4160=EDGE_LOOP('',(#4161,#4162,#4163));
#4161=ORIENTED_EDGE('',*,*,#4164,.T.);
#4162=ORIENTED_EDGE('',*,*,#4165,.T.);
#4163=ORIENTED_EDGE('',*,*,#4166,.T.);
#4164=EDGE_CURVE('',#297,#343,#4167,.F.);
#4165=EDGE_CURVE('',#343,#149,#4168,.T.);
#4166=EDGE_CURVE('',#149,#297,#4169,.T.);
#4167=LINE('',#296,#4170);
#4168=LINE('',#342,#4171);
#4169=LINE('',#148,#4172);
#4170=VECTOR('',#4173,1.0);
#4171=VECTOR('',#4174,1.0);
#4172=VECTOR('',#4175,1.0);
#4173=DIRECTION('',(0.15141291113373911,-0.9884706016579383,-6.400334743016018E-19));
#4174=DIRECTION('',(-0.012696327084445357,0.09658657234476918,0.9952436070235536));
#4175=DIRECTION('',(-0.009491866431623136,0.04821601307645994,-0.9987918304404851));
#4176=FACE_SURFACE('',(#4181),#4177,.T.);
#4177=PLANE('',#4178);
#4178=AXIS2_PLACEMENT_3D('',#352,#4179,#4180);
#4179=DIRECTION('',(-0,0,1));
#4180=DIRECTION('',(0.3223614237244375,-0.946616666076799,0));
#4181=FACE_BOUND('',#4182,.T.);
#4182=EDGE_LOOP('',(#4183,#4184,#4185));
#4183=ORIENTED_EDGE('',*,*,#4186,.T.);
#4184=ORIENTED_EDGE('',*,*,#4187,.T.);
#4185=ORIENTED_EDGE('',*,*,#4188,.T.);
#4186=EDGE_CURVE('',#353,#345,#4189,.F.);
#4187=EDGE_CURVE('',#345,#281,#4190,.T.);
#4188=EDGE_CURVE('',#281,#353,#4191,.T.);
#4189=LINE('',#352,#4192);
#4190=LINE('',#344,#4193);
#4191=LINE('',#280,#4194);
#4192=VECTOR('',#4195,1.0);
#4193=VECTOR('',#4196,1.0);
#4194=VECTOR('',#4197,1.0);
#4195=DIRECTION('',(0.3223614237244375,-0.946616666076799,0));
#4196=DIRECTION('',(0.7946129957657642,0.6071162878396177,0));
#4197=DIRECTION('',(-0.8008259441636637,-0.5988971590802353,0));
#4198=FACE_SURFACE('',(#4203),#4199,.T.);
#4199=PLANE('',#4200);
#4200=AXIS2_PLACEMENT_3D('',#316,#4201,#4202);
#4201=DIRECTION('',(0,-0,1));
#4202=DIRECTION('',(0.4726197760627696,0.8812664451086161,0));
#4203=FACE_BOUND('',#4204,.T.);
#4204=EDGE_LOOP('',(#4205,#4206,#4207));
#4205=ORIENTED_EDGE('',*,*,#4208,.T.);
#4206=ORIENTED_EDGE('',*,*,#4209,.T.);
#4207=ORIENTED_EDGE('',*,*,#4210,.T.);
#4208=EDGE_CURVE('',#317,#281,#4211,.F.);
#4209=EDGE_CURVE('',#281,#345,#4212,.T.);
#4210=EDGE_CURVE('',#345,#317,#4213,.T.);
#4211=LINE('',#316,#4214);
#4212=LINE('',#280,#4215);
#4213=LINE('',#344,#4216);
#4214=VECTOR('',#4217,1.0);
#4215=VECTOR('',#4218,1.0);
#4216=VECTOR('',#4219,1.0);
#4217=DIRECTION('',(0.4726197760627696,0.8812664451086161,0));
#4218=DIRECTION('',(-0.7946129957657642,-0.6071162878396177,0));
#4219=DIRECTION('',(0.985103076432906,-0.17196490572911802,0));
#4220=FACE_SURFACE('',(#4225),#4221,.T.);
#4221=PLANE('',#4222);
#4222=AXIS2_PLACEMENT_3D('',#346,#4223,#4224);
#4223=DIRECTION('',(-0.7230859200712477,-0.6907580996229558,0));
#4224=DIRECTION('',(0,0,1));
#4225=FACE_BOUND('',#4226,.T.);
#4226=EDGE_LOOP('',(#4227,#4228,#4229));
#4227=ORIENTED_EDGE('',*,*,#4230,.T.);
#4228=ORIENTED_EDGE('',*,*,#4231,.T.);
#4229=ORIENTED_EDGE('',*,*,#4232,.T.);
#4230=EDGE_CURVE('',#347,#351,#4233,.F.);
#4231=EDGE_CURVE('',#351,#279,#4234,.T.);
#4232=EDGE_CURVE('',#279,#347,#4235,.T.);
#4233=LINE('',#346,#4236);
#4234=LINE('',#350,#4237);
#4235=LINE('',#278,#4238);
#4236=VECTOR('',#4239,1.0);
#4237=VECTOR('',#4240,1.0);
#4238=VECTOR('',#4241,1.0);
#4239=DIRECTION('',(0,0,1));
#4240=DIRECTION('',(-0.6907580996229558,0.7230859200712477,0));
#4241=DIRECTION('',(0.10047087808454395,-0.10517296483354084,-0.9893655796140491));
#4242=FACE_SURFACE('',(#4247),#4243,.T.);
#4243=PLANE('',#4244);
#4244=AXIS2_PLACEMENT_3D('',#116,#4245,#4246);
#4245=DIRECTION('',(-0.7935266149915586,-0.6085355464556188,-0));
#4246=DIRECTION('',(0,0,-1));
#4247=FACE_BOUND('',#4248,.T.);
#4248=EDGE_LOOP('',(#4249,#4250,#4251));
#4249=ORIENTED_EDGE('',*,*,#4252,.T.);
#4250=ORIENTED_EDGE('',*,*,#4253,.T.);
#4251=ORIENTED_EDGE('',*,*,#4254,.T.);
#4252=EDGE_CURVE('',#117,#131,#4255,.F.);
#4253=EDGE_CURVE('',#131,#113,#4256,.T.);
#4254=EDGE_CURVE('',#113,#117,#4257,.T.);
#4255=LINE('',#116,#4258);
#4256=LINE('',#130,#4259);
#4257=LINE('',#112,#4260);
#4258=VECTOR('',#4261,1.0);
#4259=VECTOR('',#4262,1.0);
#4260=VECTOR('',#4263,1.0);
#4261=DIRECTION('',(0,0,-1));
#4262=DIRECTION('',(0.11707998810735203,-0.15267158539415698,0.9813173102508775));
#4263=DIRECTION('',(-0.6085355464556188,0.7935266149915586,0));
#4264=FACE_SURFACE('',(#4269),#4265,.T.);
#4265=PLANE('',#4266);
#4266=AXIS2_PLACEMENT_3D('',#348,#4267,#4268);
#4267=DIRECTION('',(-0,0,1));
#4268=DIRECTION('',(0.3617432006199963,-0.9322777787790509,0));
#4269=FACE_BOUND('',#4270,.T.);
#4270=EDGE_LOOP('',(#4271,#4272,#4273));
#4271=ORIENTED_EDGE('',*,*,#4274,.T.);
#4272=ORIENTED_EDGE('',*,*,#4275,.T.);
#4273=ORIENTED_EDGE('',*,*,#4276,.T.);
#4274=EDGE_CURVE('',#349,#353,#4277,.F.);
#4275=EDGE_CURVE('',#353,#281,#4278,.T.);
#4276=EDGE_CURVE('',#281,#349,#4279,.T.);
#4277=LINE('',#348,#4280);
#4278=LINE('',#352,#4281);
#4279=LINE('',#280,#4282);
#4280=VECTOR('',#4283,1.0);
#4281=VECTOR('',#4284,1.0);
#4282=VECTOR('',#4285,1.0);
#4283=DIRECTION('',(0.3617432006199963,-0.9322777787790509,0));
#4284=DIRECTION('',(0.8008259441636637,0.5988971590802353,0));
#4285=DIRECTION('',(-0.8008283084066583,-0.5988939976778278,0));
#4286=FACE_SURFACE('',(#4291),#4287,.T.);
#4287=PLANE('',#4288);
#4288=AXIS2_PLACEMENT_3D('',#284,#4289,#4290);
#4289=DIRECTION('',(0.9332257031570206,-0.35929067197338216,0));
#4290=DIRECTION('',(0,0,1));
#4291=FACE_BOUND('',#4292,.T.);
#4292=EDGE_LOOP('',(#4293,#4294,#4295));
#4293=ORIENTED_EDGE('',*,*,#4296,.T.);
#4294=ORIENTED_EDGE('',*,*,#4297,.T.);
#4295=ORIENTED_EDGE('',*,*,#4298,.T.);
#4296=EDGE_CURVE('',#285,#355,#4299,.F.);
#4297=EDGE_CURVE('',#355,#299,#4300,.T.);
#4298=EDGE_CURVE('',#299,#285,#4301,.T.);
#4299=LINE('',#284,#4302);
#4300=LINE('',#354,#4303);
#4301=LINE('',#298,#4304);
#4302=VECTOR('',#4305,1.0);
#4303=VECTOR('',#4306,1.0);
#4304=VECTOR('',#4307,1.0);
#4305=DIRECTION('',(0,0,1));
#4306=DIRECTION('',(-0.3592554745708177,-0.9331342810207957,-0.013997055929704728));
#4307=DIRECTION('',(0.313803431139736,0.8150766232532789,-0.48700873178102416));
#4308=FACE_SURFACE('',(#4313),#4309,.T.);
#4309=PLANE('',#4310);
#4310=AXIS2_PLACEMENT_3D('',#116,#4311,#4312);
#4311=DIRECTION('',(-0.6255241981125662,-0.7802047664399591,-0));
#4312=DIRECTION('',(-0.7802047664399591,0.6255241981125661,0));
#4313=FACE_BOUND('',#4314,.T.);
#4314=EDGE_LOOP('',(#4315,#4316,#4317));
#4315=ORIENTED_EDGE('',*,*,#4318,.T.);
#4316=ORIENTED_EDGE('',*,*,#4319,.T.);
#4317=ORIENTED_EDGE('',*,*,#4320,.T.);
#4318=EDGE_CURVE('',#117,#133,#4321,.F.);
#4319=EDGE_CURVE('',#133,#131,#4322,.T.);
#4320=EDGE_CURVE('',#131,#117,#4323,.T.);
#4321=LINE('',#116,#4324);
#4322=LINE('',#132,#4325);
#4323=LINE('',#130,#4326);
#4324=VECTOR('',#4327,1.0);
#4325=VECTOR('',#4328,1.0);
#4326=VECTOR('',#4329,1.0);
#4327=DIRECTION('',(-0.7802047664399591,0.6255241981125661,0));
#4328=DIRECTION('',(0.11358417066111202,-0.09106538479028968,-0.9893461132830229));
#4329=DIRECTION('',(0,0,1));
#4330=FACE_SURFACE('',(#4335),#4331,.T.);
#4331=PLANE('',#4332);
#4332=AXIS2_PLACEMENT_3D('',#176,#4333,#4334);
#4333=DIRECTION('',(0.2776985969764771,-0.16323168140545,-0.9466989529004698));
#4334=DIRECTION('',(-0.949161082248499,0.10545116765431008,-0.29660291836932534));
#4335=FACE_BOUND('',#4336,.T.);
#4336=EDGE_LOOP('',(#4337,#4338,#4339));
#4337=ORIENTED_EDGE('',*,*,#4340,.T.);
#4338=ORIENTED_EDGE('',*,*,#4341,.T.);
#4339=ORIENTED_EDGE('',*,*,#4342,.T.);
#4340=EDGE_CURVE('',#177,#265,#4343,.F.);
#4341=EDGE_CURVE('',#265,#299,#4344,.T.);
#4342=EDGE_CURVE('',#299,#177,#4345,.T.);
#4343=LINE('',#176,#4346);
#4344=LINE('',#264,#4347);
#4345=LINE('',#298,#4348);
#4346=VECTOR('',#4349,1.0);
#4347=VECTOR('',#4350,1.0);
#4348=VECTOR('',#4351,1.0);
#4349=DIRECTION('',(-0.949161082248499,0.10545116765431008,-0.29660291836932534));
#4350=DIRECTION('',(0.4849012643552578,0.8745271087688552,-0.008549845323704645));
#4351=DIRECTION('',(-0.3259312083114968,-0.9430170470928042,0.06699027049486751));
#4352=FACE_SURFACE('',(#4357),#4353,.T.);
#4353=PLANE('',#4354);
#4354=AXIS2_PLACEMENT_3D('',#154,#4355,#4356);
#4355=DIRECTION('',(-0.8964590242491418,-0.4431266386060272,0));
#4356=DIRECTION('',(0,0,1));
#4357=FACE_BOUND('',#4358,.T.);
#4358=EDGE_LOOP('',(#4359,#4360,#4361));
#4359=ORIENTED_EDGE('',*,*,#4362,.T.);
#4360=ORIENTED_EDGE('',*,*,#4363,.T.);
#4361=ORIENTED_EDGE('',*,*,#4364,.T.);
#4362=EDGE_CURVE('',#155,#151,#4365,.F.);
#4363=EDGE_CURVE('',#151,#113,#4366,.T.);
#4364=EDGE_CURVE('',#113,#155,#4367,.T.);
#4365=LINE('',#154,#4368);
#4366=LINE('',#150,#4369);
#4367=LINE('',#112,#4370);
#4368=VECTOR('',#4371,1.0);
#4369=VECTOR('',#4372,1.0);
#4370=VECTOR('',#4373,1.0);
#4371=DIRECTION('',(0,0,1));
#4372=DIRECTION('',(-0.4431266386060272,0.8964590242491418,0));
#4373=DIRECTION('',(0.043312364971216995,-0.08762226654250115,-0.9952117249342247));
#4374=FACE_SURFACE('',(#4379),#4375,.T.);
#4375=PLANE('',#4376);
#4376=AXIS2_PLACEMENT_3D('',#264,#4377,#4378);
#4377=DIRECTION('',(0.1079439010410086,-0.06954752770435174,-0.9917213598679123));
#4378=DIRECTION('',(0.2099563153215245,0.9766450525059871,-0.04563756207540484));
#4379=FACE_BOUND('',#4380,.T.);
#4380=EDGE_LOOP('',(#4381,#4382,#4383));
#4381=ORIENTED_EDGE('',*,*,#4384,.T.);
#4382=ORIENTED_EDGE('',*,*,#4385,.T.);
#4383=ORIENTED_EDGE('',*,*,#4386,.T.);
#4384=EDGE_CURVE('',#265,#293,#4387,.F.);
#4385=EDGE_CURVE('',#293,#299,#4388,.T.);
#4386=EDGE_CURVE('',#299,#265,#4389,.T.);
#4387=LINE('',#264,#4390);
#4388=LINE('',#292,#4391);
#4389=LINE('',#298,#4392);
#4390=VECTOR('',#4393,1.0);
#4391=VECTOR('',#4394,1.0);
#4392=VECTOR('',#4395,1.0);
#4393=DIRECTION('',(0.2099563153215245,0.9766450525059871,-0.04563756207540484));
#4394=DIRECTION('',(0.523314297857201,0.8521351501979835,-0.002798473742032982));
#4395=DIRECTION('',(-0.4849012643552578,-0.8745271087688552,0.008549845323704645));
#4396=FACE_SURFACE('',(#4401),#4397,.T.);
#4397=PLANE('',#4398);
#4398=AXIS2_PLACEMENT_3D('',#356,#4399,#4400);
#4399=DIRECTION('',(0,0,-1));
#4400=DIRECTION('',(-0.6996093574440915,0.7145255397651404,0));
#4401=FACE_BOUND('',#4402,.T.);
#4402=EDGE_LOOP('',(#4403,#4404,#4405));
#4403=ORIENTED_EDGE('',*,*,#4406,.T.);
#4404=ORIENTED_EDGE('',*,*,#4407,.T.);
#4405=ORIENTED_EDGE('',*,*,#4408,.T.);
#4406=EDGE_CURVE('',#357,#189,#4409,.F.);
#4407=EDGE_CURVE('',#189,#73,#4410,.T.);
#4408=EDGE_CURVE('',#73,#357,#4411,.T.);
#4409=LINE('',#356,#4412);
#4410=LINE('',#188,#4413);
#4411=LINE('',#72,#4414);
#4412=VECTOR('',#4415,1.0);
#4413=VECTOR('',#4416,1.0);
#4414=VECTOR('',#4417,1.0);
#4415=DIRECTION('',(-0.6996093574440915,0.7145255397651404,0));
#4416=DIRECTION('',(0.8660040549802769,-0.500036975390538,0));
#4417=DIRECTION('',(-0.6066333472331387,-0.7949817494915958,0));
#4418=FACE_SURFACE('',(#4423),#4419,.T.);
#4419=PLANE('',#4420);
#4420=AXIS2_PLACEMENT_3D('',#162,#4421,#4422);
#4421=DIRECTION('',(0.08138265838280694,-0.9966829299805167,0));
#4422=DIRECTION('',(-0.9966421848641488,-0.0813793314010895,-0.009042110922101677));
#4423=FACE_BOUND('',#4424,.T.);
#4424=EDGE_LOOP('',(#4425,#4426,#4427));
#4425=ORIENTED_EDGE('',*,*,#4428,.T.);
#4426=ORIENTED_EDGE('',*,*,#4429,.T.);
#4427=ORIENTED_EDGE('',*,*,#4430,.T.);
#4428=EDGE_CURVE('',#163,#359,#4431,.F.);
#4429=EDGE_CURVE('',#359,#123,#4432,.T.);
#4430=EDGE_CURVE('',#123,#163,#4433,.T.);
#4431=LINE('',#162,#4434);
#4432=LINE('',#358,#4435);
#4433=LINE('',#122,#4436);
#4434=VECTOR('',#4437,1.0);
#4435=VECTOR('',#4438,1.0);
#4436=VECTOR('',#4439,1.0);
#4437=DIRECTION('',(-0.9966421848641488,-0.0813793314010895,-0.009042110922101677));
#4438=DIRECTION('',(0.9966677128543584,0.08138141585106243,-0.005525876196476962));
#4439=DIRECTION('',(0,0,1));
#4440=FACE_SURFACE('',(#4445),#4441,.T.);
#4441=PLANE('',#4442);
#4442=AXIS2_PLACEMENT_3D('',#44,#4443,#4444);
#4443=DIRECTION('',(0.178442750324351,-0.7986890754996504,-0.5746772533641774));
#4444=DIRECTION('',(-0.981756107278855,-0.18350487984035313,-0.04980868293226527));
#4445=FACE_BOUND('',#4446,.T.);
#4446=EDGE_LOOP('',(#4447,#4448,#4449));
#4447=ORIENTED_EDGE('',*,*,#4450,.T.);
#4448=ORIENTED_EDGE('',*,*,#4451,.T.);
#4449=ORIENTED_EDGE('',*,*,#4452,.T.);
#4450=EDGE_CURVE('',#45,#123,#4453,.F.);
#4451=EDGE_CURVE('',#123,#67,#4454,.T.);
#4452=EDGE_CURVE('',#67,#45,#4455,.T.);
#4453=LINE('',#44,#4456);
#4454=LINE('',#122,#4457);
#4455=LINE('',#66,#4458);
#4456=VECTOR('',#4459,1.0);
#4457=VECTOR('',#4460,1.0);
#4458=VECTOR('',#4461,1.0);
#4459=DIRECTION('',(-0.981756107278855,-0.18350487984035313,-0.04980868293226527));
#4460=DIRECTION('',(0.9759389749505105,0.2180438423174266,0));
#4461=DIRECTION('',(-0.9709719780664527,-0.23748233261413026,0.028558002483920757));
#4462=FACE_SURFACE('',(#4467),#4463,.T.);
#4463=PLANE('',#4464);
#4464=AXIS2_PLACEMENT_3D('',#298,#4465,#4466);
#4465=DIRECTION('',(0.1891703751306066,-0.13448052051023507,-0.9726919135966136));
#4466=DIRECTION('',(0.8696545031551309,-0.4370417197849335,0.22955517922588906));
#4467=FACE_BOUND('',#4468,.T.);
#4468=EDGE_LOOP('',(#4469,#4470,#4471));
#4469=ORIENTED_EDGE('',*,*,#4472,.T.);
#4470=ORIENTED_EDGE('',*,*,#4473,.T.);
#4471=ORIENTED_EDGE('',*,*,#4474,.T.);
#4472=EDGE_CURVE('',#299,#127,#4475,.F.);
#4473=EDGE_CURVE('',#127,#177,#4476,.T.);
#4474=EDGE_CURVE('',#177,#299,#4477,.T.);
#4475=LINE('',#298,#4478);
#4476=LINE('',#126,#4479);
#4477=LINE('',#176,#4480);
#4478=VECTOR('',#4481,1.0);
#4479=VECTOR('',#4482,1.0);
#4480=VECTOR('',#4483,1.0);
#4481=DIRECTION('',(0.8696545031551309,-0.4370417197849335,0.22955517922588906));
#4482=DIRECTION('',(-0.5794075033916947,-0.8150380021897158,0));
#4483=DIRECTION('',(0.3259312083114968,0.9430170470928042,-0.06699027049486751));
#4484=FACE_SURFACE('',(#4489),#4485,.T.);
#4485=PLANE('',#4486);
#4486=AXIS2_PLACEMENT_3D('',#44,#4487,#4488);
#4487=DIRECTION('',(0.18373293333983953,-0.982976199715099,0));
#4488=DIRECTION('',(-0.9829076391667079,-0.18372011834933322,-0.011810630018584031));
#4489=FACE_BOUND('',#4490,.T.);
#4490=EDGE_LOOP('',(#4491,#4492,#4493));
#4491=ORIENTED_EDGE('',*,*,#4494,.T.);
#4492=ORIENTED_EDGE('',*,*,#4495,.T.);
#4493=ORIENTED_EDGE('',*,*,#4496,.T.);
#4494=EDGE_CURVE('',#45,#163,#4497,.F.);
#4495=EDGE_CURVE('',#163,#123,#4498,.T.);
#4496=EDGE_CURVE('',#123,#45,#4499,.T.);
#4497=LINE('',#44,#4500);
#4498=LINE('',#162,#4501);
#4499=LINE('',#122,#4502);
#4500=VECTOR('',#4503,1.0);
#4501=VECTOR('',#4504,1.0);
#4502=VECTOR('',#4505,1.0);
#4503=DIRECTION('',(-0.9829076391667079,-0.18372011834933322,-0.011810630018584031));
#4504=DIRECTION('',(0,0,-1));
#4505=DIRECTION('',(0.981756107278855,0.18350487984035313,0.04980868293226527));
#4506=FACE_SURFACE('',(#4511),#4507,.T.);
#4507=PLANE('',#4508);
#4508=AXIS2_PLACEMENT_3D('',#284,#4509,#4510);
#4509=DIRECTION('',(0,-1,0));
#4510=DIRECTION('',(1,0,0));
#4511=FACE_BOUND('',#4512,.T.);
#4512=EDGE_LOOP('',(#4513,#4514,#4515));
#4513=ORIENTED_EDGE('',*,*,#4516,.T.);
#4514=ORIENTED_EDGE('',*,*,#4517,.T.);
#4515=ORIENTED_EDGE('',*,*,#4518,.T.);
#4516=EDGE_CURVE('',#285,#71,#4519,.F.);
#4517=EDGE_CURVE('',#71,#355,#4520,.T.);
#4518=EDGE_CURVE('',#355,#285,#4521,.T.);
#4519=LINE('',#284,#4522);
#4520=LINE('',#70,#4523);
#4521=LINE('',#354,#4524);
#4522=VECTOR('',#4525,1.0);
#4523=VECTOR('',#4526,1.0);
#4524=VECTOR('',#4527,1.0);
#4525=DIRECTION('',(1,0,0));
#4526=DIRECTION('',(-0.6227452033482581,0,0.7824247003429383));
#4527=DIRECTION('',(0,0,-1));
#4528=FACE_SURFACE('',(#4533),#4529,.T.);
#4529=PLANE('',#4530);
#4530=AXIS2_PLACEMENT_3D('',#142,#4531,#4532);
#4531=DIRECTION('',(0,-1,-0));
#4532=DIRECTION('',(-0.9610674784449543,0,-0.2763137743136543));
#4533=FACE_BOUND('',#4534,.T.);
#4534=EDGE_LOOP('',(#4535,#4536,#4537));
#4535=ORIENTED_EDGE('',*,*,#4538,.T.);
#4536=ORIENTED_EDGE('',*,*,#4539,.T.);
#4537=ORIENTED_EDGE('',*,*,#4540,.T.);
#4538=EDGE_CURVE('',#143,#355,#4541,.F.);
#4539=EDGE_CURVE('',#355,#71,#4542,.T.);
#4540=EDGE_CURVE('',#71,#143,#4543,.T.);
#4541=LINE('',#142,#4544);
#4542=LINE('',#354,#4545);
#4543=LINE('',#70,#4546);
#4544=VECTOR('',#4547,1.0);
#4545=VECTOR('',#4548,1.0);
#4546=VECTOR('',#4549,1.0);
#4547=DIRECTION('',(-0.9610674784449543,0,-0.2763137743136543));
#4548=DIRECTION('',(0.6227452033482581,0,-0.7824247003429383));
#4549=DIRECTION('',(-0.11942660139810544,0,0.9928430323462506));
#4550=FACE_SURFACE('',(#4555),#4551,.T.);
#4551=PLANE('',#4552);
#4552=AXIS2_PLACEMENT_3D('',#126,#4553,#4554);
#4553=DIRECTION('',(0.2757357330979065,-0.06464960579552627,-0.9590569503233075));
#4554=DIRECTION('',(-0.08549280462985182,0.9921321658650565,-0.09145898431774724));
#4555=FACE_BOUND('',#4556,.T.);
#4556=EDGE_LOOP('',(#4557,#4558,#4559));
#4557=ORIENTED_EDGE('',*,*,#4560,.T.);
#4558=ORIENTED_EDGE('',*,*,#4561,.T.);
#4559=ORIENTED_EDGE('',*,*,#4562,.T.);
#4560=EDGE_CURVE('',#127,#355,#4563,.F.);
#4561=EDGE_CURVE('',#355,#143,#4564,.T.);
#4562=EDGE_CURVE('',#143,#127,#4565,.T.);
#4563=LINE('',#126,#4566);
#4564=LINE('',#354,#4567);
#4565=LINE('',#142,#4568);
#4566=VECTOR('',#4569,1.0);
#4567=VECTOR('',#4570,1.0);
#4568=VECTOR('',#4571,1.0);
#4569=DIRECTION('',(-0.08549280462985182,0.9921321658650565,-0.09145898431774724));
#4570=DIRECTION('',(0.9610674784449543,0,0.2763137743136543));
#4571=DIRECTION('',(-0.22827179628027583,-0.9735974460848673,0));
#4572=FACE_SURFACE('',(#4577),#4573,.T.);
#4573=PLANE('',#4574);
#4574=AXIS2_PLACEMENT_3D('',#126,#4575,#4576);
#4575=DIRECTION('',(0.2212651179139888,-0.07059691119407055,-0.9726550383997222));
#4576=DIRECTION('',(-0.8696545031551309,0.4370417197849335,-0.22955517922588906));
#4577=FACE_BOUND('',#4578,.T.);
#4578=EDGE_LOOP('',(#4579,#4580,#4581));
#4579=ORIENTED_EDGE('',*,*,#4582,.T.);
#4580=ORIENTED_EDGE('',*,*,#4583,.T.);
#4581=ORIENTED_EDGE('',*,*,#4584,.T.);
#4582=EDGE_CURVE('',#127,#299,#4585,.F.);
#4583=EDGE_CURVE('',#299,#355,#4586,.T.);
#4584=EDGE_CURVE('',#355,#127,#4587,.T.);
#4585=LINE('',#126,#4588);
#4586=LINE('',#298,#4589);
#4587=LINE('',#354,#4590);
#4588=VECTOR('',#4591,1.0);
#4589=VECTOR('',#4592,1.0);
#4590=VECTOR('',#4593,1.0);
#4591=DIRECTION('',(-0.8696545031551309,0.4370417197849335,-0.22955517922588906));
#4592=DIRECTION('',(0.3592554745708177,0.9331342810207957,0.013997055929704728));
#4593=DIRECTION('',(0.08549280462985182,-0.9921321658650565,0.09145898431774724));
#4594=FACE_SURFACE('',(#4599),#4595,.T.);
#4595=PLANE('',#4596);
#4596=AXIS2_PLACEMENT_3D('',#360,#4597,#4598);
#4597=DIRECTION('',(-0.8969571293417441,0.44211752750034455,0));
#4598=DIRECTION('',(0,0,1));
#4599=FACE_BOUND('',#4600,.T.);
#4600=EDGE_LOOP('',(#4601,#4602,#4603));
#4601=ORIENTED_EDGE('',*,*,#4604,.T.);
#4602=ORIENTED_EDGE('',*,*,#4605,.T.);
#4603=ORIENTED_EDGE('',*,*,#4606,.T.);
#4604=EDGE_CURVE('',#361,#321,#4607,.F.);
#4605=EDGE_CURVE('',#321,#327,#4608,.T.);
#4606=EDGE_CURVE('',#327,#361,#4609,.T.);
#4607=LINE('',#360,#4610);
#4608=LINE('',#320,#4611);
#4609=LINE('',#326,#4612);
#4610=VECTOR('',#4613,1.0);
#4611=VECTOR('',#4614,1.0);
#4612=VECTOR('',#4615,1.0);
#4613=DIRECTION('',(0,0,1));
#4614=DIRECTION('',(0.04331141946942924,0.08786913899265192,-0.9951899996263192));
#4615=DIRECTION('',(-0.4421175275003445,-0.896957129341744,0));
#4616=FACE_SURFACE('',(#4621),#4617,.T.);
#4617=PLANE('',#4618);
#4618=AXIS2_PLACEMENT_3D('',#356,#4619,#4620);
#4619=DIRECTION('',(0,0,-1));
#4620=DIRECTION('',(0.6066333472331387,0.7949817494915958,0));
#4621=FACE_BOUND('',#4622,.T.);
#4622=EDGE_LOOP('',(#4623,#4624,#4625));
#4623=ORIENTED_EDGE('',*,*,#4626,.T.);
#4624=ORIENTED_EDGE('',*,*,#4627,.T.);
#4625=ORIENTED_EDGE('',*,*,#4628,.T.);
#4626=EDGE_CURVE('',#357,#73,#4629,.F.);
#4627=EDGE_CURVE('',#73,#311,#4630,.T.);
#4628=EDGE_CURVE('',#311,#357,#4631,.T.);
#4629=LINE('',#356,#4632);
#4630=LINE('',#72,#4633);
#4631=LINE('',#310,#4634);
#4632=VECTOR('',#4635,1.0);
#4633=VECTOR('',#4636,1.0);
#4634=VECTOR('',#4637,1.0);
#4635=DIRECTION('',(0.6066333472331387,0.7949817494915958,0));
#4636=DIRECTION('',(-0.5046359760182639,-0.8633322255702576,0));
#4637=DIRECTION('',(-0.9918615729141267,0.12732093377098133,0));
#4638=FACE_SURFACE('',(#4643),#4639,.T.);
#4639=PLANE('',#4640);
#4640=AXIS2_PLACEMENT_3D('',#362,#4641,#4642);
#4641=DIRECTION('',(-0.9913223334356871,-0.1314106440902147,0.0033576556433838702));
#4642=DIRECTION('',(0.13141138484851628,-0.9913279214932842,0));
#4643=FACE_BOUND('',#4644,.T.);
#4644=EDGE_LOOP('',(#4645,#4646,#4647));
#4645=ORIENTED_EDGE('',*,*,#4648,.T.);
#4646=ORIENTED_EDGE('',*,*,#4649,.T.);
#4647=ORIENTED_EDGE('',*,*,#4650,.T.);
#4648=EDGE_CURVE('',#363,#301,#4651,.F.);
#4649=EDGE_CURVE('',#301,#313,#4652,.T.);
#4650=EDGE_CURVE('',#313,#363,#4653,.T.);
#4651=LINE('',#362,#4654);
#4652=LINE('',#300,#4655);
#4653=LINE('',#312,#4656);
#4654=VECTOR('',#4657,1.0);
#4655=VECTOR('',#4658,1.0);
#4656=VECTOR('',#4659,1.0);
#4657=DIRECTION('',(0.13141138484851628,-0.9913279214932842,0));
#4658=DIRECTION('',(-0.015829587233637074,0.14469238994733863,0.9893500575930342));
#4659=DIRECTION('',(-0.009751140704857768,0.04803952074089355,-0.998797837253335));
#4660=FACE_SURFACE('',(#4665),#4661,.T.);
#4661=PLANE('',#4662);
#4662=AXIS2_PLACEMENT_3D('',#362,#4663,#4664);
#4663=DIRECTION('',(-0.991349144412967,-0.13120797499583386,0.0033676652403233564));
#4664=DIRECTION('',(0.009751140704857768,-0.04803952074089355,0.998797837253335));
#4665=FACE_BOUND('',#4666,.T.);
#4666=EDGE_LOOP('',(#4667,#4668,#4669));
#4667=ORIENTED_EDGE('',*,*,#4670,.T.);
#4668=ORIENTED_EDGE('',*,*,#4671,.T.);
#4669=ORIENTED_EDGE('',*,*,#4672,.T.);
#4670=EDGE_CURVE('',#363,#313,#4673,.F.);
#4671=EDGE_CURVE('',#313,#345,#4674,.T.);
#4672=EDGE_CURVE('',#345,#363,#4675,.T.);
#4673=LINE('',#362,#4676);
#4674=LINE('',#312,#4677);
#4675=LINE('',#344,#4678);
#4676=VECTOR('',#4679,1.0);
#4677=VECTOR('',#4680,1.0);
#4678=VECTOR('',#4681,1.0);
#4679=DIRECTION('',(0.009751140704857768,-0.04803952074089355,0.998797837253335));
#4680=DIRECTION('',(-0.131208719028083,0.9913547659899606,0));
#4681=DIRECTION('',(-0.00973832179642001,0.04794254395964214,-0.998802621926508));
#4682=FACE_SURFACE('',(#4687),#4683,.T.);
#4683=PLANE('',#4684);
#4684=AXIS2_PLACEMENT_3D('',#362,#4685,#4686);
#4685=DIRECTION('',(-0.9465982144052476,-0.3223551401808189,-0.006243723552619482));
#4686=DIRECTION('',(0.00973832179642001,-0.04794254395964214,0.998802621926508));
#4687=FACE_BOUND('',#4688,.T.);
#4688=EDGE_LOOP('',(#4689,#4690,#4691));
#4689=ORIENTED_EDGE('',*,*,#4692,.T.);
#4690=ORIENTED_EDGE('',*,*,#4693,.T.);
#4691=ORIENTED_EDGE('',*,*,#4694,.T.);
#4692=EDGE_CURVE('',#363,#345,#4695,.F.);
#4693=EDGE_CURVE('',#345,#353,#4696,.T.);
#4694=EDGE_CURVE('',#353,#363,#4697,.T.);
#4695=LINE('',#362,#4698);
#4696=LINE('',#344,#4699);
#4697=LINE('',#352,#4700);
#4698=VECTOR('',#4701,1.0);
#4699=VECTOR('',#4702,1.0);
#4700=VECTOR('',#4703,1.0);
#4701=DIRECTION('',(0.00973832179642001,-0.04794254395964214,0.998802621926508));
#4702=DIRECTION('',(-0.3223614237244375,0.946616666076799,0));
#4703=DIRECTION('',(0.05268393271216168,-0.13554356817900975,-0.9893696702240689));
#4704=FACE_SURFACE('',(#4709),#4705,.T.);
#4705=PLANE('',#4706);
#4706=AXIS2_PLACEMENT_3D('',#364,#4707,#4708);
#4707=DIRECTION('',(-0.9320685371224479,-0.36228199252297705,-4.2592084272524634E-08));
#4708=DIRECTION('',(0.3622819925229773,-0.9320685371224486,0));
#4709=FACE_BOUND('',#4710,.T.);
#4710=EDGE_LOOP('',(#4711,#4712,#4713));
#4711=ORIENTED_EDGE('',*,*,#4714,.T.);
#4712=ORIENTED_EDGE('',*,*,#4715,.T.);
#4713=ORIENTED_EDGE('',*,*,#4716,.T.);
#4714=EDGE_CURVE('',#365,#363,#4717,.F.);
#4715=EDGE_CURVE('',#363,#353,#4718,.T.);
#4716=EDGE_CURVE('',#353,#365,#4719,.T.);
#4717=LINE('',#364,#4720);
#4718=LINE('',#362,#4721);
#4719=LINE('',#352,#4722);
#4720=VECTOR('',#4723,1.0);
#4721=VECTOR('',#4724,1.0);
#4722=VECTOR('',#4725,1.0);
#4723=DIRECTION('',(0.3622819925229773,-0.9320685371224486,0));
#4724=DIRECTION('',(-0.05268393271216168,0.13554356817900975,0.9893696702240689));
#4725=DIRECTION('',(-2.6656605067627543E-05,6.86989016507985E-05,-0.9999999972849432));
#4726=FACE_SURFACE('',(#4731),#4727,.T.);
#4727=PLANE('',#4728);
#4728=AXIS2_PLACEMENT_3D('',#364,#4729,#4730);
#4729=DIRECTION('',(-0.932277778779051,-0.3617432006199964,0));
#4730=DIRECTION('',(2.6656605067627543E-05,-6.86989016507985E-05,0.9999999972849432));
#4731=FACE_BOUND('',#4732,.T.);
#4732=EDGE_LOOP('',(#4733,#4734,#4735));
#4733=ORIENTED_EDGE('',*,*,#4736,.T.);
#4734=ORIENTED_EDGE('',*,*,#4737,.T.);
#4735=ORIENTED_EDGE('',*,*,#4738,.T.);
#4736=EDGE_CURVE('',#365,#353,#4739,.F.);
#4737=EDGE_CURVE('',#353,#349,#4740,.T.);
#4738=EDGE_CURVE('',#349,#365,#4741,.T.);
#4739=LINE('',#364,#4742);
#4740=LINE('',#352,#4743);
#4741=LINE('',#348,#4744);
#4742=VECTOR('',#4745,1.0);
#4743=VECTOR('',#4746,1.0);
#4744=VECTOR('',#4747,1.0);
#4745=DIRECTION('',(2.6656605067627543E-05,-6.86989016507985E-05,0.9999999972849432));
#4746=DIRECTION('',(-0.3617432006199963,0.9322777787790509,0));
#4747=DIRECTION('',(0,0,-1));
#4748=FACE_SURFACE('',(#4753),#4749,.T.);
#4749=PLANE('',#4750);
#4750=AXIS2_PLACEMENT_3D('',#324,#4751,#4752);
#4751=DIRECTION('',(-0.8550835309471171,0.5184902651959926,0));
#4752=DIRECTION('',(0.5184872681866899,0.855078588340729,-0.003400071988907795));
#4753=FACE_BOUND('',#4754,.T.);
#4754=EDGE_LOOP('',(#4755,#4756,#4757));
#4755=ORIENTED_EDGE('',*,*,#4758,.T.);
#4756=ORIENTED_EDGE('',*,*,#4759,.T.);
#4757=ORIENTED_EDGE('',*,*,#4760,.T.);
#4758=EDGE_CURVE('',#325,#323,#4761,.F.);
#4759=EDGE_CURVE('',#323,#141,#4762,.T.);
#4760=EDGE_CURVE('',#141,#325,#4763,.T.);
#4761=LINE('',#324,#4764);
#4762=LINE('',#322,#4765);
#4763=LINE('',#140,#4766);
#4764=VECTOR('',#4767,1.0);
#4765=VECTOR('',#4768,1.0);
#4766=VECTOR('',#4769,1.0);
#4767=DIRECTION('',(0.5184872681866899,0.855078588340729,-0.003400071988907795));
#4768=DIRECTION('',(-0.07577241949527115,-0.12496232303596082,-0.9892638466381396));
#4769=DIRECTION('',(0,0,1));
#4770=FACE_SURFACE('',(#4775),#4771,.T.);
#4771=PLANE('',#4772);
#4772=AXIS2_PLACEMENT_3D('',#46,#4773,#4774);
#4773=DIRECTION('',(-0.855083530947117,0.5184902651959926,0));
#4774=DIRECTION('',(-0.5184872684685771,-0.8550785888056115,-0.003399912086756725));
#4775=FACE_BOUND('',#4776,.T.);
#4776=EDGE_LOOP('',(#4777,#4778,#4779));
#4777=ORIENTED_EDGE('',*,*,#4780,.T.);
#4778=ORIENTED_EDGE('',*,*,#4781,.T.);
#4779=ORIENTED_EDGE('',*,*,#4782,.T.);
#4780=EDGE_CURVE('',#47,#141,#4783,.F.);
#4781=EDGE_CURVE('',#141,#323,#4784,.T.);
#4782=EDGE_CURVE('',#323,#47,#4785,.T.);
#4783=LINE('',#46,#4786);
#4784=LINE('',#140,#4787);
#4785=LINE('',#322,#4788);
#4786=VECTOR('',#4789,1.0);
#4787=VECTOR('',#4790,1.0);
#4788=VECTOR('',#4791,1.0);
#4789=DIRECTION('',(-0.5184872684685771,-0.8550785888056115,-0.003399912086756725));
#4790=DIRECTION('',(0.07577241949527115,0.12496232303596082,0.9892638466381396));
#4791=DIRECTION('',(0,0,-1));
#4792=FACE_SURFACE('',(#4797),#4793,.T.);
#4793=PLANE('',#4794);
#4794=AXIS2_PLACEMENT_3D('',#348,#4795,#4796);
#4795=DIRECTION('',(-0.8550830186606988,-0.518491110047325,-0));
#4796=DIRECTION('',(-0.07547550553666689,0.12447238122047022,-0.9893483079165247));
#4797=FACE_BOUND('',#4798,.T.);
#4798=EDGE_LOOP('',(#4799,#4800,#4801));
#4799=ORIENTED_EDGE('',*,*,#4802,.T.);
#4800=ORIENTED_EDGE('',*,*,#4803,.T.);
#4801=ORIENTED_EDGE('',*,*,#4804,.T.);
#4802=EDGE_CURVE('',#349,#347,#4805,.F.);
#4803=EDGE_CURVE('',#347,#365,#4806,.T.);
#4804=EDGE_CURVE('',#365,#349,#4807,.T.);
#4805=LINE('',#348,#4808);
#4806=LINE('',#346,#4809);
#4807=LINE('',#364,#4810);
#4808=VECTOR('',#4811,1.0);
#4809=VECTOR('',#4812,1.0);
#4810=VECTOR('',#4813,1.0);
#4811=DIRECTION('',(-0.07547550553666689,0.12447238122047022,-0.9893483079165247));
#4812=DIRECTION('',(0.518491110047325,-0.8550830186606987,0));
#4813=DIRECTION('',(0,0,1));
#4814=FACE_SURFACE('',(#4819),#4815,.T.);
#4815=PLANE('',#4816);
#4816=AXIS2_PLACEMENT_3D('',#366,#4817,#4818);
#4817=DIRECTION('',(-0.7230859200712477,-0.6907580996229558,0));
#4818=DIRECTION('',(0.6907580996229558,-0.7230859200712477,0));
#4819=FACE_BOUND('',#4820,.T.);
#4820=EDGE_LOOP('',(#4821,#4822,#4823));
#4821=ORIENTED_EDGE('',*,*,#4824,.T.);
#4822=ORIENTED_EDGE('',*,*,#4825,.T.);
#4823=ORIENTED_EDGE('',*,*,#4826,.T.);
#4824=EDGE_CURVE('',#367,#347,#4827,.F.);
#4825=EDGE_CURVE('',#347,#279,#4828,.T.);
#4826=EDGE_CURVE('',#279,#367,#4829,.T.);
#4827=LINE('',#366,#4830);
#4828=LINE('',#346,#4831);
#4829=LINE('',#278,#4832);
#4830=VECTOR('',#4833,1.0);
#4831=VECTOR('',#4834,1.0);
#4832=VECTOR('',#4835,1.0);
#4833=DIRECTION('',(0.6907580996229558,-0.7230859200712477,0));
#4834=DIRECTION('',(-0.10047087808454395,0.10517296483354084,0.9893655796140491));
#4835=DIRECTION('',(0,0,-1));
#4836=FACE_SURFACE('',(#4841),#4837,.T.);
#4837=PLANE('',#4838);
#4838=AXIS2_PLACEMENT_3D('',#282,#4839,#4840);
#4839=DIRECTION('',(-0.533029681038059,-0.8460965424420932,0));
#4840=DIRECTION('',(0.20084077466302525,-0.12652704353226427,-0.9714184940012932));
#4841=FACE_BOUND('',#4842,.T.);
#4842=EDGE_LOOP('',(#4843,#4844,#4845));
#4843=ORIENTED_EDGE('',*,*,#4846,.T.);
#4844=ORIENTED_EDGE('',*,*,#4847,.T.);
#4845=ORIENTED_EDGE('',*,*,#4848,.T.);
#4846=EDGE_CURVE('',#283,#367,#4849,.F.);
#4847=EDGE_CURVE('',#367,#279,#4850,.T.);
#4848=EDGE_CURVE('',#279,#283,#4851,.T.);
#4849=LINE('',#282,#4852);
#4850=LINE('',#366,#4853);
#4851=LINE('',#278,#4854);
#4852=VECTOR('',#4855,1.0);
#4853=VECTOR('',#4856,1.0);
#4854=VECTOR('',#4857,1.0);
#4855=DIRECTION('',(0.20084077466302525,-0.12652704353226427,-0.9714184940012932));
#4856=DIRECTION('',(0,0,1));
#4857=DIRECTION('',(-0.8460965424420933,0.533029681038059,0));
#4858=FACE_SURFACE('',(#4863),#4859,.T.);
#4859=PLANE('',#4860);
#4860=AXIS2_PLACEMENT_3D('',#46,#4861,#4862);
#4861=DIRECTION('',(-0.9320656615513891,0.36228939062132515,0));
#4862=DIRECTION('',(0,0,1));
#4863=FACE_BOUND('',#4864,.T.);
#4864=EDGE_LOOP('',(#4865,#4866,#4867));
#4865=ORIENTED_EDGE('',*,*,#4868,.T.);
#4866=ORIENTED_EDGE('',*,*,#4869,.T.);
#4867=ORIENTED_EDGE('',*,*,#4870,.T.);
#4868=EDGE_CURVE('',#47,#323,#4871,.F.);
#4869=EDGE_CURVE('',#323,#49,#4872,.T.);
#4870=EDGE_CURVE('',#49,#47,#4873,.T.);
#4871=LINE('',#46,#4874);
#4872=LINE('',#322,#4875);
#4873=LINE('',#48,#4876);
#4874=VECTOR('',#4877,1.0);
#4875=VECTOR('',#4878,1.0);
#4876=VECTOR('',#4879,1.0);
#4877=DIRECTION('',(0,0,1));
#4878=DIRECTION('',(0.05295731427754549,0.13624383005374113,-0.9892588850431401));
#4879=DIRECTION('',(-0.3622888665912796,-0.9320643133738721,-0.0017008465240661223));
#4880=FACE_SURFACE('',(#4885),#4881,.T.);
#4881=PLANE('',#4882);
#4882=AXIS2_PLACEMENT_3D('',#282,#4883,#4884);
#4883=DIRECTION('',(-0.5900145232951508,-0.8072176719807282,-0.016807508524748323));
#4884=DIRECTION('',(-0.807331712548645,0.5900978782484072,0));
#4885=FACE_BOUND('',#4886,.T.);
#4886=EDGE_LOOP('',(#4887,#4888,#4889));
#4887=ORIENTED_EDGE('',*,*,#4890,.T.);
#4888=ORIENTED_EDGE('',*,*,#4891,.T.);
#4889=ORIENTED_EDGE('',*,*,#4892,.T.);
#4890=EDGE_CURVE('',#283,#263,#4893,.F.);
#4891=EDGE_CURVE('',#263,#369,#4894,.T.);
#4892=EDGE_CURVE('',#369,#283,#4895,.T.);
#4893=LINE('',#282,#4896);
#4894=LINE('',#262,#4897);
#4895=LINE('',#368,#4898);
#4896=VECTOR('',#4899,1.0);
#4897=VECTOR('',#4900,1.0);
#4898=VECTOR('',#4901,1.0);
#4899=DIRECTION('',(-0.807331712548645,0.5900978782484072,0));
#4900=DIRECTION('',(0.0875790589767543,-0.04329167874377559,-0.995216428210614));
#4901=DIRECTION('',(-0.0875205637381088,0.04324877720555757,0.9952234393306799));
#4902=FACE_SURFACE('',(#4907),#4903,.T.);
#4903=PLANE('',#4904);
#4904=AXIS2_PLACEMENT_3D('',#282,#4905,#4906);
#4905=DIRECTION('',(-0.5898058503407421,-0.8073706746616508,-0.01678250875838174));
#4906=DIRECTION('',(0.0875205637381088,-0.04324877720555757,-0.9952234393306799));
#4907=FACE_BOUND('',#4908,.T.);
#4908=EDGE_LOOP('',(#4909,#4910,#4911));
#4909=ORIENTED_EDGE('',*,*,#4912,.T.);
#4910=ORIENTED_EDGE('',*,*,#4913,.T.);
#4911=ORIENTED_EDGE('',*,*,#4914,.T.);
#4912=EDGE_CURVE('',#283,#369,#4915,.F.);
#4913=EDGE_CURVE('',#369,#367,#4916,.T.);
#4914=EDGE_CURVE('',#367,#283,#4917,.T.);
#4915=LINE('',#282,#4918);
#4916=LINE('',#368,#4919);
#4917=LINE('',#366,#4920);
#4918=VECTOR('',#4921,1.0);
#4919=VECTOR('',#4922,1.0);
#4920=VECTOR('',#4923,1.0);
#4921=DIRECTION('',(0.0875205637381088,-0.04324877720555757,-0.9952234393306799));
#4922=DIRECTION('',(0.8074843977099408,-0.5898889280661354,0));
#4923=DIRECTION('',(-0.20084077466302525,0.12652704353226427,0.9714184940012932));
#4924=FACE_SURFACE('',(#4929),#4925,.T.);
#4925=PLANE('',#4926);
#4926=AXIS2_PLACEMENT_3D('',#368,#4927,#4928);
#4927=DIRECTION('',(-0.443133722391378,-0.8964555226443373,-1.7073020124062137E-07));
#4928=DIRECTION('',(-0.0875790589767543,0.04329167874377559,0.995216428210614));
#4929=FACE_BOUND('',#4930,.T.);
#4930=EDGE_LOOP('',(#4931,#4932,#4933));
#4931=ORIENTED_EDGE('',*,*,#4934,.T.);
#4932=ORIENTED_EDGE('',*,*,#4935,.T.);
#4933=ORIENTED_EDGE('',*,*,#4936,.T.);
#4934=EDGE_CURVE('',#369,#263,#4937,.F.);
#4935=EDGE_CURVE('',#263,#261,#4938,.T.);
#4936=EDGE_CURVE('',#261,#369,#4939,.T.);
#4937=LINE('',#368,#4940);
#4938=LINE('',#262,#4941);
#4939=LINE('',#260,#4942);
#4940=VECTOR('',#4943,1.0);
#4941=VECTOR('',#4944,1.0);
#4942=VECTOR('',#4945,1.0);
#4943=DIRECTION('',(-0.0875790589767543,0.04329167874377559,0.995216428210614));
#4944=DIRECTION('',(-4.401023393631359E-05,2.1945482504828458E-05,-0.9999999987907475));
#4945=DIRECTION('',(0.8964555226443504,-0.44313372239138443,0));
#4946=FACE_SURFACE('',(#4951),#4947,.T.);
#4947=PLANE('',#4948);
#4948=AXIS2_PLACEMENT_3D('',#260,#4949,#4950);
#4949=DIRECTION('',(-0.28078250034335595,-0.9597714246115756,0));
#4950=DIRECTION('',(0,0,1));
#4951=FACE_BOUND('',#4952,.T.);
#4952=EDGE_LOOP('',(#4953,#4954,#4955));
#4953=ORIENTED_EDGE('',*,*,#4956,.T.);
#4954=ORIENTED_EDGE('',*,*,#4957,.T.);
#4955=ORIENTED_EDGE('',*,*,#4958,.T.);
#4956=EDGE_CURVE('',#261,#259,#4959,.F.);
#4957=EDGE_CURVE('',#259,#291,#4960,.T.);
#4958=EDGE_CURVE('',#291,#261,#4961,.T.);
#4959=LINE('',#260,#4962);
#4960=LINE('',#258,#4963);
#4961=LINE('',#290,#4964);
#4962=VECTOR('',#4965,1.0);
#4963=VECTOR('',#4966,1.0);
#4964=VECTOR('',#4967,1.0);
#4965=DIRECTION('',(0,0,1));
#4966=DIRECTION('',(-0.9597714246115755,0.28078250034335595,0));
#4967=DIRECTION('',(0.13957094203627335,-0.0408316783301633,-0.9893698631875995));
#4968=FACE_SURFACE('',(#4973),#4969,.T.);
#4969=PLANE('',#4970);
#4970=AXIS2_PLACEMENT_3D('',#260,#4971,#4972);
#4971=DIRECTION('',(-0.28078250034335595,-0.9597714246115756,0));
#4972=DIRECTION('',(-0.13957094203627335,0.0408316783301633,0.9893698631875995));
#4973=FACE_BOUND('',#4974,.T.);
#4974=EDGE_LOOP('',(#4975,#4976,#4977));
#4975=ORIENTED_EDGE('',*,*,#4978,.T.);
#4976=ORIENTED_EDGE('',*,*,#4979,.T.);
#4977=ORIENTED_EDGE('',*,*,#4980,.T.);
#4978=EDGE_CURVE('',#261,#291,#4981,.F.);
#4979=EDGE_CURVE('',#291,#371,#4982,.T.);
#4980=EDGE_CURVE('',#371,#261,#4983,.T.);
#4981=LINE('',#260,#4984);
#4982=LINE('',#290,#4985);
#4983=LINE('',#370,#4986);
#4984=VECTOR('',#4987,1.0);
#4985=VECTOR('',#4988,1.0);
#4986=VECTOR('',#4989,1.0);
#4987=DIRECTION('',(-0.13957094203627335,0.0408316783301633,0.9893698631875995));
#4988=DIRECTION('',(0,0,-1));
#4989=DIRECTION('',(0.9597714246115755,-0.28078250034335595,0));
#4990=FACE_SURFACE('',(#4995),#4991,.T.);
#4991=PLANE('',#4992);
#4992=AXIS2_PLACEMENT_3D('',#372,#4993,#4994);
#4993=DIRECTION('',(-0.1070759358826286,-0.99425084558921,0));
#4994=DIRECTION('',(0.9942508455892101,-0.1070759358826286,0));
#4995=FACE_BOUND('',#4996,.T.);
#4996=EDGE_LOOP('',(#4997,#4998,#4999));
#4997=ORIENTED_EDGE('',*,*,#5000,.T.);
#4998=ORIENTED_EDGE('',*,*,#5001,.T.);
#4999=ORIENTED_EDGE('',*,*,#5002,.T.);
#5000=EDGE_CURVE('',#373,#371,#5003,.F.);
#5001=EDGE_CURVE('',#371,#291,#5004,.T.);
#5002=EDGE_CURVE('',#291,#373,#5005,.T.);
#5003=LINE('',#372,#5006);
#5004=LINE('',#370,#5007);
#5005=LINE('',#290,#5008);
#5006=VECTOR('',#5009,1.0);
#5007=VECTOR('',#5010,1.0);
#5008=VECTOR('',#5011,1.0);
#5009=DIRECTION('',(0.9942508455892101,-0.1070759358826286,0));
#5010=DIRECTION('',(0,0,1));
#5011=DIRECTION('',(-0.14476386703196104,0.01559035791943394,-0.9893434002114214));
#5012=FACE_SURFACE('',(#5017),#5013,.T.);
#5013=PLANE('',#5014);
#5014=AXIS2_PLACEMENT_3D('',#372,#5015,#5016);
#5015=DIRECTION('',(-0.1070759358826286,-0.99425084558921,0));
#5016=DIRECTION('',(0.14476386703196104,-0.01559035791943394,0.9893434002114214));
#5017=FACE_BOUND('',#5018,.T.);
#5018=EDGE_LOOP('',(#5019,#5020,#5021));
#5019=ORIENTED_EDGE('',*,*,#5022,.T.);
#5020=ORIENTED_EDGE('',*,*,#5023,.T.);
#5021=ORIENTED_EDGE('',*,*,#5024,.T.);
#5022=EDGE_CURVE('',#373,#291,#5025,.F.);
#5023=EDGE_CURVE('',#291,#289,#5026,.T.);
#5024=EDGE_CURVE('',#289,#373,#5027,.T.);
#5025=LINE('',#372,#5028);
#5026=LINE('',#290,#5029);
#5027=LINE('',#288,#5030);
#5028=VECTOR('',#5031,1.0);
#5029=VECTOR('',#5032,1.0);
#5030=VECTOR('',#5033,1.0);
#5031=DIRECTION('',(0.14476386703196104,-0.01559035791943394,0.9893434002114214));
#5032=DIRECTION('',(-0.9942508455892101,0.1070759358826286,0));
#5033=DIRECTION('',(0,0,-1));
#5034=FACE_SURFACE('',(#5039),#5035,.T.);
#5035=PLANE('',#5036);
#5036=AXIS2_PLACEMENT_3D('',#84,#5037,#5038);
#5037=DIRECTION('',(-0.7517037508847214,-0.6595009256292524,0));
#5038=DIRECTION('',(0.6595009256292524,-0.7517037508847214,0));
#5039=FACE_BOUND('',#5040,.T.);
#5040=EDGE_LOOP('',(#5041,#5042,#5043));
#5041=ORIENTED_EDGE('',*,*,#5044,.T.);
#5042=ORIENTED_EDGE('',*,*,#5045,.T.);
#5043=ORIENTED_EDGE('',*,*,#5046,.T.);
#5044=EDGE_CURVE('',#85,#89,#5047,.F.);
#5045=EDGE_CURVE('',#89,#375,#5048,.T.);
#5046=EDGE_CURVE('',#375,#85,#5049,.T.);
#5047=LINE('',#84,#5050);
#5048=LINE('',#88,#5051);
#5049=LINE('',#374,#5052);
#5050=VECTOR('',#5053,1.0);
#5051=VECTOR('',#5054,1.0);
#5052=VECTOR('',#5055,1.0);
#5053=DIRECTION('',(0.6595009256292524,-0.7517037508847214,0));
#5054=DIRECTION('',(0,0,1));
#5055=DIRECTION('',(-0.12642525389204415,0.14410038540359482,-0.9814538879157123));
#5056=FACE_SURFACE('',(#5061),#5057,.T.);
#5057=PLANE('',#5058);
#5058=AXIS2_PLACEMENT_3D('',#372,#5059,#5060);
#5059=DIRECTION('',(0.10707438968332296,-0.9942510121060696,0));
#5060=DIRECTION('',(0,0,1));
#5061=FACE_BOUND('',#5062,.T.);
#5062=EDGE_LOOP('',(#5063,#5064,#5065));
#5063=ORIENTED_EDGE('',*,*,#5066,.T.);
#5064=ORIENTED_EDGE('',*,*,#5067,.T.);
#5065=ORIENTED_EDGE('',*,*,#5068,.T.);
#5066=EDGE_CURVE('',#373,#289,#5069,.F.);
#5067=EDGE_CURVE('',#289,#287,#5070,.T.);
#5068=EDGE_CURVE('',#287,#373,#5071,.T.);
#5069=LINE('',#372,#5072);
#5070=LINE('',#288,#5073);
#5071=LINE('',#286,#5074);
#5072=VECTOR('',#5075,1.0);
#5073=VECTOR('',#5076,1.0);
#5074=VECTOR('',#5077,1.0);
#5075=DIRECTION('',(0,0,1));
#5076=DIRECTION('',(-0.9942510121060697,-0.10707438968332299,0));
#5077=DIRECTION('',(0.14469300936955815,0.015582499269345415,-0.9893538895441315));
#5078=FACE_SURFACE('',(#5083),#5079,.T.);
#5079=PLANE('',#5080);
#5080=AXIS2_PLACEMENT_3D('',#118,#5081,#5082);
#5081=DIRECTION('',(-0.9940292837253724,-0.10911362470573086,0));
#5082=DIRECTION('',(0,0,1));
#5083=FACE_BOUND('',#5084,.T.);
#5084=EDGE_LOOP('',(#5085,#5086,#5087));
#5085=ORIENTED_EDGE('',*,*,#5088,.T.);
#5086=ORIENTED_EDGE('',*,*,#5089,.T.);
#5087=ORIENTED_EDGE('',*,*,#5090,.T.);
#5088=EDGE_CURVE('',#119,#359,#5091,.F.);
#5089=EDGE_CURVE('',#359,#121,#5092,.T.);
#5090=EDGE_CURVE('',#121,#119,#5093,.T.);
#5091=LINE('',#118,#5094);
#5092=LINE('',#358,#5095);
#5093=LINE('',#120,#5096);
#5094=VECTOR('',#5097,1.0);
#5095=VECTOR('',#5098,1.0);
#5096=VECTOR('',#5099,1.0);
#5097=DIRECTION('',(0,0,1));
#5098=DIRECTION('',(-0.10909443886781818,0.9938545000100532,-0.018751965707177992));
#5099=DIRECTION('',(0.10911362470573087,-0.9940292837253725,0));
#5100=FACE_SURFACE('',(#5105),#5101,.T.);
#5101=PLANE('',#5102);
#5102=AXIS2_PLACEMENT_3D('',#358,#5103,#5104);
#5103=DIRECTION('',(-0.9940292837253724,-0.10911362470573086,0));
#5104=DIRECTION('',(-0.015880107533034676,0.14466838544788327,0.9893527583408467));
#5105=FACE_BOUND('',#5106,.T.);
#5106=EDGE_LOOP('',(#5107,#5108,#5109));
#5107=ORIENTED_EDGE('',*,*,#5110,.T.);
#5108=ORIENTED_EDGE('',*,*,#5111,.T.);
#5109=ORIENTED_EDGE('',*,*,#5112,.T.);
#5110=EDGE_CURVE('',#359,#197,#5113,.F.);
#5111=EDGE_CURVE('',#197,#121,#5114,.T.);
#5112=EDGE_CURVE('',#121,#359,#5115,.T.);
#5113=LINE('',#358,#5116);
#5114=LINE('',#196,#5117);
#5115=LINE('',#120,#5118);
#5116=VECTOR('',#5119,1.0);
#5117=VECTOR('',#5120,1.0);
#5118=VECTOR('',#5121,1.0);
#5119=DIRECTION('',(-0.015880107533034676,0.14466838544788327,0.9893527583408467));
#5120=DIRECTION('',(0,0,-1));
#5121=DIRECTION('',(0.10909443886781818,-0.9938545000100532,0.018751965707177992));
#5122=FACE_SURFACE('',(#5127),#5123,.T.);
#5123=PLANE('',#5124);
#5124=AXIS2_PLACEMENT_3D('',#198,#5125,#5126);
#5125=DIRECTION('',(-0.9940292837253724,-0.10911362470573086,-0));
#5126=DIRECTION('',(-0.10910078067434789,0.9939122741094771,0.015343110205409828));
#5127=FACE_BOUND('',#5128,.T.);
#5128=EDGE_LOOP('',(#5129,#5130,#5131));
#5129=ORIENTED_EDGE('',*,*,#5132,.T.);
#5130=ORIENTED_EDGE('',*,*,#5133,.T.);
#5131=ORIENTED_EDGE('',*,*,#5134,.T.);
#5132=EDGE_CURVE('',#199,#197,#5135,.F.);
#5133=EDGE_CURVE('',#197,#359,#5136,.T.);
#5134=EDGE_CURVE('',#359,#199,#5137,.T.);
#5135=LINE('',#198,#5138);
#5136=LINE('',#196,#5139);
#5137=LINE('',#358,#5140);
#5138=VECTOR('',#5141,1.0);
#5139=VECTOR('',#5142,1.0);
#5140=VECTOR('',#5143,1.0);
#5141=DIRECTION('',(-0.10910078067434789,0.9939122741094771,0.015343110205409828));
#5142=DIRECTION('',(0.015880107533034676,-0.14466838544788327,-0.9893527583408467));
#5143=DIRECTION('',(0,0,1));
#5144=FACE_SURFACE('',(#5149),#5145,.T.);
#5145=PLANE('',#5146);
#5146=AXIS2_PLACEMENT_3D('',#196,#5147,#5148);
#5147=DIRECTION('',(-0.9599044563286273,-0.2803273706230674,-0));
#5148=DIRECTION('',(-0.28032737062306734,0.9599044563286272,0));
#5149=FACE_BOUND('',#5150,.T.);
#5150=EDGE_LOOP('',(#5151,#5152,#5153));
#5151=ORIENTED_EDGE('',*,*,#5154,.T.);
#5152=ORIENTED_EDGE('',*,*,#5155,.T.);
#5153=ORIENTED_EDGE('',*,*,#5156,.T.);
#5154=EDGE_CURVE('',#197,#217,#5157,.F.);
#5155=EDGE_CURVE('',#217,#121,#5158,.T.);
#5156=EDGE_CURVE('',#121,#197,#5159,.T.);
#5157=LINE('',#196,#5160);
#5158=LINE('',#216,#5161);
#5159=LINE('',#120,#5162);
#5160=VECTOR('',#5163,1.0);
#5161=VECTOR('',#5164,1.0);
#5162=VECTOR('',#5165,1.0);
#5163=DIRECTION('',(-0.28032737062306734,0.9599044563286272,0));
#5164=DIRECTION('',(0.04083073732555011,-0.13981369934325646,-0.9893356257435619));
#5165=DIRECTION('',(0,0,1));
#5166=FACE_SURFACE('',(#5171),#5167,.T.);
#5167=PLANE('',#5168);
#5168=AXIS2_PLACEMENT_3D('',#124,#5169,#5170);
#5169=DIRECTION('',(-0.9599044563286273,-0.2803273706230674,0));
#5170=DIRECTION('',(0.28032737062306734,-0.9599044563286272,0));
#5171=FACE_BOUND('',#5172,.T.);
#5172=EDGE_LOOP('',(#5173,#5174,#5175));
#5173=ORIENTED_EDGE('',*,*,#5176,.T.);
#5174=ORIENTED_EDGE('',*,*,#5177,.T.);
#5175=ORIENTED_EDGE('',*,*,#5178,.T.);
#5176=EDGE_CURVE('',#125,#121,#5179,.F.);
#5177=EDGE_CURVE('',#121,#217,#5180,.T.);
#5178=EDGE_CURVE('',#217,#125,#5181,.T.);
#5179=LINE('',#124,#5182);
#5180=LINE('',#120,#5183);
#5181=LINE('',#216,#5184);
#5182=VECTOR('',#5185,1.0);
#5183=VECTOR('',#5186,1.0);
#5184=VECTOR('',#5187,1.0);
#5185=DIRECTION('',(0.28032737062306734,-0.9599044563286272,0));
#5186=DIRECTION('',(-0.04083073732555011,0.13981369934325646,0.9893356257435619));
#5187=DIRECTION('',(0,0,-1));
#5188=FACE_SURFACE('',(#5193),#5189,.T.);
#5189=PLANE('',#5190);
#5190=AXIS2_PLACEMENT_3D('',#376,#5191,#5192);
#5191=DIRECTION('',(0.1301581597627583,-0.991487347505821,0.0034195296523890006));
#5192=DIRECTION('',(0.9914931443781789,0.13015892075102545,0));
#5193=FACE_BOUND('',#5194,.T.);
#5194=EDGE_LOOP('',(#5195,#5196,#5197));
#5195=ORIENTED_EDGE('',*,*,#5198,.T.);
#5196=ORIENTED_EDGE('',*,*,#5199,.T.);
#5197=ORIENTED_EDGE('',*,*,#5200,.T.);
#5198=EDGE_CURVE('',#377,#373,#5201,.F.);
#5199=EDGE_CURVE('',#373,#287,#5202,.T.);
#5200=EDGE_CURVE('',#287,#377,#5203,.T.);
#5201=LINE('',#376,#5204);
#5202=LINE('',#372,#5205);
#5203=LINE('',#286,#5206);
#5204=VECTOR('',#5207,1.0);
#5205=VECTOR('',#5208,1.0);
#5206=VECTOR('',#5209,1.0);
#5207=DIRECTION('',(0.9914931443781789,0.13015892075102545,0));
#5208=DIRECTION('',(-0.14469300936955815,-0.015582499269345415,0.9893538895441315));
#5209=DIRECTION('',(-0.04803935360719487,-0.009751140783330862,-0.9987978452912413));
#5210=FACE_SURFACE('',(#5215),#5211,.T.);
#5211=PLANE('',#5212);
#5212=AXIS2_PLACEMENT_3D('',#376,#5213,#5214);
#5213=DIRECTION('',(0.13140580689344356,-0.9913229737632698,0.0033579165907641553));
#5214=DIRECTION('',(0.04803935360719487,0.009751140783330862,0.9987978452912413));
#5215=FACE_BOUND('',#5216,.T.);
#5216=EDGE_LOOP('',(#5217,#5218,#5219));
#5217=ORIENTED_EDGE('',*,*,#5220,.T.);
#5218=ORIENTED_EDGE('',*,*,#5221,.T.);
#5219=ORIENTED_EDGE('',*,*,#5222,.T.);
#5220=EDGE_CURVE('',#377,#287,#5223,.F.);
#5221=EDGE_CURVE('',#287,#295,#5224,.T.);
#5222=EDGE_CURVE('',#295,#377,#5225,.T.);
#5223=LINE('',#376,#5226);
#5224=LINE('',#286,#5227);
#5225=LINE('',#294,#5228);
#5226=VECTOR('',#5229,1.0);
#5227=VECTOR('',#5230,1.0);
#5228=VECTOR('',#5231,1.0);
#5229=DIRECTION('',(0.04803935360719487,0.009751140783330862,0.9987978452912413));
#5230=DIRECTION('',(-0.9913285626930938,-0.13140654773961846,0));
#5231=DIRECTION('',(-0.04794252538896916,-0.009738321805110256,-0.9988026228178157));
#5232=FACE_SURFACE('',(#5237),#5233,.T.);
#5233=PLANE('',#5234);
#5234=AXIS2_PLACEMENT_3D('',#374,#5235,#5236);
#5235=DIRECTION('',(-0.8767854320704339,-0.4808818005592045,-0));
#5236=DIRECTION('',(0,0,-1));
#5237=FACE_BOUND('',#5238,.T.);
#5238=EDGE_LOOP('',(#5239,#5240,#5241));
#5239=ORIENTED_EDGE('',*,*,#5242,.T.);
#5240=ORIENTED_EDGE('',*,*,#5243,.T.);
#5241=ORIENTED_EDGE('',*,*,#5244,.T.);
#5242=EDGE_CURVE('',#375,#89,#5245,.F.);
#5243=EDGE_CURVE('',#89,#217,#5246,.T.);
#5244=EDGE_CURVE('',#217,#375,#5247,.T.);
#5245=LINE('',#374,#5248);
#5246=LINE('',#88,#5249);
#5247=LINE('',#216,#5250);
#5248=VECTOR('',#5251,1.0);
#5249=VECTOR('',#5252,1.0);
#5250=VECTOR('',#5253,1.0);
#5251=DIRECTION('',(0,0,-1));
#5252=DIRECTION('',(0.07003191436864876,-0.1276882639913415,0.9893387883878503));
#5253=DIRECTION('',(-0.4808818005592045,0.876785432070434,0));
#5254=FACE_SURFACE('',(#5259),#5255,.T.);
#5255=PLANE('',#5256);
#5256=AXIS2_PLACEMENT_3D('',#124,#5257,#5258);
#5257=DIRECTION('',(-0.8767854320704339,-0.4808818005592045,0));
#5258=DIRECTION('',(0,0,1));
#5259=FACE_BOUND('',#5260,.T.);
#5260=EDGE_LOOP('',(#5261,#5262,#5263));
#5261=ORIENTED_EDGE('',*,*,#5264,.T.);
#5262=ORIENTED_EDGE('',*,*,#5265,.T.);
#5263=ORIENTED_EDGE('',*,*,#5266,.T.);
#5264=EDGE_CURVE('',#125,#217,#5267,.F.);
#5265=EDGE_CURVE('',#217,#89,#5268,.T.);
#5266=EDGE_CURVE('',#89,#125,#5269,.T.);
#5267=LINE('',#124,#5270);
#5268=LINE('',#216,#5271);
#5269=LINE('',#88,#5272);
#5270=VECTOR('',#5273,1.0);
#5271=VECTOR('',#5274,1.0);
#5272=VECTOR('',#5275,1.0);
#5273=DIRECTION('',(0,0,1));
#5274=DIRECTION('',(-0.07003191436864876,0.1276882639913415,-0.9893387883878503));
#5275=DIRECTION('',(0.4808818005592045,-0.876785432070434,0));
#5276=FACE_SURFACE('',(#5281),#5277,.T.);
#5277=PLANE('',#5278);
#5278=AXIS2_PLACEMENT_3D('',#198,#5279,#5280);
#5279=DIRECTION('',(-0.99408972650383,0.10856157542860469,0));
#5280=DIRECTION('',(0,0,-1));
#5281=FACE_BOUND('',#5282,.T.);
#5282=EDGE_LOOP('',(#5283,#5284,#5285));
#5283=ORIENTED_EDGE('',*,*,#5286,.T.);
#5284=ORIENTED_EDGE('',*,*,#5287,.T.);
#5285=ORIENTED_EDGE('',*,*,#5288,.T.);
#5286=EDGE_CURVE('',#199,#359,#5289,.F.);
#5287=EDGE_CURVE('',#359,#179,#5290,.T.);
#5288=EDGE_CURVE('',#179,#199,#5291,.T.);
#5289=LINE('',#198,#5292);
#5290=LINE('',#358,#5293);
#5291=LINE('',#178,#5294);
#5292=VECTOR('',#5295,1.0);
#5293=VECTOR('',#5296,1.0);
#5294=VECTOR('',#5297,1.0);
#5295=DIRECTION('',(0,0,-1));
#5296=DIRECTION('',(-0.01591354526072197,-0.14571907043059706,0.989198014348026));
#5297=DIRECTION('',(0.10856157542860467,0.9940897265038299,0));
#5298=FACE_SURFACE('',(#5303),#5299,.T.);
#5299=PLANE('',#5300);
#5300=AXIS2_PLACEMENT_3D('',#378,#5301,#5302);
#5301=DIRECTION('',(0.5898888798019388,-0.8074844329682236,0));
#5302=DIRECTION('',(0.8074844329682237,0.5898888798019388,0));
#5303=FACE_BOUND('',#5304,.T.);
#5304=EDGE_LOOP('',(#5305,#5306,#5307));
#5305=ORIENTED_EDGE('',*,*,#5308,.T.);
#5306=ORIENTED_EDGE('',*,*,#5309,.T.);
#5307=ORIENTED_EDGE('',*,*,#5310,.T.);
#5308=EDGE_CURVE('',#379,#381,#5311,.F.);
#5309=EDGE_CURVE('',#381,#383,#5312,.T.);
#5310=EDGE_CURVE('',#383,#379,#5313,.T.);
#5311=LINE('',#378,#5314);
#5312=LINE('',#380,#5315);
#5313=LINE('',#382,#5316);
#5314=VECTOR('',#5317,1.0);
#5315=VECTOR('',#5318,1.0);
#5316=VECTOR('',#5319,1.0);
#5317=DIRECTION('',(0.8074844329682237,0.5898888798019388,0));
#5318=DIRECTION('',(0,0,1));
#5319=DIRECTION('',(-0.11754387087869662,-0.08586892760934092,-0.9893482529878314));
#5320=FACE_SURFACE('',(#5325),#5321,.T.);
#5321=PLANE('',#5322);
#5322=AXIS2_PLACEMENT_3D('',#378,#5323,#5324);
#5323=DIRECTION('',(0.5898888798019388,-0.8074844329682236,0));
#5324=DIRECTION('',(0.11754387087869662,0.08586892760934092,0.9893482529878314));
#5325=FACE_BOUND('',#5326,.T.);
#5326=EDGE_LOOP('',(#5327,#5328,#5329));
#5327=ORIENTED_EDGE('',*,*,#5330,.T.);
#5328=ORIENTED_EDGE('',*,*,#5331,.T.);
#5329=ORIENTED_EDGE('',*,*,#5332,.T.);
#5330=EDGE_CURVE('',#379,#383,#5333,.F.);
#5331=EDGE_CURVE('',#383,#385,#5334,.T.);
#5332=EDGE_CURVE('',#385,#379,#5335,.T.);
#5333=LINE('',#378,#5336);
#5334=LINE('',#382,#5337);
#5335=LINE('',#384,#5338);
#5336=VECTOR('',#5339,1.0);
#5337=VECTOR('',#5340,1.0);
#5338=VECTOR('',#5341,1.0);
#5339=DIRECTION('',(0.11754387087869662,0.08586892760934092,0.9893482529878314));
#5340=DIRECTION('',(-0.8074844329682237,-0.5898888798019388,0));
#5341=DIRECTION('',(0,0,-1));
#5342=FACE_SURFACE('',(#5347),#5343,.T.);
#5343=PLANE('',#5344);
#5344=AXIS2_PLACEMENT_3D('',#386,#5345,#5346);
#5345=DIRECTION('',(0.723086021375068,-0.6907579935780509,0));
#5346=DIRECTION('',(0.6907579935780508,0.723086021375068,0));
#5347=FACE_BOUND('',#5348,.T.);
#5348=EDGE_LOOP('',(#5349,#5350,#5351));
#5349=ORIENTED_EDGE('',*,*,#5352,.T.);
#5350=ORIENTED_EDGE('',*,*,#5353,.T.);
#5351=ORIENTED_EDGE('',*,*,#5354,.T.);
#5352=EDGE_CURVE('',#387,#379,#5355,.F.);
#5353=EDGE_CURVE('',#379,#385,#5356,.T.);
#5354=EDGE_CURVE('',#385,#387,#5357,.T.);
#5355=LINE('',#386,#5358);
#5356=LINE('',#378,#5359);
#5357=LINE('',#384,#5360);
#5358=VECTOR('',#5361,1.0);
#5359=VECTOR('',#5362,1.0);
#5360=VECTOR('',#5363,1.0);
#5361=DIRECTION('',(0.6907579935780508,0.723086021375068,0));
#5362=DIRECTION('',(0,0,1));
#5363=DIRECTION('',(-0.10047084888218726,-0.1051729651452635,-0.9893655825464346));
#5364=FACE_SURFACE('',(#5369),#5365,.T.);
#5365=PLANE('',#5366);
#5366=AXIS2_PLACEMENT_3D('',#386,#5367,#5368);
#5367=DIRECTION('',(0.723086021375068,-0.6907579935780509,0));
#5368=DIRECTION('',(0.10047084888218726,0.1051729651452635,0.9893655825464346));
#5369=FACE_BOUND('',#5370,.T.);
#5370=EDGE_LOOP('',(#5371,#5372,#5373));
#5371=ORIENTED_EDGE('',*,*,#5374,.T.);
#5372=ORIENTED_EDGE('',*,*,#5375,.T.);
#5373=ORIENTED_EDGE('',*,*,#5376,.T.);
#5374=EDGE_CURVE('',#387,#385,#5377,.F.);
#5375=EDGE_CURVE('',#385,#389,#5378,.T.);
#5376=EDGE_CURVE('',#389,#387,#5379,.T.);
#5377=LINE('',#386,#5380);
#5378=LINE('',#384,#5381);
#5379=LINE('',#388,#5382);
#5380=VECTOR('',#5383,1.0);
#5381=VECTOR('',#5384,1.0);
#5382=VECTOR('',#5385,1.0);
#5383=DIRECTION('',(0.10047084888218726,0.1051729651452635,0.9893655825464346));
#5384=DIRECTION('',(-0.6907579935780508,-0.723086021375068,0));
#5385=DIRECTION('',(0,0,-1));
#5386=FACE_SURFACE('',(#5391),#5387,.T.);
#5387=PLANE('',#5388);
#5388=AXIS2_PLACEMENT_3D('',#384,#5389,#5390);
#5389=DIRECTION('',(0,0,1));
#5390=DIRECTION('',(-0.8185464306075042,0.5744403719618901,0));
#5391=FACE_BOUND('',#5392,.T.);
#5392=EDGE_LOOP('',(#5393,#5394,#5395));
#5393=ORIENTED_EDGE('',*,*,#5396,.T.);
#5394=ORIENTED_EDGE('',*,*,#5397,.T.);
#5395=ORIENTED_EDGE('',*,*,#5398,.T.);
#5396=EDGE_CURVE('',#385,#95,#5399,.F.);
#5397=EDGE_CURVE('',#95,#389,#5400,.T.);
#5398=EDGE_CURVE('',#389,#385,#5401,.T.);
#5399=LINE('',#384,#5402);
#5400=LINE('',#94,#5403);
#5401=LINE('',#388,#5404);
#5402=VECTOR('',#5405,1.0);
#5403=VECTOR('',#5406,1.0);
#5404=VECTOR('',#5407,1.0);
#5405=DIRECTION('',(-0.8185464306075042,0.5744403719618901,0));
#5406=DIRECTION('',(0.8139631580900301,-0.580916497675961,0));
#5407=DIRECTION('',(0.6907579935780508,0.723086021375068,0));
#5408=FACE_SURFACE('',(#5413),#5409,.T.);
#5409=PLANE('',#5410);
#5410=AXIS2_PLACEMENT_3D('',#382,#5411,#5412);
#5411=DIRECTION('',(0,0,1));
#5412=DIRECTION('',(-0.822874091673624,0.5682237492857087,0));
#5413=FACE_BOUND('',#5414,.T.);
#5414=EDGE_LOOP('',(#5415,#5416,#5417));
#5415=ORIENTED_EDGE('',*,*,#5418,.T.);
#5416=ORIENTED_EDGE('',*,*,#5419,.T.);
#5417=ORIENTED_EDGE('',*,*,#5420,.T.);
#5418=EDGE_CURVE('',#383,#95,#5421,.F.);
#5419=EDGE_CURVE('',#95,#385,#5422,.T.);
#5420=EDGE_CURVE('',#385,#383,#5423,.T.);
#5421=LINE('',#382,#5424);
#5422=LINE('',#94,#5425);
#5423=LINE('',#384,#5426);
#5424=VECTOR('',#5427,1.0);
#5425=VECTOR('',#5428,1.0);
#5426=VECTOR('',#5429,1.0);
#5427=DIRECTION('',(-0.822874091673624,0.5682237492857087,0));
#5428=DIRECTION('',(0.8185464306075042,-0.5744403719618901,0));
#5429=DIRECTION('',(0.8074844329682237,0.5898888798019388,0));
#5430=FACE_SURFACE('',(#5435),#5431,.T.);
#5431=PLANE('',#5432);
#5432=AXIS2_PLACEMENT_3D('',#390,#5433,#5434);
#5433=DIRECTION('',(0.8660365298851298,-0.49998072853313325,0));
#5434=DIRECTION('',(0.49998072853313325,0.8660365298851298,0));
#5435=FACE_BOUND('',#5436,.T.);
#5436=EDGE_LOOP('',(#5437,#5438,#5439));
#5437=ORIENTED_EDGE('',*,*,#5440,.T.);
#5438=ORIENTED_EDGE('',*,*,#5441,.T.);
#5439=ORIENTED_EDGE('',*,*,#5442,.T.);
#5440=EDGE_CURVE('',#391,#387,#5443,.F.);
#5441=EDGE_CURVE('',#387,#389,#5444,.T.);
#5442=EDGE_CURVE('',#389,#391,#5445,.T.);
#5443=LINE('',#390,#5446);
#5444=LINE('',#386,#5447);
#5445=LINE('',#388,#5448);
#5446=VECTOR('',#5449,1.0);
#5447=VECTOR('',#5450,1.0);
#5448=VECTOR('',#5451,1.0);
#5449=DIRECTION('',(0.49998072853313325,0.8660365298851298,0));
#5450=DIRECTION('',(0,0,1));
#5451=DIRECTION('',(-0.09621638301662126,-0.16666022850576975,-0.9813087056954113));
#5452=FACE_SURFACE('',(#5457),#5453,.T.);
#5453=PLANE('',#5454);
#5454=AXIS2_PLACEMENT_3D('',#390,#5455,#5456);
#5455=DIRECTION('',(0.8660365298851298,-0.49998072853313325,0));
#5456=DIRECTION('',(0.09621638301662126,0.16666022850576975,0.9813087056954113));
#5457=FACE_BOUND('',#5458,.T.);
#5458=EDGE_LOOP('',(#5459,#5460,#5461));
#5459=ORIENTED_EDGE('',*,*,#5462,.T.);
#5460=ORIENTED_EDGE('',*,*,#5463,.T.);
#5461=ORIENTED_EDGE('',*,*,#5464,.T.);
#5462=EDGE_CURVE('',#391,#389,#5465,.F.);
#5463=EDGE_CURVE('',#389,#393,#5466,.T.);
#5464=EDGE_CURVE('',#393,#391,#5467,.T.);
#5465=LINE('',#390,#5468);
#5466=LINE('',#388,#5469);
#5467=LINE('',#392,#5470);
#5468=VECTOR('',#5471,1.0);
#5469=VECTOR('',#5472,1.0);
#5470=VECTOR('',#5473,1.0);
#5471=DIRECTION('',(0.09621638301662126,0.16666022850576975,0.9813087056954113));
#5472=DIRECTION('',(-0.49998072853313325,-0.8660365298851298,0));
#5473=DIRECTION('',(0,0,-1));
#5474=FACE_SURFACE('',(#5479),#5475,.T.);
#5475=PLANE('',#5476);
#5476=AXIS2_PLACEMENT_3D('',#302,#5477,#5478);
#5477=DIRECTION('',(-0.9806316546077215,0.19544371369990113,-0.01277938795535147));
#5478=DIRECTION('',(-0.006468852443836767,-0.09753066460970931,-0.9952114968230864));
#5479=FACE_BOUND('',#5480,.T.);
#5480=EDGE_LOOP('',(#5481,#5482,#5483));
#5481=ORIENTED_EDGE('',*,*,#5484,.T.);
#5482=ORIENTED_EDGE('',*,*,#5485,.T.);
#5483=ORIENTED_EDGE('',*,*,#5486,.T.);
#5484=EDGE_CURVE('',#303,#395,#5487,.F.);
#5485=EDGE_CURVE('',#395,#397,#5488,.T.);
#5486=EDGE_CURVE('',#397,#303,#5489,.T.);
#5487=LINE('',#302,#5490);
#5488=LINE('',#394,#5491);
#5489=LINE('',#396,#5492);
#5490=VECTOR('',#5493,1.0);
#5491=VECTOR('',#5494,1.0);
#5492=VECTOR('',#5495,1.0);
#5493=DIRECTION('',(-0.006468852443836767,-0.09753066460970931,-0.9952114968230864));
#5494=DIRECTION('',(-0.049803010885122144,-0.18571834653543356,0.9813400816571801));
#5495=DIRECTION('',(0.19545967488073984,0.9807117392463065,0));
#5496=FACE_SURFACE('',(#5501),#5497,.T.);
#5497=PLANE('',#5498);
#5498=AXIS2_PLACEMENT_3D('',#48,#5499,#5500);
#5499=DIRECTION('',(-0.9465980432379004,0.3223549801276258,-0.006277843984694568));
#5500=DIRECTION('',(-0.05295731427754549,-0.13624383005374113,0.9892588850431401));
#5501=FACE_BOUND('',#5502,.T.);
#5502=EDGE_LOOP('',(#5503,#5504,#5505));
#5503=ORIENTED_EDGE('',*,*,#5506,.T.);
#5504=ORIENTED_EDGE('',*,*,#5507,.T.);
#5505=ORIENTED_EDGE('',*,*,#5508,.T.);
#5506=EDGE_CURVE('',#49,#323,#5509,.F.);
#5507=EDGE_CURVE('',#323,#179,#5510,.T.);
#5508=EDGE_CURVE('',#179,#49,#5511,.T.);
#5509=LINE('',#48,#5512);
#5510=LINE('',#322,#5513);
#5511=LINE('',#178,#5514);
#5512=VECTOR('',#5515,1.0);
#5513=VECTOR('',#5516,1.0);
#5514=VECTOR('',#5517,1.0);
#5515=DIRECTION('',(-0.05295731427754549,-0.13624383005374113,0.9892588850431401));
#5516=DIRECTION('',(0.322368670371148,0.9466133340642533,-0.001279114887848342));
#5517=DIRECTION('',(-0.00979242023083007,-0.0482068856463247,-0.9987893695280827));
#5518=FACE_SURFACE('',(#5523),#5519,.T.);
#5519=PLANE('',#5520);
#5520=AXIS2_PLACEMENT_3D('',#392,#5521,#5522);
#5521=DIRECTION('',(0.9657627724570383,-0.25942680535383195,0));
#5522=DIRECTION('',(-0.2594268053538319,-0.9657627724570382,0));
#5523=FACE_BOUND('',#5524,.T.);
#5524=EDGE_LOOP('',(#5525,#5526,#5527));
#5525=ORIENTED_EDGE('',*,*,#5528,.T.);
#5526=ORIENTED_EDGE('',*,*,#5529,.T.);
#5527=ORIENTED_EDGE('',*,*,#5530,.T.);
#5528=EDGE_CURVE('',#393,#399,#5531,.F.);
#5529=EDGE_CURVE('',#399,#391,#5532,.T.);
#5530=EDGE_CURVE('',#391,#393,#5533,.T.);
#5531=LINE('',#392,#5534);
#5532=LINE('',#398,#5535);
#5533=LINE('',#390,#5536);
#5534=VECTOR('',#5537,1.0);
#5535=VECTOR('',#5538,1.0);
#5536=VECTOR('',#5539,1.0);
#5537=DIRECTION('',(-0.2594268053538319,-0.9657627724570382,0));
#5538=DIRECTION('',(2.5374464055516563E-05,9.446098957447293E-05,-0.999999995216629));
#5539=DIRECTION('',(0,0,1));
#5540=FACE_SURFACE('',(#5545),#5541,.T.);
#5541=PLANE('',#5542);
#5542=AXIS2_PLACEMENT_3D('',#400,#5543,#5544);
#5543=DIRECTION('',(0.9658740364491489,-0.2590122501223187,4.1982561771315966E-08));
#5544=DIRECTION('',(0.25901225012231893,0.9658740364491496,0));
#5545=FACE_BOUND('',#5546,.T.);
#5546=EDGE_LOOP('',(#5547,#5548,#5549));
#5547=ORIENTED_EDGE('',*,*,#5550,.T.);
#5548=ORIENTED_EDGE('',*,*,#5551,.T.);
#5549=ORIENTED_EDGE('',*,*,#5552,.T.);
#5550=EDGE_CURVE('',#401,#391,#5553,.F.);
#5551=EDGE_CURVE('',#391,#399,#5554,.T.);
#5552=EDGE_CURVE('',#399,#401,#5555,.T.);
#5553=LINE('',#400,#5556);
#5554=LINE('',#390,#5557);
#5555=LINE('',#398,#5558);
#5556=VECTOR('',#5559,1.0);
#5557=VECTOR('',#5560,1.0);
#5558=VECTOR('',#5561,1.0);
#5559=DIRECTION('',(0.25901225012231893,0.9658740364491496,0));
#5560=DIRECTION('',(-2.5374464055516563E-05,-9.446098957447293E-05,0.999999995216629));
#5561=DIRECTION('',(-0.049802977366559316,-0.1857187988316168,-0.981339997761208));
#5562=FACE_SURFACE('',(#5567),#5563,.T.);
#5563=PLANE('',#5564);
#5564=AXIS2_PLACEMENT_3D('',#178,#5565,#5566);
#5565=DIRECTION('',(-0.9913447342282469,0.13124084484360066,0.003385049876210145));
#5566=DIRECTION('',(0.01591354526072197,0.14571907043059706,-0.989198014348026));
#5567=FACE_BOUND('',#5568,.T.);
#5568=EDGE_LOOP('',(#5569,#5570,#5571));
#5569=ORIENTED_EDGE('',*,*,#5572,.T.);
#5570=ORIENTED_EDGE('',*,*,#5573,.T.);
#5571=ORIENTED_EDGE('',*,*,#5574,.T.);
#5572=EDGE_CURVE('',#179,#359,#5575,.F.);
#5573=EDGE_CURVE('',#359,#49,#5576,.T.);
#5574=EDGE_CURVE('',#49,#179,#5577,.T.);
#5575=LINE('',#178,#5578);
#5576=LINE('',#358,#5579);
#5577=LINE('',#48,#5580);
#5578=VECTOR('',#5581,1.0);
#5579=VECTOR('',#5582,1.0);
#5580=VECTOR('',#5583,1.0);
#5581=DIRECTION('',(0.01591354526072197,0.14571907043059706,-0.989198014348026));
#5582=DIRECTION('',(-0.131241596765785,-0.9913504139699377,0));
#5583=DIRECTION('',(0.00979242023083007,0.0482068856463247,0.9987893695280827));
#5584=FACE_SURFACE('',(#5589),#5585,.T.);
#5585=PLANE('',#5586);
#5586=AXIS2_PLACEMENT_3D('',#388,#5587,#5588);
#5587=DIRECTION('',(0,0,1));
#5588=DIRECTION('',(-0.8139631580900301,0.580916497675961,0));
#5589=FACE_BOUND('',#5590,.T.);
#5590=EDGE_LOOP('',(#5591,#5592,#5593));
#5591=ORIENTED_EDGE('',*,*,#5594,.T.);
#5592=ORIENTED_EDGE('',*,*,#5595,.T.);
#5593=ORIENTED_EDGE('',*,*,#5596,.T.);
#5594=EDGE_CURVE('',#389,#95,#5597,.F.);
#5595=EDGE_CURVE('',#95,#393,#5598,.T.);
#5596=EDGE_CURVE('',#393,#389,#5599,.T.);
#5597=LINE('',#388,#5600);
#5598=LINE('',#94,#5601);
#5599=LINE('',#392,#5602);
#5600=VECTOR('',#5603,1.0);
#5601=VECTOR('',#5604,1.0);
#5602=VECTOR('',#5605,1.0);
#5603=DIRECTION('',(-0.8139631580900301,0.580916497675961,0));
#5604=DIRECTION('',(0.807734232512441,-0.5895467832390725,0));
#5605=DIRECTION('',(0.49998072853313325,0.8660365298851298,0));
#5606=FACE_SURFACE('',(#5611),#5607,.T.);
#5607=PLANE('',#5608);
#5608=AXIS2_PLACEMENT_3D('',#118,#5609,#5610);
#5609=DIRECTION('',(0.08138265838280694,-0.9966829299805167,0));
#5610=DIRECTION('',(0.9966829299805166,0.08138265838280694,0));
#5611=FACE_BOUND('',#5612,.T.);
#5612=EDGE_LOOP('',(#5613,#5614,#5615));
#5613=ORIENTED_EDGE('',*,*,#5616,.T.);
#5614=ORIENTED_EDGE('',*,*,#5617,.T.);
#5615=ORIENTED_EDGE('',*,*,#5618,.T.);
#5616=EDGE_CURVE('',#119,#123,#5619,.F.);
#5617=EDGE_CURVE('',#123,#359,#5620,.T.);
#5618=EDGE_CURVE('',#359,#119,#5621,.T.);
#5619=LINE('',#118,#5622);
#5620=LINE('',#122,#5623);
#5621=LINE('',#358,#5624);
#5622=VECTOR('',#5625,1.0);
#5623=VECTOR('',#5626,1.0);
#5624=VECTOR('',#5627,1.0);
#5625=DIRECTION('',(0.9966829299805166,0.08138265838280694,0));
#5626=DIRECTION('',(-0.9966677128543584,-0.08138141585106243,0.005525876196476962));
#5627=DIRECTION('',(0,0,-1));
#5628=FACE_SURFACE('',(#5633),#5629,.T.);
#5629=PLANE('',#5630);
#5630=AXIS2_PLACEMENT_3D('',#302,#5631,#5632);
#5631=DIRECTION('',(-0.9978076649934917,0.06618053853085892,3.883097128852278E-08));
#5632=DIRECTION('',(3.220261019719819E-06,4.9138797782391306E-05,-0.9999999987875042));
#5633=FACE_BOUND('',#5634,.T.);
#5634=EDGE_LOOP('',(#5635,#5636,#5637));
#5635=ORIENTED_EDGE('',*,*,#5638,.T.);
#5636=ORIENTED_EDGE('',*,*,#5639,.T.);
#5637=ORIENTED_EDGE('',*,*,#5640,.T.);
#5638=EDGE_CURVE('',#303,#301,#5641,.F.);
#5639=EDGE_CURVE('',#301,#395,#5642,.T.);
#5640=EDGE_CURVE('',#395,#303,#5643,.T.);
#5641=LINE('',#302,#5644);
#5642=LINE('',#300,#5645);
#5643=LINE('',#394,#5646);
#5644=VECTOR('',#5647,1.0);
#5645=VECTOR('',#5648,1.0);
#5646=VECTOR('',#5649,1.0);
#5647=DIRECTION('',(3.220261019719819E-06,4.9138797782391306E-05,-0.9999999987875042));
#5648=DIRECTION('',(-0.06618053853085898,-0.9978076649934924,0));
#5649=DIRECTION('',(0.006468852443836767,0.09753066460970931,0.9952114968230864));
#5650=FACE_SURFACE('',(#5655),#5651,.T.);
#5651=PLANE('',#5652);
#5652=AXIS2_PLACEMENT_3D('',#402,#5653,#5654);
#5653=DIRECTION('',(0.9978595407093896,-0.06539370776493574,0));
#5654=DIRECTION('',(-0.06539370776493574,-0.9978595407093896,0));
#5655=FACE_BOUND('',#5656,.T.);
#5656=EDGE_LOOP('',(#5657,#5658,#5659));
#5657=ORIENTED_EDGE('',*,*,#5660,.T.);
#5658=ORIENTED_EDGE('',*,*,#5661,.T.);
#5659=ORIENTED_EDGE('',*,*,#5662,.T.);
#5660=EDGE_CURVE('',#403,#405,#5663,.F.);
#5661=EDGE_CURVE('',#405,#407,#5664,.T.);
#5662=EDGE_CURVE('',#407,#403,#5665,.T.);
#5663=LINE('',#402,#5666);
#5664=LINE('',#404,#5667);
#5665=LINE('',#406,#5668);
#5666=VECTOR('',#5669,1.0);
#5667=VECTOR('',#5670,1.0);
#5668=VECTOR('',#5671,1.0);
#5669=DIRECTION('',(-0.06539370776493574,-0.9978595407093896,0));
#5670=DIRECTION('',(0,0,-1));
#5671=DIRECTION('',(3.220261019719819E-06,4.9138797782391306E-05,0.9999999987875042));
#5672=FACE_SURFACE('',(#5677),#5673,.T.);
#5673=PLANE('',#5674);
#5674=AXIS2_PLACEMENT_3D('',#402,#5675,#5676);
#5675=DIRECTION('',(0.9978076249179184,-0.06618114274973655,3.8860790931609014E-08));
#5676=DIRECTION('',(-3.220261019719819E-06,-4.9138797782391306E-05,-0.9999999987875042));
#5677=FACE_BOUND('',#5678,.T.);
#5678=EDGE_LOOP('',(#5679,#5680,#5681));
#5679=ORIENTED_EDGE('',*,*,#5682,.T.);
#5680=ORIENTED_EDGE('',*,*,#5683,.T.);
#5681=ORIENTED_EDGE('',*,*,#5684,.T.);
#5682=EDGE_CURVE('',#403,#407,#5685,.F.);
#5683=EDGE_CURVE('',#407,#401,#5686,.T.);
#5684=EDGE_CURVE('',#401,#403,#5687,.T.);
#5685=LINE('',#402,#5688);
#5686=LINE('',#406,#5689);
#5687=LINE('',#400,#5690);
#5688=VECTOR('',#5691,1.0);
#5689=VECTOR('',#5692,1.0);
#5690=VECTOR('',#5693,1.0);
#5691=DIRECTION('',(-3.220261019719819E-06,-4.9138797782391306E-05,-0.9999999987875042));
#5692=DIRECTION('',(0.06618114274973659,0.9978076249179192,0));
#5693=DIRECTION('',(-0.006468911790256798,-0.09753066457226525,0.9952114964410038));
#5694=FACE_SURFACE('',(#5699),#5695,.T.);
#5695=PLANE('',#5696);
#5696=AXIS2_PLACEMENT_3D('',#358,#5697,#5698);
#5697=DIRECTION('',(0.009171327251285598,-0.0012141616283793475,-0.9999572053683047));
#5698=DIRECTION('',(0.9966421848641488,0.0813793314010895,0.009042110922101677));
#5699=FACE_BOUND('',#5700,.T.);
#5700=EDGE_LOOP('',(#5701,#5702,#5703));
#5701=ORIENTED_EDGE('',*,*,#5704,.T.);
#5702=ORIENTED_EDGE('',*,*,#5705,.T.);
#5703=ORIENTED_EDGE('',*,*,#5706,.T.);
#5704=EDGE_CURVE('',#359,#163,#5707,.F.);
#5705=EDGE_CURVE('',#163,#49,#5708,.T.);
#5706=EDGE_CURVE('',#49,#359,#5709,.T.);
#5707=LINE('',#358,#5710);
#5708=LINE('',#162,#5711);
#5709=LINE('',#48,#5712);
#5710=VECTOR('',#5713,1.0);
#5711=VECTOR('',#5714,1.0);
#5712=VECTOR('',#5715,1.0);
#5713=DIRECTION('',(0.9966421848641488,0.0813793314010895,0.009042110922101677));
#5714=DIRECTION('',(-0.9117540571121998,-0.410661297437609,-0.007863722165947946));
#5715=DIRECTION('',(0.131241596765785,0.9913504139699377,0));
#5716=FACE_SURFACE('',(#5721),#5717,.T.);
#5717=PLANE('',#5718);
#5718=AXIS2_PLACEMENT_3D('',#398,#5719,#5720);
#5719=DIRECTION('',(0.9806316983172548,-0.19544349960303678,-0.012779308210316007));
#5720=DIRECTION('',(-0.19545946056716773,-0.9807117819598129,0));
#5721=FACE_BOUND('',#5722,.T.);
#5722=EDGE_LOOP('',(#5723,#5724,#5725));
#5723=ORIENTED_EDGE('',*,*,#5726,.T.);
#5724=ORIENTED_EDGE('',*,*,#5727,.T.);
#5725=ORIENTED_EDGE('',*,*,#5728,.T.);
#5726=EDGE_CURVE('',#399,#403,#5729,.F.);
#5727=EDGE_CURVE('',#403,#401,#5730,.T.);
#5728=EDGE_CURVE('',#401,#399,#5731,.T.);
#5729=LINE('',#398,#5732);
#5730=LINE('',#402,#5733);
#5731=LINE('',#400,#5734);
#5732=VECTOR('',#5735,1.0);
#5733=VECTOR('',#5736,1.0);
#5734=VECTOR('',#5737,1.0);
#5735=DIRECTION('',(-0.19545946056716773,-0.9807117819598129,0));
#5736=DIRECTION('',(0.006468911790256798,0.09753066457226525,-0.9952114964410038));
#5737=DIRECTION('',(0.049802977366559316,0.1857187988316168,0.981339997761208));
#5738=FACE_SURFACE('',(#5743),#5739,.T.);
#5739=PLANE('',#5740);
#5740=AXIS2_PLACEMENT_3D('',#394,#5741,#5742);
#5741=DIRECTION('',(-0.9658739603454564,0.25901253391791873,-5.281507705710179E-08));
#5742=DIRECTION('',(-0.2590125339179191,-0.9658739603454578,0));
#5743=FACE_BOUND('',#5744,.T.);
#5744=EDGE_LOOP('',(#5745,#5746,#5747));
#5745=ORIENTED_EDGE('',*,*,#5748,.T.);
#5746=ORIENTED_EDGE('',*,*,#5749,.T.);
#5747=ORIENTED_EDGE('',*,*,#5750,.T.);
#5748=EDGE_CURVE('',#395,#409,#5751,.F.);
#5749=EDGE_CURVE('',#409,#397,#5752,.T.);
#5750=EDGE_CURVE('',#397,#395,#5753,.T.);
#5751=LINE('',#394,#5754);
#5752=LINE('',#408,#5755);
#5753=LINE('',#396,#5756);
#5754=VECTOR('',#5757,1.0);
#5755=VECTOR('',#5758,1.0);
#5756=VECTOR('',#5759,1.0);
#5757=DIRECTION('',(-0.2590125339179191,-0.9658739603454578,0));
#5758=DIRECTION('',(2.5404281285907194E-05,9.493806527503346E-05,0.9999999951706932));
#5759=DIRECTION('',(0.049803010885122144,0.18571834653543356,-0.9813400816571801));
#5760=FACE_SURFACE('',(#5765),#5761,.T.);
#5761=PLANE('',#5762);
#5762=AXIS2_PLACEMENT_3D('',#410,#5763,#5764);
#5763=DIRECTION('',(-0.9660130151225332,0.2584934324385673,0));
#5764=DIRECTION('',(0.25849343243856737,0.9660130151225333,0));
#5765=FACE_BOUND('',#5766,.T.);
#5766=EDGE_LOOP('',(#5767,#5768,#5769));
#5767=ORIENTED_EDGE('',*,*,#5770,.T.);
#5768=ORIENTED_EDGE('',*,*,#5771,.T.);
#5769=ORIENTED_EDGE('',*,*,#5772,.T.);
#5770=EDGE_CURVE('',#411,#397,#5773,.F.);
#5771=EDGE_CURVE('',#397,#409,#5774,.T.);
#5772=EDGE_CURVE('',#409,#411,#5775,.T.);
#5773=LINE('',#410,#5776);
#5774=LINE('',#396,#5777);
#5775=LINE('',#408,#5778);
#5776=VECTOR('',#5779,1.0);
#5777=VECTOR('',#5780,1.0);
#5778=VECTOR('',#5781,1.0);
#5779=DIRECTION('',(0.25849343243856737,0.9660130151225333,0));
#5780=DIRECTION('',(-2.5404281285907194E-05,-9.493806527503346E-05,-0.9999999951706932));
#5781=DIRECTION('',(0,0,1));
#5782=FACE_SURFACE('',(#5787),#5783,.T.);
#5783=PLANE('',#5784);
#5784=AXIS2_PLACEMENT_3D('',#188,#5785,#5786);
#5785=DIRECTION('',(0,-0,-1));
#5786=DIRECTION('',(0.6996093574440915,-0.7145255397651404,0));
#5787=FACE_BOUND('',#5788,.T.);
#5788=EDGE_LOOP('',(#5789,#5790,#5791));
#5789=ORIENTED_EDGE('',*,*,#5792,.T.);
#5790=ORIENTED_EDGE('',*,*,#5793,.T.);
#5791=ORIENTED_EDGE('',*,*,#5794,.T.);
#5792=EDGE_CURVE('',#189,#357,#5795,.F.);
#5793=EDGE_CURVE('',#357,#363,#5796,.T.);
#5794=EDGE_CURVE('',#363,#189,#5797,.T.);
#5795=LINE('',#188,#5798);
#5796=LINE('',#356,#5799);
#5797=LINE('',#362,#5800);
#5798=VECTOR('',#5801,1.0);
#5799=VECTOR('',#5802,1.0);
#5800=VECTOR('',#5803,1.0);
#5801=DIRECTION('',(0.6996093574440915,-0.7145255397651404,0));
#5802=DIRECTION('',(-0.990650790346581,0.1364221814284396,0));
#5803=DIRECTION('',(0.8560341607021207,0.5169192545369303,0));
#5804=FACE_SURFACE('',(#5809),#5805,.T.);
#5805=PLANE('',#5806);
#5806=AXIS2_PLACEMENT_3D('',#346,#5807,#5808);
#5807=DIRECTION('',(0,0,-1));
#5808=DIRECTION('',(0.8696451749928594,0.4936772929876752,0));
#5809=FACE_BOUND('',#5810,.T.);
#5810=EDGE_LOOP('',(#5811,#5812,#5813));
#5811=ORIENTED_EDGE('',*,*,#5814,.T.);
#5812=ORIENTED_EDGE('',*,*,#5815,.T.);
#5813=ORIENTED_EDGE('',*,*,#5816,.T.);
#5814=EDGE_CURVE('',#347,#189,#5817,.F.);
#5815=EDGE_CURVE('',#189,#365,#5818,.T.);
#5816=EDGE_CURVE('',#365,#347,#5819,.T.);
#5817=LINE('',#346,#5820);
#5818=LINE('',#188,#5821);
#5819=LINE('',#364,#5822);
#5820=VECTOR('',#5823,1.0);
#5821=VECTOR('',#5824,1.0);
#5822=VECTOR('',#5825,1.0);
#5823=DIRECTION('',(0.8696451749928594,0.4936772929876752,0));
#5824=DIRECTION('',(-0.8628666576435482,-0.505431628538472,0));
#5825=DIRECTION('',(-0.518491110047325,0.8550830186606987,0));
#5826=FACE_SURFACE('',(#5831),#5827,.T.);
#5827=PLANE('',#5828);
#5828=AXIS2_PLACEMENT_3D('',#366,#5829,#5830);
#5829=DIRECTION('',(0,0,-1));
#5830=DIRECTION('',(0.8760403792263665,0.4822377566770605,0));
#5831=FACE_BOUND('',#5832,.T.);
#5832=EDGE_LOOP('',(#5833,#5834,#5835));
#5833=ORIENTED_EDGE('',*,*,#5836,.T.);
#5834=ORIENTED_EDGE('',*,*,#5837,.T.);
#5835=ORIENTED_EDGE('',*,*,#5838,.T.);
#5836=EDGE_CURVE('',#367,#189,#5839,.F.);
#5837=EDGE_CURVE('',#189,#347,#5840,.T.);
#5838=EDGE_CURVE('',#347,#367,#5841,.T.);
#5839=LINE('',#366,#5842);
#5840=LINE('',#188,#5843);
#5841=LINE('',#346,#5844);
#5842=VECTOR('',#5845,1.0);
#5843=VECTOR('',#5846,1.0);
#5844=VECTOR('',#5847,1.0);
#5845=DIRECTION('',(0.8760403792263665,0.4822377566770605,0));
#5846=DIRECTION('',(-0.8696451749928594,-0.4936772929876752,0));
#5847=DIRECTION('',(-0.6907580996229558,0.7230859200712477,0));
#5848=FACE_SURFACE('',(#5853),#5849,.T.);
#5849=PLANE('',#5850);
#5850=AXIS2_PLACEMENT_3D('',#392,#5851,#5852);
#5851=DIRECTION('',(0,0,1));
#5852=DIRECTION('',(-0.807734232512441,0.5895467832390725,0));
#5853=FACE_BOUND('',#5854,.T.);
#5854=EDGE_LOOP('',(#5855,#5856,#5857));
#5855=ORIENTED_EDGE('',*,*,#5858,.T.);
#5856=ORIENTED_EDGE('',*,*,#5859,.T.);
#5857=ORIENTED_EDGE('',*,*,#5860,.T.);
#5858=EDGE_CURVE('',#393,#95,#5861,.F.);
#5859=EDGE_CURVE('',#95,#399,#5862,.T.);
#5860=EDGE_CURVE('',#399,#393,#5863,.T.);
#5861=LINE('',#392,#5864);
#5862=LINE('',#94,#5865);
#5863=LINE('',#398,#5866);
#5864=VECTOR('',#5867,1.0);
#5865=VECTOR('',#5868,1.0);
#5866=VECTOR('',#5869,1.0);
#5867=DIRECTION('',(-0.807734232512441,0.5895467832390725,0));
#5868=DIRECTION('',(0.807731298968537,-0.5895508024475923,0));
#5869=DIRECTION('',(0.2594268053538319,0.9657627724570382,0));
#5870=FACE_SURFACE('',(#5875),#5871,.T.);
#5871=PLANE('',#5872);
#5872=AXIS2_PLACEMENT_3D('',#412,#5873,#5874);
#5873=DIRECTION('',(0.9940486858441026,0.10893672554108055,0));
#5874=DIRECTION('',(-0.10893672554108055,0.9940486858441026,0));
#5875=FACE_BOUND('',#5876,.T.);
#5876=EDGE_LOOP('',(#5877,#5878,#5879));
#5877=ORIENTED_EDGE('',*,*,#5880,.T.);
#5878=ORIENTED_EDGE('',*,*,#5881,.T.);
#5879=ORIENTED_EDGE('',*,*,#5882,.T.);
#5880=EDGE_CURVE('',#413,#407,#5883,.F.);
#5881=EDGE_CURVE('',#407,#405,#5884,.T.);
#5882=EDGE_CURVE('',#405,#413,#5885,.T.);
#5883=LINE('',#412,#5886);
#5884=LINE('',#406,#5887);
#5885=LINE('',#404,#5888);
#5886=VECTOR('',#5889,1.0);
#5887=VECTOR('',#5890,1.0);
#5888=VECTOR('',#5891,1.0);
#5889=DIRECTION('',(-0.10893672554108055,0.9940486858441026,0));
#5890=DIRECTION('',(0,0,1));
#5891=DIRECTION('',(0.015837892213730234,-0.1445209213275103,-0.9893749867814903));
#5892=FACE_SURFACE('',(#5897),#5893,.T.);
#5893=PLANE('',#5894);
#5894=AXIS2_PLACEMENT_3D('',#396,#5895,#5896);
#5895=DIRECTION('',(-0,0,1));
#5896=DIRECTION('',(0.9931223125996038,-0.11708147683051635,0));
#5897=FACE_BOUND('',#5898,.T.);
#5898=EDGE_LOOP('',(#5899,#5900,#5901));
#5899=ORIENTED_EDGE('',*,*,#5902,.T.);
#5900=ORIENTED_EDGE('',*,*,#5903,.T.);
#5901=ORIENTED_EDGE('',*,*,#5904,.T.);
#5902=EDGE_CURVE('',#397,#317,#5905,.F.);
#5903=EDGE_CURVE('',#317,#303,#5906,.T.);
#5904=EDGE_CURVE('',#303,#397,#5907,.T.);
#5905=LINE('',#396,#5908);
#5906=LINE('',#316,#5909);
#5907=LINE('',#302,#5910);
#5908=VECTOR('',#5911,1.0);
#5909=VECTOR('',#5912,1.0);
#5910=VECTOR('',#5913,1.0);
#5911=DIRECTION('',(0.9931223125996038,-0.11708147683051635,0));
#5912=DIRECTION('',(-0.9880545357694904,0.1541046214275768,0));
#5913=DIRECTION('',(-0.19545967488073984,-0.9807117392463065,0));
#5914=FACE_SURFACE('',(#5919),#5915,.T.);
#5915=PLANE('',#5916);
#5916=AXIS2_PLACEMENT_3D('',#410,#5917,#5918);
#5917=DIRECTION('',(-0,0,1));
#5918=DIRECTION('',(0.9931237663504985,-0.11706914499474529,0));
#5919=FACE_BOUND('',#5920,.T.);
#5920=EDGE_LOOP('',(#5921,#5922,#5923));
#5921=ORIENTED_EDGE('',*,*,#5924,.T.);
#5922=ORIENTED_EDGE('',*,*,#5925,.T.);
#5923=ORIENTED_EDGE('',*,*,#5926,.T.);
#5924=EDGE_CURVE('',#411,#317,#5927,.F.);
#5925=EDGE_CURVE('',#317,#397,#5928,.T.);
#5926=EDGE_CURVE('',#397,#411,#5929,.T.);
#5927=LINE('',#410,#5930);
#5928=LINE('',#316,#5931);
#5929=LINE('',#396,#5932);
#5930=VECTOR('',#5933,1.0);
#5931=VECTOR('',#5934,1.0);
#5932=VECTOR('',#5935,1.0);
#5933=DIRECTION('',(0.9931237663504985,-0.11706914499474529,0));
#5934=DIRECTION('',(-0.9931223125996038,0.11708147683051635,0));
#5935=DIRECTION('',(-0.25849343243856737,-0.9660130151225333,0));
#5936=FACE_SURFACE('',(#5941),#5937,.T.);
#5937=PLANE('',#5938);
#5938=AXIS2_PLACEMENT_3D('',#414,#5939,#5940);
#5939=DIRECTION('',(-0.11043241523168343,0.9938836358780122,0));
#5940=DIRECTION('',(0.9938836358780122,0.11043241523168343,0));
#5941=FACE_BOUND('',#5942,.T.);
#5942=EDGE_LOOP('',(#5943,#5944,#5945));
#5943=ORIENTED_EDGE('',*,*,#5946,.T.);
#5944=ORIENTED_EDGE('',*,*,#5947,.T.);
#5945=ORIENTED_EDGE('',*,*,#5948,.T.);
#5946=EDGE_CURVE('',#415,#417,#5949,.F.);
#5947=EDGE_CURVE('',#417,#419,#5950,.T.);
#5948=EDGE_CURVE('',#419,#415,#5951,.T.);
#5949=LINE('',#414,#5952);
#5950=LINE('',#416,#5953);
#5951=LINE('',#418,#5954);
#5952=VECTOR('',#5955,1.0);
#5953=VECTOR('',#5956,1.0);
#5954=VECTOR('',#5957,1.0);
#5955=DIRECTION('',(0.9938836358780122,0.11043241523168343,0));
#5956=DIRECTION('',(-0.14476273295552775,-0.016084879213948848,-0.9893356497205179));
#5957=DIRECTION('',(0,0,1));
#5958=FACE_SURFACE('',(#5963),#5959,.T.);
#5959=PLANE('',#5960);
#5960=AXIS2_PLACEMENT_3D('',#420,#5961,#5962);
#5961=DIRECTION('',(-0.11043241523168343,0.9938836358780122,0));
#5962=DIRECTION('',(-0.9938836358780122,-0.11043241523168343,0));
#5963=FACE_BOUND('',#5964,.T.);
#5964=EDGE_LOOP('',(#5965,#5966,#5967));
#5965=ORIENTED_EDGE('',*,*,#5968,.T.);
#5966=ORIENTED_EDGE('',*,*,#5969,.T.);
#5967=ORIENTED_EDGE('',*,*,#5970,.T.);
#5968=EDGE_CURVE('',#421,#419,#5971,.F.);
#5969=EDGE_CURVE('',#419,#417,#5972,.T.);
#5970=EDGE_CURVE('',#417,#421,#5973,.T.);
#5971=LINE('',#420,#5974);
#5972=LINE('',#418,#5975);
#5973=LINE('',#416,#5976);
#5974=VECTOR('',#5977,1.0);
#5975=VECTOR('',#5978,1.0);
#5976=VECTOR('',#5979,1.0);
#5977=DIRECTION('',(-0.9938836358780122,-0.11043241523168343,0));
#5978=DIRECTION('',(0.14476273295552775,0.016084879213948848,0.9893356497205179));
#5979=DIRECTION('',(0,0,-1));
#5980=FACE_SURFACE('',(#5985),#5981,.T.);
#5981=PLANE('',#5982);
#5982=AXIS2_PLACEMENT_3D('',#404,#5983,#5984);
#5983=DIRECTION('',(0,-0,1));
#5984=DIRECTION('',(0.06539370776493574,0.9978595407093896,0));
#5985=FACE_BOUND('',#5986,.T.);
#5986=EDGE_LOOP('',(#5987,#5988,#5989));
#5987=ORIENTED_EDGE('',*,*,#5990,.T.);
#5988=ORIENTED_EDGE('',*,*,#5991,.T.);
#5989=ORIENTED_EDGE('',*,*,#5992,.T.);
#5990=EDGE_CURVE('',#405,#403,#5993,.F.);
#5991=EDGE_CURVE('',#403,#423,#5994,.T.);
#5992=EDGE_CURVE('',#423,#405,#5995,.T.);
#5993=LINE('',#404,#5996);
#5994=LINE('',#402,#5997);
#5995=LINE('',#422,#5998);
#5996=VECTOR('',#5999,1.0);
#5997=VECTOR('',#6000,1.0);
#5998=VECTOR('',#6001,1.0);
#5999=DIRECTION('',(0.06539370776493574,0.9978595407093896,0));
#6000=DIRECTION('',(-0.9865945411676955,-0.1631907207475489,0));
#6001=DIRECTION('',(0.9865956014990833,0.16318431022209876,0));
#6002=FACE_SURFACE('',(#6007),#6003,.T.);
#6003=PLANE('',#6004);
#6004=AXIS2_PLACEMENT_3D('',#402,#6005,#6006);
#6005=DIRECTION('',(0,-0,1));
#6006=DIRECTION('',(0.19545946056716773,0.9807117819598129,0));
#6007=FACE_BOUND('',#6008,.T.);
#6008=EDGE_LOOP('',(#6009,#6010,#6011));
#6009=ORIENTED_EDGE('',*,*,#6012,.T.);
#6010=ORIENTED_EDGE('',*,*,#6013,.T.);
#6011=ORIENTED_EDGE('',*,*,#6014,.T.);
#6012=EDGE_CURVE('',#403,#399,#6015,.F.);
#6013=EDGE_CURVE('',#399,#423,#6016,.T.);
#6014=EDGE_CURVE('',#423,#403,#6017,.T.);
#6015=LINE('',#402,#6018);
#6016=LINE('',#398,#6019);
#6017=LINE('',#422,#6020);
#6018=VECTOR('',#6021,1.0);
#6019=VECTOR('',#6022,1.0);
#6020=VECTOR('',#6023,1.0);
#6021=DIRECTION('',(0.19545946056716773,0.9807117819598129,0));
#6022=DIRECTION('',(-0.9799615335739231,-0.1991868286695803,0));
#6023=DIRECTION('',(0.9865945411676955,0.1631907207475489,0));
#6024=FACE_SURFACE('',(#6029),#6025,.T.);
#6025=PLANE('',#6026);
#6026=AXIS2_PLACEMENT_3D('',#380,#6027,#6028);
#6027=DIRECTION('',(0.38014457303628346,-0.9249270801479766,0));
#6028=DIRECTION('',(9.054002362394793E-05,3.7211904983595265E-05,0.9999999952088892));
#6029=FACE_BOUND('',#6030,.T.);
#6030=EDGE_LOOP('',(#6031,#6032,#6033));
#6031=ORIENTED_EDGE('',*,*,#6034,.T.);
#6032=ORIENTED_EDGE('',*,*,#6035,.T.);
#6033=ORIENTED_EDGE('',*,*,#6036,.T.);
#6034=EDGE_CURVE('',#381,#425,#6037,.F.);
#6035=EDGE_CURVE('',#425,#383,#6038,.T.);
#6036=EDGE_CURVE('',#383,#381,#6039,.T.);
#6037=LINE('',#380,#6040);
#6038=LINE('',#424,#6041);
#6039=LINE('',#382,#6042);
#6040=VECTOR('',#6043,1.0);
#6041=VECTOR('',#6044,1.0);
#6042=VECTOR('',#6045,1.0);
#6043=DIRECTION('',(9.054002362394793E-05,3.7211904983595265E-05,0.9999999952088892));
#6044=DIRECTION('',(-0.9249270801479768,-0.3801445730362835,0));
#6045=DIRECTION('',(0,0,-1));
#6046=FACE_SURFACE('',(#6051),#6047,.T.);
#6047=PLANE('',#6048);
#6048=AXIS2_PLACEMENT_3D('',#376,#6049,#6050);
#6049=DIRECTION('',(0.38280173313159155,-0.9238305218552646,-2.81384362147319E-07));
#6050=DIRECTION('',(-0.1776229900224614,-0.07360079901071336,0.9813424457346503));
#6051=FACE_BOUND('',#6052,.T.);
#6052=EDGE_LOOP('',(#6053,#6054,#6055));
#6053=ORIENTED_EDGE('',*,*,#6056,.T.);
#6054=ORIENTED_EDGE('',*,*,#6057,.T.);
#6055=ORIENTED_EDGE('',*,*,#6058,.T.);
#6056=EDGE_CURVE('',#377,#425,#6059,.F.);
#6057=EDGE_CURVE('',#425,#381,#6060,.T.);
#6058=EDGE_CURVE('',#381,#377,#6061,.T.);
#6059=LINE('',#376,#6062);
#6060=LINE('',#424,#6063);
#6061=LINE('',#380,#6064);
#6062=VECTOR('',#6065,1.0);
#6063=VECTOR('',#6066,1.0);
#6064=VECTOR('',#6067,1.0);
#6065=DIRECTION('',(-0.1776229900224614,-0.07360079901071336,0.9813424457346503));
#6066=DIRECTION('',(-9.054002362394793E-05,-3.7211904983595265E-05,-0.9999999952088892));
#6067=DIRECTION('',(0.9238305218553012,0.3828017331316067,0));
#6068=FACE_SURFACE('',(#6073),#6069,.T.);
#6069=PLANE('',#6070);
#6070=AXIS2_PLACEMENT_3D('',#426,#6071,#6072);
#6071=DIRECTION('',(-0.27917339112160716,0.9600867095383461,-0.017196739734425412));
#6072=DIRECTION('',(-0.9602287032255489,-0.2792146799539391,0));
#6073=FACE_BOUND('',#6074,.T.);
#6074=EDGE_LOOP('',(#6075,#6076,#6077));
#6075=ORIENTED_EDGE('',*,*,#6078,.T.);
#6076=ORIENTED_EDGE('',*,*,#6079,.T.);
#6077=ORIENTED_EDGE('',*,*,#6080,.T.);
#6078=EDGE_CURVE('',#427,#421,#6081,.F.);
#6079=EDGE_CURVE('',#421,#429,#6082,.T.);
#6080=EDGE_CURVE('',#429,#427,#6083,.T.);
#6081=LINE('',#426,#6084);
#6082=LINE('',#420,#6085);
#6083=LINE('',#428,#6086);
#6084=VECTOR('',#6087,1.0);
#6085=VECTOR('',#6088,1.0);
#6086=VECTOR('',#6089,1.0);
#6087=DIRECTION('',(-0.9602287032255489,-0.2792146799539391,0));
#6088=DIRECTION('',(0.22246841377969404,0.08208999343801798,0.9714777598317385));
#6089=DIRECTION('',(-0.08750946228130355,-0.043272040732591784,-0.9952234043178818));
#6090=FACE_SURFACE('',(#6095),#6091,.T.);
#6091=PLANE('',#6092);
#6092=AXIS2_PLACEMENT_3D('',#426,#6093,#6094);
#6093=DIRECTION('',(-0.27917940041966643,0.9600849729548413,-0.017196135833882676));
#6094=DIRECTION('',(0.08750946228130355,0.043272040732591784,0.9952234043178818));
#6095=FACE_BOUND('',#6096,.T.);
#6096=EDGE_LOOP('',(#6097,#6098,#6099));
#6097=ORIENTED_EDGE('',*,*,#6100,.T.);
#6098=ORIENTED_EDGE('',*,*,#6101,.T.);
#6099=ORIENTED_EDGE('',*,*,#6102,.T.);
#6100=EDGE_CURVE('',#427,#429,#6103,.F.);
#6101=EDGE_CURVE('',#429,#431,#6104,.T.);
#6102=EDGE_CURVE('',#431,#427,#6105,.T.);
#6103=LINE('',#426,#6106);
#6104=LINE('',#428,#6107);
#6105=LINE('',#430,#6108);
#6106=VECTOR('',#6109,1.0);
#6107=VECTOR('',#6110,1.0);
#6108=VECTOR('',#6111,1.0);
#6109=DIRECTION('',(0.08750946228130355,0.043272040732591784,0.9952234043178818));
#6110=DIRECTION('',(0.9602269564103617,0.2792206872402066,0));
#6111=DIRECTION('',(-0.08757905717659098,-0.043292152647498666,-0.9952164077542156));
#6112=FACE_SURFACE('',(#6117),#6113,.T.);
#6113=PLANE('',#6114);
#6114=AXIS2_PLACEMENT_3D('',#424,#6115,#6116);
#6115=DIRECTION('',(0,0,1));
#6116=DIRECTION('',(-0.822876627485224,0.5682200770287369,0));
#6117=FACE_BOUND('',#6118,.T.);
#6118=EDGE_LOOP('',(#6119,#6120,#6121));
#6119=ORIENTED_EDGE('',*,*,#6122,.T.);
#6120=ORIENTED_EDGE('',*,*,#6123,.T.);
#6121=ORIENTED_EDGE('',*,*,#6124,.T.);
#6122=EDGE_CURVE('',#425,#95,#6125,.F.);
#6123=EDGE_CURVE('',#95,#383,#6126,.T.);
#6124=EDGE_CURVE('',#383,#425,#6127,.T.);
#6125=LINE('',#424,#6128);
#6126=LINE('',#94,#6129);
#6127=LINE('',#382,#6130);
#6128=VECTOR('',#6131,1.0);
#6129=VECTOR('',#6132,1.0);
#6130=VECTOR('',#6133,1.0);
#6131=DIRECTION('',(-0.822876627485224,0.5682200770287369,0));
#6132=DIRECTION('',(0.822874091673624,-0.5682237492857087,0));
#6133=DIRECTION('',(0.9249270801479768,0.3801445730362835,0));
#6134=FACE_SURFACE('',(#6139),#6135,.T.);
#6135=PLANE('',#6136);
#6136=AXIS2_PLACEMENT_3D('',#300,#6137,#6138);
#6137=DIRECTION('',(0,0,-1));
#6138=DIRECTION('',(-0.13141138484851628,0.9913279214932842,0));
#6139=FACE_BOUND('',#6140,.T.);
#6140=EDGE_LOOP('',(#6141,#6142,#6143));
#6141=ORIENTED_EDGE('',*,*,#6144,.T.);
#6142=ORIENTED_EDGE('',*,*,#6145,.T.);
#6143=ORIENTED_EDGE('',*,*,#6146,.T.);
#6144=EDGE_CURVE('',#301,#363,#6147,.F.);
#6145=EDGE_CURVE('',#363,#357,#6148,.T.);
#6146=EDGE_CURVE('',#357,#301,#6149,.T.);
#6147=LINE('',#300,#6150);
#6148=LINE('',#362,#6151);
#6149=LINE('',#356,#6152);
#6150=VECTOR('',#6153,1.0);
#6151=VECTOR('',#6154,1.0);
#6152=VECTOR('',#6155,1.0);
#6153=DIRECTION('',(-0.13141138484851628,0.9913279214932842,0));
#6154=DIRECTION('',(0.990650790346581,-0.1364221814284396,0));
#6155=DIRECTION('',(-0.9920889726658517,0.1255367289474069,0));
#6156=FACE_SURFACE('',(#6161),#6157,.T.);
#6157=PLANE('',#6158);
#6158=AXIS2_PLACEMENT_3D('',#424,#6159,#6160);
#6159=DIRECTION('',(0.34707152329403074,-0.9378085467841486,-0.007515803148341045));
#6160=DIRECTION('',(0.1776229900224614,0.07360079901071336,-0.9813424457346503));
#6161=FACE_BOUND('',#6162,.T.);
#6162=EDGE_LOOP('',(#6163,#6164,#6165));
#6163=ORIENTED_EDGE('',*,*,#6166,.T.);
#6164=ORIENTED_EDGE('',*,*,#6167,.T.);
#6165=ORIENTED_EDGE('',*,*,#6168,.T.);
#6166=EDGE_CURVE('',#425,#377,#6169,.F.);
#6167=EDGE_CURVE('',#377,#295,#6170,.T.);
#6168=EDGE_CURVE('',#295,#425,#6171,.T.);
#6169=LINE('',#424,#6172);
#6170=LINE('',#376,#6173);
#6171=LINE('',#294,#6174);
#6172=VECTOR('',#6175,1.0);
#6173=VECTOR('',#6176,1.0);
#6174=VECTOR('',#6177,1.0);
#6175=DIRECTION('',(0.1776229900224614,0.07360079901071336,-0.9813424457346503));
#6176=DIRECTION('',(0.04794252538896916,0.009738321805110256,0.9988026228178157));
#6177=DIRECTION('',(-0.9378350350412804,-0.34708132627544275,0));
#6178=FACE_SURFACE('',(#6183),#6179,.T.);
#6179=PLANE('',#6180);
#6180=AXIS2_PLACEMENT_3D('',#420,#6181,#6182);
#6181=DIRECTION('',(-0.3461803906057709,0.938167968521648,0));
#6182=DIRECTION('',(0,0,1));
#6183=FACE_BOUND('',#6184,.T.);
#6184=EDGE_LOOP('',(#6185,#6186,#6187));
#6185=ORIENTED_EDGE('',*,*,#6188,.T.);
#6186=ORIENTED_EDGE('',*,*,#6189,.T.);
#6187=ORIENTED_EDGE('',*,*,#6190,.T.);
#6188=EDGE_CURVE('',#421,#417,#6191,.F.);
#6189=EDGE_CURVE('',#417,#429,#6192,.T.);
#6190=EDGE_CURVE('',#429,#421,#6193,.T.);
#6191=LINE('',#420,#6194);
#6192=LINE('',#416,#6195);
#6193=LINE('',#428,#6196);
#6194=VECTOR('',#6197,1.0);
#6195=VECTOR('',#6198,1.0);
#6196=VECTOR('',#6199,1.0);
#6197=DIRECTION('',(0,0,1));
#6198=DIRECTION('',(0.938167968521648,0.3461803906057709,0));
#6199=DIRECTION('',(-0.22246841377969404,-0.08208999343801798,-0.9714777598317385));
#6200=FACE_SURFACE('',(#6205),#6201,.T.);
#6201=PLANE('',#6202);
#6202=AXIS2_PLACEMENT_3D('',#364,#6203,#6204);
#6203=DIRECTION('',(0,0,-1));
#6204=DIRECTION('',(0.8628666576435482,0.505431628538472,0));
#6205=FACE_BOUND('',#6206,.T.);
#6206=EDGE_LOOP('',(#6207,#6208,#6209));
#6207=ORIENTED_EDGE('',*,*,#6210,.T.);
#6208=ORIENTED_EDGE('',*,*,#6211,.T.);
#6209=ORIENTED_EDGE('',*,*,#6212,.T.);
#6210=EDGE_CURVE('',#365,#189,#6213,.F.);
#6211=EDGE_CURVE('',#189,#363,#6214,.T.);
#6212=EDGE_CURVE('',#363,#365,#6215,.T.);
#6213=LINE('',#364,#6216);
#6214=LINE('',#188,#6217);
#6215=LINE('',#362,#6218);
#6216=VECTOR('',#6219,1.0);
#6217=VECTOR('',#6220,1.0);
#6218=VECTOR('',#6221,1.0);
#6219=DIRECTION('',(0.8628666576435482,0.505431628538472,0));
#6220=DIRECTION('',(-0.8560341607021207,-0.5169192545369303,0));
#6221=DIRECTION('',(-0.3622819925229773,0.9320685371224486,0));
#6222=FACE_SURFACE('',(#6227),#6223,.T.);
#6223=PLANE('',#6224);
#6224=AXIS2_PLACEMENT_3D('',#294,#6225,#6226);
#6225=DIRECTION('',(0,0,1));
#6226=DIRECTION('',(-0.8289571564531422,0.5593121067571492,0));
#6227=FACE_BOUND('',#6228,.T.);
#6228=EDGE_LOOP('',(#6229,#6230,#6231));
#6229=ORIENTED_EDGE('',*,*,#6232,.T.);
#6230=ORIENTED_EDGE('',*,*,#6233,.T.);
#6231=ORIENTED_EDGE('',*,*,#6234,.T.);
#6232=EDGE_CURVE('',#295,#95,#6235,.F.);
#6233=EDGE_CURVE('',#95,#425,#6236,.T.);
#6234=EDGE_CURVE('',#425,#295,#6237,.T.);
#6235=LINE('',#294,#6238);
#6236=LINE('',#94,#6239);
#6237=LINE('',#424,#6240);
#6238=VECTOR('',#6241,1.0);
#6239=VECTOR('',#6242,1.0);
#6240=VECTOR('',#6243,1.0);
#6241=DIRECTION('',(-0.8289571564531422,0.5593121067571492,0));
#6242=DIRECTION('',(0.822876627485224,-0.5682200770287369,0));
#6243=DIRECTION('',(0.9378350350412804,0.34708132627544275,0));
#6244=FACE_SURFACE('',(#6249),#6245,.T.);
#6245=PLANE('',#6246);
#6246=AXIS2_PLACEMENT_3D('',#368,#6247,#6248);
#6247=DIRECTION('',(0,0,-1));
#6248=DIRECTION('',(0.8818512235666215,0.4715277505026109,0));
#6249=FACE_BOUND('',#6250,.T.);
#6250=EDGE_LOOP('',(#6251,#6252,#6253));
#6251=ORIENTED_EDGE('',*,*,#6254,.T.);
#6252=ORIENTED_EDGE('',*,*,#6255,.T.);
#6253=ORIENTED_EDGE('',*,*,#6256,.T.);
#6254=EDGE_CURVE('',#369,#189,#6257,.F.);
#6255=EDGE_CURVE('',#189,#367,#6258,.T.);
#6256=EDGE_CURVE('',#367,#369,#6259,.T.);
#6257=LINE('',#368,#6260);
#6258=LINE('',#188,#6261);
#6259=LINE('',#366,#6262);
#6260=VECTOR('',#6263,1.0);
#6261=VECTOR('',#6264,1.0);
#6262=VECTOR('',#6265,1.0);
#6263=DIRECTION('',(0.8818512235666215,0.4715277505026109,0));
#6264=DIRECTION('',(-0.8760403792263665,-0.4822377566770605,0));
#6265=DIRECTION('',(-0.8074843977099408,0.5898889280661354,0));
#6266=FACE_SURFACE('',(#6271),#6267,.T.);
#6267=PLANE('',#6268);
#6268=AXIS2_PLACEMENT_3D('',#412,#6269,#6270);
#6269=DIRECTION('',(0.9940486858441026,0.10893672554108055,-0));
#6270=DIRECTION('',(-0.015837892213730234,0.1445209213275103,0.9893749867814903));
#6271=FACE_BOUND('',#6272,.T.);
#6272=EDGE_LOOP('',(#6273,#6274,#6275));
#6273=ORIENTED_EDGE('',*,*,#6276,.T.);
#6274=ORIENTED_EDGE('',*,*,#6277,.T.);
#6275=ORIENTED_EDGE('',*,*,#6278,.T.);
#6276=EDGE_CURVE('',#413,#405,#6279,.F.);
#6277=EDGE_CURVE('',#405,#433,#6280,.T.);
#6278=EDGE_CURVE('',#433,#413,#6281,.T.);
#6279=LINE('',#412,#6282);
#6280=LINE('',#404,#6283);
#6281=LINE('',#432,#6284);
#6282=VECTOR('',#6285,1.0);
#6283=VECTOR('',#6286,1.0);
#6284=VECTOR('',#6287,1.0);
#6285=DIRECTION('',(-0.015837892213730234,0.1445209213275103,0.9893749867814903));
#6286=DIRECTION('',(0.10893672554108055,-0.9940486858441026,0));
#6287=DIRECTION('',(0,0,-1));
#6288=FACE_SURFACE('',(#6293),#6289,.T.);
#6289=PLANE('',#6290);
#6290=AXIS2_PLACEMENT_3D('',#434,#6291,#6292);
#6291=DIRECTION('',(-0.014420764228345158,0.06787983453177936,0.9975892790236915));
#6292=DIRECTION('',(0.45088212841766684,0.8909421500848302,-0.05410537381604975));
#6293=FACE_BOUND('',#6294,.T.);
#6294=EDGE_LOOP('',(#6295,#6296,#6297));
#6295=ORIENTED_EDGE('',*,*,#6298,.T.);
#6296=ORIENTED_EDGE('',*,*,#6299,.T.);
#6297=ORIENTED_EDGE('',*,*,#6300,.T.);
#6298=EDGE_CURVE('',#435,#437,#6301,.F.);
#6299=EDGE_CURVE('',#437,#439,#6302,.T.);
#6300=EDGE_CURVE('',#439,#435,#6303,.T.);
#6301=LINE('',#434,#6304);
#6302=LINE('',#436,#6305);
#6303=LINE('',#438,#6306);
#6304=VECTOR('',#6307,1.0);
#6305=VECTOR('',#6308,1.0);
#6306=VECTOR('',#6309,1.0);
#6307=DIRECTION('',(0.45088212841766684,0.8909421500848302,-0.05410537381604975));
#6308=DIRECTION('',(-0.4952643903164224,-0.8671937397956241,0.051847867302155806));
#6309=DIRECTION('',(0.9770560601154212,0.2129819706925196,-0.0003681734114260293));
#6310=FACE_SURFACE('',(#6315),#6311,.T.);
#6311=PLANE('',#6312);
#6312=AXIS2_PLACEMENT_3D('',#432,#6313,#6314);
#6313=DIRECTION('',(0.946749350209512,0.32197153271347895,0));
#6314=DIRECTION('',(0.3219715327134789,-0.946749350209512,0));
#6315=FACE_BOUND('',#6316,.T.);
#6316=EDGE_LOOP('',(#6317,#6318,#6319));
#6317=ORIENTED_EDGE('',*,*,#6320,.T.);
#6318=ORIENTED_EDGE('',*,*,#6321,.T.);
#6319=ORIENTED_EDGE('',*,*,#6322,.T.);
#6320=EDGE_CURVE('',#433,#441,#6323,.F.);
#6321=EDGE_CURVE('',#441,#413,#6324,.T.);
#6322=EDGE_CURVE('',#413,#433,#6325,.T.);
#6323=LINE('',#432,#6326);
#6324=LINE('',#440,#6327);
#6325=LINE('',#412,#6328);
#6326=VECTOR('',#6329,1.0);
#6327=VECTOR('',#6330,1.0);
#6328=VECTOR('',#6331,1.0);
#6329=DIRECTION('',(0.3219715327134789,-0.946749350209512,0));
#6330=DIRECTION('',(-0.06182753001260957,0.18180232696717138,-0.9813894591047235));
#6331=DIRECTION('',(0,0,1));
#6332=FACE_SURFACE('',(#6337),#6333,.T.);
#6333=PLANE('',#6334);
#6334=AXIS2_PLACEMENT_3D('',#438,#6335,#6336);
#6335=DIRECTION('',(0.0003249372271382341,0.0002380083838265749,0.9999999188839006));
#6336=DIRECTION('',(0.9999999472078949,0,-0.000324937236341755));
#6337=FACE_BOUND('',#6338,.T.);
#6338=EDGE_LOOP('',(#6339,#6340,#6341));
#6339=ORIENTED_EDGE('',*,*,#6342,.T.);
#6340=ORIENTED_EDGE('',*,*,#6343,.T.);
#6341=ORIENTED_EDGE('',*,*,#6344,.T.);
#6342=EDGE_CURVE('',#439,#443,#6345,.F.);
#6343=EDGE_CURVE('',#443,#435,#6346,.T.);
#6344=EDGE_CURVE('',#435,#439,#6347,.T.);
#6345=LINE('',#438,#6348);
#6346=LINE('',#442,#6349);
#6347=LINE('',#434,#6350);
#6348=VECTOR('',#6351,1.0);
#6349=VECTOR('',#6352,1.0);
#6350=VECTOR('',#6353,1.0);
#6351=DIRECTION('',(0.9999999472078949,0,-0.000324937236341755));
#6352=DIRECTION('',(-0.5909132615766696,0.8067350973478361,0));
#6353=DIRECTION('',(-0.9770560601154212,-0.2129819706925196,0.0003681734114260293));
#6354=FACE_SURFACE('',(#6359),#6355,.T.);
#6355=PLANE('',#6356);
#6356=AXIS2_PLACEMENT_3D('',#444,#6357,#6358);
#6357=DIRECTION('',(0,-1,0));
#6358=DIRECTION('',(1,0,0));
#6359=FACE_BOUND('',#6360,.T.);
#6360=EDGE_LOOP('',(#6361,#6362,#6363));
#6361=ORIENTED_EDGE('',*,*,#6364,.T.);
#6362=ORIENTED_EDGE('',*,*,#6365,.T.);
#6363=ORIENTED_EDGE('',*,*,#6366,.T.);
#6364=EDGE_CURVE('',#445,#443,#6367,.F.);
#6365=EDGE_CURVE('',#443,#439,#6368,.T.);
#6366=EDGE_CURVE('',#439,#445,#6369,.T.);
#6367=LINE('',#444,#6370);
#6368=LINE('',#442,#6371);
#6369=LINE('',#438,#6372);
#6370=VECTOR('',#6373,1.0);
#6371=VECTOR('',#6374,1.0);
#6372=VECTOR('',#6375,1.0);
#6373=DIRECTION('',(1,0,0));
#6374=DIRECTION('',(-0.9999999472078949,0,0.000324937236341755));
#6375=DIRECTION('',(-0.9998965530832747,0,-0.014383432559233614));
#6376=FACE_SURFACE('',(#6381),#6377,.T.);
#6377=PLANE('',#6378);
#6378=AXIS2_PLACEMENT_3D('',#446,#6379,#6380);
#6379=DIRECTION('',(0.8727454493180876,-0.48817556339350854,0));
#6380=DIRECTION('',(0.48816879041938127,0.8727333408005968,0.00526762902143423));
#6381=FACE_BOUND('',#6382,.T.);
#6382=EDGE_LOOP('',(#6383,#6384,#6385));
#6383=ORIENTED_EDGE('',*,*,#6386,.T.);
#6384=ORIENTED_EDGE('',*,*,#6387,.T.);
#6385=ORIENTED_EDGE('',*,*,#6388,.T.);
#6386=EDGE_CURVE('',#447,#449,#6389,.F.);
#6387=EDGE_CURVE('',#449,#451,#6390,.T.);
#6388=EDGE_CURVE('',#451,#447,#6391,.T.);
#6389=LINE('',#446,#6392);
#6390=LINE('',#448,#6393);
#6391=LINE('',#450,#6394);
#6392=VECTOR('',#6395,1.0);
#6393=VECTOR('',#6396,1.0);
#6394=VECTOR('',#6397,1.0);
#6395=DIRECTION('',(0.48816879041938127,0.8727333408005968,0.00526762902143423));
#6396=DIRECTION('',(-0.4881755633935085,-0.8727454493180876,0));
#6397=DIRECTION('',(0,0,-1));
#6398=FACE_SURFACE('',(#6403),#6399,.T.);
#6399=PLANE('',#6400);
#6400=AXIS2_PLACEMENT_3D('',#300,#6401,#6402);
#6401=DIRECTION('',(0,-0,-1));
#6402=DIRECTION('',(0.9920889726658517,-0.1255367289474069,0));
#6403=FACE_BOUND('',#6404,.T.);
#6404=EDGE_LOOP('',(#6405,#6406,#6407));
#6405=ORIENTED_EDGE('',*,*,#6408,.T.);
#6406=ORIENTED_EDGE('',*,*,#6409,.T.);
#6407=ORIENTED_EDGE('',*,*,#6410,.T.);
#6408=EDGE_CURVE('',#301,#357,#6411,.F.);
#6409=EDGE_CURVE('',#357,#395,#6412,.T.);
#6410=EDGE_CURVE('',#395,#301,#6413,.T.);
#6411=LINE('',#300,#6414);
#6412=LINE('',#356,#6415);
#6413=LINE('',#394,#6416);
#6414=VECTOR('',#6417,1.0);
#6415=VECTOR('',#6418,1.0);
#6416=VECTOR('',#6419,1.0);
#6417=DIRECTION('',(0.9920889726658517,-0.1255367289474069,0));
#6418=DIRECTION('',(-0.9927883990263587,0.11987991807921533,0));
#6419=DIRECTION('',(0.06618053853085898,0.9978076649934924,0));
#6420=FACE_SURFACE('',(#6425),#6421,.T.);
#6421=PLANE('',#6422);
#6422=AXIS2_PLACEMENT_3D('',#440,#6423,#6424);
#6423=DIRECTION('',(0.9598196365352704,0.2804878329739895,-0.008534686570516594));
#6424=DIRECTION('',(0.2804980490216725,-0.959854595496128,0));
#6425=FACE_BOUND('',#6426,.T.);
#6426=EDGE_LOOP('',(#6427,#6428,#6429));
#6427=ORIENTED_EDGE('',*,*,#6430,.T.);
#6428=ORIENTED_EDGE('',*,*,#6431,.T.);
#6429=ORIENTED_EDGE('',*,*,#6432,.T.);
#6430=EDGE_CURVE('',#441,#453,#6433,.F.);
#6431=EDGE_CURVE('',#453,#455,#6434,.T.);
#6432=EDGE_CURVE('',#455,#441,#6435,.T.);
#6433=LINE('',#440,#6436);
#6434=LINE('',#452,#6437);
#6435=LINE('',#454,#6438);
#6436=VECTOR('',#6439,1.0);
#6437=VECTOR('',#6440,1.0);
#6438=VECTOR('',#6441,1.0);
#6439=DIRECTION('',(0.2804980490216725,-0.959854595496128,0));
#6440=DIRECTION('',(-0.021723849694538534,0.04394683533492139,-0.9987976521891181));
#6441=DIRECTION('',(0.021703317900647015,-0.04387646853341773,0.9988011921804757));
#6442=FACE_SURFACE('',(#6447),#6443,.T.);
#6443=PLANE('',#6444);
#6444=AXIS2_PLACEMENT_3D('',#440,#6445,#6446);
#6445=DIRECTION('',(0.9598698605741058,0.28031564721042745,-0.008543341878084918));
#6446=DIRECTION('',(-0.021703317900647015,0.04387646853341773,-0.9988011921804757));
#6447=FACE_BOUND('',#6448,.T.);
#6448=EDGE_LOOP('',(#6449,#6450,#6451));
#6449=ORIENTED_EDGE('',*,*,#6452,.T.);
#6450=ORIENTED_EDGE('',*,*,#6453,.T.);
#6451=ORIENTED_EDGE('',*,*,#6454,.T.);
#6452=EDGE_CURVE('',#441,#455,#6455,.F.);
#6453=EDGE_CURVE('',#455,#413,#6456,.T.);
#6454=EDGE_CURVE('',#413,#441,#6457,.T.);
#6455=LINE('',#440,#6458);
#6456=LINE('',#454,#6459);
#6457=LINE('',#412,#6460);
#6458=VECTOR('',#6461,1.0);
#6459=VECTOR('',#6462,1.0);
#6460=VECTOR('',#6463,1.0);
#6461=DIRECTION('',(-0.021703317900647015,0.04387646853341773,-0.9988011921804757));
#6462=DIRECTION('',(-0.28032587770646444,0.9599048923138689,0));
#6463=DIRECTION('',(0.06182753001260957,-0.18180232696717138,0.9813894591047235));
#6464=FACE_SURFACE('',(#6469),#6465,.T.);
#6465=PLANE('',#6466);
#6466=AXIS2_PLACEMENT_3D('',#456,#6467,#6468);
#6467=DIRECTION('',(0,0,1));
#6468=DIRECTION('',(0.9999999641586614,0.00026773620601066054,0));
#6469=FACE_BOUND('',#6470,.T.);
#6470=EDGE_LOOP('',(#6471,#6472,#6473));
#6471=ORIENTED_EDGE('',*,*,#6474,.T.);
#6472=ORIENTED_EDGE('',*,*,#6475,.T.);
#6473=ORIENTED_EDGE('',*,*,#6476,.T.);
#6474=EDGE_CURVE('',#457,#451,#6477,.F.);
#6475=EDGE_CURVE('',#451,#459,#6478,.T.);
#6476=EDGE_CURVE('',#459,#457,#6479,.T.);
#6477=LINE('',#456,#6480);
#6478=LINE('',#450,#6481);
#6479=LINE('',#458,#6482);
#6480=VECTOR('',#6483,1.0);
#6481=VECTOR('',#6484,1.0);
#6482=VECTOR('',#6485,1.0);
#6483=DIRECTION('',(0.9999999641586614,0.00026773620601066054,0));
#6484=DIRECTION('',(-0.9993168697398364,0.0369566482973624,0));
#6485=DIRECTION('',(-0.9484935330412962,-0.316796492687087,0));
#6486=FACE_SURFACE('',(#6491),#6487,.T.);
#6487=PLANE('',#6488);
#6488=AXIS2_PLACEMENT_3D('',#440,#6489,#6490);
#6489=DIRECTION('',(0,0,1));
#6490=DIRECTION('',(-0.3219715327134789,0.946749350209512,0));
#6491=FACE_BOUND('',#6492,.T.);
#6492=EDGE_LOOP('',(#6493,#6494,#6495));
#6493=ORIENTED_EDGE('',*,*,#6496,.T.);
#6494=ORIENTED_EDGE('',*,*,#6497,.T.);
#6495=ORIENTED_EDGE('',*,*,#6498,.T.);
#6496=EDGE_CURVE('',#441,#433,#6499,.F.);
#6497=EDGE_CURVE('',#433,#423,#6500,.T.);
#6498=EDGE_CURVE('',#423,#441,#6501,.T.);
#6499=LINE('',#440,#6502);
#6500=LINE('',#432,#6503);
#6501=LINE('',#422,#6504);
#6502=VECTOR('',#6505,1.0);
#6503=VECTOR('',#6506,1.0);
#6504=VECTOR('',#6507,1.0);
#6505=DIRECTION('',(-0.3219715327134789,0.946749350209512,0));
#6506=DIRECTION('',(-0.9896474011298222,-0.1435201081277075,0));
#6507=DIRECTION('',(0.9930389952145426,0.11778605173487866,0));
#6508=FACE_SURFACE('',(#6513),#6509,.T.);
#6509=PLANE('',#6510);
#6510=AXIS2_PLACEMENT_3D('',#404,#6511,#6512);
#6511=DIRECTION('',(0,0,1));
#6512=DIRECTION('',(-0.9865956014990833,-0.16318431022209876,0));
#6513=FACE_BOUND('',#6514,.T.);
#6514=EDGE_LOOP('',(#6515,#6516,#6517));
#6515=ORIENTED_EDGE('',*,*,#6518,.T.);
#6516=ORIENTED_EDGE('',*,*,#6519,.T.);
#6517=ORIENTED_EDGE('',*,*,#6520,.T.);
#6518=EDGE_CURVE('',#405,#423,#6521,.F.);
#6519=EDGE_CURVE('',#423,#433,#6522,.T.);
#6520=EDGE_CURVE('',#433,#405,#6523,.T.);
#6521=LINE('',#404,#6524);
#6522=LINE('',#422,#6525);
#6523=LINE('',#432,#6526);
#6524=VECTOR('',#6527,1.0);
#6525=VECTOR('',#6528,1.0);
#6526=VECTOR('',#6529,1.0);
#6527=DIRECTION('',(-0.9865956014990833,-0.16318431022209876,0));
#6528=DIRECTION('',(0.9896474011298222,0.1435201081277075,0));
#6529=DIRECTION('',(-0.10893672554108055,0.9940486858441026,0));
#6530=FACE_SURFACE('',(#6535),#6531,.T.);
#6531=PLANE('',#6532);
#6532=AXIS2_PLACEMENT_3D('',#454,#6533,#6534);
#6533=DIRECTION('',(0.8550759665757385,0.5184856048091477,0.0042153280131799415));
#6534=DIRECTION('',(0.021723849694538534,-0.04394683533492139,0.9987976521891181));
#6535=FACE_BOUND('',#6536,.T.);
#6536=EDGE_LOOP('',(#6537,#6538,#6539));
#6537=ORIENTED_EDGE('',*,*,#6540,.T.);
#6538=ORIENTED_EDGE('',*,*,#6541,.T.);
#6539=ORIENTED_EDGE('',*,*,#6542,.T.);
#6540=EDGE_CURVE('',#455,#453,#6543,.F.);
#6541=EDGE_CURVE('',#453,#461,#6544,.T.);
#6542=EDGE_CURVE('',#461,#455,#6545,.T.);
#6543=LINE('',#454,#6546);
#6544=LINE('',#452,#6547);
#6545=LINE('',#460,#6548);
#6546=VECTOR('',#6549,1.0);
#6547=VECTOR('',#6550,1.0);
#6548=VECTOR('',#6551,1.0);
#6549=DIRECTION('',(0.021723849694538534,-0.04394683533492139,0.9987976521891181));
#6550=DIRECTION('',(0.5184902113533687,-0.8550835635952424,0));
#6551=DIRECTION('',(-0.09617006002955567,0.16657998001903454,-0.9813268720516981));
#6552=FACE_SURFACE('',(#6557),#6553,.T.);
#6553=PLANE('',#6554);
#6554=AXIS2_PLACEMENT_3D('',#438,#6555,#6556);
#6555=DIRECTION('',(-0.014350296384087373,0.06783981305184356,0.9975930175972463));
#6556=DIRECTION('',(0.4952643903164224,0.8671937397956241,-0.051847867302155806));
#6557=FACE_BOUND('',#6558,.T.);
#6558=EDGE_LOOP('',(#6559,#6560,#6561));
#6559=ORIENTED_EDGE('',*,*,#6562,.T.);
#6560=ORIENTED_EDGE('',*,*,#6563,.T.);
#6561=ORIENTED_EDGE('',*,*,#6564,.T.);
#6562=EDGE_CURVE('',#439,#437,#6565,.F.);
#6563=EDGE_CURVE('',#437,#445,#6566,.T.);
#6564=EDGE_CURVE('',#445,#439,#6567,.T.);
#6565=LINE('',#438,#6568);
#6566=LINE('',#436,#6569);
#6567=LINE('',#444,#6570);
#6568=VECTOR('',#6571,1.0);
#6569=VECTOR('',#6572,1.0);
#6570=VECTOR('',#6573,1.0);
#6571=DIRECTION('',(0.4952643903164224,0.8671937397956241,-0.051847867302155806));
#6572=DIRECTION('',(-0.4965167608912206,-0.8664812707702242,0.05178140166612006));
#6573=DIRECTION('',(0.9998965530832747,0,0.014383432559233614));
#6574=FACE_SURFACE('',(#6579),#6575,.T.);
#6575=PLANE('',#6576);
#6576=AXIS2_PLACEMENT_3D('',#454,#6577,#6578);
#6577=DIRECTION('',(0.8660365298851298,0.49998072853313325,-5.398699957073468E-09));
#6578=DIRECTION('',(0.09617006002955567,-0.16657998001903454,0.9813268720516981));
#6579=FACE_BOUND('',#6580,.T.);
#6580=EDGE_LOOP('',(#6581,#6582,#6583));
#6581=ORIENTED_EDGE('',*,*,#6584,.T.);
#6582=ORIENTED_EDGE('',*,*,#6585,.T.);
#6583=ORIENTED_EDGE('',*,*,#6586,.T.);
#6584=EDGE_CURVE('',#455,#461,#6587,.F.);
#6585=EDGE_CURVE('',#461,#463,#6588,.T.);
#6586=EDGE_CURVE('',#463,#455,#6589,.T.);
#6587=LINE('',#454,#6590);
#6588=LINE('',#460,#6591);
#6589=LINE('',#462,#6592);
#6590=VECTOR('',#6593,1.0);
#6591=VECTOR('',#6594,1.0);
#6592=VECTOR('',#6595,1.0);
#6593=DIRECTION('',(0.09617006002955567,-0.16657998001903454,0.9813268720516981));
#6594=DIRECTION('',(4.901952867952844E-05,-8.491947547402494E-05,-0.9999999951928843));
#6595=DIRECTION('',(-0.49998072853313325,0.8660365298851298,0));
#6596=FACE_SURFACE('',(#6601),#6597,.T.);
#6597=PLANE('',#6598);
#6598=AXIS2_PLACEMENT_3D('',#464,#6599,#6600);
#6599=DIRECTION('',(0.8660640572384137,0.49993304427666857,0));
#6600=DIRECTION('',(0,0,-1));
#6601=FACE_BOUND('',#6602,.T.);
#6602=EDGE_LOOP('',(#6603,#6604,#6605));
#6603=ORIENTED_EDGE('',*,*,#6606,.T.);
#6604=ORIENTED_EDGE('',*,*,#6607,.T.);
#6605=ORIENTED_EDGE('',*,*,#6608,.T.);
#6606=EDGE_CURVE('',#465,#463,#6609,.F.);
#6607=EDGE_CURVE('',#463,#461,#6610,.T.);
#6608=EDGE_CURVE('',#461,#465,#6611,.T.);
#6609=LINE('',#464,#6612);
#6610=LINE('',#462,#6613);
#6611=LINE('',#460,#6614);
#6612=VECTOR('',#6615,1.0);
#6613=VECTOR('',#6616,1.0);
#6614=VECTOR('',#6617,1.0);
#6615=DIRECTION('',(0,0,-1));
#6616=DIRECTION('',(-4.901952867952844E-05,8.491947547402494E-05,0.9999999951928843));
#6617=DIRECTION('',(0.4999330442766686,-0.8660640572384138,0));
#6618=FACE_SURFACE('',(#6623),#6619,.T.);
#6619=PLANE('',#6620);
#6620=AXIS2_PLACEMENT_3D('',#466,#6621,#6622);
#6621=DIRECTION('',(0,-0,-1));
#6622=DIRECTION('',(0.9957792557233549,-0.09178057458439322,0));
#6623=FACE_BOUND('',#6624,.T.);
#6624=EDGE_LOOP('',(#6625,#6626,#6627));
#6625=ORIENTED_EDGE('',*,*,#6628,.T.);
#6626=ORIENTED_EDGE('',*,*,#6629,.T.);
#6627=ORIENTED_EDGE('',*,*,#6630,.T.);
#6628=EDGE_CURVE('',#467,#357,#6631,.F.);
#6629=EDGE_CURVE('',#357,#469,#6632,.T.);
#6630=EDGE_CURVE('',#469,#467,#6633,.T.);
#6631=LINE('',#466,#6634);
#6632=LINE('',#356,#6635);
#6633=LINE('',#468,#6636);
#6634=VECTOR('',#6637,1.0);
#6635=VECTOR('',#6638,1.0);
#6636=VECTOR('',#6639,1.0);
#6637=DIRECTION('',(0.9957792557233549,-0.09178057458439322,0));
#6638=DIRECTION('',(-0.9962750110449772,0.08623283810318741,0));
#6639=DIRECTION('',(0.8066751562584559,0.5909950865069826,0));
#6640=FACE_SURFACE('',(#6645),#6641,.T.);
#6641=PLANE('',#6642);
#6642=AXIS2_PLACEMENT_3D('',#460,#6643,#6644);
#6643=DIRECTION('',(0,0,1));
#6644=DIRECTION('',(-0.5184902113533687,0.8550835635952424,0));
#6645=FACE_BOUND('',#6646,.T.);
#6646=EDGE_LOOP('',(#6647,#6648,#6649));
#6647=ORIENTED_EDGE('',*,*,#6650,.T.);
#6648=ORIENTED_EDGE('',*,*,#6651,.T.);
#6649=ORIENTED_EDGE('',*,*,#6652,.T.);
#6650=EDGE_CURVE('',#461,#453,#6653,.F.);
#6651=EDGE_CURVE('',#453,#423,#6654,.T.);
#6652=EDGE_CURVE('',#423,#461,#6655,.T.);
#6653=LINE('',#460,#6656);
#6654=LINE('',#452,#6657);
#6655=LINE('',#422,#6658);
#6656=VECTOR('',#6659,1.0);
#6657=VECTOR('',#6660,1.0);
#6658=VECTOR('',#6661,1.0);
#6659=DIRECTION('',(-0.5184902113533687,0.8550835635952424,0));
#6660=DIRECTION('',(-0.9930401480145247,-0.11777633222040397,0));
#6661=DIRECTION('',(0.994990159615891,0.0999729076677468,0));
#6662=FACE_SURFACE('',(#6667),#6663,.T.);
#6663=PLANE('',#6664);
#6664=AXIS2_PLACEMENT_3D('',#452,#6665,#6666);
#6665=DIRECTION('',(0,0,1));
#6666=DIRECTION('',(-0.2804980490216725,0.959854595496128,0));
#6667=FACE_BOUND('',#6668,.T.);
#6668=EDGE_LOOP('',(#6669,#6670,#6671));
#6669=ORIENTED_EDGE('',*,*,#6672,.T.);
#6670=ORIENTED_EDGE('',*,*,#6673,.T.);
#6671=ORIENTED_EDGE('',*,*,#6674,.T.);
#6672=EDGE_CURVE('',#453,#441,#6675,.F.);
#6673=EDGE_CURVE('',#441,#423,#6676,.T.);
#6674=EDGE_CURVE('',#423,#453,#6677,.T.);
#6675=LINE('',#452,#6678);
#6676=LINE('',#440,#6679);
#6677=LINE('',#422,#6680);
#6678=VECTOR('',#6681,1.0);
#6679=VECTOR('',#6682,1.0);
#6680=VECTOR('',#6683,1.0);
#6681=DIRECTION('',(-0.2804980490216725,0.959854595496128,0));
#6682=DIRECTION('',(-0.9930389952145426,-0.11778605173487866,0));
#6683=DIRECTION('',(0.9930401480145247,0.11777633222040397,0));
#6684=FACE_SURFACE('',(#6689),#6685,.T.);
#6685=PLANE('',#6686);
#6686=AXIS2_PLACEMENT_3D('',#356,#6687,#6688);
#6687=DIRECTION('',(0,0,-1));
#6688=DIRECTION('',(-0.9957792557233549,0.09178057458439322,0));
#6689=FACE_BOUND('',#6690,.T.);
#6690=EDGE_LOOP('',(#6691,#6692,#6693));
#6691=ORIENTED_EDGE('',*,*,#6694,.T.);
#6692=ORIENTED_EDGE('',*,*,#6695,.T.);
#6693=ORIENTED_EDGE('',*,*,#6696,.T.);
#6694=EDGE_CURVE('',#357,#467,#6697,.F.);
#6695=EDGE_CURVE('',#467,#471,#6698,.T.);
#6696=EDGE_CURVE('',#471,#357,#6699,.T.);
#6697=LINE('',#356,#6700);
#6698=LINE('',#466,#6701);
#6699=LINE('',#470,#6702);
#6700=VECTOR('',#6703,1.0);
#6701=VECTOR('',#6704,1.0);
#6702=VECTOR('',#6705,1.0);
#6703=DIRECTION('',(-0.9957792557233549,0.09178057458439322,0));
#6704=DIRECTION('',(0.6916079981221263,0.7222730625833316,0));
#6705=DIRECTION('',(0.9951482475583918,-0.0983868150793681,0));
#6706=FACE_SURFACE('',(#6711),#6707,.T.);
#6707=PLANE('',#6708);
#6708=AXIS2_PLACEMENT_3D('',#356,#6709,#6710);
#6709=DIRECTION('',(0,0,-1));
#6710=DIRECTION('',(-0.9951482475583918,0.0983868150793681,0));
#6711=FACE_BOUND('',#6712,.T.);
#6712=EDGE_LOOP('',(#6713,#6714,#6715));
#6713=ORIENTED_EDGE('',*,*,#6716,.T.);
#6714=ORIENTED_EDGE('',*,*,#6717,.T.);
#6715=ORIENTED_EDGE('',*,*,#6718,.T.);
#6716=EDGE_CURVE('',#357,#471,#6719,.F.);
#6717=EDGE_CURVE('',#471,#409,#6720,.T.);
#6718=EDGE_CURVE('',#409,#357,#6721,.T.);
#6719=LINE('',#356,#6722);
#6720=LINE('',#470,#6723);
#6721=LINE('',#408,#6724);
#6722=VECTOR('',#6725,1.0);
#6723=VECTOR('',#6726,1.0);
#6724=VECTOR('',#6727,1.0);
#6725=DIRECTION('',(-0.9951482475583918,0.0983868150793681,0));
#6726=DIRECTION('',(0.49998061449510967,0.8660365957216198,0));
#6727=DIRECTION('',(0.9940750989438744,-0.10869543532148207,0));
#6728=FACE_SURFACE('',(#6733),#6729,.T.);
#6729=PLANE('',#6730);
#6730=AXIS2_PLACEMENT_3D('',#408,#6731,#6732);
#6731=DIRECTION('',(0,0,-1));
#6732=DIRECTION('',(0.2590125339179191,0.9658739603454578,0));
#6733=FACE_BOUND('',#6734,.T.);
#6734=EDGE_LOOP('',(#6735,#6736,#6737));
#6735=ORIENTED_EDGE('',*,*,#6738,.T.);
#6736=ORIENTED_EDGE('',*,*,#6739,.T.);
#6737=ORIENTED_EDGE('',*,*,#6740,.T.);
#6738=EDGE_CURVE('',#409,#395,#6741,.F.);
#6739=EDGE_CURVE('',#395,#357,#6742,.T.);
#6740=EDGE_CURVE('',#357,#409,#6743,.T.);
#6741=LINE('',#408,#6744);
#6742=LINE('',#394,#6745);
#6743=LINE('',#356,#6746);
#6744=VECTOR('',#6747,1.0);
#6745=VECTOR('',#6748,1.0);
#6746=VECTOR('',#6749,1.0);
#6747=DIRECTION('',(0.2590125339179191,0.9658739603454578,0));
#6748=DIRECTION('',(0.9927883990263587,-0.11987991807921533,0));
#6749=DIRECTION('',(-0.9940750989438744,0.10869543532148207,0));
#6750=FACE_SURFACE('',(#6755),#6751,.T.);
#6751=PLANE('',#6752);
#6752=AXIS2_PLACEMENT_3D('',#472,#6753,#6754);
#6753=DIRECTION('',(0.7222731640224296,0.6916078921853254,0));
#6754=DIRECTION('',(-0.6916078921853253,0.7222731640224296,0));
#6755=FACE_BOUND('',#6756,.T.);
#6756=EDGE_LOOP('',(#6757,#6758,#6759));
#6757=ORIENTED_EDGE('',*,*,#6760,.T.);
#6758=ORIENTED_EDGE('',*,*,#6761,.T.);
#6759=ORIENTED_EDGE('',*,*,#6762,.T.);
#6760=EDGE_CURVE('',#473,#463,#6763,.F.);
#6761=EDGE_CURVE('',#463,#465,#6764,.T.);
#6762=EDGE_CURVE('',#465,#473,#6765,.T.);
#6763=LINE('',#472,#6766);
#6764=LINE('',#462,#6767);
#6765=LINE('',#464,#6768);
#6766=VECTOR('',#6769,1.0);
#6767=VECTOR('',#6770,1.0);
#6768=VECTOR('',#6771,1.0);
#6769=DIRECTION('',(-0.6916078921853253,0.7222731640224296,0));
#6770=DIRECTION('',(0,0,1));
#6771=DIRECTION('',(0.10047345939332689,-0.10492836220679133,-0.9893912890065982));
#6772=FACE_SURFACE('',(#6777),#6773,.T.);
#6773=PLANE('',#6774);
#6774=AXIS2_PLACEMENT_3D('',#474,#6775,#6776);
#6775=DIRECTION('',(0.5909738971264816,0.8066463351629338,-0.008458302627986285));
#6776=DIRECTION('',(-0.8066751916136277,0.5909950382491526,0));
#6777=FACE_BOUND('',#6778,.T.);
#6778=EDGE_LOOP('',(#6779,#6780,#6781));
#6779=ORIENTED_EDGE('',*,*,#6782,.T.);
#6780=ORIENTED_EDGE('',*,*,#6783,.T.);
#6781=ORIENTED_EDGE('',*,*,#6784,.T.);
#6782=EDGE_CURVE('',#475,#473,#6785,.F.);
#6783=EDGE_CURVE('',#473,#477,#6786,.T.);
#6784=EDGE_CURVE('',#477,#475,#6787,.T.);
#6785=LINE('',#474,#6788);
#6786=LINE('',#472,#6789);
#6787=LINE('',#476,#6790);
#6788=VECTOR('',#6791,1.0);
#6789=VECTOR('',#6792,1.0);
#6790=VECTOR('',#6793,1.0);
#6791=DIRECTION('',(-0.8066751916136277,0.5909950382491526,0));
#6792=DIRECTION('',(0.15971900897754604,-0.10672457378707978,0.9813764331392908));
#6793=DIRECTION('',(-0.043887919236160394,0.021680445581214035,-0.9988011858345585));
#6794=FACE_SURFACE('',(#6799),#6795,.T.);
#6795=PLANE('',#6796);
#6796=AXIS2_PLACEMENT_3D('',#474,#6797,#6798);
#6797=DIRECTION('',(0.5900287849905271,0.807338493748199,-0.008401749519685659));
#6798=DIRECTION('',(0.043887919236160394,-0.021680445581214035,0.9988011858345585));
#6799=FACE_BOUND('',#6800,.T.);
#6800=EDGE_LOOP('',(#6801,#6802,#6803));
#6801=ORIENTED_EDGE('',*,*,#6804,.T.);
#6802=ORIENTED_EDGE('',*,*,#6805,.T.);
#6803=ORIENTED_EDGE('',*,*,#6806,.T.);
#6804=EDGE_CURVE('',#475,#477,#6807,.F.);
#6805=EDGE_CURVE('',#477,#479,#6808,.T.);
#6806=EDGE_CURVE('',#479,#475,#6809,.T.);
#6807=LINE('',#474,#6810);
#6808=LINE('',#476,#6811);
#6809=LINE('',#478,#6812);
#6810=VECTOR('',#6813,1.0);
#6811=VECTOR('',#6814,1.0);
#6812=VECTOR('',#6815,1.0);
#6813=DIRECTION('',(0.043887919236160394,-0.021680445581214035,0.9988011858345585));
#6814=DIRECTION('',(0.8073669900247726,-0.5900496109805842,0));
#6815=DIRECTION('',(-0.043947095532451484,0.021723730376451984,-0.9987976433356223));
#6816=FACE_SURFACE('',(#6821),#6817,.T.);
#6817=PLANE('',#6818);
#6818=AXIS2_PLACEMENT_3D('',#426,#6819,#6820);
#6819=DIRECTION('',(0,-0,-1));
#6820=DIRECTION('',(0.9965204313015065,-0.08334884521491284,0));
#6821=FACE_BOUND('',#6822,.T.);
#6822=EDGE_LOOP('',(#6823,#6824,#6825));
#6823=ORIENTED_EDGE('',*,*,#6826,.T.);
#6824=ORIENTED_EDGE('',*,*,#6827,.T.);
#6825=ORIENTED_EDGE('',*,*,#6828,.T.);
#6826=EDGE_CURVE('',#427,#357,#6829,.F.);
#6827=EDGE_CURVE('',#357,#421,#6830,.T.);
#6828=EDGE_CURVE('',#421,#427,#6831,.T.);
#6829=LINE('',#426,#6832);
#6830=LINE('',#356,#6833);
#6831=LINE('',#420,#6834);
#6832=VECTOR('',#6835,1.0);
#6833=VECTOR('',#6836,1.0);
#6834=VECTOR('',#6837,1.0);
#6835=DIRECTION('',(0.9965204313015065,-0.08334884521491284,0));
#6836=DIRECTION('',(-0.9967633360508206,0.08039186466825403,0));
#6837=DIRECTION('',(0.9602287032255489,0.2792146799539391,0));
#6838=FACE_SURFACE('',(#6843),#6839,.T.);
#6839=PLANE('',#6840);
#6840=AXIS2_PLACEMENT_3D('',#480,#6841,#6842);
#6841=DIRECTION('',(0,0,-1));
#6842=DIRECTION('',(0.9972155666574462,0.07457287453269305,0));
#6843=FACE_BOUND('',#6844,.T.);
#6844=EDGE_LOOP('',(#6845,#6846,#6847));
#6845=ORIENTED_EDGE('',*,*,#6848,.T.);
#6846=ORIENTED_EDGE('',*,*,#6849,.T.);
#6847=ORIENTED_EDGE('',*,*,#6850,.T.);
#6848=EDGE_CURVE('',#481,#419,#6851,.F.);
#6849=EDGE_CURVE('',#419,#357,#6852,.T.);
#6850=EDGE_CURVE('',#357,#481,#6853,.T.);
#6851=LINE('',#480,#6854);
#6852=LINE('',#418,#6855);
#6853=LINE('',#356,#6856);
#6854=VECTOR('',#6857,1.0);
#6855=VECTOR('',#6858,1.0);
#6856=VECTOR('',#6859,1.0);
#6857=DIRECTION('',(0.9972155666574462,0.07457287453269305,0));
#6858=DIRECTION('',(0.9968878330019663,-0.07883304137633997,0));
#6859=DIRECTION('',(-1,0,0));
#6860=FACE_SURFACE('',(#6865),#6861,.T.);
#6861=PLANE('',#6862);
#6862=AXIS2_PLACEMENT_3D('',#426,#6863,#6864);
#6863=DIRECTION('',(0,0,-1));
#6864=DIRECTION('',(0.8964555226443504,0.44313372239138443,0));
#6865=FACE_BOUND('',#6866,.T.);
#6866=EDGE_LOOP('',(#6867,#6868,#6869));
#6867=ORIENTED_EDGE('',*,*,#6870,.T.);
#6868=ORIENTED_EDGE('',*,*,#6871,.T.);
#6869=ORIENTED_EDGE('',*,*,#6872,.T.);
#6870=EDGE_CURVE('',#427,#469,#6873,.F.);
#6871=EDGE_CURVE('',#469,#357,#6874,.T.);
#6872=EDGE_CURVE('',#357,#427,#6875,.T.);
#6873=LINE('',#426,#6876);
#6874=LINE('',#468,#6877);
#6875=LINE('',#356,#6878);
#6876=VECTOR('',#6879,1.0);
#6877=VECTOR('',#6880,1.0);
#6878=VECTOR('',#6881,1.0);
#6879=DIRECTION('',(0.8964555226443504,0.44313372239138443,0));
#6880=DIRECTION('',(0.9962750110449772,-0.08623283810318741,0));
#6881=DIRECTION('',(-0.9965204313015065,0.08334884521491284,0));
#6882=FACE_SURFACE('',(#6887),#6883,.T.);
#6883=PLANE('',#6884);
#6884=AXIS2_PLACEMENT_3D('',#464,#6885,#6886);
#6885=DIRECTION('',(0.7222731640224296,0.6916078921853254,0));
#6886=DIRECTION('',(0.6916078921853253,-0.7222731640224296,0));
#6887=FACE_BOUND('',#6888,.T.);
#6888=EDGE_LOOP('',(#6889,#6890,#6891));
#6889=ORIENTED_EDGE('',*,*,#6892,.T.);
#6890=ORIENTED_EDGE('',*,*,#6893,.T.);
#6891=ORIENTED_EDGE('',*,*,#6894,.T.);
#6892=EDGE_CURVE('',#465,#483,#6895,.F.);
#6893=EDGE_CURVE('',#483,#473,#6896,.T.);
#6894=EDGE_CURVE('',#473,#465,#6897,.T.);
#6895=LINE('',#464,#6898);
#6896=LINE('',#482,#6899);
#6897=LINE('',#472,#6900);
#6898=VECTOR('',#6901,1.0);
#6899=VECTOR('',#6902,1.0);
#6900=VECTOR('',#6903,1.0);
#6901=DIRECTION('',(0.6916078921853253,-0.7222731640224296,0));
#6902=DIRECTION('',(0,0,-1));
#6903=DIRECTION('',(-0.10047345939332689,0.10492836220679133,0.9893912890065982));
#6904=FACE_SURFACE('',(#6909),#6905,.T.);
#6905=PLANE('',#6906);
#6906=AXIS2_PLACEMENT_3D('',#460,#6907,#6908);
#6907=DIRECTION('',(0,0,1));
#6908=DIRECTION('',(-0.994990159615891,-0.0999729076677468,0));
#6909=FACE_BOUND('',#6910,.T.);
#6910=EDGE_LOOP('',(#6911,#6912,#6913));
#6911=ORIENTED_EDGE('',*,*,#6914,.T.);
#6912=ORIENTED_EDGE('',*,*,#6915,.T.);
#6913=ORIENTED_EDGE('',*,*,#6916,.T.);
#6914=EDGE_CURVE('',#461,#423,#6917,.F.);
#6915=EDGE_CURVE('',#423,#465,#6918,.T.);
#6916=EDGE_CURVE('',#465,#461,#6919,.T.);
#6917=LINE('',#460,#6920);
#6918=LINE('',#422,#6921);
#6919=LINE('',#464,#6922);
#6920=VECTOR('',#6923,1.0);
#6921=VECTOR('',#6924,1.0);
#6922=VECTOR('',#6925,1.0);
#6923=DIRECTION('',(-0.994990159615891,-0.0999729076677468,0));
#6924=DIRECTION('',(0.9949913552713798,0.09996100707387279,0));
#6925=DIRECTION('',(-0.4999330442766686,0.8660640572384138,0));
#6926=FACE_SURFACE('',(#6931),#6927,.T.);
#6927=PLANE('',#6928);
#6928=AXIS2_PLACEMENT_3D('',#472,#6929,#6930);
#6929=DIRECTION('',(0.5555837071854025,0.8314606089948731,-0));
#6930=DIRECTION('',(0,0,1));
#6931=FACE_BOUND('',#6932,.T.);
#6932=EDGE_LOOP('',(#6933,#6934,#6935));
#6933=ORIENTED_EDGE('',*,*,#6936,.T.);
#6934=ORIENTED_EDGE('',*,*,#6937,.T.);
#6935=ORIENTED_EDGE('',*,*,#6938,.T.);
#6936=EDGE_CURVE('',#473,#483,#6939,.F.);
#6937=EDGE_CURVE('',#483,#477,#6940,.T.);
#6938=EDGE_CURVE('',#477,#473,#6941,.T.);
#6939=LINE('',#472,#6942);
#6940=LINE('',#482,#6943);
#6941=LINE('',#476,#6944);
#6942=VECTOR('',#6945,1.0);
#6943=VECTOR('',#6946,1.0);
#6944=VECTOR('',#6947,1.0);
#6945=DIRECTION('',(0,0,1));
#6946=DIRECTION('',(0.831460608994873,-0.5555837071854024,0));
#6947=DIRECTION('',(-0.15971900897754604,0.10672457378707978,-0.9813764331392908));
#6948=FACE_SURFACE('',(#6953),#6949,.T.);
#6949=PLANE('',#6950);
#6950=AXIS2_PLACEMENT_3D('',#484,#6951,#6952);
#6951=DIRECTION('',(0,-0,-1));
#6952=DIRECTION('',(0.9938836352605321,-0.11043242078895842,0));
#6953=FACE_BOUND('',#6954,.T.);
#6954=EDGE_LOOP('',(#6955,#6956,#6957));
#6955=ORIENTED_EDGE('',*,*,#6958,.T.);
#6956=ORIENTED_EDGE('',*,*,#6959,.T.);
#6957=ORIENTED_EDGE('',*,*,#6960,.T.);
#6958=EDGE_CURVE('',#485,#419,#6961,.F.);
#6959=EDGE_CURVE('',#419,#481,#6962,.T.);
#6960=EDGE_CURVE('',#481,#485,#6963,.T.);
#6961=LINE('',#484,#6964);
#6962=LINE('',#418,#6965);
#6963=LINE('',#480,#6966);
#6964=VECTOR('',#6967,1.0);
#6965=VECTOR('',#6968,1.0);
#6966=VECTOR('',#6969,1.0);
#6967=DIRECTION('',(0.9938836352605321,-0.11043242078895842,0));
#6968=DIRECTION('',(-0.9972155666574462,-0.07457287453269305,0));
#6969=DIRECTION('',(0.997106714757507,0.07601446826421528,0));
#6970=FACE_SURFACE('',(#6975),#6971,.T.);
#6971=PLANE('',#6972);
#6972=AXIS2_PLACEMENT_3D('',#422,#6973,#6974);
#6973=DIRECTION('',(0,0,1));
#6974=DIRECTION('',(1,0,0));
#6975=FACE_BOUND('',#6976,.T.);
#6976=EDGE_LOOP('',(#6977,#6978,#6979));
#6977=ORIENTED_EDGE('',*,*,#6980,.T.);
#6978=ORIENTED_EDGE('',*,*,#6981,.T.);
#6979=ORIENTED_EDGE('',*,*,#6982,.T.);
#6980=EDGE_CURVE('',#423,#487,#6983,.F.);
#6981=EDGE_CURVE('',#487,#483,#6984,.T.);
#6982=EDGE_CURVE('',#483,#423,#6985,.T.);
#6983=LINE('',#422,#6986);
#6984=LINE('',#486,#6987);
#6985=LINE('',#482,#6988);
#6986=VECTOR('',#6989,1.0);
#6987=VECTOR('',#6990,1.0);
#6988=VECTOR('',#6991,1.0);
#6989=DIRECTION('',(1,0,0));
#6990=DIRECTION('',(-0.3931831514195466,0.919460172840452,0));
#6991=DIRECTION('',(-0.9964034144695516,-0.08473627106156559,0));
#6992=FACE_SURFACE('',(#6997),#6993,.T.);
#6993=PLANE('',#6994);
#6994=AXIS2_PLACEMENT_3D('',#482,#6995,#6996);
#6995=DIRECTION('',(0,0,1));
#6996=DIRECTION('',(-0.6916078921853253,0.7222731640224296,0));
#6997=FACE_BOUND('',#6998,.T.);
#6998=EDGE_LOOP('',(#6999,#7000,#7001));
#6999=ORIENTED_EDGE('',*,*,#7002,.T.);
#7000=ORIENTED_EDGE('',*,*,#7003,.T.);
#7001=ORIENTED_EDGE('',*,*,#7004,.T.);
#7002=EDGE_CURVE('',#483,#465,#7005,.F.);
#7003=EDGE_CURVE('',#465,#423,#7006,.T.);
#7004=EDGE_CURVE('',#423,#483,#7007,.T.);
#7005=LINE('',#482,#7008);
#7006=LINE('',#464,#7009);
#7007=LINE('',#422,#7010);
#7008=VECTOR('',#7011,1.0);
#7009=VECTOR('',#7012,1.0);
#7010=VECTOR('',#7013,1.0);
#7011=DIRECTION('',(-0.6916078921853253,0.7222731640224296,0));
#7012=DIRECTION('',(-0.9949913552713798,-0.09996100707387279,0));
#7013=DIRECTION('',(0.9964034144695516,0.08473627106156559,0));
#7014=FACE_SURFACE('',(#7019),#7015,.T.);
#7015=PLANE('',#7016);
#7016=AXIS2_PLACEMENT_3D('',#420,#7017,#7018);
#7017=DIRECTION('',(0,-0,-1));
#7018=DIRECTION('',(0.9967633360508206,-0.08039186466825403,0));
#7019=FACE_BOUND('',#7020,.T.);
#7020=EDGE_LOOP('',(#7021,#7022,#7023));
#7021=ORIENTED_EDGE('',*,*,#7024,.T.);
#7022=ORIENTED_EDGE('',*,*,#7025,.T.);
#7023=ORIENTED_EDGE('',*,*,#7026,.T.);
#7024=EDGE_CURVE('',#421,#357,#7027,.F.);
#7025=EDGE_CURVE('',#357,#419,#7028,.T.);
#7026=EDGE_CURVE('',#419,#421,#7029,.T.);
#7027=LINE('',#420,#7030);
#7028=LINE('',#356,#7031);
#7029=LINE('',#418,#7032);
#7030=VECTOR('',#7033,1.0);
#7031=VECTOR('',#7034,1.0);
#7032=VECTOR('',#7035,1.0);
#7033=DIRECTION('',(0.9967633360508206,-0.08039186466825403,0));
#7034=DIRECTION('',(-0.9968878330019663,0.07883304137633997,0));
#7035=DIRECTION('',(0.9938836358780122,0.11043241523168343,0));
#7036=FACE_SURFACE('',(#7041),#7037,.T.);
#7037=PLANE('',#7038);
#7038=AXIS2_PLACEMENT_3D('',#468,#7039,#7040);
#7039=DIRECTION('',(-0.44313372239136983,0.8964555226443208,-2.5694695120150346E-07));
#7040=DIRECTION('',(-0.8964555226443504,-0.44313372239138443,0));
#7041=FACE_BOUND('',#7042,.T.);
#7042=EDGE_LOOP('',(#7043,#7044,#7045));
#7043=ORIENTED_EDGE('',*,*,#7046,.T.);
#7044=ORIENTED_EDGE('',*,*,#7047,.T.);
#7045=ORIENTED_EDGE('',*,*,#7048,.T.);
#7046=EDGE_CURVE('',#469,#427,#7049,.F.);
#7047=EDGE_CURVE('',#427,#431,#7050,.T.);
#7048=EDGE_CURVE('',#431,#469,#7051,.T.);
#7049=LINE('',#468,#7052);
#7050=LINE('',#426,#7053);
#7051=LINE('',#430,#7054);
#7052=VECTOR('',#7055,1.0);
#7053=VECTOR('',#7056,1.0);
#7054=VECTOR('',#7057,1.0);
#7055=DIRECTION('',(-0.8964555226443504,-0.44313372239138443,0));
#7056=DIRECTION('',(0.08757905717659098,0.043292152647498666,0.9952164077542156));
#7057=DIRECTION('',(4.401023393676936E-05,2.1468406798424077E-05,-0.9999999988011034));
#7058=FACE_SURFACE('',(#7063),#7059,.T.);
#7059=PLANE('',#7060);
#7060=AXIS2_PLACEMENT_3D('',#468,#7061,#7062);
#7061=DIRECTION('',(-0.43842363202141443,0.8987684456438996,0));
#7062=DIRECTION('',(-4.401023393676936E-05,-2.1468406798424077E-05,0.9999999988011034));
#7063=FACE_BOUND('',#7064,.T.);
#7064=EDGE_LOOP('',(#7065,#7066,#7067));
#7065=ORIENTED_EDGE('',*,*,#7068,.T.);
#7066=ORIENTED_EDGE('',*,*,#7069,.T.);
#7067=ORIENTED_EDGE('',*,*,#7070,.T.);
#7068=EDGE_CURVE('',#469,#431,#7071,.F.);
#7069=EDGE_CURVE('',#431,#489,#7072,.T.);
#7070=EDGE_CURVE('',#489,#469,#7073,.T.);
#7071=LINE('',#468,#7074);
#7072=LINE('',#430,#7075);
#7073=LINE('',#488,#7076);
#7074=VECTOR('',#7077,1.0);
#7075=VECTOR('',#7078,1.0);
#7076=VECTOR('',#7079,1.0);
#7077=DIRECTION('',(-4.401023393676936E-05,-2.1468406798424077E-05,0.9999999988011034));
#7078=DIRECTION('',(0.8987684456438996,0.43842363202141443,0));
#7079=DIRECTION('',(0,0,-1));
#7080=FACE_SURFACE('',(#7085),#7081,.T.);
#7081=PLANE('',#7082);
#7082=AXIS2_PLACEMENT_3D('',#490,#7083,#7084);
#7083=DIRECTION('',(0.443133722391383,0.8964555226443474,-8.206184540162982E-08));
#7084=DIRECTION('',(-0.8964555226443504,0.44313372239138443,0));
#7085=FACE_BOUND('',#7086,.T.);
#7086=EDGE_LOOP('',(#7087,#7088,#7089));
#7087=ORIENTED_EDGE('',*,*,#7090,.T.);
#7088=ORIENTED_EDGE('',*,*,#7091,.T.);
#7089=ORIENTED_EDGE('',*,*,#7092,.T.);
#7090=EDGE_CURVE('',#491,#475,#7093,.F.);
#7091=EDGE_CURVE('',#475,#479,#7094,.T.);
#7092=EDGE_CURVE('',#479,#491,#7095,.T.);
#7093=LINE('',#490,#7096);
#7094=LINE('',#474,#7097);
#7095=LINE('',#478,#7098);
#7096=VECTOR('',#7099,1.0);
#7097=VECTOR('',#7100,1.0);
#7098=VECTOR('',#7101,1.0);
#7099=DIRECTION('',(-0.8964555226443504,0.44313372239138443,0));
#7100=DIRECTION('',(0.043947095532451484,-0.021723730376451984,0.9987976433356223));
#7101=DIRECTION('',(0.043990961730856294,-0.021745597069722535,-0.9987952364193952));
#7102=FACE_SURFACE('',(#7107),#7103,.T.);
#7103=PLANE('',#7104);
#7104=AXIS2_PLACEMENT_3D('',#490,#7105,#7106);
#7105=DIRECTION('',(0.4461221970462832,0.8949720433951592,0.00016384044220901575));
#7106=DIRECTION('',(-0.043990961730856294,0.021745597069722535,0.9987952364193952));
#7107=FACE_BOUND('',#7108,.T.);
#7108=EDGE_LOOP('',(#7109,#7110,#7111));
#7109=ORIENTED_EDGE('',*,*,#7112,.T.);
#7110=ORIENTED_EDGE('',*,*,#7113,.T.);
#7111=ORIENTED_EDGE('',*,*,#7114,.T.);
#7112=EDGE_CURVE('',#491,#479,#7115,.F.);
#7113=EDGE_CURVE('',#479,#493,#7116,.T.);
#7114=EDGE_CURVE('',#493,#491,#7117,.T.);
#7115=LINE('',#490,#7118);
#7116=LINE('',#478,#7119);
#7117=LINE('',#492,#7120);
#7118=VECTOR('',#7121,1.0);
#7119=VECTOR('',#7122,1.0);
#7120=VECTOR('',#7123,1.0);
#7121=DIRECTION('',(-0.043990961730856294,0.021745597069722535,0.9987952364193952));
#7122=DIRECTION('',(0.8949720554073357,-0.4461222030340664,0));
#7123=DIRECTION('',(0.043947095532451484,-0.021723730376451984,-0.9987976433356223));
#7124=FACE_SURFACE('',(#7129),#7125,.T.);
#7125=PLANE('',#7126);
#7126=AXIS2_PLACEMENT_3D('',#428,#7127,#7128);
#7127=DIRECTION('',(-0,0,1));
#7128=DIRECTION('',(-0.7321292831211849,-0.6811657014240072,0));
#7129=FACE_BOUND('',#7130,.T.);
#7130=EDGE_LOOP('',(#7131,#7132,#7133));
#7131=ORIENTED_EDGE('',*,*,#7134,.T.);
#7132=ORIENTED_EDGE('',*,*,#7135,.T.);
#7133=ORIENTED_EDGE('',*,*,#7136,.T.);
#7134=EDGE_CURVE('',#429,#487,#7137,.F.);
#7135=EDGE_CURVE('',#487,#431,#7138,.T.);
#7136=EDGE_CURVE('',#431,#429,#7139,.T.);
#7137=LINE('',#428,#7140);
#7138=LINE('',#486,#7141);
#7139=LINE('',#430,#7142);
#7140=VECTOR('',#7143,1.0);
#7141=VECTOR('',#7144,1.0);
#7142=VECTOR('',#7145,1.0);
#7143=DIRECTION('',(-0.7321292831211849,-0.6811657014240072,0));
#7144=DIRECTION('',(0.7321569489579989,0.6811359644685591,0));
#7145=DIRECTION('',(-0.9602269564103617,-0.2792206872402066,0));
#7146=FACE_SURFACE('',(#7151),#7147,.T.);
#7147=PLANE('',#7148);
#7148=AXIS2_PLACEMENT_3D('',#494,#7149,#7150);
#7149=DIRECTION('',(0.4360125575348591,-0.8999405811896202,0));
#7150=DIRECTION('',(-0.04668730638964307,-0.02261955098908105,-0.9986534190274081));
#7151=FACE_BOUND('',#7152,.T.);
#7152=EDGE_LOOP('',(#7153,#7154,#7155));
#7153=ORIENTED_EDGE('',*,*,#7156,.T.);
#7154=ORIENTED_EDGE('',*,*,#7157,.T.);
#7155=ORIENTED_EDGE('',*,*,#7158,.T.);
#7156=EDGE_CURVE('',#495,#275,#7159,.F.);
#7157=EDGE_CURVE('',#275,#267,#7160,.T.);
#7158=EDGE_CURVE('',#267,#495,#7161,.T.);
#7159=LINE('',#494,#7162);
#7160=LINE('',#274,#7163);
#7161=LINE('',#266,#7164);
#7162=VECTOR('',#7165,1.0);
#7163=VECTOR('',#7166,1.0);
#7164=VECTOR('',#7167,1.0);
#7165=DIRECTION('',(-0.04668730638964307,-0.02261955098908105,-0.9986534190274081));
#7166=DIRECTION('',(0.8999405811896201,0.43601255753485907,0));
#7167=DIRECTION('',(0,0,1));
#7168=FACE_SURFACE('',(#7173),#7169,.T.);
#7169=PLANE('',#7170);
#7170=AXIS2_PLACEMENT_3D('',#466,#7171,#7172);
#7171=DIRECTION('',(-0.5909950865069826,0.8066751562584559,0));
#7172=DIRECTION('',(-0.8066751562584559,-0.5909950865069826,0));
#7173=FACE_BOUND('',#7174,.T.);
#7174=EDGE_LOOP('',(#7175,#7176,#7177));
#7175=ORIENTED_EDGE('',*,*,#7178,.T.);
#7176=ORIENTED_EDGE('',*,*,#7179,.T.);
#7177=ORIENTED_EDGE('',*,*,#7180,.T.);
#7178=EDGE_CURVE('',#467,#469,#7181,.F.);
#7179=EDGE_CURVE('',#469,#489,#7182,.T.);
#7180=EDGE_CURVE('',#489,#467,#7183,.T.);
#7181=LINE('',#466,#7184);
#7182=LINE('',#468,#7185);
#7183=LINE('',#488,#7186);
#7184=VECTOR('',#7187,1.0);
#7185=VECTOR('',#7188,1.0);
#7186=VECTOR('',#7189,1.0);
#7187=DIRECTION('',(-0.8066751562584559,-0.5909950865069826,0));
#7188=DIRECTION('',(0,0,1));
#7189=DIRECTION('',(0.11754135647725197,0.08611442115265147,-0.9893272138109976));
#7190=FACE_SURFACE('',(#7195),#7191,.T.);
#7191=PLANE('',#7192);
#7192=AXIS2_PLACEMENT_3D('',#466,#7193,#7194);
#7193=DIRECTION('',(-0.5909950865069826,0.8066751562584559,0));
#7194=DIRECTION('',(-0.11754135647725197,-0.08611442115265147,0.9893272138109976));
#7195=FACE_BOUND('',#7196,.T.);
#7196=EDGE_LOOP('',(#7197,#7198,#7199));
#7197=ORIENTED_EDGE('',*,*,#7200,.T.);
#7198=ORIENTED_EDGE('',*,*,#7201,.T.);
#7199=ORIENTED_EDGE('',*,*,#7202,.T.);
#7200=EDGE_CURVE('',#467,#489,#7203,.F.);
#7201=EDGE_CURVE('',#489,#497,#7204,.T.);
#7202=EDGE_CURVE('',#497,#467,#7205,.T.);
#7203=LINE('',#466,#7206);
#7204=LINE('',#488,#7207);
#7205=LINE('',#496,#7208);
#7206=VECTOR('',#7209,1.0);
#7207=VECTOR('',#7210,1.0);
#7208=VECTOR('',#7211,1.0);
#7209=DIRECTION('',(-0.11754135647725197,-0.08611442115265147,0.9893272138109976));
#7210=DIRECTION('',(0.8066751562584559,0.5909950865069826,0));
#7211=DIRECTION('',(0,0,-1));
#7212=FACE_SURFACE('',(#7217),#7213,.T.);
#7213=PLANE('',#7214);
#7214=AXIS2_PLACEMENT_3D('',#498,#7215,#7216);
#7215=DIRECTION('',(0.6597695216305708,-0.7514680155052293,0));
#7216=DIRECTION('',(0.7514680155052295,0.6597695216305708,0));
#7217=FACE_BOUND('',#7218,.T.);
#7218=EDGE_LOOP('',(#7219,#7220,#7221));
#7219=ORIENTED_EDGE('',*,*,#7222,.T.);
#7220=ORIENTED_EDGE('',*,*,#7223,.T.);
#7221=ORIENTED_EDGE('',*,*,#7224,.T.);
#7222=EDGE_CURVE('',#499,#173,#7225,.F.);
#7223=EDGE_CURVE('',#173,#501,#7226,.T.);
#7224=EDGE_CURVE('',#501,#499,#7227,.T.);
#7225=LINE('',#498,#7228);
#7226=LINE('',#172,#7229);
#7227=LINE('',#500,#7230);
#7228=VECTOR('',#7231,1.0);
#7229=VECTOR('',#7232,1.0);
#7230=VECTOR('',#7233,1.0);
#7231=DIRECTION('',(0.7514680155052295,0.6597695216305708,0));
#7232=DIRECTION('',(-0.07343329298495321,-0.06447253586949633,0.9952139687524197));
#7233=DIRECTION('',(0,0,-1));
#7234=FACE_SURFACE('',(#7239),#7235,.T.);
#7235=PLANE('',#7236);
#7236=AXIS2_PLACEMENT_3D('',#494,#7237,#7238);
#7237=DIRECTION('',(0.5330588710022873,-0.8460781524456041,0));
#7238=DIRECTION('',(0,0,-1));
#7239=FACE_BOUND('',#7240,.T.);
#7240=EDGE_LOOP('',(#7241,#7242,#7243));
#7241=ORIENTED_EDGE('',*,*,#7244,.T.);
#7242=ORIENTED_EDGE('',*,*,#7245,.T.);
#7243=ORIENTED_EDGE('',*,*,#7246,.T.);
#7244=EDGE_CURVE('',#495,#267,#7247,.F.);
#7245=EDGE_CURVE('',#267,#201,#7248,.T.);
#7246=EDGE_CURVE('',#201,#495,#7249,.T.);
#7247=LINE('',#494,#7250);
#7248=LINE('',#266,#7251);
#7249=LINE('',#200,#7252);
#7250=VECTOR('',#7253,1.0);
#7251=VECTOR('',#7254,1.0);
#7252=VECTOR('',#7255,1.0);
#7253=DIRECTION('',(0,0,-1));
#7254=DIRECTION('',(0.846078152445604,0.5330588710022873,0));
#7255=DIRECTION('',(-0.04090213277905869,-0.025769776299941094,0.9988307835482321));
#7256=FACE_SURFACE('',(#7261),#7257,.T.);
#7257=PLANE('',#7258);
#7258=AXIS2_PLACEMENT_3D('',#496,#7259,#7260);
#7259=DIRECTION('',(0,0,1));
#7260=DIRECTION('',(-0.8066751562584559,-0.5909950865069826,0));
#7261=FACE_BOUND('',#7262,.T.);
#7262=EDGE_LOOP('',(#7263,#7264,#7265));
#7263=ORIENTED_EDGE('',*,*,#7266,.T.);
#7264=ORIENTED_EDGE('',*,*,#7267,.T.);
#7265=ORIENTED_EDGE('',*,*,#7268,.T.);
#7266=EDGE_CURVE('',#497,#489,#7269,.F.);
#7267=EDGE_CURVE('',#489,#317,#7270,.T.);
#7268=EDGE_CURVE('',#317,#497,#7271,.T.);
#7269=LINE('',#496,#7272);
#7270=LINE('',#488,#7273);
#7271=LINE('',#316,#7274);
#7272=VECTOR('',#7275,1.0);
#7273=VECTOR('',#7276,1.0);
#7274=VECTOR('',#7277,1.0);
#7275=DIRECTION('',(-0.8066751562584559,-0.5909950865069826,0));
#7276=DIRECTION('',(0.9976673834014231,-0.06826266986397174,0));
#7277=DIRECTION('',(-0.9967873972708162,0.08009297498577429,0));
#7278=FACE_SURFACE('',(#7283),#7279,.T.);
#7279=PLANE('',#7280);
#7280=AXIS2_PLACEMENT_3D('',#488,#7281,#7282);
#7281=DIRECTION('',(0,0,1));
#7282=DIRECTION('',(-0.8987684456438996,-0.43842363202141443,0));
#7283=FACE_BOUND('',#7284,.T.);
#7284=EDGE_LOOP('',(#7285,#7286,#7287));
#7285=ORIENTED_EDGE('',*,*,#7288,.T.);
#7286=ORIENTED_EDGE('',*,*,#7289,.T.);
#7287=ORIENTED_EDGE('',*,*,#7290,.T.);
#7288=EDGE_CURVE('',#489,#431,#7291,.F.);
#7289=EDGE_CURVE('',#431,#317,#7292,.T.);
#7290=EDGE_CURVE('',#317,#489,#7293,.T.);
#7291=LINE('',#488,#7294);
#7292=LINE('',#430,#7295);
#7293=LINE('',#316,#7296);
#7294=VECTOR('',#7297,1.0);
#7295=VECTOR('',#7298,1.0);
#7296=VECTOR('',#7299,1.0);
#7297=DIRECTION('',(-0.8987684456438996,-0.43842363202141443,0));
#7298=DIRECTION('',(0.9976675888084868,-0.06825966774794559,0));
#7299=DIRECTION('',(-0.9976673834014231,0.06826266986397174,0));
#7300=FACE_SURFACE('',(#7305),#7301,.T.);
#7301=PLANE('',#7302);
#7302=AXIS2_PLACEMENT_3D('',#502,#7303,#7304);
#7303=DIRECTION('',(0.7795418822051599,-0.6263501048838713,0));
#7304=DIRECTION('',(0.6263501048838714,0.77954188220516,0));
#7305=FACE_BOUND('',#7306,.T.);
#7306=EDGE_LOOP('',(#7307,#7308,#7309));
#7307=ORIENTED_EDGE('',*,*,#7310,.T.);
#7308=ORIENTED_EDGE('',*,*,#7311,.T.);
#7309=ORIENTED_EDGE('',*,*,#7312,.T.);
#7310=EDGE_CURVE('',#503,#499,#7313,.F.);
#7311=EDGE_CURVE('',#499,#501,#7314,.T.);
#7312=EDGE_CURVE('',#501,#503,#7315,.T.);
#7313=LINE('',#502,#7316);
#7314=LINE('',#498,#7317);
#7315=LINE('',#500,#7318);
#7316=VECTOR('',#7319,1.0);
#7317=VECTOR('',#7320,1.0);
#7318=VECTOR('',#7321,1.0);
#7319=DIRECTION('',(0.6263501048838714,0.77954188220516,0));
#7320=DIRECTION('',(0,0,1));
#7321=DIRECTION('',(-0.09106700414962572,-0.11334003661537881,-0.9893739620867514));
#7322=FACE_SURFACE('',(#7327),#7323,.T.);
#7323=PLANE('',#7324);
#7324=AXIS2_PLACEMENT_3D('',#490,#7325,#7326);
#7325=DIRECTION('',(0.32120659316520433,0.9469870876745528,-0.006463767080565268));
#7326=DIRECTION('',(-0.043947095532451484,0.021723730376451984,0.9987976433356223));
#7327=FACE_BOUND('',#7328,.T.);
#7328=EDGE_LOOP('',(#7329,#7330,#7331));
#7329=ORIENTED_EDGE('',*,*,#7332,.T.);
#7330=ORIENTED_EDGE('',*,*,#7333,.T.);
#7331=ORIENTED_EDGE('',*,*,#7334,.T.);
#7332=EDGE_CURVE('',#491,#493,#7335,.F.);
#7333=EDGE_CURVE('',#493,#505,#7336,.T.);
#7334=EDGE_CURVE('',#505,#491,#7337,.T.);
#7335=LINE('',#490,#7338);
#7336=LINE('',#492,#7339);
#7337=LINE('',#504,#7340);
#7338=VECTOR('',#7341,1.0);
#7339=VECTOR('',#7342,1.0);
#7340=VECTOR('',#7343,1.0);
#7341=DIRECTION('',(-0.043947095532451484,0.021723730376451984,0.9987976433356223));
#7342=DIRECTION('',(0.9470068709896159,-0.32121330342695514,0));
#7343=DIRECTION('',(-0.13950402978085696,0.04056488874231279,-0.9893902746015981));
#7344=FACE_SURFACE('',(#7349),#7345,.T.);
#7345=PLANE('',#7346);
#7346=AXIS2_PLACEMENT_3D('',#470,#7347,#7348);
#7347=DIRECTION('',(-0.7222730625833316,0.6916079981221263,0));
#7348=DIRECTION('',(-0.6916079981221263,-0.7222730625833316,0));
#7349=FACE_BOUND('',#7350,.T.);
#7350=EDGE_LOOP('',(#7351,#7352,#7353));
#7351=ORIENTED_EDGE('',*,*,#7354,.T.);
#7352=ORIENTED_EDGE('',*,*,#7355,.T.);
#7353=ORIENTED_EDGE('',*,*,#7356,.T.);
#7354=EDGE_CURVE('',#471,#467,#7357,.F.);
#7355=EDGE_CURVE('',#467,#497,#7358,.T.);
#7356=EDGE_CURVE('',#497,#471,#7359,.T.);
#7357=LINE('',#470,#7360);
#7358=LINE('',#466,#7361);
#7359=LINE('',#496,#7362);
#7360=VECTOR('',#7363,1.0);
#7361=VECTOR('',#7364,1.0);
#7362=VECTOR('',#7365,1.0);
#7363=DIRECTION('',(-0.6916079981221263,-0.7222730625833316,0));
#7364=DIRECTION('',(0,0,1));
#7365=DIRECTION('',(0.10047348859642687,0.1049283618957775,-0.9893912860739843));
#7366=FACE_SURFACE('',(#7371),#7367,.T.);
#7367=PLANE('',#7368);
#7368=AXIS2_PLACEMENT_3D('',#470,#7369,#7370);
#7369=DIRECTION('',(-0.7222730625833316,0.6916079981221263,0));
#7370=DIRECTION('',(-0.10047348859642687,-0.1049283618957775,0.9893912860739843));
#7371=FACE_BOUND('',#7372,.T.);
#7372=EDGE_LOOP('',(#7373,#7374,#7375));
#7373=ORIENTED_EDGE('',*,*,#7376,.T.);
#7374=ORIENTED_EDGE('',*,*,#7377,.T.);
#7375=ORIENTED_EDGE('',*,*,#7378,.T.);
#7376=EDGE_CURVE('',#471,#497,#7379,.F.);
#7377=EDGE_CURVE('',#497,#507,#7380,.T.);
#7378=EDGE_CURVE('',#507,#471,#7381,.T.);
#7379=LINE('',#470,#7382);
#7380=LINE('',#496,#7383);
#7381=LINE('',#506,#7384);
#7382=VECTOR('',#7385,1.0);
#7383=VECTOR('',#7386,1.0);
#7384=VECTOR('',#7387,1.0);
#7385=DIRECTION('',(-0.10047348859642687,-0.1049283618957775,0.9893912860739843));
#7386=DIRECTION('',(0.6916079981221263,0.7222730625833316,0));
#7387=DIRECTION('',(0,0,-1));
#7388=FACE_SURFACE('',(#7393),#7389,.T.);
#7389=PLANE('',#7390);
#7390=AXIS2_PLACEMENT_3D('',#274,#7391,#7392);
#7391=DIRECTION('',(0.3468419871195115,-0.937923576828618,0));
#7392=DIRECTION('',(-0.05157171968595505,-0.0190711036346147,0.9984871810568182));
#7393=FACE_BOUND('',#7394,.T.);
#7394=EDGE_LOOP('',(#7395,#7396,#7397));
#7395=ORIENTED_EDGE('',*,*,#7398,.T.);
#7396=ORIENTED_EDGE('',*,*,#7399,.T.);
#7397=ORIENTED_EDGE('',*,*,#7400,.T.);
#7398=EDGE_CURVE('',#275,#509,#7401,.F.);
#7399=EDGE_CURVE('',#509,#315,#7402,.T.);
#7400=EDGE_CURVE('',#315,#275,#7403,.T.);
#7401=LINE('',#274,#7404);
#7402=LINE('',#508,#7405);
#7403=LINE('',#314,#7406);
#7404=VECTOR('',#7407,1.0);
#7405=VECTOR('',#7408,1.0);
#7406=VECTOR('',#7409,1.0);
#7407=DIRECTION('',(-0.05157171968595505,-0.0190711036346147,0.9984871810568182));
#7408=DIRECTION('',(0,0,-1));
#7409=DIRECTION('',(0.937923576828618,0.3468419871195115,0));
#7410=FACE_SURFACE('',(#7415),#7411,.T.);
#7411=PLANE('',#7412);
#7412=AXIS2_PLACEMENT_3D('',#484,#7413,#7414);
#7413=DIRECTION('',(0.2792146935576888,0.9602286992698593,-4.6212978090329135E-09));
#7414=DIRECTION('',(-0.9602286992698592,0.2792146935576888,0));
#7415=FACE_BOUND('',#7416,.T.);
#7416=EDGE_LOOP('',(#7417,#7418,#7419));
#7417=ORIENTED_EDGE('',*,*,#7420,.T.);
#7418=ORIENTED_EDGE('',*,*,#7421,.T.);
#7419=ORIENTED_EDGE('',*,*,#7422,.T.);
#7420=EDGE_CURVE('',#485,#491,#7423,.F.);
#7421=EDGE_CURVE('',#491,#505,#7424,.T.);
#7422=EDGE_CURVE('',#505,#485,#7425,.T.);
#7423=LINE('',#484,#7426);
#7424=LINE('',#490,#7427);
#7425=LINE('',#504,#7428);
#7426=VECTOR('',#7429,1.0);
#7427=VECTOR('',#7430,1.0);
#7428=VECTOR('',#7431,1.0);
#7429=DIRECTION('',(-0.9602286992698592,0.2792146935576888,0));
#7430=DIRECTION('',(0.13950402978085696,-0.04056488874231279,0.9893902746015981));
#7431=DIRECTION('',(7.053266139659759E-05,-2.0514255354410967E-05,-0.9999999973021545));
#7432=FACE_SURFACE('',(#7437),#7433,.T.);
#7433=PLANE('',#7434);
#7434=AXIS2_PLACEMENT_3D('',#506,#7435,#7436);
#7435=DIRECTION('',(-0.86603659572162,0.49998061449510967,0));
#7436=DIRECTION('',(0.49998061449510967,0.8660365957216198,0));
#7437=FACE_BOUND('',#7438,.T.);
#7438=EDGE_LOOP('',(#7439,#7440,#7441));
#7439=ORIENTED_EDGE('',*,*,#7442,.T.);
#7440=ORIENTED_EDGE('',*,*,#7443,.T.);
#7441=ORIENTED_EDGE('',*,*,#7444,.T.);
#7442=EDGE_CURVE('',#507,#411,#7445,.F.);
#7443=EDGE_CURVE('',#411,#409,#7446,.T.);
#7444=EDGE_CURVE('',#409,#507,#7447,.T.);
#7445=LINE('',#506,#7448);
#7446=LINE('',#410,#7449);
#7447=LINE('',#408,#7450);
#7448=VECTOR('',#7451,1.0);
#7449=VECTOR('',#7452,1.0);
#7450=VECTOR('',#7453,1.0);
#7451=DIRECTION('',(0.49998061449510967,0.8660365957216198,0));
#7452=DIRECTION('',(0,0,-1));
#7453=DIRECTION('',(-0.09621635402758842,-0.16666022897496532,0.9813087084580724));
#7454=FACE_SURFACE('',(#7459),#7455,.T.);
#7455=PLANE('',#7456);
#7456=AXIS2_PLACEMENT_3D('',#506,#7457,#7458);
#7457=DIRECTION('',(-0.86603659572162,0.49998061449510967,0));
#7458=DIRECTION('',(0.09621635402758842,0.16666022897496532,-0.9813087084580724));
#7459=FACE_BOUND('',#7460,.T.);
#7460=EDGE_LOOP('',(#7461,#7462,#7463));
#7461=ORIENTED_EDGE('',*,*,#7464,.T.);
#7462=ORIENTED_EDGE('',*,*,#7465,.T.);
#7463=ORIENTED_EDGE('',*,*,#7466,.T.);
#7464=EDGE_CURVE('',#507,#409,#7467,.F.);
#7465=EDGE_CURVE('',#409,#471,#7468,.T.);
#7466=EDGE_CURVE('',#471,#507,#7469,.T.);
#7467=LINE('',#506,#7470);
#7468=LINE('',#408,#7471);
#7469=LINE('',#470,#7472);
#7470=VECTOR('',#7473,1.0);
#7471=VECTOR('',#7474,1.0);
#7472=VECTOR('',#7475,1.0);
#7473=DIRECTION('',(0.09621635402758842,0.16666022897496532,-0.9813087084580724));
#7474=DIRECTION('',(-0.49998061449510967,-0.8660365957216198,0));
#7475=DIRECTION('',(0,0,1));
#7476=FACE_SURFACE('',(#7481),#7477,.T.);
#7477=PLANE('',#7478);
#7478=AXIS2_PLACEMENT_3D('',#400,#7479,#7480);
#7479=DIRECTION('',(0,0,-1));
#7480=DIRECTION('',(-0.830851268725131,0.556494536592984,0));
#7481=FACE_BOUND('',#7482,.T.);
#7482=EDGE_LOOP('',(#7483,#7484,#7485));
#7483=ORIENTED_EDGE('',*,*,#7486,.T.);
#7484=ORIENTED_EDGE('',*,*,#7487,.T.);
#7485=ORIENTED_EDGE('',*,*,#7488,.T.);
#7486=EDGE_CURVE('',#401,#511,#7489,.F.);
#7487=EDGE_CURVE('',#511,#391,#7490,.T.);
#7488=EDGE_CURVE('',#391,#401,#7491,.T.);
#7489=LINE('',#400,#7492);
#7490=LINE('',#510,#7493);
#7491=LINE('',#390,#7494);
#7492=VECTOR('',#7495,1.0);
#7493=VECTOR('',#7496,1.0);
#7494=VECTOR('',#7497,1.0);
#7495=DIRECTION('',(-0.830851268725131,0.556494536592984,0));
#7496=DIRECTION('',(0.8500615222798811,-0.5266834042754823,0));
#7497=DIRECTION('',(-0.25901225012231893,-0.9658740364491496,0));
#7498=FACE_SURFACE('',(#7503),#7499,.T.);
#7499=PLANE('',#7500);
#7500=AXIS2_PLACEMENT_3D('',#492,#7501,#7502);
#7501=DIRECTION('',(0,0,1));
#7502=DIRECTION('',(-0.8949720554073357,0.4461222030340664,0));
#7503=FACE_BOUND('',#7504,.T.);
#7504=EDGE_LOOP('',(#7505,#7506,#7507));
#7505=ORIENTED_EDGE('',*,*,#7508,.T.);
#7506=ORIENTED_EDGE('',*,*,#7509,.T.);
#7507=ORIENTED_EDGE('',*,*,#7510,.T.);
#7508=EDGE_CURVE('',#493,#479,#7511,.F.);
#7509=EDGE_CURVE('',#479,#487,#7512,.T.);
#7510=EDGE_CURVE('',#487,#493,#7513,.T.);
#7511=LINE('',#492,#7514);
#7512=LINE('',#478,#7515);
#7513=LINE('',#486,#7516);
#7514=VECTOR('',#7517,1.0);
#7515=VECTOR('',#7518,1.0);
#7516=VECTOR('',#7519,1.0);
#7517=DIRECTION('',(-0.8949720554073357,0.4461222030340664,0));
#7518=DIRECTION('',(0.20472364590576872,-0.9788198142697406,0));
#7519=DIRECTION('',(-0.2046541624089536,0.9788343444161988,0));
#7520=FACE_SURFACE('',(#7525),#7521,.T.);
#7521=PLANE('',#7522);
#7522=AXIS2_PLACEMENT_3D('',#504,#7523,#7524);
#7523=DIRECTION('',(0,0,1));
#7524=DIRECTION('',(-0.9470068709896159,0.32121330342695514,0));
#7525=FACE_BOUND('',#7526,.T.);
#7526=EDGE_LOOP('',(#7527,#7528,#7529));
#7527=ORIENTED_EDGE('',*,*,#7530,.T.);
#7528=ORIENTED_EDGE('',*,*,#7531,.T.);
#7529=ORIENTED_EDGE('',*,*,#7532,.T.);
#7530=EDGE_CURVE('',#505,#493,#7533,.F.);
#7531=EDGE_CURVE('',#493,#487,#7534,.T.);
#7532=EDGE_CURVE('',#487,#505,#7535,.T.);
#7533=LINE('',#504,#7536);
#7534=LINE('',#492,#7537);
#7535=LINE('',#486,#7538);
#7536=VECTOR('',#7539,1.0);
#7537=VECTOR('',#7540,1.0);
#7538=VECTOR('',#7541,1.0);
#7539=DIRECTION('',(-0.9470068709896159,0.32121330342695514,0));
#7540=DIRECTION('',(0.2046541624089536,-0.9788343444161988,0));
#7541=DIRECTION('',(0.15510832007504333,0.9878974688921406,0));
#7542=FACE_SURFACE('',(#7547),#7543,.T.);
#7543=PLANE('',#7544);
#7544=AXIS2_PLACEMENT_3D('',#410,#7545,#7546);
#7545=DIRECTION('',(0,0,1));
#7546=DIRECTION('',(-0.49998061449510967,-0.8660365957216198,0));
#7547=FACE_BOUND('',#7548,.T.);
#7548=EDGE_LOOP('',(#7549,#7550,#7551));
#7549=ORIENTED_EDGE('',*,*,#7552,.T.);
#7550=ORIENTED_EDGE('',*,*,#7553,.T.);
#7551=ORIENTED_EDGE('',*,*,#7554,.T.);
#7552=EDGE_CURVE('',#411,#507,#7555,.F.);
#7553=EDGE_CURVE('',#507,#317,#7556,.T.);
#7554=EDGE_CURVE('',#317,#411,#7557,.T.);
#7555=LINE('',#410,#7558);
#7556=LINE('',#506,#7559);
#7557=LINE('',#316,#7560);
#7558=VECTOR('',#7561,1.0);
#7559=VECTOR('',#7562,1.0);
#7560=VECTOR('',#7563,1.0);
#7561=DIRECTION('',(-0.49998061449510967,-0.8660365957216198,0));
#7562=DIRECTION('',(0.9955317680095238,-0.09442721474146933,0));
#7563=DIRECTION('',(-0.9931237663504985,0.11706914499474529,0));
#7564=FACE_SURFACE('',(#7569),#7565,.T.);
#7565=PLANE('',#7566);
#7566=AXIS2_PLACEMENT_3D('',#506,#7567,#7568);
#7567=DIRECTION('',(0,0,1));
#7568=DIRECTION('',(-0.6916079981221263,-0.7222730625833316,0));
#7569=FACE_BOUND('',#7570,.T.);
#7570=EDGE_LOOP('',(#7571,#7572,#7573));
#7571=ORIENTED_EDGE('',*,*,#7574,.T.);
#7572=ORIENTED_EDGE('',*,*,#7575,.T.);
#7573=ORIENTED_EDGE('',*,*,#7576,.T.);
#7574=EDGE_CURVE('',#507,#497,#7577,.F.);
#7575=EDGE_CURVE('',#497,#317,#7578,.T.);
#7576=EDGE_CURVE('',#317,#507,#7579,.T.);
#7577=LINE('',#506,#7580);
#7578=LINE('',#496,#7581);
#7579=LINE('',#316,#7582);
#7580=VECTOR('',#7583,1.0);
#7581=VECTOR('',#7584,1.0);
#7582=VECTOR('',#7585,1.0);
#7583=DIRECTION('',(-0.6916079981221263,-0.7222730625833316,0));
#7584=DIRECTION('',(0.9967873972708162,-0.08009297498577429,0));
#7585=DIRECTION('',(-0.9955317680095238,0.09442721474146933,0));
#7586=FACE_SURFACE('',(#7591),#7587,.T.);
#7587=PLANE('',#7588);
#7588=AXIS2_PLACEMENT_3D('',#412,#7589,#7590);
#7589=DIRECTION('',(-0,0,-1));
#7590=DIRECTION('',(-0.9938731897196245,-0.11052638941239037,0));
#7591=FACE_BOUND('',#7592,.T.);
#7592=EDGE_LOOP('',(#7593,#7594,#7595));
#7593=ORIENTED_EDGE('',*,*,#7596,.T.);
#7594=ORIENTED_EDGE('',*,*,#7597,.T.);
#7595=ORIENTED_EDGE('',*,*,#7598,.T.);
#7596=EDGE_CURVE('',#413,#481,#7599,.F.);
#7597=EDGE_CURVE('',#481,#407,#7600,.T.);
#7598=EDGE_CURVE('',#407,#413,#7601,.T.);
#7599=LINE('',#412,#7602);
#7600=LINE('',#480,#7603);
#7601=LINE('',#406,#7604);
#7602=VECTOR('',#7605,1.0);
#7603=VECTOR('',#7606,1.0);
#7604=VECTOR('',#7607,1.0);
#7605=DIRECTION('',(-0.9938731897196245,-0.11052638941239037,0));
#7606=DIRECTION('',(0.992950072164224,0.11853334631681517,0));
#7607=DIRECTION('',(0.10893672554108055,-0.9940486858441026,0));
#7608=FACE_SURFACE('',(#7613),#7609,.T.);
#7609=PLANE('',#7610);
#7610=AXIS2_PLACEMENT_3D('',#480,#7611,#7612);
#7611=DIRECTION('',(0,0,-1));
#7612=DIRECTION('',(0.9349111533064681,0.35488186122027954,0));
#7613=FACE_BOUND('',#7614,.T.);
#7614=EDGE_LOOP('',(#7615,#7616,#7617));
#7615=ORIENTED_EDGE('',*,*,#7618,.T.);
#7616=ORIENTED_EDGE('',*,*,#7619,.T.);
#7617=ORIENTED_EDGE('',*,*,#7620,.T.);
#7618=EDGE_CURVE('',#481,#511,#7621,.F.);
#7619=EDGE_CURVE('',#511,#407,#7622,.T.);
#7620=EDGE_CURVE('',#407,#481,#7623,.T.);
#7621=LINE('',#480,#7624);
#7622=LINE('',#510,#7625);
#7623=LINE('',#406,#7626);
#7624=VECTOR('',#7627,1.0);
#7625=VECTOR('',#7628,1.0);
#7626=VECTOR('',#7629,1.0);
#7627=DIRECTION('',(0.9349111533064681,0.35488186122027954,0));
#7628=DIRECTION('',(0.8218844905969261,-0.5696541794073237,0));
#7629=DIRECTION('',(-0.992950072164224,-0.11853334631681517,0));
#7630=FACE_SURFACE('',(#7635),#7631,.T.);
#7631=PLANE('',#7632);
#7632=AXIS2_PLACEMENT_3D('',#512,#7633,#7634);
#7633=DIRECTION('',(0,-0,1));
#7634=DIRECTION('',(0.9242809248162133,0.3817129445288506,0));
#7635=FACE_BOUND('',#7636,.T.);
#7636=EDGE_LOOP('',(#7637,#7638,#7639));
#7637=ORIENTED_EDGE('',*,*,#7640,.T.);
#7638=ORIENTED_EDGE('',*,*,#7641,.T.);
#7639=ORIENTED_EDGE('',*,*,#7642,.T.);
#7640=EDGE_CURVE('',#513,#515,#7643,.F.);
#7641=EDGE_CURVE('',#515,#443,#7644,.T.);
#7642=EDGE_CURVE('',#443,#513,#7645,.T.);
#7643=LINE('',#512,#7646);
#7644=LINE('',#514,#7647);
#7645=LINE('',#442,#7648);
#7646=VECTOR('',#7649,1.0);
#7647=VECTOR('',#7650,1.0);
#7648=VECTOR('',#7651,1.0);
#7649=DIRECTION('',(0.9242809248162133,0.3817129445288506,0));
#7650=DIRECTION('',(-0.8549689533978919,0.5186791770697119,0));
#7651=DIRECTION('',(0.800337247595167,-0.5995500730646212,0));
#7652=FACE_SURFACE('',(#7657),#7653,.T.);
#7653=PLANE('',#7654);
#7654=AXIS2_PLACEMENT_3D('',#516,#7655,#7656);
#7655=DIRECTION('',(-0,0,1));
#7656=DIRECTION('',(0.9913278026131761,-0.13141228164114552,0));
#7657=FACE_BOUND('',#7658,.T.);
#7658=EDGE_LOOP('',(#7659,#7660,#7661));
#7659=ORIENTED_EDGE('',*,*,#7662,.T.);
#7660=ORIENTED_EDGE('',*,*,#7663,.T.);
#7661=ORIENTED_EDGE('',*,*,#7664,.T.);
#7662=EDGE_CURVE('',#517,#519,#7665,.F.);
#7663=EDGE_CURVE('',#519,#521,#7666,.T.);
#7664=EDGE_CURVE('',#521,#517,#7667,.T.);
#7665=LINE('',#516,#7668);
#7666=LINE('',#518,#7669);
#7667=LINE('',#520,#7670);
#7668=VECTOR('',#7671,1.0);
#7669=VECTOR('',#7672,1.0);
#7670=VECTOR('',#7673,1.0);
#7671=DIRECTION('',(0.9913278026131761,-0.13141228164114552,0));
#7672=DIRECTION('',(0.8674481541389323,0.49752758705518957,0));
#7673=DIRECTION('',(-0.8960271567265374,-0.44399925045945415,0));
#7674=FACE_SURFACE('',(#7679),#7675,.T.);
#7675=PLANE('',#7676);
#7676=AXIS2_PLACEMENT_3D('',#522,#7677,#7678);
#7677=DIRECTION('',(0.9999998694565901,-0.0005109665377935733,0));
#7678=DIRECTION('',(0,0,1));
#7679=FACE_BOUND('',#7680,.T.);
#7680=EDGE_LOOP('',(#7681,#7682,#7683));
#7681=ORIENTED_EDGE('',*,*,#7684,.T.);
#7682=ORIENTED_EDGE('',*,*,#7685,.T.);
#7683=ORIENTED_EDGE('',*,*,#7686,.T.);
#7684=EDGE_CURVE('',#523,#525,#7687,.F.);
#7685=EDGE_CURVE('',#525,#459,#7688,.T.);
#7686=EDGE_CURVE('',#459,#523,#7689,.T.);
#7687=LINE('',#522,#7690);
#7688=LINE('',#524,#7691);
#7689=LINE('',#458,#7692);
#7690=VECTOR('',#7693,1.0);
#7691=VECTOR('',#7694,1.0);
#7692=VECTOR('',#7695,1.0);
#7693=DIRECTION('',(0,0,1));
#7694=DIRECTION('',(-0.0005109665377935733,-0.9999998694565901,0));
#7695=DIRECTION('',(0.000510944095037428,0.9999559472981794,-0.009372427600811396));
#7696=FACE_SURFACE('',(#7701),#7697,.T.);
#7697=PLANE('',#7698);
#7698=AXIS2_PLACEMENT_3D('',#526,#7699,#7700);
#7699=DIRECTION('',(0,-0,1));
#7700=DIRECTION('',(0.8308786082818813,0.5564537162240576,0));
#7701=FACE_BOUND('',#7702,.T.);
#7702=EDGE_LOOP('',(#7703,#7704,#7705));
#7703=ORIENTED_EDGE('',*,*,#7706,.T.);
#7704=ORIENTED_EDGE('',*,*,#7707,.T.);
#7705=ORIENTED_EDGE('',*,*,#7708,.T.);
#7706=EDGE_CURVE('',#527,#513,#7709,.F.);
#7707=EDGE_CURVE('',#513,#443,#7710,.T.);
#7708=EDGE_CURVE('',#443,#527,#7711,.T.);
#7709=LINE('',#526,#7712);
#7710=LINE('',#512,#7713);
#7711=LINE('',#442,#7714);
#7712=VECTOR('',#7715,1.0);
#7713=VECTOR('',#7716,1.0);
#7714=VECTOR('',#7717,1.0);
#7715=DIRECTION('',(0.8308786082818813,0.5564537162240576,0));
#7716=DIRECTION('',(-0.800337247595167,0.5995500730646212,0));
#7717=DIRECTION('',(0.7639393394177906,-0.6452880641154847,0));
#7718=FACE_SURFACE('',(#7723),#7719,.T.);
#7719=PLANE('',#7720);
#7720=AXIS2_PLACEMENT_3D('',#386,#7721,#7722);
#7721=DIRECTION('',(-0,0,-1));
#7722=DIRECTION('',(-0.49998072853313325,-0.8660365298851298,0));
#7723=FACE_BOUND('',#7724,.T.);
#7724=EDGE_LOOP('',(#7725,#7726,#7727));
#7725=ORIENTED_EDGE('',*,*,#7728,.T.);
#7726=ORIENTED_EDGE('',*,*,#7729,.T.);
#7727=ORIENTED_EDGE('',*,*,#7730,.T.);
#7728=EDGE_CURVE('',#387,#391,#7731,.F.);
#7729=EDGE_CURVE('',#391,#511,#7732,.T.);
#7730=EDGE_CURVE('',#511,#387,#7733,.T.);
#7731=LINE('',#386,#7734);
#7732=LINE('',#390,#7735);
#7733=LINE('',#510,#7736);
#7734=VECTOR('',#7737,1.0);
#7735=VECTOR('',#7738,1.0);
#7736=VECTOR('',#7739,1.0);
#7737=DIRECTION('',(-0.49998072853313325,-0.8660365298851298,0));
#7738=DIRECTION('',(-0.8500615222798811,0.5266834042754823,0));
#7739=DIRECTION('',(0.86919975773541,-0.4944611017589803,0));
#7740=FACE_SURFACE('',(#7745),#7741,.T.);
#7741=PLANE('',#7742);
#7742=AXIS2_PLACEMENT_3D('',#378,#7743,#7744);
#7743=DIRECTION('',(-0,0,-1));
#7744=DIRECTION('',(-0.6907579935780508,-0.723086021375068,0));
#7745=FACE_BOUND('',#7746,.T.);
#7746=EDGE_LOOP('',(#7747,#7748,#7749));
#7747=ORIENTED_EDGE('',*,*,#7750,.T.);
#7748=ORIENTED_EDGE('',*,*,#7751,.T.);
#7749=ORIENTED_EDGE('',*,*,#7752,.T.);
#7750=EDGE_CURVE('',#379,#387,#7753,.F.);
#7751=EDGE_CURVE('',#387,#511,#7754,.T.);
#7752=EDGE_CURVE('',#511,#379,#7755,.T.);
#7753=LINE('',#378,#7756);
#7754=LINE('',#386,#7757);
#7755=LINE('',#510,#7758);
#7756=VECTOR('',#7759,1.0);
#7757=VECTOR('',#7760,1.0);
#7758=VECTOR('',#7761,1.0);
#7759=DIRECTION('',(-0.6907579935780508,-0.723086021375068,0));
#7760=DIRECTION('',(-0.86919975773541,0.4944611017589803,0));
#7761=DIRECTION('',(0.8822653027524526,-0.4707525205021458,0));
#7762=FACE_SURFACE('',(#7767),#7763,.T.);
#7763=PLANE('',#7764);
#7764=AXIS2_PLACEMENT_3D('',#484,#7765,#7766);
#7765=DIRECTION('',(0.2792751038767875,0.960211131134507,-0));
#7766=DIRECTION('',(-7.053266139659759E-05,2.0514255354410967E-05,0.9999999973021545));
#7767=FACE_BOUND('',#7768,.T.);
#7768=EDGE_LOOP('',(#7769,#7770,#7771));
#7769=ORIENTED_EDGE('',*,*,#7772,.T.);
#7770=ORIENTED_EDGE('',*,*,#7773,.T.);
#7771=ORIENTED_EDGE('',*,*,#7774,.T.);
#7772=EDGE_CURVE('',#485,#505,#7775,.F.);
#7773=EDGE_CURVE('',#505,#529,#7776,.T.);
#7774=EDGE_CURVE('',#529,#485,#7777,.T.);
#7775=LINE('',#484,#7778);
#7776=LINE('',#504,#7779);
#7777=LINE('',#528,#7780);
#7778=VECTOR('',#7781,1.0);
#7779=VECTOR('',#7782,1.0);
#7780=VECTOR('',#7783,1.0);
#7781=DIRECTION('',(-7.053266139659759E-05,2.0514255354410967E-05,0.9999999973021545));
#7782=DIRECTION('',(0.9602111311345071,-0.2792751038767875,0));
#7783=DIRECTION('',(0,0,-1));
#7784=FACE_SURFACE('',(#7789),#7785,.T.);
#7785=PLANE('',#7786);
#7786=AXIS2_PLACEMENT_3D('',#500,#7787,#7788);
#7787=DIRECTION('',(0,-0,1));
#7788=DIRECTION('',(0.7514680155052295,0.6597695216305708,0));
#7789=FACE_BOUND('',#7790,.T.);
#7790=EDGE_LOOP('',(#7791,#7792,#7793));
#7791=ORIENTED_EDGE('',*,*,#7794,.T.);
#7792=ORIENTED_EDGE('',*,*,#7795,.T.);
#7793=ORIENTED_EDGE('',*,*,#7796,.T.);
#7794=EDGE_CURVE('',#501,#527,#7797,.F.);
#7795=EDGE_CURVE('',#527,#443,#7798,.T.);
#7796=EDGE_CURVE('',#443,#501,#7799,.T.);
#7797=LINE('',#500,#7800);
#7798=LINE('',#526,#7801);
#7799=LINE('',#442,#7802);
#7800=VECTOR('',#7803,1.0);
#7801=VECTOR('',#7804,1.0);
#7802=VECTOR('',#7805,1.0);
#7803=DIRECTION('',(0.7514680155052295,0.6597695216305708,0));
#7804=DIRECTION('',(-0.7639393394177906,0.6452880641154847,0));
#7805=DIRECTION('',(0.7227845012749099,-0.6910734872043491,0));
#7806=FACE_SURFACE('',(#7811),#7807,.T.);
#7807=PLANE('',#7808);
#7808=AXIS2_PLACEMENT_3D('',#160,#7809,#7810);
#7809=DIRECTION('',(-0.13141228164114552,-0.9913278026131761,0));
#7810=DIRECTION('',(0.9913278026131761,-0.13141228164114552,0));
#7811=FACE_BOUND('',#7812,.T.);
#7812=EDGE_LOOP('',(#7813,#7814,#7815));
#7813=ORIENTED_EDGE('',*,*,#7816,.T.);
#7814=ORIENTED_EDGE('',*,*,#7817,.T.);
#7815=ORIENTED_EDGE('',*,*,#7818,.T.);
#7816=EDGE_CURVE('',#161,#145,#7819,.F.);
#7817=EDGE_CURVE('',#145,#519,#7820,.T.);
#7818=EDGE_CURVE('',#519,#161,#7821,.T.);
#7819=LINE('',#160,#7822);
#7820=LINE('',#144,#7823);
#7821=LINE('',#518,#7824);
#7822=VECTOR('',#7825,1.0);
#7823=VECTOR('',#7826,1.0);
#7824=VECTOR('',#7827,1.0);
#7825=DIRECTION('',(0.9913278026131761,-0.13141228164114552,0));
#7826=DIRECTION('',(0,0,1));
#7827=DIRECTION('',(-0.19071677866400968,0.025281775579602553,-0.9813194903595698));
#7828=FACE_SURFACE('',(#7833),#7829,.T.);
#7829=PLANE('',#7830);
#7830=AXIS2_PLACEMENT_3D('',#160,#7831,#7832);
#7831=DIRECTION('',(-0.13141228164114552,-0.9913278026131761,0));
#7832=DIRECTION('',(0.19071677866400968,-0.025281775579602553,0.9813194903595698));
#7833=FACE_BOUND('',#7834,.T.);
#7834=EDGE_LOOP('',(#7835,#7836,#7837));
#7835=ORIENTED_EDGE('',*,*,#7838,.T.);
#7836=ORIENTED_EDGE('',*,*,#7839,.T.);
#7837=ORIENTED_EDGE('',*,*,#7840,.T.);
#7838=EDGE_CURVE('',#161,#519,#7841,.F.);
#7839=EDGE_CURVE('',#519,#517,#7842,.T.);
#7840=EDGE_CURVE('',#517,#161,#7843,.T.);
#7841=LINE('',#160,#7844);
#7842=LINE('',#518,#7845);
#7843=LINE('',#516,#7846);
#7844=VECTOR('',#7847,1.0);
#7845=VECTOR('',#7848,1.0);
#7846=VECTOR('',#7849,1.0);
#7847=DIRECTION('',(0.19071677866400968,-0.025281775579602553,0.9813194903595698));
#7848=DIRECTION('',(-0.9913278026131761,0.13141228164114552,0));
#7849=DIRECTION('',(0,0,-1));
#7850=FACE_SURFACE('',(#7855),#7851,.T.);
#7851=PLANE('',#7852);
#7852=AXIS2_PLACEMENT_3D('',#508,#7853,#7854);
#7853=DIRECTION('',(0.22296347650445364,-0.9748267990494763,0));
#7854=DIRECTION('',(-0.9748267990494763,-0.22296347650445367,0));
#7855=FACE_BOUND('',#7856,.T.);
#7856=EDGE_LOOP('',(#7857,#7858,#7859));
#7857=ORIENTED_EDGE('',*,*,#7860,.T.);
#7858=ORIENTED_EDGE('',*,*,#7861,.T.);
#7859=ORIENTED_EDGE('',*,*,#7862,.T.);
#7860=EDGE_CURVE('',#509,#531,#7863,.F.);
#7861=EDGE_CURVE('',#531,#315,#7864,.T.);
#7862=EDGE_CURVE('',#315,#509,#7865,.T.);
#7863=LINE('',#508,#7866);
#7864=LINE('',#530,#7867);
#7865=LINE('',#314,#7868);
#7866=VECTOR('',#7869,1.0);
#7867=VECTOR('',#7870,1.0);
#7868=VECTOR('',#7871,1.0);
#7869=DIRECTION('',(-0.9748267990494763,-0.22296347650445367,0));
#7870=DIRECTION('',(0.11376725368977071,0.026020973592200135,-0.9931666128707717));
#7871=DIRECTION('',(0,0,1));
#7872=FACE_SURFACE('',(#7877),#7873,.T.);
#7873=PLANE('',#7874);
#7874=AXIS2_PLACEMENT_3D('',#156,#7875,#7876);
#7875=DIRECTION('',(0.06618388024370983,-0.9978074433456019,0));
#7876=DIRECTION('',(0.9978074433456018,0.06618388024370983,0));
#7877=FACE_BOUND('',#7878,.T.);
#7878=EDGE_LOOP('',(#7879,#7880,#7881));
#7879=ORIENTED_EDGE('',*,*,#7882,.T.);
#7880=ORIENTED_EDGE('',*,*,#7883,.T.);
#7881=ORIENTED_EDGE('',*,*,#7884,.T.);
#7882=EDGE_CURVE('',#157,#161,#7885,.F.);
#7883=EDGE_CURVE('',#161,#517,#7886,.T.);
#7884=EDGE_CURVE('',#517,#157,#7887,.T.);
#7885=LINE('',#156,#7888);
#7886=LINE('',#160,#7889);
#7887=LINE('',#516,#7890);
#7888=VECTOR('',#7891,1.0);
#7889=VECTOR('',#7892,1.0);
#7890=VECTOR('',#7893,1.0);
#7891=DIRECTION('',(0.9978074433456018,0.06618388024370983,0));
#7892=DIRECTION('',(0,0,1));
#7893=DIRECTION('',(-0.0975786300992656,-0.006472323304365457,-0.9952067724744414));
#7894=FACE_SURFACE('',(#7899),#7895,.T.);
#7895=PLANE('',#7896);
#7896=AXIS2_PLACEMENT_3D('',#528,#7897,#7898);
#7897=DIRECTION('',(0.11043242078895842,0.9938836352605321,0));
#7898=DIRECTION('',(0.9938836352605321,-0.11043242078895842,0));
#7899=FACE_BOUND('',#7900,.T.);
#7900=EDGE_LOOP('',(#7901,#7902,#7903));
#7901=ORIENTED_EDGE('',*,*,#7904,.T.);
#7902=ORIENTED_EDGE('',*,*,#7905,.T.);
#7903=ORIENTED_EDGE('',*,*,#7906,.T.);
#7904=EDGE_CURVE('',#529,#415,#7907,.F.);
#7905=EDGE_CURVE('',#415,#419,#7908,.T.);
#7906=EDGE_CURVE('',#419,#529,#7909,.T.);
#7907=LINE('',#528,#7910);
#7908=LINE('',#414,#7911);
#7909=LINE('',#418,#7912);
#7910=VECTOR('',#7913,1.0);
#7911=VECTOR('',#7914,1.0);
#7912=VECTOR('',#7915,1.0);
#7913=DIRECTION('',(0.9938836352605321,-0.11043242078895842,0));
#7914=DIRECTION('',(0,0,-1));
#7915=DIRECTION('',(-0.14476272573526358,0.016084879231121032,0.9893356507767306));
#7916=FACE_SURFACE('',(#7921),#7917,.T.);
#7917=PLANE('',#7918);
#7918=AXIS2_PLACEMENT_3D('',#528,#7919,#7920);
#7919=DIRECTION('',(0.11043242078895842,0.9938836352605321,0));
#7920=DIRECTION('',(0.14476272573526358,-0.016084879231121032,-0.9893356507767306));
#7921=FACE_BOUND('',#7922,.T.);
#7922=EDGE_LOOP('',(#7923,#7924,#7925));
#7923=ORIENTED_EDGE('',*,*,#7926,.T.);
#7924=ORIENTED_EDGE('',*,*,#7927,.T.);
#7925=ORIENTED_EDGE('',*,*,#7928,.T.);
#7926=EDGE_CURVE('',#529,#419,#7929,.F.);
#7927=EDGE_CURVE('',#419,#485,#7930,.T.);
#7928=EDGE_CURVE('',#485,#529,#7931,.T.);
#7929=LINE('',#528,#7932);
#7930=LINE('',#418,#7933);
#7931=LINE('',#484,#7934);
#7932=VECTOR('',#7935,1.0);
#7933=VECTOR('',#7936,1.0);
#7934=VECTOR('',#7937,1.0);
#7935=DIRECTION('',(0.14476272573526358,-0.016084879231121032,-0.9893356507767306));
#7936=DIRECTION('',(-0.9938836352605321,0.11043242078895842,0));
#7937=DIRECTION('',(0,0,1));
#7938=FACE_SURFACE('',(#7943),#7939,.T.);
#7939=PLANE('',#7940);
#7940=AXIS2_PLACEMENT_3D('',#156,#7941,#7942);
#7941=DIRECTION('',(0.1314095586070336,-0.9913072610063423,-0.006437560314924396));
#7942=DIRECTION('',(0.0975786300992656,0.006472323304365457,0.9952067724744414));
#7943=FACE_BOUND('',#7944,.T.);
#7944=EDGE_LOOP('',(#7945,#7946,#7947));
#7945=ORIENTED_EDGE('',*,*,#7948,.T.);
#7946=ORIENTED_EDGE('',*,*,#7949,.T.);
#7947=ORIENTED_EDGE('',*,*,#7950,.T.);
#7948=EDGE_CURVE('',#157,#517,#7951,.F.);
#7949=EDGE_CURVE('',#517,#515,#7952,.T.);
#7950=EDGE_CURVE('',#515,#157,#7953,.T.);
#7951=LINE('',#156,#7954);
#7952=LINE('',#516,#7955);
#7953=LINE('',#514,#7956);
#7954=VECTOR('',#7957,1.0);
#7955=VECTOR('',#7958,1.0);
#7956=VECTOR('',#7959,1.0);
#7957=DIRECTION('',(0.0975786300992656,0.006472323304365457,0.9952067724744414));
#7958=DIRECTION('',(-0.9913278026131761,-0.13141228164114552,0));
#7959=DIRECTION('',(0.09583764786419899,0.01916733965617241,-0.9952124187038476));
#7960=FACE_SURFACE('',(#7965),#7961,.T.);
#7961=PLANE('',#7962);
#7962=AXIS2_PLACEMENT_3D('',#454,#7963,#7964);
#7963=DIRECTION('',(-0,0,-1));
#7964=DIRECTION('',(-0.994719754936836,-0.10262850061459972,0));
#7965=FACE_BOUND('',#7966,.T.);
#7966=EDGE_LOOP('',(#7967,#7968,#7969));
#7967=ORIENTED_EDGE('',*,*,#7970,.T.);
#7968=ORIENTED_EDGE('',*,*,#7971,.T.);
#7969=ORIENTED_EDGE('',*,*,#7972,.T.);
#7970=EDGE_CURVE('',#455,#481,#7973,.F.);
#7971=EDGE_CURVE('',#481,#413,#7974,.T.);
#7972=EDGE_CURVE('',#413,#455,#7975,.T.);
#7973=LINE('',#454,#7976);
#7974=LINE('',#480,#7977);
#7975=LINE('',#412,#7978);
#7976=VECTOR('',#7979,1.0);
#7977=VECTOR('',#7980,1.0);
#7978=VECTOR('',#7981,1.0);
#7979=DIRECTION('',(-0.994719754936836,-0.10262850061459972,0));
#7980=DIRECTION('',(0.9938731897196245,0.11052638941239037,0));
#7981=DIRECTION('',(0.28032587770646444,-0.9599048923138689,0));
#7982=FACE_SURFACE('',(#7987),#7983,.T.);
#7983=PLANE('',#7984);
#7984=AXIS2_PLACEMENT_3D('',#532,#7985,#7986);
#7985=DIRECTION('',(-0.0015618221754287655,-0.0013109060738849306,0.999997921116218));
#7986=DIRECTION('',(-0.15394897090278623,-0.9880776062227328,-0.001535721044693046));
#7987=FACE_BOUND('',#7988,.T.);
#7988=EDGE_LOOP('',(#7989,#7990,#7991));
#7989=ORIENTED_EDGE('',*,*,#7992,.T.);
#7990=ORIENTED_EDGE('',*,*,#7993,.T.);
#7991=ORIENTED_EDGE('',*,*,#7994,.T.);
#7992=EDGE_CURVE('',#533,#523,#7995,.F.);
#7993=EDGE_CURVE('',#523,#535,#7996,.T.);
#7994=EDGE_CURVE('',#535,#533,#7997,.T.);
#7995=LINE('',#532,#7998);
#7996=LINE('',#522,#7999);
#7997=LINE('',#534,#8000);
#7998=VECTOR('',#8001,1.0);
#7999=VECTOR('',#8002,1.0);
#8000=VECTOR('',#8003,1.0);
#8001=DIRECTION('',(-0.15394897090278623,-0.9880776062227328,-0.001535721044693046));
#8002=DIRECTION('',(0.17166760824651292,0.9851536936168444,0.0015595614801817855));
#8003=DIRECTION('',(-0.9998468119363784,-0.017431070562725384,-0.0015844367130487703));
#8004=FACE_SURFACE('',(#8009),#8005,.T.);
#8005=PLANE('',#8006);
#8006=AXIS2_PLACEMENT_3D('',#164,#8007,#8008);
#8007=DIRECTION('',(0.26755809036851363,-0.9635147657700784,0.007208635195736539));
#8008=DIRECTION('',(0.9635398009894378,0.26756504239013457,0));
#8009=FACE_BOUND('',#8010,.T.);
#8010=EDGE_LOOP('',(#8011,#8012,#8013));
#8011=ORIENTED_EDGE('',*,*,#8014,.T.);
#8012=ORIENTED_EDGE('',*,*,#8015,.T.);
#8013=ORIENTED_EDGE('',*,*,#8016,.T.);
#8014=EDGE_CURVE('',#165,#157,#8017,.F.);
#8015=EDGE_CURVE('',#157,#515,#8018,.T.);
#8016=EDGE_CURVE('',#515,#165,#8019,.T.);
#8017=LINE('',#164,#8020);
#8018=LINE('',#156,#8021);
#8019=LINE('',#514,#8022);
#8020=VECTOR('',#8023,1.0);
#8021=VECTOR('',#8024,1.0);
#8022=VECTOR('',#8025,1.0);
#8023=DIRECTION('',(0.9635398009894378,0.26756504239013457,0));
#8024=DIRECTION('',(-0.09583764786419899,-0.01916733965617241,0.9952124187038476));
#8025=DIRECTION('',(-0.06835049141388749,-0.026441709429716707,-0.9973109075538654));
#8026=FACE_SURFACE('',(#8031),#8027,.T.);
#8027=PLANE('',#8028);
#8028=AXIS2_PLACEMENT_3D('',#462,#8029,#8030);
#8029=DIRECTION('',(-0,0,-1));
#8030=DIRECTION('',(-0.9956741424167204,-0.09291395009754116,0));
#8031=FACE_BOUND('',#8032,.T.);
#8032=EDGE_LOOP('',(#8033,#8034,#8035));
#8033=ORIENTED_EDGE('',*,*,#8036,.T.);
#8034=ORIENTED_EDGE('',*,*,#8037,.T.);
#8035=ORIENTED_EDGE('',*,*,#8038,.T.);
#8036=EDGE_CURVE('',#463,#481,#8039,.F.);
#8037=EDGE_CURVE('',#481,#455,#8040,.T.);
#8038=EDGE_CURVE('',#455,#463,#8041,.T.);
#8039=LINE('',#462,#8042);
#8040=LINE('',#480,#8043);
#8041=LINE('',#454,#8044);
#8042=VECTOR('',#8045,1.0);
#8043=VECTOR('',#8046,1.0);
#8044=VECTOR('',#8047,1.0);
#8045=DIRECTION('',(-0.9956741424167204,-0.09291395009754116,0));
#8046=DIRECTION('',(0.994719754936836,0.10262850061459972,0));
#8047=DIRECTION('',(0.49998072853313325,-0.8660365298851298,0));
#8048=FACE_SURFACE('',(#8053),#8049,.T.);
#8049=PLANE('',#8050);
#8050=AXIS2_PLACEMENT_3D('',#164,#8051,#8052);
#8051=DIRECTION('',(0.38171242167416713,-0.9242796587742377,-0.0016551482778394291));
#8052=DIRECTION('',(0.06835049141388749,0.026441709429716707,0.9973109075538654));
#8053=FACE_BOUND('',#8054,.T.);
#8054=EDGE_LOOP('',(#8055,#8056,#8057));
#8055=ORIENTED_EDGE('',*,*,#8058,.T.);
#8056=ORIENTED_EDGE('',*,*,#8059,.T.);
#8057=ORIENTED_EDGE('',*,*,#8060,.T.);
#8058=EDGE_CURVE('',#165,#515,#8061,.F.);
#8059=EDGE_CURVE('',#515,#513,#8062,.T.);
#8060=EDGE_CURVE('',#513,#165,#8063,.T.);
#8061=LINE('',#164,#8064);
#8062=LINE('',#514,#8065);
#8063=LINE('',#512,#8066);
#8064=VECTOR('',#8067,1.0);
#8065=VECTOR('',#8068,1.0);
#8066=VECTOR('',#8069,1.0);
#8067=DIRECTION('',(0.06835049141388749,0.026441709429716707,0.9973109075538654));
#8068=DIRECTION('',(-0.9242809248162133,-0.3817129445288506,0));
#8069=DIRECTION('',(0.1117207772110632,0.04791632194751392,-0.9925837466080019));
#8070=FACE_SURFACE('',(#8075),#8071,.T.);
#8071=PLANE('',#8072);
#8072=AXIS2_PLACEMENT_3D('',#416,#8073,#8074);
#8073=DIRECTION('',(-0,0,1));
#8074=DIRECTION('',(-0.6152770651083596,-0.7883109368463966,0));
#8075=FACE_BOUND('',#8076,.T.);
#8076=EDGE_LOOP('',(#8077,#8078,#8079));
#8077=ORIENTED_EDGE('',*,*,#8080,.T.);
#8078=ORIENTED_EDGE('',*,*,#8081,.T.);
#8079=ORIENTED_EDGE('',*,*,#8082,.T.);
#8080=EDGE_CURVE('',#417,#487,#8083,.F.);
#8081=EDGE_CURVE('',#487,#429,#8084,.T.);
#8082=EDGE_CURVE('',#429,#417,#8085,.T.);
#8083=LINE('',#416,#8086);
#8084=LINE('',#486,#8087);
#8085=LINE('',#428,#8088);
#8086=VECTOR('',#8089,1.0);
#8087=VECTOR('',#8090,1.0);
#8088=VECTOR('',#8091,1.0);
#8089=DIRECTION('',(-0.6152770651083596,-0.7883109368463966,0));
#8090=DIRECTION('',(0.7321292831211849,0.6811657014240072,0));
#8091=DIRECTION('',(-0.938167968521648,-0.3461803906057709,0));
#8092=FACE_SURFACE('',(#8097),#8093,.T.);
#8093=PLANE('',#8094);
#8094=AXIS2_PLACEMENT_3D('',#316,#8095,#8096);
#8095=DIRECTION('',(0,0,1));
#8096=DIRECTION('',(-0.9976675888084868,0.06825966774794559,0));
#8097=FACE_BOUND('',#8098,.T.);
#8098=EDGE_LOOP('',(#8099,#8100,#8101));
#8099=ORIENTED_EDGE('',*,*,#8102,.T.);
#8100=ORIENTED_EDGE('',*,*,#8103,.T.);
#8101=ORIENTED_EDGE('',*,*,#8104,.T.);
#8102=EDGE_CURVE('',#317,#431,#8105,.F.);
#8103=EDGE_CURVE('',#431,#487,#8106,.T.);
#8104=EDGE_CURVE('',#487,#317,#8107,.T.);
#8105=LINE('',#316,#8108);
#8106=LINE('',#430,#8109);
#8107=LINE('',#486,#8110);
#8108=VECTOR('',#8111,1.0);
#8109=VECTOR('',#8112,1.0);
#8110=VECTOR('',#8113,1.0);
#8111=DIRECTION('',(-0.9976675888084868,0.06825966774794559,0));
#8112=DIRECTION('',(-0.7321569489579989,-0.6811359644685591,0));
#8113=DIRECTION('',(1,0,0));
#8114=FACE_SURFACE('',(#8119),#8115,.T.);
#8115=PLANE('',#8116);
#8116=AXIS2_PLACEMENT_3D('',#416,#8117,#8118);
#8117=DIRECTION('',(0,0,1));
#8118=DIRECTION('',(-0.9938836358780122,-0.11043241523168343,0));
#8119=FACE_BOUND('',#8120,.T.);
#8120=EDGE_LOOP('',(#8121,#8122,#8123));
#8121=ORIENTED_EDGE('',*,*,#8124,.T.);
#8122=ORIENTED_EDGE('',*,*,#8125,.T.);
#8123=ORIENTED_EDGE('',*,*,#8126,.T.);
#8124=EDGE_CURVE('',#417,#415,#8127,.F.);
#8125=EDGE_CURVE('',#415,#487,#8128,.T.);
#8126=EDGE_CURVE('',#487,#417,#8129,.T.);
#8127=LINE('',#416,#8130);
#8128=LINE('',#414,#8131);
#8129=LINE('',#486,#8132);
#8130=VECTOR('',#8133,1.0);
#8131=VECTOR('',#8134,1.0);
#8132=VECTOR('',#8135,1.0);
#8133=DIRECTION('',(-0.9938836358780122,-0.11043241523168343,0));
#8134=DIRECTION('',(-0.4368580016883238,-0.8995304810626955,0));
#8135=DIRECTION('',(0.6152770651083596,0.7883109368463966,0));
#8136=FACE_SURFACE('',(#8141),#8137,.T.);
#8137=PLANE('',#8138);
#8138=AXIS2_PLACEMENT_3D('',#414,#8139,#8140);
#8139=DIRECTION('',(0,0,1));
#8140=DIRECTION('',(-0.9938836352605321,0.11043242078895842,0));
#8141=FACE_BOUND('',#8142,.T.);
#8142=EDGE_LOOP('',(#8143,#8144,#8145));
#8143=ORIENTED_EDGE('',*,*,#8146,.T.);
#8144=ORIENTED_EDGE('',*,*,#8147,.T.);
#8145=ORIENTED_EDGE('',*,*,#8148,.T.);
#8146=EDGE_CURVE('',#415,#529,#8149,.F.);
#8147=EDGE_CURVE('',#529,#487,#8150,.T.);
#8148=EDGE_CURVE('',#487,#415,#8151,.T.);
#8149=LINE('',#414,#8152);
#8150=LINE('',#528,#8153);
#8151=LINE('',#486,#8154);
#8152=VECTOR('',#8155,1.0);
#8153=VECTOR('',#8156,1.0);
#8154=VECTOR('',#8157,1.0);
#8155=DIRECTION('',(-0.9938836352605321,0.11043242078895842,0));
#8156=DIRECTION('',(-0.15525977427636584,-0.9878736773958764,0));
#8157=DIRECTION('',(0.4368580016883238,0.8995304810626955,0));
#8158=FACE_SURFACE('',(#8163),#8159,.T.);
#8159=PLANE('',#8160);
#8160=AXIS2_PLACEMENT_3D('',#504,#8161,#8162);
#8161=DIRECTION('',(0,0,1));
#8162=DIRECTION('',(-0.15510832007504333,-0.9878974688921406,0));
#8163=FACE_BOUND('',#8164,.T.);
#8164=EDGE_LOOP('',(#8165,#8166,#8167));
#8165=ORIENTED_EDGE('',*,*,#8168,.T.);
#8166=ORIENTED_EDGE('',*,*,#8169,.T.);
#8167=ORIENTED_EDGE('',*,*,#8170,.T.);
#8168=EDGE_CURVE('',#505,#487,#8171,.F.);
#8169=EDGE_CURVE('',#487,#529,#8172,.T.);
#8170=EDGE_CURVE('',#529,#505,#8173,.T.);
#8171=LINE('',#504,#8174);
#8172=LINE('',#486,#8175);
#8173=LINE('',#528,#8176);
#8174=VECTOR('',#8177,1.0);
#8175=VECTOR('',#8178,1.0);
#8176=VECTOR('',#8179,1.0);
#8177=DIRECTION('',(-0.15510832007504333,-0.9878974688921406,0));
#8178=DIRECTION('',(0.15525977427636584,0.9878736773958764,0));
#8179=DIRECTION('',(-0.9602111311345071,0.2792751038767875,0));
#8180=FACE_SURFACE('',(#8185),#8181,.T.);
#8181=PLANE('',#8182);
#8182=AXIS2_PLACEMENT_3D('',#476,#8183,#8184);
#8183=DIRECTION('',(0,0,1));
#8184=DIRECTION('',(-0.831460608994873,0.5555837071854024,0));
#8185=FACE_BOUND('',#8186,.T.);
#8186=EDGE_LOOP('',(#8187,#8188,#8189));
#8187=ORIENTED_EDGE('',*,*,#8190,.T.);
#8188=ORIENTED_EDGE('',*,*,#8191,.T.);
#8189=ORIENTED_EDGE('',*,*,#8192,.T.);
#8190=EDGE_CURVE('',#477,#483,#8193,.F.);
#8191=EDGE_CURVE('',#483,#487,#8194,.T.);
#8192=EDGE_CURVE('',#487,#477,#8195,.T.);
#8193=LINE('',#476,#8196);
#8194=LINE('',#482,#8197);
#8195=LINE('',#486,#8198);
#8196=VECTOR('',#8199,1.0);
#8197=VECTOR('',#8200,1.0);
#8198=VECTOR('',#8201,1.0);
#8199=DIRECTION('',(-0.831460608994873,0.5555837071854024,0));
#8200=DIRECTION('',(0.3931831514195466,-0.919460172840452,0));
#8201=DIRECTION('',(-0.2048122984050323,0.9788012680938089,0));
#8202=FACE_SURFACE('',(#8207),#8203,.T.);
#8203=PLANE('',#8204);
#8204=AXIS2_PLACEMENT_3D('',#526,#8205,#8206);
#8205=DIRECTION('',(0.5563126441897916,-0.830667964104152,0.022516112578005947));
#8206=DIRECTION('',(0.18980905881010032,0.10064532016533621,-0.9766488830293314));
#8207=FACE_BOUND('',#8208,.T.);
#8208=EDGE_LOOP('',(#8209,#8210,#8211));
#8209=ORIENTED_EDGE('',*,*,#8212,.T.);
#8210=ORIENTED_EDGE('',*,*,#8213,.T.);
#8211=ORIENTED_EDGE('',*,*,#8214,.T.);
#8212=EDGE_CURVE('',#527,#165,#8215,.F.);
#8213=EDGE_CURVE('',#165,#513,#8216,.T.);
#8214=EDGE_CURVE('',#513,#527,#8217,.T.);
#8215=LINE('',#526,#8218);
#8216=LINE('',#164,#8219);
#8217=LINE('',#512,#8220);
#8218=VECTOR('',#8221,1.0);
#8219=VECTOR('',#8222,1.0);
#8220=VECTOR('',#8223,1.0);
#8221=DIRECTION('',(0.18980905881010032,0.10064532016533621,-0.9766488830293314));
#8222=DIRECTION('',(-0.1117207772110632,-0.04791632194751392,0.9925837466080019));
#8223=DIRECTION('',(-0.8308786082818813,-0.5564537162240576,0));
#8224=FACE_SURFACE('',(#8229),#8225,.T.);
#8225=PLANE('',#8226);
#8226=AXIS2_PLACEMENT_3D('',#472,#8227,#8228);
#8227=DIRECTION('',(-0,0,-1));
#8228=DIRECTION('',(-0.9962346800612106,-0.08669753308680096,0));
#8229=FACE_BOUND('',#8230,.T.);
#8230=EDGE_LOOP('',(#8231,#8232,#8233));
#8231=ORIENTED_EDGE('',*,*,#8234,.T.);
#8232=ORIENTED_EDGE('',*,*,#8235,.T.);
#8233=ORIENTED_EDGE('',*,*,#8236,.T.);
#8234=EDGE_CURVE('',#473,#481,#8237,.F.);
#8235=EDGE_CURVE('',#481,#463,#8238,.T.);
#8236=EDGE_CURVE('',#463,#473,#8239,.T.);
#8237=LINE('',#472,#8240);
#8238=LINE('',#480,#8241);
#8239=LINE('',#462,#8242);
#8240=VECTOR('',#8243,1.0);
#8241=VECTOR('',#8244,1.0);
#8242=VECTOR('',#8245,1.0);
#8243=DIRECTION('',(-0.9962346800612106,-0.08669753308680096,0));
#8244=DIRECTION('',(0.9956741424167204,0.09291395009754116,0));
#8245=DIRECTION('',(0.6916078921853253,-0.7222731640224296,0));
#8246=FACE_SURFACE('',(#8251),#8247,.T.);
#8247=PLANE('',#8248);
#8248=AXIS2_PLACEMENT_3D('',#526,#8249,#8250);
#8249=DIRECTION('',(0.46846267114894197,-0.8834832911492997,0));
#8250=DIRECTION('',(0,0,-1));
#8251=FACE_BOUND('',#8252,.T.);
#8252=EDGE_LOOP('',(#8253,#8254,#8255));
#8253=ORIENTED_EDGE('',*,*,#8256,.T.);
#8254=ORIENTED_EDGE('',*,*,#8257,.T.);
#8255=ORIENTED_EDGE('',*,*,#8258,.T.);
#8256=EDGE_CURVE('',#527,#173,#8259,.F.);
#8257=EDGE_CURVE('',#173,#165,#8260,.T.);
#8258=EDGE_CURVE('',#165,#527,#8261,.T.);
#8259=LINE('',#526,#8262);
#8260=LINE('',#172,#8263);
#8261=LINE('',#164,#8264);
#8262=VECTOR('',#8265,1.0);
#8263=VECTOR('',#8266,1.0);
#8264=VECTOR('',#8267,1.0);
#8265=DIRECTION('',(0,0,-1));
#8266=DIRECTION('',(0.8834832911492997,0.46846267114894197,0));
#8267=DIRECTION('',(-0.18980905881010032,-0.10064532016533621,0.9766488830293314));
#8268=FACE_SURFACE('',(#8273),#8269,.T.);
#8269=PLANE('',#8270);
#8270=AXIS2_PLACEMENT_3D('',#536,#8271,#8272);
#8271=DIRECTION('',(0,0,1));
#8272=DIRECTION('',(-0.9484935330412962,0.316796492687087,0));
#8273=FACE_BOUND('',#8274,.T.);
#8274=EDGE_LOOP('',(#8275,#8276,#8277));
#8275=ORIENTED_EDGE('',*,*,#8278,.T.);
#8276=ORIENTED_EDGE('',*,*,#8279,.T.);
#8277=ORIENTED_EDGE('',*,*,#8280,.T.);
#8278=EDGE_CURVE('',#537,#539,#8281,.F.);
#8279=EDGE_CURVE('',#539,#541,#8282,.T.);
#8280=EDGE_CURVE('',#541,#537,#8283,.T.);
#8281=LINE('',#536,#8284);
#8282=LINE('',#538,#8285);
#8283=LINE('',#540,#8286);
#8284=VECTOR('',#8287,1.0);
#8285=VECTOR('',#8288,1.0);
#8286=VECTOR('',#8289,1.0);
#8287=DIRECTION('',(-0.9484935330412962,0.316796492687087,0));
#8288=DIRECTION('',(-0.9962580558314839,-0.0864285033474023,0));
#8289=DIRECTION('',(1,0,0));
#8290=FACE_SURFACE('',(#8295),#8291,.T.);
#8291=PLANE('',#8292);
#8292=AXIS2_PLACEMENT_3D('',#542,#8293,#8294);
#8293=DIRECTION('',(0,0,1));
#8294=DIRECTION('',(0.0005337044513114794,-0.9999998575797692,0));
#8295=FACE_BOUND('',#8296,.T.);
#8296=EDGE_LOOP('',(#8297,#8298,#8299));
#8297=ORIENTED_EDGE('',*,*,#8300,.T.);
#8298=ORIENTED_EDGE('',*,*,#8301,.T.);
#8299=ORIENTED_EDGE('',*,*,#8302,.T.);
#8300=EDGE_CURVE('',#543,#539,#8303,.F.);
#8301=EDGE_CURVE('',#539,#537,#8304,.T.);
#8302=EDGE_CURVE('',#537,#543,#8305,.T.);
#8303=LINE('',#542,#8306);
#8304=LINE('',#538,#8307);
#8305=LINE('',#536,#8308);
#8306=VECTOR('',#8309,1.0);
#8307=VECTOR('',#8310,1.0);
#8308=VECTOR('',#8311,1.0);
#8309=DIRECTION('',(0.0005337044513114794,-0.9999998575797692,0));
#8310=DIRECTION('',(0.9484935330412962,-0.316796492687087,0));
#8311=DIRECTION('',(-0.2385376373599432,0.9711332532473266,0));
#8312=FACE_SURFACE('',(#8317),#8313,.T.);
#8313=PLANE('',#8314);
#8314=AXIS2_PLACEMENT_3D('',#490,#8315,#8316);
#8315=DIRECTION('',(-0,0,-1));
#8316=DIRECTION('',(-0.9968921850951237,-0.07877798738397589,0));
#8317=FACE_BOUND('',#8318,.T.);
#8318=EDGE_LOOP('',(#8319,#8320,#8321));
#8319=ORIENTED_EDGE('',*,*,#8322,.T.);
#8320=ORIENTED_EDGE('',*,*,#8323,.T.);
#8321=ORIENTED_EDGE('',*,*,#8324,.T.);
#8322=EDGE_CURVE('',#491,#481,#8325,.F.);
#8323=EDGE_CURVE('',#481,#475,#8326,.T.);
#8324=EDGE_CURVE('',#475,#491,#8327,.T.);
#8325=LINE('',#490,#8328);
#8326=LINE('',#480,#8329);
#8327=LINE('',#474,#8330);
#8328=VECTOR('',#8331,1.0);
#8329=VECTOR('',#8332,1.0);
#8330=VECTOR('',#8333,1.0);
#8331=DIRECTION('',(-0.9968921850951237,-0.07877798738397589,0));
#8332=DIRECTION('',(0.9966746966579618,0.08148342801919874,0));
#8333=DIRECTION('',(0.8964555226443504,-0.44313372239138443,0));
#8334=FACE_SURFACE('',(#8339),#8335,.T.);
#8335=PLANE('',#8336);
#8336=AXIS2_PLACEMENT_3D('',#474,#8337,#8338);
#8337=DIRECTION('',(-0,0,-1));
#8338=DIRECTION('',(-0.9966746966579618,-0.08148342801919874,0));
#8339=FACE_BOUND('',#8340,.T.);
#8340=EDGE_LOOP('',(#8341,#8342,#8343));
#8341=ORIENTED_EDGE('',*,*,#8344,.T.);
#8342=ORIENTED_EDGE('',*,*,#8345,.T.);
#8343=ORIENTED_EDGE('',*,*,#8346,.T.);
#8344=EDGE_CURVE('',#475,#481,#8347,.F.);
#8345=EDGE_CURVE('',#481,#473,#8348,.T.);
#8346=EDGE_CURVE('',#473,#475,#8349,.T.);
#8347=LINE('',#474,#8350);
#8348=LINE('',#480,#8351);
#8349=LINE('',#472,#8352);
#8350=VECTOR('',#8353,1.0);
#8351=VECTOR('',#8354,1.0);
#8352=VECTOR('',#8355,1.0);
#8353=DIRECTION('',(-0.9966746966579618,-0.08148342801919874,0));
#8354=DIRECTION('',(0.9962346800612106,0.08669753308680096,0));
#8355=DIRECTION('',(0.8066751916136277,-0.5909950382491526,0));
#8356=FACE_SURFACE('',(#8361),#8357,.T.);
#8357=PLANE('',#8358);
#8358=AXIS2_PLACEMENT_3D('',#316,#8359,#8360);
#8359=DIRECTION('',(0,-0.006153305300377741,0.9999810682377344));
#8360=DIRECTION('',(-1,0,0));
#8361=FACE_BOUND('',#8362,.T.);
#8362=EDGE_LOOP('',(#8363,#8364,#8365));
#8363=ORIENTED_EDGE('',*,*,#8366,.T.);
#8364=ORIENTED_EDGE('',*,*,#8367,.T.);
#8365=ORIENTED_EDGE('',*,*,#8368,.T.);
#8366=EDGE_CURVE('',#317,#487,#8369,.F.);
#8367=EDGE_CURVE('',#487,#545,#8370,.T.);
#8368=EDGE_CURVE('',#545,#317,#8371,.T.);
#8369=LINE('',#316,#8372);
#8370=LINE('',#486,#8373);
#8371=LINE('',#544,#8374);
#8372=VECTOR('',#8375,1.0);
#8373=VECTOR('',#8376,1.0);
#8374=VECTOR('',#8377,1.0);
#8375=DIRECTION('',(-1,0,0));
#8376=DIRECTION('',(0.9999878430018784,-0.004930814116486472,-3.0341379053928656E-05));
#8377=DIRECTION('',(-0.9999456011859622,0.010430270827449196,6.418185584255504E-05));
#8378=FACE_SURFACE('',(#8383),#8379,.T.);
#8379=PLANE('',#8380);
#8380=AXIS2_PLACEMENT_3D('',#314,#8381,#8382);
#8381=DIRECTION('',(0.22296347650445364,-0.9748267990494763,0));
#8382=DIRECTION('',(-0.11376725368977071,-0.026020973592200135,0.9931666128707717));
#8383=FACE_BOUND('',#8384,.T.);
#8384=EDGE_LOOP('',(#8385,#8386,#8387));
#8385=ORIENTED_EDGE('',*,*,#8388,.T.);
#8386=ORIENTED_EDGE('',*,*,#8389,.T.);
#8387=ORIENTED_EDGE('',*,*,#8390,.T.);
#8388=EDGE_CURVE('',#315,#531,#8391,.F.);
#8389=EDGE_CURVE('',#531,#307,#8392,.T.);
#8390=EDGE_CURVE('',#307,#315,#8393,.T.);
#8391=LINE('',#314,#8394);
#8392=LINE('',#530,#8395);
#8393=LINE('',#306,#8396);
#8394=VECTOR('',#8397,1.0);
#8395=VECTOR('',#8398,1.0);
#8396=VECTOR('',#8399,1.0);
#8397=DIRECTION('',(-0.11376725368977071,-0.026020973592200135,0.9931666128707717));
#8398=DIRECTION('',(0,0,-1));
#8399=DIRECTION('',(0.9748267990494763,0.22296347650445367,0));
#8400=FACE_SURFACE('',(#8405),#8401,.T.);
#8401=PLANE('',#8402);
#8402=AXIS2_PLACEMENT_3D('',#172,#8403,#8404);
#8403=DIRECTION('',(0.6597695216305708,-0.7514680155052293,0));
#8404=DIRECTION('',(0,0,1));
#8405=FACE_BOUND('',#8406,.T.);
#8406=EDGE_LOOP('',(#8407,#8408,#8409));
#8407=ORIENTED_EDGE('',*,*,#8410,.T.);
#8408=ORIENTED_EDGE('',*,*,#8411,.T.);
#8409=ORIENTED_EDGE('',*,*,#8412,.T.);
#8410=EDGE_CURVE('',#173,#527,#8413,.F.);
#8411=EDGE_CURVE('',#527,#501,#8414,.T.);
#8412=EDGE_CURVE('',#501,#173,#8415,.T.);
#8413=LINE('',#172,#8416);
#8414=LINE('',#526,#8417);
#8415=LINE('',#500,#8418);
#8416=VECTOR('',#8419,1.0);
#8417=VECTOR('',#8420,1.0);
#8418=VECTOR('',#8421,1.0);
#8419=DIRECTION('',(0,0,1));
#8420=DIRECTION('',(-0.7514680155052295,-0.6597695216305708,0));
#8421=DIRECTION('',(0.07343329298495321,0.06447253586949633,-0.9952139687524197));
#8422=FACE_SURFACE('',(#8427),#8423,.T.);
#8423=PLANE('',#8424);
#8424=AXIS2_PLACEMENT_3D('',#546,#8425,#8426);
#8425=DIRECTION('',(0,0,1));
#8426=DIRECTION('',(-1,0,0));
#8427=FACE_BOUND('',#8428,.T.);
#8428=EDGE_LOOP('',(#8429,#8430,#8431));
#8429=ORIENTED_EDGE('',*,*,#8432,.T.);
#8430=ORIENTED_EDGE('',*,*,#8433,.T.);
#8431=ORIENTED_EDGE('',*,*,#8434,.T.);
#8432=EDGE_CURVE('',#547,#209,#8435,.F.);
#8433=EDGE_CURVE('',#209,#223,#8436,.T.);
#8434=EDGE_CURVE('',#223,#547,#8437,.T.);
#8435=LINE('',#546,#8438);
#8436=LINE('',#208,#8439);
#8437=LINE('',#222,#8440);
#8438=VECTOR('',#8441,1.0);
#8439=VECTOR('',#8442,1.0);
#8440=VECTOR('',#8443,1.0);
#8441=DIRECTION('',(-1,0,0));
#8442=DIRECTION('',(0.9996733853960036,-0.02555626206809856,0));
#8443=DIRECTION('',(0.8725726097965697,0.4884844323341362,0));
#8444=FACE_SURFACE('',(#8449),#8445,.T.);
#8445=PLANE('',#8446);
#8446=AXIS2_PLACEMENT_3D('',#484,#8447,#8448);
#8447=DIRECTION('',(-0,0,-1));
#8448=DIRECTION('',(-0.997106714757507,-0.07601446826421528,0));
#8449=FACE_BOUND('',#8450,.T.);
#8450=EDGE_LOOP('',(#8451,#8452,#8453));
#8451=ORIENTED_EDGE('',*,*,#8454,.T.);
#8452=ORIENTED_EDGE('',*,*,#8455,.T.);
#8453=ORIENTED_EDGE('',*,*,#8456,.T.);
#8454=EDGE_CURVE('',#485,#481,#8457,.F.);
#8455=EDGE_CURVE('',#481,#491,#8458,.T.);
#8456=EDGE_CURVE('',#491,#485,#8459,.T.);
#8457=LINE('',#484,#8460);
#8458=LINE('',#480,#8461);
#8459=LINE('',#490,#8462);
#8460=VECTOR('',#8463,1.0);
#8461=VECTOR('',#8464,1.0);
#8462=VECTOR('',#8465,1.0);
#8463=DIRECTION('',(-0.997106714757507,-0.07601446826421528,0));
#8464=DIRECTION('',(0.9968921850951237,0.07877798738397589,0));
#8465=DIRECTION('',(0.9602286992698592,-0.2792146935576888,0));
#8466=FACE_SURFACE('',(#8471),#8467,.T.);
#8467=PLANE('',#8468);
#8468=AXIS2_PLACEMENT_3D('',#548,#8469,#8470);
#8469=DIRECTION('',(0,-1,0));
#8470=DIRECTION('',(0.9987457479838581,0,-0.05006926087095621));
#8471=FACE_BOUND('',#8472,.T.);
#8472=EDGE_LOOP('',(#8473,#8474,#8475));
#8473=ORIENTED_EDGE('',*,*,#8476,.T.);
#8474=ORIENTED_EDGE('',*,*,#8477,.T.);
#8475=ORIENTED_EDGE('',*,*,#8478,.T.);
#8476=EDGE_CURVE('',#549,#225,#8479,.F.);
#8477=EDGE_CURVE('',#225,#223,#8480,.T.);
#8478=EDGE_CURVE('',#223,#549,#8481,.T.);
#8479=LINE('',#548,#8482);
#8480=LINE('',#224,#8483);
#8481=LINE('',#222,#8484);
#8482=VECTOR('',#8485,1.0);
#8483=VECTOR('',#8486,1.0);
#8484=VECTOR('',#8487,1.0);
#8485=DIRECTION('',(0.9987457479838581,0,-0.05006926087095621));
#8486=DIRECTION('',(0.9991327361767789,0,0.04163862989944567));
#8487=DIRECTION('',(-1,0,0));
#8488=FACE_SURFACE('',(#8493),#8489,.T.);
#8489=PLANE('',#8490);
#8490=AXIS2_PLACEMENT_3D('',#550,#8491,#8492);
#8491=DIRECTION('',(0.0073651768564032835,0.009793126047383754,0.9999249216076644));
#8492=DIRECTION('',(-0.9993807396618263,0.03447909294028402,0.007023485103298965));
#8493=FACE_BOUND('',#8494,.T.);
#8494=EDGE_LOOP('',(#8495,#8496,#8497));
#8495=ORIENTED_EDGE('',*,*,#8498,.T.);
#8496=ORIENTED_EDGE('',*,*,#8499,.T.);
#8497=ORIENTED_EDGE('',*,*,#8500,.T.);
#8498=EDGE_CURVE('',#551,#553,#8501,.F.);
#8499=EDGE_CURVE('',#553,#539,#8502,.T.);
#8500=EDGE_CURVE('',#539,#551,#8503,.T.);
#8501=LINE('',#550,#8504);
#8502=LINE('',#552,#8505);
#8503=LINE('',#538,#8506);
#8504=VECTOR('',#8507,1.0);
#8505=VECTOR('',#8508,1.0);
#8506=VECTOR('',#8509,1.0);
#8507=DIRECTION('',(-0.9993807396618263,0.03447909294028402,0.007023485103298965));
#8508=DIRECTION('',(0.7992028353622234,-0.6010614177843914,0));
#8509=DIRECTION('',(-0.0005336788773101975,0.9999519396776851,-0.009789459724171454));
#8510=FACE_SURFACE('',(#8515),#8511,.T.);
#8511=PLANE('',#8512);
#8512=AXIS2_PLACEMENT_3D('',#550,#8513,#8514);
#8513=DIRECTION('',(-0.9999998575797692,-0.0005337044513114795,0));
#8514=DIRECTION('',(0.0005336788773101975,-0.9999519396776851,0.009789459724171454));
#8515=FACE_BOUND('',#8516,.T.);
#8516=EDGE_LOOP('',(#8517,#8518,#8519));
#8517=ORIENTED_EDGE('',*,*,#8520,.T.);
#8518=ORIENTED_EDGE('',*,*,#8521,.T.);
#8519=ORIENTED_EDGE('',*,*,#8522,.T.);
#8520=EDGE_CURVE('',#551,#539,#8523,.F.);
#8521=EDGE_CURVE('',#539,#543,#8524,.T.);
#8522=EDGE_CURVE('',#543,#551,#8525,.T.);
#8523=LINE('',#550,#8526);
#8524=LINE('',#538,#8527);
#8525=LINE('',#542,#8528);
#8526=VECTOR('',#8529,1.0);
#8527=VECTOR('',#8530,1.0);
#8528=VECTOR('',#8531,1.0);
#8529=DIRECTION('',(0.0005336788773101975,-0.9999519396776851,0.009789459724171454));
#8530=DIRECTION('',(-0.0005337044513114794,0.9999998575797692,0));
#8531=DIRECTION('',(0,0,-1));
#8532=FACE_SURFACE('',(#8537),#8533,.T.);
#8533=PLANE('',#8534);
#8534=AXIS2_PLACEMENT_3D('',#400,#8535,#8536);
#8535=DIRECTION('',(-0,0,-1));
#8536=DIRECTION('',(-0.06618114274973659,-0.9978076249179192,0));
#8537=FACE_BOUND('',#8538,.T.);
#8538=EDGE_LOOP('',(#8539,#8540,#8541));
#8539=ORIENTED_EDGE('',*,*,#8542,.T.);
#8540=ORIENTED_EDGE('',*,*,#8543,.T.);
#8541=ORIENTED_EDGE('',*,*,#8544,.T.);
#8542=EDGE_CURVE('',#401,#407,#8545,.F.);
#8543=EDGE_CURVE('',#407,#511,#8546,.T.);
#8544=EDGE_CURVE('',#511,#401,#8547,.T.);
#8545=LINE('',#400,#8548);
#8546=LINE('',#406,#8549);
#8547=LINE('',#510,#8550);
#8548=VECTOR('',#8551,1.0);
#8549=VECTOR('',#8552,1.0);
#8550=VECTOR('',#8553,1.0);
#8551=DIRECTION('',(-0.06618114274973659,-0.9978076249179192,0));
#8552=DIRECTION('',(-0.8218844905969261,0.5696541794073237,0));
#8553=DIRECTION('',(0.830851268725131,-0.556494536592984,0));
#8554=FACE_SURFACE('',(#8559),#8555,.T.);
#8555=PLANE('',#8556);
#8556=AXIS2_PLACEMENT_3D('',#144,#8557,#8558);
#8557=DIRECTION('',(-0.3622831265496562,-0.9320680963413593,0));
#8558=DIRECTION('',(0.9320680963413595,-0.3622831265496563,0));
#8559=FACE_BOUND('',#8560,.T.);
#8560=EDGE_LOOP('',(#8561,#8562,#8563));
#8561=ORIENTED_EDGE('',*,*,#8564,.T.);
#8562=ORIENTED_EDGE('',*,*,#8565,.T.);
#8563=ORIENTED_EDGE('',*,*,#8566,.T.);
#8564=EDGE_CURVE('',#145,#79,#8567,.F.);
#8565=EDGE_CURVE('',#79,#519,#8568,.T.);
#8566=EDGE_CURVE('',#519,#145,#8569,.T.);
#8567=LINE('',#144,#8570);
#8568=LINE('',#78,#8571);
#8569=LINE('',#518,#8572);
#8570=VECTOR('',#8573,1.0);
#8571=VECTOR('',#8574,1.0);
#8572=VECTOR('',#8575,1.0);
#8573=DIRECTION('',(0.9320680963413595,-0.3622831265496563,0));
#8574=DIRECTION('',(-0.13560917330374125,0.052709577214517855,0.9893593141956782));
#8575=DIRECTION('',(0,0,-1));
#8576=FACE_SURFACE('',(#8581),#8577,.T.);
#8577=PLANE('',#8578);
#8578=AXIS2_PLACEMENT_3D('',#554,#8579,#8580);
#8579=DIRECTION('',(0.3208045041176908,-0.9471454324114129,0));
#8580=DIRECTION('',(0,0,-1));
#8581=FACE_BOUND('',#8582,.T.);
#8582=EDGE_LOOP('',(#8583,#8584,#8585));
#8583=ORIENTED_EDGE('',*,*,#8586,.T.);
#8584=ORIENTED_EDGE('',*,*,#8587,.T.);
#8585=ORIENTED_EDGE('',*,*,#8588,.T.);
#8586=EDGE_CURVE('',#555,#557,#8589,.F.);
#8587=EDGE_CURVE('',#557,#559,#8590,.T.);
#8588=EDGE_CURVE('',#559,#555,#8591,.T.);
#8589=LINE('',#554,#8592);
#8590=LINE('',#556,#8593);
#8591=LINE('',#558,#8594);
#8592=VECTOR('',#8595,1.0);
#8593=VECTOR('',#8596,1.0);
#8594=VECTOR('',#8597,1.0);
#8595=DIRECTION('',(0,0,-1));
#8596=DIRECTION('',(0.947145432411413,0.3208045041176908,0));
#8597=DIRECTION('',(-0.09260116518749617,-0.03136463510472937,0.995209165889596));
#8598=FACE_SURFACE('',(#8603),#8599,.T.);
#8599=PLANE('',#8600);
#8600=AXIS2_PLACEMENT_3D('',#554,#8601,#8602);
#8601=DIRECTION('',(0.19462263376844538,-0.9807946557846179,-0.012801312798549042));
#8602=DIRECTION('',(0.09260116518749617,0.03136463510472937,-0.995209165889596));
#8603=FACE_BOUND('',#8604,.T.);
#8604=EDGE_LOOP('',(#8605,#8606,#8607));
#8605=ORIENTED_EDGE('',*,*,#8608,.T.);
#8606=ORIENTED_EDGE('',*,*,#8609,.T.);
#8607=ORIENTED_EDGE('',*,*,#8610,.T.);
#8608=EDGE_CURVE('',#555,#559,#8611,.F.);
#8609=EDGE_CURVE('',#559,#561,#8612,.T.);
#8610=EDGE_CURVE('',#561,#555,#8613,.T.);
#8611=LINE('',#554,#8614);
#8612=LINE('',#558,#8615);
#8613=LINE('',#560,#8616);
#8614=VECTOR('',#8617,1.0);
#8615=VECTOR('',#8618,1.0);
#8616=VECTOR('',#8619,1.0);
#8617=DIRECTION('',(0.09260116518749617,0.03136463510472937,-0.995209165889596));
#8618=DIRECTION('',(0.19071795577476292,0.02503661233202766,0.9813255470984292));
#8619=DIRECTION('',(-0.9808750288431656,-0.19463858248538254,0));
#8620=FACE_SURFACE('',(#8625),#8621,.T.);
#8621=PLANE('',#8622);
#8622=AXIS2_PLACEMENT_3D('',#514,#8623,#8624);
#8623=DIRECTION('',(0,-0,1));
#8624=DIRECTION('',(0.9913278026131761,0.13141228164114552,0));
#8625=FACE_BOUND('',#8626,.T.);
#8626=EDGE_LOOP('',(#8627,#8628,#8629));
#8627=ORIENTED_EDGE('',*,*,#8630,.T.);
#8628=ORIENTED_EDGE('',*,*,#8631,.T.);
#8629=ORIENTED_EDGE('',*,*,#8632,.T.);
#8630=EDGE_CURVE('',#515,#517,#8633,.F.);
#8631=EDGE_CURVE('',#517,#443,#8634,.T.);
#8632=EDGE_CURVE('',#443,#515,#8635,.T.);
#8633=LINE('',#514,#8636);
#8634=LINE('',#516,#8637);
#8635=LINE('',#442,#8638);
#8636=VECTOR('',#8639,1.0);
#8637=VECTOR('',#8640,1.0);
#8638=VECTOR('',#8641,1.0);
#8639=DIRECTION('',(0.9913278026131761,0.13141228164114552,0));
#8640=DIRECTION('',(-0.8869556593923235,0.46185458563483867,0));
#8641=DIRECTION('',(0.8549689533978919,-0.5186791770697119,0));
#8642=FACE_SURFACE('',(#8647),#8643,.T.);
#8643=PLANE('',#8644);
#8644=AXIS2_PLACEMENT_3D('',#518,#8645,#8646);
#8645=DIRECTION('',(-0,0,1));
#8646=DIRECTION('',(0.9320680963413595,-0.3622831265496563,0));
#8647=FACE_BOUND('',#8648,.T.);
#8648=EDGE_LOOP('',(#8649,#8650,#8651));
#8649=ORIENTED_EDGE('',*,*,#8652,.T.);
#8650=ORIENTED_EDGE('',*,*,#8653,.T.);
#8651=ORIENTED_EDGE('',*,*,#8654,.T.);
#8652=EDGE_CURVE('',#519,#563,#8655,.F.);
#8653=EDGE_CURVE('',#563,#521,#8656,.T.);
#8654=EDGE_CURVE('',#521,#519,#8657,.T.);
#8655=LINE('',#518,#8658);
#8656=LINE('',#562,#8659);
#8657=LINE('',#520,#8660);
#8658=VECTOR('',#8661,1.0);
#8659=VECTOR('',#8662,1.0);
#8660=VECTOR('',#8663,1.0);
#8661=DIRECTION('',(0.9320680963413595,-0.3622831265496563,0));
#8662=DIRECTION('',(0.8323195987682325,0.5542960269623881,0));
#8663=DIRECTION('',(-0.8674481541389323,-0.49752758705518957,0));
#8664=FACE_SURFACE('',(#8669),#8665,.T.);
#8665=PLANE('',#8666);
#8666=AXIS2_PLACEMENT_3D('',#554,#8667,#8668);
#8667=DIRECTION('',(0.48087432599918845,-0.8767895315267094,0));
#8668=DIRECTION('',(-0.8767895315267094,-0.4808743259991884,0));
#8669=FACE_BOUND('',#8670,.T.);
#8670=EDGE_LOOP('',(#8671,#8672,#8673));
#8671=ORIENTED_EDGE('',*,*,#8674,.T.);
#8672=ORIENTED_EDGE('',*,*,#8675,.T.);
#8673=ORIENTED_EDGE('',*,*,#8676,.T.);
#8674=EDGE_CURVE('',#555,#565,#8677,.F.);
#8675=EDGE_CURVE('',#565,#557,#8678,.T.);
#8676=EDGE_CURVE('',#557,#555,#8679,.T.);
#8677=LINE('',#554,#8680);
#8678=LINE('',#564,#8681);
#8679=LINE('',#556,#8682);
#8680=VECTOR('',#8683,1.0);
#8681=VECTOR('',#8684,1.0);
#8682=VECTOR('',#8685,1.0);
#8683=DIRECTION('',(-0.8767895315267094,-0.4808743259991884,0));
#8684=DIRECTION('',(0.12768827665316482,0.07003050534450647,-0.9893388864926607));
#8685=DIRECTION('',(0,0,1));
#8686=FACE_SURFACE('',(#8691),#8687,.T.);
#8687=PLANE('',#8688);
#8688=AXIS2_PLACEMENT_3D('',#560,#8689,#8690);
#8689=DIRECTION('',(0.13015884958868398,-0.99149315372006,0));
#8690=DIRECTION('',(-0.19071795577476292,-0.02503661233202766,-0.9813255470984292));
#8691=FACE_BOUND('',#8692,.T.);
#8692=EDGE_LOOP('',(#8693,#8694,#8695));
#8693=ORIENTED_EDGE('',*,*,#8696,.T.);
#8694=ORIENTED_EDGE('',*,*,#8697,.T.);
#8695=ORIENTED_EDGE('',*,*,#8698,.T.);
#8696=EDGE_CURVE('',#561,#559,#8699,.F.);
#8697=EDGE_CURVE('',#559,#567,#8700,.T.);
#8698=EDGE_CURVE('',#567,#561,#8701,.T.);
#8699=LINE('',#560,#8702);
#8700=LINE('',#558,#8703);
#8701=LINE('',#566,#8704);
#8702=VECTOR('',#8705,1.0);
#8703=VECTOR('',#8706,1.0);
#8704=VECTOR('',#8707,1.0);
#8705=DIRECTION('',(-0.19071795577476292,-0.02503661233202766,-0.9813255470984292));
#8706=DIRECTION('',(0.99149315372006,0.13015884958868398,0));
#8707=DIRECTION('',(0,0,1));
#8708=FACE_SURFACE('',(#8713),#8709,.T.);
#8709=PLANE('',#8710);
#8710=AXIS2_PLACEMENT_3D('',#380,#8711,#8712);
#8711=DIRECTION('',(-0,0,-1));
#8712=DIRECTION('',(-0.8074844329682237,-0.5898888798019388,0));
#8713=FACE_BOUND('',#8714,.T.);
#8714=EDGE_LOOP('',(#8715,#8716,#8717));
#8715=ORIENTED_EDGE('',*,*,#8718,.T.);
#8716=ORIENTED_EDGE('',*,*,#8719,.T.);
#8717=ORIENTED_EDGE('',*,*,#8720,.T.);
#8718=EDGE_CURVE('',#381,#379,#8721,.F.);
#8719=EDGE_CURVE('',#379,#511,#8722,.T.);
#8720=EDGE_CURVE('',#511,#381,#8723,.T.);
#8721=LINE('',#380,#8724);
#8722=LINE('',#378,#8725);
#8723=LINE('',#510,#8726);
#8724=VECTOR('',#8727,1.0);
#8725=VECTOR('',#8728,1.0);
#8726=VECTOR('',#8729,1.0);
#8727=DIRECTION('',(-0.8074844329682237,-0.5898888798019388,0));
#8728=DIRECTION('',(-0.8822653027524526,0.4707525205021458,0));
#8729=DIRECTION('',(0.8936866593291367,-0.448691603372659,0));
#8730=FACE_SURFACE('',(#8735),#8731,.T.);
#8731=PLANE('',#8732);
#8732=AXIS2_PLACEMENT_3D('',#356,#8733,#8734);
#8733=DIRECTION('',(-0.13833385370656517,-0.9903856546410043,0));
#8734=DIRECTION('',(0.04933860987580142,-0.006891456887184426,0.9987583338313105));
#8735=FACE_BOUND('',#8736,.T.);
#8736=EDGE_LOOP('',(#8737,#8738,#8739));
#8737=ORIENTED_EDGE('',*,*,#8740,.T.);
#8738=ORIENTED_EDGE('',*,*,#8741,.T.);
#8739=ORIENTED_EDGE('',*,*,#8742,.T.);
#8740=EDGE_CURVE('',#357,#569,#8743,.F.);
#8741=EDGE_CURVE('',#569,#237,#8744,.T.);
#8742=EDGE_CURVE('',#237,#357,#8745,.T.);
#8743=LINE('',#356,#8746);
#8744=LINE('',#568,#8747);
#8745=LINE('',#236,#8748);
#8746=VECTOR('',#8749,1.0);
#8747=VECTOR('',#8750,1.0);
#8748=VECTOR('',#8751,1.0);
#8749=DIRECTION('',(0.04933860987580142,-0.006891456887184426,0.9987583338313105));
#8750=DIRECTION('',(-0.9903856546410043,0.13833385370656517,0));
#8751=DIRECTION('',(0,0,-1));
#8752=FACE_SURFACE('',(#8757),#8753,.T.);
#8753=PLANE('',#8754);
#8754=AXIS2_PLACEMENT_3D('',#560,#8755,#8756);
#8755=DIRECTION('',(0,-0,1));
#8756=DIRECTION('',(0.8978035339375471,0.4403962016744148,0));
#8757=FACE_BOUND('',#8758,.T.);
#8758=EDGE_LOOP('',(#8759,#8760,#8761));
#8759=ORIENTED_EDGE('',*,*,#8762,.T.);
#8760=ORIENTED_EDGE('',*,*,#8763,.T.);
#8761=ORIENTED_EDGE('',*,*,#8764,.T.);
#8762=EDGE_CURVE('',#561,#115,#8765,.F.);
#8763=EDGE_CURVE('',#115,#571,#8766,.T.);
#8764=EDGE_CURVE('',#571,#561,#8767,.T.);
#8765=LINE('',#560,#8768);
#8766=LINE('',#114,#8769);
#8767=LINE('',#570,#8770);
#8768=VECTOR('',#8771,1.0);
#8769=VECTOR('',#8772,1.0);
#8770=VECTOR('',#8773,1.0);
#8771=DIRECTION('',(0.8978035339375471,0.4403962016744148,0));
#8772=DIRECTION('',(-1,0,0));
#8773=DIRECTION('',(0.8083206310060341,-0.5887425222370191,0));
#8774=FACE_SURFACE('',(#8779),#8775,.T.);
#8775=PLANE('',#8776);
#8776=AXIS2_PLACEMENT_3D('',#572,#8777,#8778);
#8777=DIRECTION('',(0,0,1));
#8778=DIRECTION('',(-0.14679317089205896,0.9891672077962627,0));
#8779=FACE_BOUND('',#8780,.T.);
#8780=EDGE_LOOP('',(#8781,#8782,#8783));
#8781=ORIENTED_EDGE('',*,*,#8784,.T.);
#8782=ORIENTED_EDGE('',*,*,#8785,.T.);
#8783=ORIENTED_EDGE('',*,*,#8786,.T.);
#8784=EDGE_CURVE('',#573,#571,#8787,.F.);
#8785=EDGE_CURVE('',#571,#575,#8788,.T.);
#8786=EDGE_CURVE('',#575,#573,#8789,.T.);
#8787=LINE('',#572,#8790);
#8788=LINE('',#570,#8791);
#8789=LINE('',#574,#8792);
#8790=VECTOR('',#8793,1.0);
#8791=VECTOR('',#8794,1.0);
#8792=VECTOR('',#8795,1.0);
#8793=DIRECTION('',(-0.14679317089205896,0.9891672077962627,0));
#8794=DIRECTION('',(0.0005340846904181283,-0.9999998573767616,0));
#8795=DIRECTION('',(0.9650204766177871,-0.26217452147067816,0));
#8796=FACE_SURFACE('',(#8801),#8797,.T.);
#8797=PLANE('',#8798);
#8798=AXIS2_PLACEMENT_3D('',#560,#8799,#8800);
#8799=DIRECTION('',(-0.10875481571189154,-0.9940686043022747,-0));
#8800=DIRECTION('',(0,0,-1));
#8801=FACE_BOUND('',#8802,.T.);
#8802=EDGE_LOOP('',(#8803,#8804,#8805));
#8803=ORIENTED_EDGE('',*,*,#8806,.T.);
#8804=ORIENTED_EDGE('',*,*,#8807,.T.);
#8805=ORIENTED_EDGE('',*,*,#8808,.T.);
#8806=EDGE_CURVE('',#561,#567,#8809,.F.);
#8807=EDGE_CURVE('',#567,#577,#8810,.T.);
#8808=EDGE_CURVE('',#577,#561,#8811,.T.);
#8809=LINE('',#560,#8812);
#8810=LINE('',#566,#8813);
#8811=LINE('',#576,#8814);
#8812=VECTOR('',#8815,1.0);
#8813=VECTOR('',#8816,1.0);
#8814=VECTOR('',#8817,1.0);
#8815=DIRECTION('',(0,0,-1));
#8816=DIRECTION('',(0.9940686043022748,-0.10875481571189154,0));
#8817=DIRECTION('',(-0.1447630733685524,0.015837620560538935,0.9893395890005976));
#8818=FACE_SURFACE('',(#8823),#8819,.T.);
#8819=PLANE('',#8820);
#8820=AXIS2_PLACEMENT_3D('',#478,#8821,#8822);
#8821=DIRECTION('',(0,0,1));
#8822=DIRECTION('',(-0.8073669900247726,0.5900496109805842,0));
#8823=FACE_BOUND('',#8824,.T.);
#8824=EDGE_LOOP('',(#8825,#8826,#8827));
#8825=ORIENTED_EDGE('',*,*,#8828,.T.);
#8826=ORIENTED_EDGE('',*,*,#8829,.T.);
#8827=ORIENTED_EDGE('',*,*,#8830,.T.);
#8828=EDGE_CURVE('',#479,#477,#8831,.F.);
#8829=EDGE_CURVE('',#477,#487,#8832,.T.);
#8830=EDGE_CURVE('',#487,#479,#8833,.T.);
#8831=LINE('',#478,#8834);
#8832=LINE('',#476,#8835);
#8833=LINE('',#486,#8836);
#8834=VECTOR('',#8837,1.0);
#8835=VECTOR('',#8838,1.0);
#8836=VECTOR('',#8839,1.0);
#8837=DIRECTION('',(-0.8073669900247726,0.5900496109805842,0));
#8838=DIRECTION('',(0.2048122984050323,-0.9788012680938089,0));
#8839=DIRECTION('',(-0.20472364590576872,0.9788198142697406,0));
#8840=FACE_SURFACE('',(#8845),#8841,.T.);
#8841=PLANE('',#8842);
#8842=AXIS2_PLACEMENT_3D('',#268,#8843,#8844);
#8843=DIRECTION('',(0,-0,1));
#8844=DIRECTION('',(0,1,0));
#8845=FACE_BOUND('',#8846,.T.);
#8846=EDGE_LOOP('',(#8847,#8848,#8849));
#8847=ORIENTED_EDGE('',*,*,#8850,.T.);
#8848=ORIENTED_EDGE('',*,*,#8851,.T.);
#8849=ORIENTED_EDGE('',*,*,#8852,.T.);
#8850=EDGE_CURVE('',#269,#271,#8853,.F.);
#8851=EDGE_CURVE('',#271,#579,#8854,.T.);
#8852=EDGE_CURVE('',#579,#269,#8855,.T.);
#8853=LINE('',#268,#8856);
#8854=LINE('',#270,#8857);
#8855=LINE('',#578,#8858);
#8856=VECTOR('',#8859,1.0);
#8857=VECTOR('',#8860,1.0);
#8858=VECTOR('',#8861,1.0);
#8859=DIRECTION('',(0,1,0));
#8860=DIRECTION('',(-0.9656458579721258,-0.25986164969321096,0));
#8861=DIRECTION('',(1,0,0));
#8862=FACE_SURFACE('',(#8867),#8863,.T.);
#8863=PLANE('',#8864);
#8864=AXIS2_PLACEMENT_3D('',#580,#8865,#8866);
#8865=DIRECTION('',(-0,0,1));
#8866=DIRECTION('',(0,-1,0));
#8867=FACE_BOUND('',#8868,.T.);
#8868=EDGE_LOOP('',(#8869,#8870,#8871));
#8869=ORIENTED_EDGE('',*,*,#8872,.T.);
#8870=ORIENTED_EDGE('',*,*,#8873,.T.);
#8871=ORIENTED_EDGE('',*,*,#8874,.T.);
#8872=EDGE_CURVE('',#581,#579,#8875,.F.);
#8873=EDGE_CURVE('',#579,#271,#8876,.T.);
#8874=EDGE_CURVE('',#271,#581,#8877,.T.);
#8875=LINE('',#580,#8878);
#8876=LINE('',#578,#8879);
#8877=LINE('',#270,#8880);
#8878=VECTOR('',#8881,1.0);
#8879=VECTOR('',#8882,1.0);
#8880=VECTOR('',#8883,1.0);
#8881=DIRECTION('',(0,-1,0));
#8882=DIRECTION('',(0.9656458579721258,0.25986164969321096,0));
#8883=DIRECTION('',(-1,0,0));
#8884=FACE_SURFACE('',(#8889),#8885,.T.);
#8885=PLANE('',#8886);
#8886=AXIS2_PLACEMENT_3D('',#578,#8887,#8888);
#8887=DIRECTION('',(1,0,0));
#8888=DIRECTION('',(0,1,0));
#8889=FACE_BOUND('',#8890,.T.);
#8890=EDGE_LOOP('',(#8891,#8892,#8893));
#8891=ORIENTED_EDGE('',*,*,#8894,.T.);
#8892=ORIENTED_EDGE('',*,*,#8895,.T.);
#8893=ORIENTED_EDGE('',*,*,#8896,.T.);
#8894=EDGE_CURVE('',#579,#581,#8897,.F.);
#8895=EDGE_CURVE('',#581,#225,#8898,.T.);
#8896=EDGE_CURVE('',#225,#579,#8899,.T.);
#8897=LINE('',#578,#8900);
#8898=LINE('',#580,#8901);
#8899=LINE('',#224,#8902);
#8900=VECTOR('',#8903,1.0);
#8901=VECTOR('',#8904,1.0);
#8902=VECTOR('',#8905,1.0);
#8903=DIRECTION('',(0,1,0));
#8904=DIRECTION('',(0,-0.5730776564806563,0.8195010675054908));
#8905=DIRECTION('',(0,0,-1));
#8906=FACE_SURFACE('',(#8911),#8907,.T.);
#8907=PLANE('',#8908);
#8908=AXIS2_PLACEMENT_3D('',#206,#8909,#8910);
#8909=DIRECTION('',(1,0,0));
#8910=DIRECTION('',(0,-1,0));
#8911=FACE_BOUND('',#8912,.T.);
#8912=EDGE_LOOP('',(#8913,#8914,#8915));
#8913=ORIENTED_EDGE('',*,*,#8916,.T.);
#8914=ORIENTED_EDGE('',*,*,#8917,.T.);
#8915=ORIENTED_EDGE('',*,*,#8918,.T.);
#8916=EDGE_CURVE('',#207,#225,#8919,.F.);
#8917=EDGE_CURVE('',#225,#581,#8920,.T.);
#8918=EDGE_CURVE('',#581,#207,#8921,.T.);
#8919=LINE('',#206,#8922);
#8920=LINE('',#224,#8923);
#8921=LINE('',#580,#8924);
#8922=VECTOR('',#8925,1.0);
#8923=VECTOR('',#8926,1.0);
#8924=VECTOR('',#8927,1.0);
#8925=DIRECTION('',(0,-1,0));
#8926=DIRECTION('',(0,0.5730776564806563,-0.8195010675054908));
#8927=DIRECTION('',(0,0,1));
#8928=FACE_SURFACE('',(#8933),#8929,.T.);
#8929=PLANE('',#8930);
#8930=AXIS2_PLACEMENT_3D('',#582,#8931,#8932);
#8931=DIRECTION('',(-0,0,1));
#8932=DIRECTION('',(0.2586153942636077,-0.9659803713584861,0));
#8933=FACE_BOUND('',#8934,.T.);
#8934=EDGE_LOOP('',(#8935,#8936,#8937));
#8935=ORIENTED_EDGE('',*,*,#8938,.T.);
#8936=ORIENTED_EDGE('',*,*,#8939,.T.);
#8937=ORIENTED_EDGE('',*,*,#8940,.T.);
#8938=EDGE_CURVE('',#583,#575,#8941,.F.);
#8939=EDGE_CURVE('',#575,#571,#8942,.T.);
#8940=EDGE_CURVE('',#571,#583,#8943,.T.);
#8941=LINE('',#582,#8944);
#8942=LINE('',#574,#8945);
#8943=LINE('',#570,#8946);
#8944=VECTOR('',#8947,1.0);
#8945=VECTOR('',#8948,1.0);
#8946=VECTOR('',#8949,1.0);
#8947=DIRECTION('',(0.2586153942636077,-0.9659803713584861,0));
#8948=DIRECTION('',(-0.0005340846904181283,0.9999998573767616,0));
#8949=DIRECTION('',(-1,0,0));
#8950=FACE_SURFACE('',(#8955),#8951,.T.);
#8951=PLANE('',#8952);
#8952=AXIS2_PLACEMENT_3D('',#584,#8953,#8954);
#8953=DIRECTION('',(0,-0,1));
#8954=DIRECTION('',(0.6585066677786123,0.7525748922805677,0));
#8955=FACE_BOUND('',#8956,.T.);
#8956=EDGE_LOOP('',(#8957,#8958,#8959));
#8957=ORIENTED_EDGE('',*,*,#8960,.T.);
#8958=ORIENTED_EDGE('',*,*,#8961,.T.);
#8959=ORIENTED_EDGE('',*,*,#8962,.T.);
#8960=EDGE_CURVE('',#585,#587,#8963,.F.);
#8961=EDGE_CURVE('',#587,#571,#8964,.T.);
#8962=EDGE_CURVE('',#571,#585,#8965,.T.);
#8963=LINE('',#584,#8966);
#8964=LINE('',#586,#8967);
#8965=LINE('',#570,#8968);
#8966=VECTOR('',#8969,1.0);
#8967=VECTOR('',#8970,1.0);
#8968=VECTOR('',#8971,1.0);
#8969=DIRECTION('',(0.6585066677786123,0.7525748922805677,0));
#8970=DIRECTION('',(-0.5717280753529239,0.8204431777114375,0));
#8971=DIRECTION('',(0.5193492134429865,-0.8545621068688638,0));
#8972=FACE_SURFACE('',(#8977),#8973,.T.);
#8973=PLANE('',#8974);
#8974=AXIS2_PLACEMENT_3D('',#588,#8975,#8976);
#8975=DIRECTION('',(0,0,1));
#8976=DIRECTION('',(-0.6564019575338432,0.7544113401492177,0));
#8977=FACE_BOUND('',#8978,.T.);
#8978=EDGE_LOOP('',(#8979,#8980,#8981));
#8979=ORIENTED_EDGE('',*,*,#8982,.T.);
#8980=ORIENTED_EDGE('',*,*,#8983,.T.);
#8981=ORIENTED_EDGE('',*,*,#8984,.T.);
#8982=EDGE_CURVE('',#589,#443,#8985,.F.);
#8983=EDGE_CURVE('',#443,#591,#8986,.T.);
#8984=EDGE_CURVE('',#591,#589,#8987,.T.);
#8985=LINE('',#588,#8988);
#8986=LINE('',#442,#8989);
#8987=LINE('',#590,#8990);
#8988=VECTOR('',#8991,1.0);
#8989=VECTOR('',#8992,1.0);
#8990=VECTOR('',#8993,1.0);
#8991=DIRECTION('',(-0.6564019575338432,0.7544113401492177,0));
#8992=DIRECTION('',(0.5911144085812592,-0.8065877236653357,0));
#8993=DIRECTION('',(0.4808818005592045,0.876785432070434,0));
#8994=FACE_SURFACE('',(#8999),#8995,.T.);
#8995=PLANE('',#8996);
#8996=AXIS2_PLACEMENT_3D('',#592,#8997,#8998);
#8997=DIRECTION('',(-0.8499885908902369,-0.5268010965786133,-0));
#8998=DIRECTION('',(-0.5268010965786133,0.849988590890237,0));
#8999=FACE_BOUND('',#9000,.T.);
#9000=EDGE_LOOP('',(#9001,#9002,#9003));
#9001=ORIENTED_EDGE('',*,*,#9004,.T.);
#9002=ORIENTED_EDGE('',*,*,#9005,.T.);
#9003=ORIENTED_EDGE('',*,*,#9006,.T.);
#9004=EDGE_CURVE('',#593,#595,#9007,.F.);
#9005=EDGE_CURVE('',#595,#545,#9008,.T.);
#9006=EDGE_CURVE('',#545,#593,#9009,.T.);
#9007=LINE('',#592,#9010);
#9008=LINE('',#594,#9011);
#9009=LINE('',#544,#9012);
#9010=VECTOR('',#9013,1.0);
#9011=VECTOR('',#9014,1.0);
#9012=VECTOR('',#9015,1.0);
#9013=DIRECTION('',(-0.5268010965786133,0.849988590890237,0));
#9014=DIRECTION('',(0.526650144081921,-0.8497450304633735,-0.023937605170361288));
#9015=DIRECTION('',(0,0,1));
#9016=FACE_SURFACE('',(#9021),#9017,.T.);
#9017=PLANE('',#9018);
#9018=AXIS2_PLACEMENT_3D('',#592,#9019,#9020);
#9019=DIRECTION('',(-0,-0,1));
#9020=DIRECTION('',(0.9999998690976571,-0.0005116685142768923,0));
#9021=FACE_BOUND('',#9022,.T.);
#9022=EDGE_LOOP('',(#9023,#9024,#9025));
#9023=ORIENTED_EDGE('',*,*,#9026,.T.);
#9024=ORIENTED_EDGE('',*,*,#9027,.T.);
#9025=ORIENTED_EDGE('',*,*,#9028,.T.);
#9026=EDGE_CURVE('',#593,#541,#9029,.F.);
#9027=EDGE_CURVE('',#541,#595,#9030,.T.);
#9028=EDGE_CURVE('',#595,#593,#9031,.T.);
#9029=LINE('',#592,#9032);
#9030=LINE('',#540,#9033);
#9031=LINE('',#594,#9034);
#9032=VECTOR('',#9035,1.0);
#9033=VECTOR('',#9036,1.0);
#9034=VECTOR('',#9037,1.0);
#9035=DIRECTION('',(0.9999998690976571,-0.0005116685142768923,0));
#9036=DIRECTION('',(-0.999954500511251,0.009539229910972726,0));
#9037=DIRECTION('',(0.5268010965786133,-0.849988590890237,0));
#9038=FACE_SURFACE('',(#9043),#9039,.T.);
#9039=PLANE('',#9040);
#9040=AXIS2_PLACEMENT_3D('',#422,#9041,#9042);
#9041=DIRECTION('',(0,-0.006153305300377741,0.9999810682377344));
#9042=DIRECTION('',(-0.9999564673896063,-0.009330596401399051,-5.7415095261348206E-05));
#9043=FACE_BOUND('',#9044,.T.);
#9044=EDGE_LOOP('',(#9045,#9046,#9047));
#9045=ORIENTED_EDGE('',*,*,#9048,.T.);
#9046=ORIENTED_EDGE('',*,*,#9049,.T.);
#9047=ORIENTED_EDGE('',*,*,#9050,.T.);
#9048=EDGE_CURVE('',#423,#447,#9051,.F.);
#9049=EDGE_CURVE('',#447,#487,#9052,.T.);
#9050=EDGE_CURVE('',#487,#423,#9053,.T.);
#9051=LINE('',#422,#9054);
#9052=LINE('',#446,#9055);
#9053=LINE('',#486,#9056);
#9054=VECTOR('',#9057,1.0);
#9055=VECTOR('',#9058,1.0);
#9056=VECTOR('',#9059,1.0);
#9057=DIRECTION('',(-0.9999564673896063,-0.009330596401399051,-5.7415095261348206E-05));
#9058=DIRECTION('',(0.9999878992452661,0.004919394952573778,3.0271112121821944E-05));
#9059=DIRECTION('',(-1,0,0));
#9060=FACE_SURFACE('',(#9065),#9061,.T.);
#9061=PLANE('',#9062);
#9062=AXIS2_PLACEMENT_3D('',#596,#9063,#9064);
#9063=DIRECTION('',(0,1,0));
#9064=DIRECTION('',(0.9833845911736913,0,0.18153442054374186));
#9065=FACE_BOUND('',#9066,.T.);
#9066=EDGE_LOOP('',(#9067,#9068,#9069));
#9067=ORIENTED_EDGE('',*,*,#9070,.T.);
#9068=ORIENTED_EDGE('',*,*,#9071,.T.);
#9069=ORIENTED_EDGE('',*,*,#9072,.T.);
#9070=EDGE_CURVE('',#597,#581,#9073,.F.);
#9071=EDGE_CURVE('',#581,#271,#9074,.T.);
#9072=EDGE_CURVE('',#271,#597,#9075,.T.);
#9073=LINE('',#596,#9076);
#9074=LINE('',#580,#9077);
#9075=LINE('',#270,#9078);
#9076=VECTOR('',#9079,1.0);
#9077=VECTOR('',#9080,1.0);
#9078=VECTOR('',#9081,1.0);
#9079=DIRECTION('',(0.9833845911736913,0,0.18153442054374186));
#9080=DIRECTION('',(1,0,0));
#9081=DIRECTION('',(-0.9883755062523321,0,-0.1520324262795484));
#9082=FACE_SURFACE('',(#9087),#9083,.T.);
#9083=PLANE('',#9084);
#9084=AXIS2_PLACEMENT_3D('',#598,#9085,#9086);
#9085=DIRECTION('',(-0,-0,1));
#9086=DIRECTION('',(0.9999544266877203,-0.009546965362493826,0));
#9087=FACE_BOUND('',#9088,.T.);
#9088=EDGE_LOOP('',(#9089,#9090,#9091));
#9089=ORIENTED_EDGE('',*,*,#9092,.T.);
#9090=ORIENTED_EDGE('',*,*,#9093,.T.);
#9091=ORIENTED_EDGE('',*,*,#9094,.T.);
#9092=EDGE_CURVE('',#599,#541,#9095,.F.);
#9093=EDGE_CURVE('',#541,#601,#9096,.T.);
#9094=EDGE_CURVE('',#601,#599,#9097,.T.);
#9095=LINE('',#598,#9098);
#9096=LINE('',#540,#9099);
#9097=LINE('',#600,#9100);
#9098=VECTOR('',#9101,1.0);
#9099=VECTOR('',#9102,1.0);
#9100=VECTOR('',#9103,1.0);
#9101=DIRECTION('',(0.9999544266877203,-0.009546965362493826,0));
#9102=DIRECTION('',(-0.9989883356512045,0.04497004817471701,0));
#9103=DIRECTION('',(0.3725296706766959,-0.9280202823567557,0));
#9104=FACE_SURFACE('',(#9109),#9105,.T.);
#9105=PLANE('',#9106);
#9106=AXIS2_PLACEMENT_3D('',#500,#9107,#9108);
#9107=DIRECTION('',(0,0,1));
#9108=DIRECTION('',(-0.7227845012749099,0.6910734872043491,0));
#9109=FACE_BOUND('',#9110,.T.);
#9110=EDGE_LOOP('',(#9111,#9112,#9113));
#9111=ORIENTED_EDGE('',*,*,#9114,.T.);
#9112=ORIENTED_EDGE('',*,*,#9115,.T.);
#9113=ORIENTED_EDGE('',*,*,#9116,.T.);
#9114=EDGE_CURVE('',#501,#443,#9117,.F.);
#9115=EDGE_CURVE('',#443,#589,#9118,.T.);
#9116=EDGE_CURVE('',#589,#501,#9119,.T.);
#9117=LINE('',#500,#9120);
#9118=LINE('',#442,#9121);
#9119=LINE('',#588,#9122);
#9120=VECTOR('',#9123,1.0);
#9121=VECTOR('',#9124,1.0);
#9122=VECTOR('',#9125,1.0);
#9123=DIRECTION('',(-0.7227845012749099,0.6910734872043491,0));
#9124=DIRECTION('',(0.6564019575338432,-0.7544113401492177,0));
#9125=DIRECTION('',(0.6263501048838714,0.77954188220516,0));
#9126=FACE_SURFACE('',(#9131),#9127,.T.);
#9127=PLANE('',#9128);
#9128=AXIS2_PLACEMENT_3D('',#602,#9129,#9130);
#9129=DIRECTION('',(5.008823470841431E-05,1.696633495411943E-05,-0.9999999986016561));
#9130=DIRECTION('',(-0.9972179209817703,-0.07454136737386102,-5.121357915998906E-05));
#9131=FACE_BOUND('',#9132,.T.);
#9132=EDGE_LOOP('',(#9133,#9134,#9135));
#9133=ORIENTED_EDGE('',*,*,#9136,.T.);
#9134=ORIENTED_EDGE('',*,*,#9137,.T.);
#9135=ORIENTED_EDGE('',*,*,#9138,.T.);
#9136=EDGE_CURVE('',#603,#297,#9139,.F.);
#9137=EDGE_CURVE('',#297,#155,#9140,.T.);
#9138=EDGE_CURVE('',#155,#603,#9141,.T.);
#9139=LINE('',#602,#9142);
#9140=LINE('',#296,#9143);
#9141=LINE('',#154,#9144);
#9142=VECTOR('',#9145,1.0);
#9143=VECTOR('',#9146,1.0);
#9144=VECTOR('',#9147,1.0);
#9145=DIRECTION('',(-0.9972179209817703,-0.07454136737386102,-5.121357915998906E-05));
#9146=DIRECTION('',(-0.32082340549023697,0.9471390301796495,0));
#9147=DIRECTION('',(0.9975686737106757,0.06969030502817124,5.1148842996268276E-05));
#9148=FACE_SURFACE('',(#9153),#9149,.T.);
#9149=PLANE('',#9150);
#9150=AXIS2_PLACEMENT_3D('',#598,#9151,#9152);
#9151=DIRECTION('',(0,0,1));
#9152=DIRECTION('',(0.3511234415883917,-0.9363291775690445,0));
#9153=FACE_BOUND('',#9154,.T.);
#9154=EDGE_LOOP('',(#9155,#9156,#9157));
#9155=ORIENTED_EDGE('',*,*,#9158,.T.);
#9156=ORIENTED_EDGE('',*,*,#9159,.T.);
#9157=ORIENTED_EDGE('',*,*,#9160,.T.);
#9158=EDGE_CURVE('',#599,#595,#9161,.F.);
#9159=EDGE_CURVE('',#595,#541,#9162,.T.);
#9160=EDGE_CURVE('',#541,#599,#9163,.T.);
#9161=LINE('',#598,#9164);
#9162=LINE('',#594,#9165);
#9163=LINE('',#540,#9166);
#9164=VECTOR('',#9167,1.0);
#9165=VECTOR('',#9168,1.0);
#9166=VECTOR('',#9169,1.0);
#9167=DIRECTION('',(0.3511234415883917,-0.9363291775690445,0));
#9168=DIRECTION('',(0.999954500511251,-0.009539229910972726,0));
#9169=DIRECTION('',(-0.9999544266877203,0.009546965362493826,0));
#9170=FACE_SURFACE('',(#9175),#9171,.T.);
#9171=PLANE('',#9172);
#9172=AXIS2_PLACEMENT_3D('',#552,#9173,#9174);
#9173=DIRECTION('',(0,0,1));
#9174=DIRECTION('',(-0.7006286956279709,-0.7135260547889252,0));
#9175=FACE_BOUND('',#9176,.T.);
#9176=EDGE_LOOP('',(#9177,#9178,#9179));
#9177=ORIENTED_EDGE('',*,*,#9180,.T.);
#9178=ORIENTED_EDGE('',*,*,#9181,.T.);
#9179=ORIENTED_EDGE('',*,*,#9182,.T.);
#9180=EDGE_CURVE('',#553,#601,#9183,.F.);
#9181=EDGE_CURVE('',#601,#541,#9184,.T.);
#9182=EDGE_CURVE('',#541,#553,#9185,.T.);
#9183=LINE('',#552,#9186);
#9184=LINE('',#600,#9187);
#9185=LINE('',#540,#9188);
#9186=VECTOR('',#9189,1.0);
#9187=VECTOR('',#9190,1.0);
#9188=VECTOR('',#9191,1.0);
#9189=DIRECTION('',(-0.7006286956279709,-0.7135260547889252,0));
#9190=DIRECTION('',(0.9989883356512045,-0.04497004817471701,0));
#9191=DIRECTION('',(-0.3060613247887746,0.9520117990175018,0));
#9192=FACE_SURFACE('',(#9197),#9193,.T.);
#9193=PLANE('',#9194);
#9194=AXIS2_PLACEMENT_3D('',#502,#9195,#9196);
#9195=DIRECTION('',(0.7795418822051599,-0.6263501048838713,0));
#9196=DIRECTION('',(0.09106700414962572,0.11334003661537881,0.9893739620867514));
#9197=FACE_BOUND('',#9198,.T.);
#9198=EDGE_LOOP('',(#9199,#9200,#9201));
#9199=ORIENTED_EDGE('',*,*,#9202,.T.);
#9200=ORIENTED_EDGE('',*,*,#9203,.T.);
#9201=ORIENTED_EDGE('',*,*,#9204,.T.);
#9202=EDGE_CURVE('',#503,#501,#9205,.F.);
#9203=EDGE_CURVE('',#501,#589,#9206,.T.);
#9204=EDGE_CURVE('',#589,#503,#9207,.T.);
#9205=LINE('',#502,#9208);
#9206=LINE('',#500,#9209);
#9207=LINE('',#588,#9210);
#9208=VECTOR('',#9211,1.0);
#9209=VECTOR('',#9212,1.0);
#9210=VECTOR('',#9213,1.0);
#9211=DIRECTION('',(0.09106700414962572,0.11334003661537881,0.9893739620867514));
#9212=DIRECTION('',(-0.6263501048838714,-0.77954188220516,0));
#9213=DIRECTION('',(0,0,-1));
#9214=FACE_SURFACE('',(#9219),#9215,.T.);
#9215=PLANE('',#9216);
#9216=AXIS2_PLACEMENT_3D('',#590,#9217,#9218);
#9217=DIRECTION('',(0.8767854320704339,-0.4808818005592045,0));
#9218=DIRECTION('',(0,0,-1));
#9219=FACE_BOUND('',#9220,.T.);
#9220=EDGE_LOOP('',(#9221,#9222,#9223));
#9221=ORIENTED_EDGE('',*,*,#9224,.T.);
#9222=ORIENTED_EDGE('',*,*,#9225,.T.);
#9223=ORIENTED_EDGE('',*,*,#9226,.T.);
#9224=EDGE_CURVE('',#591,#605,#9227,.F.);
#9225=EDGE_CURVE('',#605,#589,#9228,.T.);
#9226=EDGE_CURVE('',#589,#591,#9229,.T.);
#9227=LINE('',#590,#9230);
#9228=LINE('',#604,#9231);
#9229=LINE('',#588,#9232);
#9230=VECTOR('',#9233,1.0);
#9231=VECTOR('',#9234,1.0);
#9232=VECTOR('',#9235,1.0);
#9233=DIRECTION('',(0,0,-1));
#9234=DIRECTION('',(0.07003191436864876,0.1276882639913415,0.9893387883878503));
#9235=DIRECTION('',(-0.4808818005592045,-0.876785432070434,0));
#9236=FACE_SURFACE('',(#9241),#9237,.T.);
#9237=PLANE('',#9238);
#9238=AXIS2_PLACEMENT_3D('',#502,#9239,#9240);
#9239=DIRECTION('',(0.8767854320704339,-0.4808818005592045,0));
#9240=DIRECTION('',(0,0,1));
#9241=FACE_BOUND('',#9242,.T.);
#9242=EDGE_LOOP('',(#9243,#9244,#9245));
#9243=ORIENTED_EDGE('',*,*,#9246,.T.);
#9244=ORIENTED_EDGE('',*,*,#9247,.T.);
#9245=ORIENTED_EDGE('',*,*,#9248,.T.);
#9246=EDGE_CURVE('',#503,#589,#9249,.F.);
#9247=EDGE_CURVE('',#589,#605,#9250,.T.);
#9248=EDGE_CURVE('',#605,#503,#9251,.T.);
#9249=LINE('',#502,#9252);
#9250=LINE('',#588,#9253);
#9251=LINE('',#604,#9254);
#9252=VECTOR('',#9255,1.0);
#9253=VECTOR('',#9256,1.0);
#9254=VECTOR('',#9257,1.0);
#9255=DIRECTION('',(0,0,1));
#9256=DIRECTION('',(-0.07003191436864876,-0.1276882639913415,-0.9893387883878503));
#9257=DIRECTION('',(0.4808818005592045,0.876785432070434,0));
#9258=FACE_SURFACE('',(#9263),#9259,.T.);
#9259=PLANE('',#9260);
#9260=AXIS2_PLACEMENT_3D('',#436,#9261,#9262);
#9261=DIRECTION('',(0,-1,0));
#9262=DIRECTION('',(-0.9908704532910668,0,0.13481744988967773));
#9263=FACE_BOUND('',#9264,.T.);
#9264=EDGE_LOOP('',(#9265,#9266,#9267));
#9265=ORIENTED_EDGE('',*,*,#9268,.T.);
#9266=ORIENTED_EDGE('',*,*,#9269,.T.);
#9267=ORIENTED_EDGE('',*,*,#9270,.T.);
#9268=EDGE_CURVE('',#437,#269,#9271,.F.);
#9269=EDGE_CURVE('',#269,#579,#9272,.T.);
#9270=EDGE_CURVE('',#579,#437,#9273,.T.);
#9271=LINE('',#436,#9274);
#9272=LINE('',#268,#9275);
#9273=LINE('',#578,#9276);
#9274=VECTOR('',#9277,1.0);
#9275=VECTOR('',#9278,1.0);
#9276=VECTOR('',#9279,1.0);
#9277=DIRECTION('',(-0.9908704532910668,0,0.13481744988967773));
#9278=DIRECTION('',(-1,0,0));
#9279=DIRECTION('',(0.9938464320776168,0,-0.11076673438623488));
#9280=FACE_SURFACE('',(#9285),#9281,.T.);
#9281=PLANE('',#9282);
#9282=AXIS2_PLACEMENT_3D('',#598,#9283,#9284);
#9283=DIRECTION('',(-0.9280164667902703,-0.37252813901650134,0.0028675785962230566));
#9284=DIRECTION('',(-0.3725296706766959,0.9280202823567557,0));
#9285=FACE_BOUND('',#9286,.T.);
#9286=EDGE_LOOP('',(#9287,#9288,#9289));
#9287=ORIENTED_EDGE('',*,*,#9290,.T.);
#9288=ORIENTED_EDGE('',*,*,#9291,.T.);
#9289=ORIENTED_EDGE('',*,*,#9292,.T.);
#9290=EDGE_CURVE('',#599,#601,#9293,.F.);
#9291=EDGE_CURVE('',#601,#607,#9294,.T.);
#9292=EDGE_CURVE('',#607,#599,#9295,.T.);
#9293=LINE('',#598,#9296);
#9294=LINE('',#600,#9297);
#9295=LINE('',#606,#9298);
#9296=VECTOR('',#9299,1.0);
#9297=VECTOR('',#9300,1.0);
#9298=VECTOR('',#9301,1.0);
#9299=DIRECTION('',(-0.3725296706766959,0.9280202823567557,0));
#9300=DIRECTION('',(0.37250432615012297,-0.9280074480508134,-0.0065347809190269696));
#9301=DIRECTION('',(-0.007627006514623372,0.026694522801181803,0.9996145413228257));
#9302=FACE_SURFACE('',(#9307),#9303,.T.);
#9303=PLANE('',#9304);
#9304=AXIS2_PLACEMENT_3D('',#606,#9305,#9306);
#9305=DIRECTION('',(-0.9363268441260297,-0.35112256654726115,0.0022325389702575814));
#9306=DIRECTION('',(0.0038149182500442167,-0.0038149182500442167,0.9999854462928404));
#9307=FACE_BOUND('',#9308,.T.);
#9308=EDGE_LOOP('',(#9309,#9310,#9311));
#9309=ORIENTED_EDGE('',*,*,#9312,.T.);
#9310=ORIENTED_EDGE('',*,*,#9313,.T.);
#9311=ORIENTED_EDGE('',*,*,#9314,.T.);
#9312=EDGE_CURVE('',#607,#595,#9315,.F.);
#9313=EDGE_CURVE('',#595,#599,#9316,.T.);
#9314=EDGE_CURVE('',#599,#607,#9317,.T.);
#9315=LINE('',#606,#9318);
#9316=LINE('',#594,#9319);
#9317=LINE('',#598,#9320);
#9318=VECTOR('',#9321,1.0);
#9319=VECTOR('',#9322,1.0);
#9320=VECTOR('',#9323,1.0);
#9321=DIRECTION('',(0.0038149182500442167,-0.0038149182500442167,0.9999854462928404));
#9322=DIRECTION('',(-0.3511234415883917,0.9363291775690445,0));
#9323=DIRECTION('',(0.007627006514623372,-0.026694522801181803,-0.9996145413228257));
#9324=FACE_SURFACE('',(#9329),#9325,.T.);
#9325=PLANE('',#9326);
#9326=AXIS2_PLACEMENT_3D('',#606,#9327,#9328);
#9327=DIRECTION('',(-0.849972394168435,-0.5268257865423955,0.0012327958326219912));
#9328=DIRECTION('',(0.5268261868739647,-0.8499730400570588,0));
#9329=FACE_BOUND('',#9330,.T.);
#9330=EDGE_LOOP('',(#9331,#9332,#9333));
#9331=ORIENTED_EDGE('',*,*,#9334,.T.);
#9332=ORIENTED_EDGE('',*,*,#9335,.T.);
#9333=ORIENTED_EDGE('',*,*,#9336,.T.);
#9334=EDGE_CURVE('',#607,#545,#9337,.F.);
#9335=EDGE_CURVE('',#545,#595,#9338,.T.);
#9336=EDGE_CURVE('',#595,#607,#9339,.T.);
#9337=LINE('',#606,#9340);
#9338=LINE('',#544,#9341);
#9339=LINE('',#594,#9342);
#9340=VECTOR('',#9343,1.0);
#9341=VECTOR('',#9344,1.0);
#9342=VECTOR('',#9345,1.0);
#9343=DIRECTION('',(0.5268261868739647,-0.8499730400570588,0));
#9344=DIRECTION('',(-0.526650144081921,0.8497450304633735,0.023937605170361288));
#9345=DIRECTION('',(-0.0038149182500442167,0.0038149182500442167,-0.9999854462928404));
#9346=FACE_SURFACE('',(#9351),#9347,.T.);
#9347=PLANE('',#9348);
#9348=AXIS2_PLACEMENT_3D('',#538,#9349,#9350);
#9349=DIRECTION('',(0,0,1));
#9350=DIRECTION('',(-0.7992028353622234,0.6010614177843914,0));
#9351=FACE_BOUND('',#9352,.T.);
#9352=EDGE_LOOP('',(#9353,#9354,#9355));
#9353=ORIENTED_EDGE('',*,*,#9356,.T.);
#9354=ORIENTED_EDGE('',*,*,#9357,.T.);
#9355=ORIENTED_EDGE('',*,*,#9358,.T.);
#9356=EDGE_CURVE('',#539,#553,#9359,.F.);
#9357=EDGE_CURVE('',#553,#541,#9360,.T.);
#9358=EDGE_CURVE('',#541,#539,#9361,.T.);
#9359=LINE('',#538,#9362);
#9360=LINE('',#552,#9363);
#9361=LINE('',#540,#9364);
#9362=VECTOR('',#9365,1.0);
#9363=VECTOR('',#9366,1.0);
#9364=VECTOR('',#9367,1.0);
#9365=DIRECTION('',(-0.7992028353622234,0.6010614177843914,0));
#9366=DIRECTION('',(0.3060613247887746,-0.9520117990175018,0));
#9367=DIRECTION('',(0.9962580558314839,0.0864285033474023,0));
#9368=FACE_SURFACE('',(#9373),#9369,.T.);
#9369=PLANE('',#9370);
#9370=AXIS2_PLACEMENT_3D('',#606,#9371,#9372);
#9371=DIRECTION('',(0,-0.007041558687842259,0.9999752079182992));
#9372=DIRECTION('',(-0.37250432615012297,0.9280074480508134,0.0065347809190269696));
#9373=FACE_BOUND('',#9374,.T.);
#9374=EDGE_LOOP('',(#9375,#9376,#9377));
#9375=ORIENTED_EDGE('',*,*,#9378,.T.);
#9376=ORIENTED_EDGE('',*,*,#9379,.T.);
#9377=ORIENTED_EDGE('',*,*,#9380,.T.);
#9378=EDGE_CURVE('',#607,#601,#9381,.F.);
#9379=EDGE_CURVE('',#601,#609,#9382,.T.);
#9380=EDGE_CURVE('',#609,#607,#9383,.T.);
#9381=LINE('',#606,#9384);
#9382=LINE('',#600,#9385);
#9383=LINE('',#608,#9386);
#9384=VECTOR('',#9387,1.0);
#9385=VECTOR('',#9388,1.0);
#9386=VECTOR('',#9389,1.0);
#9387=DIRECTION('',(-0.37250432615012297,0.9280074480508134,0.0065347809190269696));
#9388=DIRECTION('',(-1,0,0));
#9389=DIRECTION('',(0.9968668510573289,-0.0790959609872824,-0.0005569726597749171));
#9390=FACE_SURFACE('',(#9395),#9391,.T.);
#9391=PLANE('',#9392);
#9392=AXIS2_PLACEMENT_3D('',#190,#9393,#9394);
#9393=DIRECTION('',(0.9238090816164674,0.3827982286642506,0.006503603189870486));
#9394=DIRECTION('',(-0.3828063245015539,0.9238286193453908,0));
#9395=FACE_BOUND('',#9396,.T.);
#9396=EDGE_LOOP('',(#9397,#9398,#9399));
#9397=ORIENTED_EDGE('',*,*,#9400,.T.);
#9398=ORIENTED_EDGE('',*,*,#9401,.T.);
#9399=ORIENTED_EDGE('',*,*,#9402,.T.);
#9400=EDGE_CURVE('',#191,#205,#9403,.F.);
#9401=EDGE_CURVE('',#205,#611,#9404,.T.);
#9402=EDGE_CURVE('',#611,#191,#9405,.T.);
#9403=LINE('',#190,#9406);
#9404=LINE('',#204,#9407);
#9405=LINE('',#610,#9408);
#9406=VECTOR('',#9409,1.0);
#9407=VECTOR('',#9410,1.0);
#9408=VECTOR('',#9411,1.0);
#9409=DIRECTION('',(-0.3828063245015539,0.9238286193453908,0));
#9410=DIRECTION('',(0.03136463648370717,-0.09260069446866225,0.9952092096449702));
#9411=DIRECTION('',(0.04331426057357301,-0.0876222593347692,-0.995211643068968));
#9412=FACE_SURFACE('',(#9417),#9413,.T.);
#9413=PLANE('',#9414);
#9414=AXIS2_PLACEMENT_3D('',#608,#9415,#9416);
#9415=DIRECTION('',(0.0005876190805542779,0.00036418365002114744,0.999999761037014));
#9416=DIRECTION('',(0.5267931926375976,-0.8499934894990002,0));
#9417=FACE_BOUND('',#9418,.T.);
#9418=EDGE_LOOP('',(#9419,#9420,#9421));
#9419=ORIENTED_EDGE('',*,*,#9422,.T.);
#9420=ORIENTED_EDGE('',*,*,#9423,.T.);
#9421=ORIENTED_EDGE('',*,*,#9424,.T.);
#9422=EDGE_CURVE('',#609,#613,#9425,.F.);
#9423=EDGE_CURVE('',#613,#607,#9426,.T.);
#9424=EDGE_CURVE('',#607,#609,#9427,.T.);
#9425=LINE('',#608,#9428);
#9426=LINE('',#612,#9429);
#9427=LINE('',#606,#9430);
#9428=VECTOR('',#9431,1.0);
#9429=VECTOR('',#9432,1.0);
#9430=VECTOR('',#9433,1.0);
#9431=DIRECTION('',(0.5267931926375976,-0.8499934894990002,0));
#9432=DIRECTION('',(0.9973436373098714,-0.07283787504824969,-0.0005595319216652488));
#9433=DIRECTION('',(-0.9968668510573289,0.0790959609872824,0.0005569726597749171));
#9434=FACE_SURFACE('',(#9439),#9435,.T.);
#9435=PLANE('',#9436);
#9436=AXIS2_PLACEMENT_3D('',#614,#9437,#9438);
#9437=DIRECTION('',(0.8320577608190636,0.5546889963400805,0));
#9438=DIRECTION('',(0,0,-1));
#9439=FACE_BOUND('',#9440,.T.);
#9440=EDGE_LOOP('',(#9441,#9442,#9443));
#9441=ORIENTED_EDGE('',*,*,#9444,.T.);
#9442=ORIENTED_EDGE('',*,*,#9445,.T.);
#9443=ORIENTED_EDGE('',*,*,#9446,.T.);
#9444=EDGE_CURVE('',#615,#187,#9447,.F.);
#9445=EDGE_CURVE('',#187,#191,#9448,.T.);
#9446=EDGE_CURVE('',#191,#615,#9449,.T.);
#9447=LINE('',#614,#9450);
#9448=LINE('',#186,#9451);
#9449=LINE('',#190,#9452);
#9450=VECTOR('',#9453,1.0);
#9451=VECTOR('',#9454,1.0);
#9452=VECTOR('',#9455,1.0);
#9453=DIRECTION('',(0,0,-1));
#9454=DIRECTION('',(-0.5546889963400805,0.8320577608190637,0));
#9455=DIRECTION('',(0.054264391525790344,-0.08139896122524826,0.995203288240039));
#9456=FACE_SURFACE('',(#9461),#9457,.T.);
#9457=PLANE('',#9458);
#9458=AXIS2_PLACEMENT_3D('',#564,#9459,#9460);
#9459=DIRECTION('',(0,-0,1));
#9460=DIRECTION('',(0.8767895315267094,0.4808743259991884,0));
#9461=FACE_BOUND('',#9462,.T.);
#9462=EDGE_LOOP('',(#9463,#9464,#9465));
#9463=ORIENTED_EDGE('',*,*,#9466,.T.);
#9464=ORIENTED_EDGE('',*,*,#9467,.T.);
#9465=ORIENTED_EDGE('',*,*,#9468,.T.);
#9466=EDGE_CURVE('',#565,#555,#9469,.F.);
#9467=EDGE_CURVE('',#555,#571,#9470,.T.);
#9468=EDGE_CURVE('',#571,#565,#9471,.T.);
#9469=LINE('',#564,#9472);
#9470=LINE('',#554,#9473);
#9471=LINE('',#570,#9474);
#9472=VECTOR('',#9475,1.0);
#9473=VECTOR('',#9476,1.0);
#9474=VECTOR('',#9477,1.0);
#9475=DIRECTION('',(0.8767895315267094,0.4808743259991884,0));
#9476=DIRECTION('',(-0.7177768712262714,0.6962731957591248,0));
#9477=DIRECTION('',(0.6492506123982114,-0.7605745474971849,0));
#9478=FACE_SURFACE('',(#9483),#9479,.T.);
#9479=PLANE('',#9480);
#9480=AXIS2_PLACEMENT_3D('',#554,#9481,#9482);
#9481=DIRECTION('',(0,-0,1));
#9482=DIRECTION('',(0.9808750288431656,0.19463858248538254,0));
#9483=FACE_BOUND('',#9484,.T.);
#9484=EDGE_LOOP('',(#9485,#9486,#9487));
#9485=ORIENTED_EDGE('',*,*,#9488,.T.);
#9486=ORIENTED_EDGE('',*,*,#9489,.T.);
#9487=ORIENTED_EDGE('',*,*,#9490,.T.);
#9488=EDGE_CURVE('',#555,#561,#9491,.F.);
#9489=EDGE_CURVE('',#561,#571,#9492,.T.);
#9490=EDGE_CURVE('',#571,#555,#9493,.T.);
#9491=LINE('',#554,#9494);
#9492=LINE('',#560,#9495);
#9493=LINE('',#570,#9496);
#9494=VECTOR('',#9497,1.0);
#9495=VECTOR('',#9498,1.0);
#9496=VECTOR('',#9499,1.0);
#9497=DIRECTION('',(0.9808750288431656,0.19463858248538254,0));
#9498=DIRECTION('',(-0.8083206310060341,0.5887425222370191,0));
#9499=DIRECTION('',(0.7177768712262714,-0.6962731957591248,0));
#9500=FACE_SURFACE('',(#9505),#9501,.T.);
#9501=PLANE('',#9502);
#9502=AXIS2_PLACEMENT_3D('',#586,#9503,#9504);
#9503=DIRECTION('',(0,-0,1));
#9504=DIRECTION('',(0.7795387119801389,0.6263540504573638,0));
#9505=FACE_BOUND('',#9506,.T.);
#9506=EDGE_LOOP('',(#9507,#9508,#9509));
#9507=ORIENTED_EDGE('',*,*,#9510,.T.);
#9508=ORIENTED_EDGE('',*,*,#9511,.T.);
#9509=ORIENTED_EDGE('',*,*,#9512,.T.);
#9510=EDGE_CURVE('',#587,#565,#9513,.F.);
#9511=EDGE_CURVE('',#565,#571,#9514,.T.);
#9512=EDGE_CURVE('',#571,#587,#9515,.T.);
#9513=LINE('',#586,#9516);
#9514=LINE('',#564,#9517);
#9515=LINE('',#570,#9518);
#9516=VECTOR('',#9519,1.0);
#9517=VECTOR('',#9520,1.0);
#9518=VECTOR('',#9521,1.0);
#9519=DIRECTION('',(0.7795387119801389,0.6263540504573638,0));
#9520=DIRECTION('',(-0.6492506123982114,0.7605745474971849,0));
#9521=DIRECTION('',(0.5717280753529239,-0.8204431777114375,0));
#9522=FACE_SURFACE('',(#9527),#9523,.T.);
#9523=PLANE('',#9524);
#9524=AXIS2_PLACEMENT_3D('',#614,#9525,#9526);
#9525=DIRECTION('',(0.8660207881120964,0.49996795538326155,-0.006327570432987452));
#9526=DIRECTION('',(-0.054264391525790344,0.08139896122524826,-0.995203288240039));
#9527=FACE_BOUND('',#9528,.T.);
#9528=EDGE_LOOP('',(#9529,#9530,#9531));
#9529=ORIENTED_EDGE('',*,*,#9532,.T.);
#9530=ORIENTED_EDGE('',*,*,#9533,.T.);
#9531=ORIENTED_EDGE('',*,*,#9534,.T.);
#9532=EDGE_CURVE('',#615,#191,#9535,.F.);
#9533=EDGE_CURVE('',#191,#611,#9536,.T.);
#9534=EDGE_CURVE('',#611,#615,#9537,.T.);
#9535=LINE('',#614,#9538);
#9536=LINE('',#190,#9539);
#9537=LINE('',#610,#9540);
#9538=VECTOR('',#9541,1.0);
#9539=VECTOR('',#9542,1.0);
#9540=VECTOR('',#9543,1.0);
#9541=DIRECTION('',(-0.054264391525790344,0.08139896122524826,-0.995203288240039));
#9542=DIRECTION('',(-0.04331426057357301,0.0876222593347692,0.995211643068968));
#9543=DIRECTION('',(0.49997796457921734,-0.8660381255667806,0));
#9544=FACE_SURFACE('',(#9549),#9545,.T.);
#9545=PLANE('',#9546);
#9546=AXIS2_PLACEMENT_3D('',#572,#9547,#9548);
#9547=DIRECTION('',(0,-0,1));
#9548=DIRECTION('',(0.9980193721892621,0.06290733450839733,0));
#9549=FACE_BOUND('',#9550,.T.);
#9550=EDGE_LOOP('',(#9551,#9552,#9553));
#9551=ORIENTED_EDGE('',*,*,#9554,.T.);
#9552=ORIENTED_EDGE('',*,*,#9555,.T.);
#9553=ORIENTED_EDGE('',*,*,#9556,.T.);
#9554=EDGE_CURVE('',#573,#617,#9557,.F.);
#9555=EDGE_CURVE('',#617,#571,#9558,.T.);
#9556=EDGE_CURVE('',#571,#573,#9559,.T.);
#9557=LINE('',#572,#9560);
#9558=LINE('',#616,#9561);
#9559=LINE('',#570,#9562);
#9560=VECTOR('',#9563,1.0);
#9561=VECTOR('',#9564,1.0);
#9562=VECTOR('',#9565,1.0);
#9563=DIRECTION('',(0.9980193721892621,0.06290733450839733,0));
#9564=DIRECTION('',(-0.4479004819799263,0.8940834179438458,0));
#9565=DIRECTION('',(0.14679317089205896,-0.9891672077962627,0));
#9566=FACE_SURFACE('',(#9571),#9567,.T.);
#9567=PLANE('',#9568);
#9568=AXIS2_PLACEMENT_3D('',#618,#9569,#9570);
#9569=DIRECTION('',(0,-0,1));
#9570=DIRECTION('',(0.37405753406752146,0.9274054998798126,0));
#9571=FACE_BOUND('',#9572,.T.);
#9572=EDGE_LOOP('',(#9573,#9574,#9575));
#9573=ORIENTED_EDGE('',*,*,#9576,.T.);
#9574=ORIENTED_EDGE('',*,*,#9577,.T.);
#9575=ORIENTED_EDGE('',*,*,#9578,.T.);
#9576=EDGE_CURVE('',#619,#617,#9579,.F.);
#9577=EDGE_CURVE('',#617,#573,#9580,.T.);
#9578=EDGE_CURVE('',#573,#619,#9581,.T.);
#9579=LINE('',#618,#9582);
#9580=LINE('',#616,#9583);
#9581=LINE('',#572,#9584);
#9582=VECTOR('',#9585,1.0);
#9583=VECTOR('',#9586,1.0);
#9584=VECTOR('',#9587,1.0);
#9585=DIRECTION('',(0.37405753406752146,0.9274054998798126,0));
#9586=DIRECTION('',(-0.9980193721892621,-0.06290733450839733,0));
#9587=DIRECTION('',(0.9874238772579768,-0.15809518215563675,0));
#9588=FACE_SURFACE('',(#9593),#9589,.T.);
#9589=PLANE('',#9590);
#9590=AXIS2_PLACEMENT_3D('',#584,#9591,#9592);
#9591=DIRECTION('',(0,0,1));
#9592=DIRECTION('',(-0.5193492134429865,0.8545621068688638,0));
#9593=FACE_BOUND('',#9594,.T.);
#9594=EDGE_LOOP('',(#9595,#9596,#9597));
#9595=ORIENTED_EDGE('',*,*,#9598,.T.);
#9596=ORIENTED_EDGE('',*,*,#9599,.T.);
#9597=ORIENTED_EDGE('',*,*,#9600,.T.);
#9598=EDGE_CURVE('',#585,#571,#9601,.F.);
#9599=EDGE_CURVE('',#571,#617,#9602,.T.);
#9600=EDGE_CURVE('',#617,#585,#9603,.T.);
#9601=LINE('',#584,#9604);
#9602=LINE('',#570,#9605);
#9603=LINE('',#616,#9606);
#9604=VECTOR('',#9607,1.0);
#9605=VECTOR('',#9608,1.0);
#9606=VECTOR('',#9609,1.0);
#9607=DIRECTION('',(-0.5193492134429865,0.8545621068688638,0));
#9608=DIRECTION('',(0.4479004819799263,-0.8940834179438458,0));
#9609=DIRECTION('',(0.5204869782050339,0.8538696068598488,0));
#9610=FACE_SURFACE('',(#9615),#9611,.T.);
#9611=PLANE('',#9612);
#9612=AXIS2_PLACEMENT_3D('',#614,#9613,#9614);
#9613=DIRECTION('',(0.6306727555829805,0.7760488872264235,0));
#9614=DIRECTION('',(0.7760488872264235,-0.6306727555829804,0));
#9615=FACE_BOUND('',#9616,.T.);
#9616=EDGE_LOOP('',(#9617,#9618,#9619));
#9617=ORIENTED_EDGE('',*,*,#9620,.T.);
#9618=ORIENTED_EDGE('',*,*,#9621,.T.);
#9619=ORIENTED_EDGE('',*,*,#9622,.T.);
#9620=EDGE_CURVE('',#615,#621,#9623,.F.);
#9621=EDGE_CURVE('',#621,#187,#9624,.T.);
#9622=EDGE_CURVE('',#187,#615,#9625,.T.);
#9623=LINE('',#614,#9626);
#9624=LINE('',#620,#9627);
#9625=LINE('',#186,#9628);
#9626=VECTOR('',#9629,1.0);
#9627=VECTOR('',#9630,1.0);
#9628=VECTOR('',#9631,1.0);
#9629=DIRECTION('',(0.7760488872264235,-0.6306727555829804,0));
#9630=DIRECTION('',(-0.25025960857698043,0.20337883289343936,-0.9465765572027436));
#9631=DIRECTION('',(0,0,1));
#9632=FACE_SURFACE('',(#9637),#9633,.T.);
#9633=PLANE('',#9634);
#9634=AXIS2_PLACEMENT_3D('',#622,#9635,#9636);
#9635=DIRECTION('',(-0.1092657653093291,-0.9940021171081319,0.004558916090288529));
#9636=DIRECTION('',(-0.1188822618563598,0.017621324948895414,0.9927519814752128));
#9637=FACE_BOUND('',#9638,.T.);
#9638=EDGE_LOOP('',(#9639,#9640,#9641));
#9639=ORIENTED_EDGE('',*,*,#9642,.T.);
#9640=ORIENTED_EDGE('',*,*,#9643,.T.);
#9641=ORIENTED_EDGE('',*,*,#9644,.T.);
#9642=EDGE_CURVE('',#623,#247,#9645,.F.);
#9643=EDGE_CURVE('',#247,#625,#9646,.T.);
#9644=EDGE_CURVE('',#625,#623,#9647,.T.);
#9645=LINE('',#622,#9648);
#9646=LINE('',#246,#9649);
#9647=LINE('',#624,#9650);
#9648=VECTOR('',#9651,1.0);
#9649=VECTOR('',#9652,1.0);
#9650=VECTOR('',#9653,1.0);
#9651=DIRECTION('',(-0.1188822618563598,0.017621324948895414,0.9927519814752128));
#9652=DIRECTION('',(0.05869516758649897,-0.011030309388664375,-0.9982150116967702));
#9653=DIRECTION('',(0.9940124467979613,-0.10926690080134183,0));
#9654=FACE_SURFACE('',(#9659),#9655,.T.);
#9655=PLANE('',#9656);
#9656=AXIS2_PLACEMENT_3D('',#596,#9657,#9658);
#9657=DIRECTION('',(-0,0,-1));
#9658=DIRECTION('',(-0.2882079776285357,-0.9575678365689134,0));
#9659=FACE_BOUND('',#9660,.T.);
#9660=EDGE_LOOP('',(#9661,#9662,#9663));
#9661=ORIENTED_EDGE('',*,*,#9664,.T.);
#9662=ORIENTED_EDGE('',*,*,#9665,.T.);
#9663=ORIENTED_EDGE('',*,*,#9666,.T.);
#9664=EDGE_CURVE('',#597,#577,#9667,.F.);
#9665=EDGE_CURVE('',#577,#627,#9668,.T.);
#9666=EDGE_CURVE('',#627,#597,#9669,.T.);
#9667=LINE('',#596,#9670);
#9668=LINE('',#576,#9671);
#9669=LINE('',#626,#9672);
#9670=VECTOR('',#9673,1.0);
#9671=VECTOR('',#9674,1.0);
#9672=VECTOR('',#9675,1.0);
#9673=DIRECTION('',(-0.2882079776285357,-0.9575678365689134,0));
#9674=DIRECTION('',(0.09996105862293798,0.9949913500925429,0));
#9675=DIRECTION('',(0.9790645764021159,-0.20354988389715492,0));
#9676=FACE_SURFACE('',(#9681),#9677,.T.);
#9677=PLANE('',#9678);
#9678=AXIS2_PLACEMENT_3D('',#586,#9679,#9680);
#9679=DIRECTION('',(0.7525748922805678,-0.6585066677786124,0));
#9680=DIRECTION('',(-0.6585066677786123,-0.7525748922805677,0));
#9681=FACE_BOUND('',#9682,.T.);
#9682=EDGE_LOOP('',(#9683,#9684,#9685));
#9683=ORIENTED_EDGE('',*,*,#9686,.T.);
#9684=ORIENTED_EDGE('',*,*,#9687,.T.);
#9685=ORIENTED_EDGE('',*,*,#9688,.T.);
#9686=EDGE_CURVE('',#587,#585,#9689,.F.);
#9687=EDGE_CURVE('',#585,#629,#9690,.T.);
#9688=EDGE_CURVE('',#629,#587,#9691,.T.);
#9689=LINE('',#586,#9692);
#9690=LINE('',#584,#9693);
#9691=LINE('',#628,#9694);
#9692=VECTOR('',#9695,1.0);
#9693=VECTOR('',#9696,1.0);
#9694=VECTOR('',#9697,1.0);
#9695=DIRECTION('',(-0.6585066677786123,-0.7525748922805677,0));
#9696=DIRECTION('',(0,0,-1));
#9697=DIRECTION('',(0.06447182432121987,0.07368167798110427,0.9951956562398083));
#9698=FACE_SURFACE('',(#9703),#9699,.T.);
#9699=PLANE('',#9700);
#9700=AXIS2_PLACEMENT_3D('',#248,#9701,#9702);
#9701=DIRECTION('',(-0.3468419871195115,-0.937923576828618,0));
#9702=DIRECTION('',(-0.937923576828618,0.3468419871195115,0));
#9703=FACE_BOUND('',#9704,.T.);
#9704=EDGE_LOOP('',(#9705,#9706,#9707));
#9705=ORIENTED_EDGE('',*,*,#9708,.T.);
#9706=ORIENTED_EDGE('',*,*,#9709,.T.);
#9707=ORIENTED_EDGE('',*,*,#9710,.T.);
#9708=EDGE_CURVE('',#249,#251,#9711,.F.);
#9709=EDGE_CURVE('',#251,#631,#9712,.T.);
#9710=EDGE_CURVE('',#631,#249,#9713,.T.);
#9711=LINE('',#248,#9714);
#9712=LINE('',#250,#9715);
#9713=LINE('',#630,#9716);
#9714=VECTOR('',#9717,1.0);
#9715=VECTOR('',#9718,1.0);
#9716=VECTOR('',#9719,1.0);
#9717=DIRECTION('',(-0.937923576828618,0.3468419871195115,0));
#9718=DIRECTION('',(0,0,-1));
#9719=DIRECTION('',(0.05157171968595505,-0.0190711036346147,0.9984871810568182));
#9720=FACE_SURFACE('',(#9725),#9721,.T.);
#9721=PLANE('',#9722);
#9722=AXIS2_PLACEMENT_3D('',#628,#9723,#9724);
#9723=DIRECTION('',(0.8538696068598488,-0.5204869782050338,0));
#9724=DIRECTION('',(0,0,1));
#9725=FACE_BOUND('',#9726,.T.);
#9726=EDGE_LOOP('',(#9727,#9728,#9729));
#9727=ORIENTED_EDGE('',*,*,#9730,.T.);
#9728=ORIENTED_EDGE('',*,*,#9731,.T.);
#9729=ORIENTED_EDGE('',*,*,#9732,.T.);
#9730=EDGE_CURVE('',#629,#585,#9733,.F.);
#9731=EDGE_CURVE('',#585,#617,#9734,.T.);
#9732=EDGE_CURVE('',#617,#629,#9735,.T.);
#9733=LINE('',#628,#9736);
#9734=LINE('',#584,#9737);
#9735=LINE('',#616,#9738);
#9736=VECTOR('',#9739,1.0);
#9737=VECTOR('',#9740,1.0);
#9738=VECTOR('',#9741,1.0);
#9739=DIRECTION('',(0,0,1));
#9740=DIRECTION('',(-0.5204869782050339,-0.8538696068598488,0));
#9741=DIRECTION('',(0.07572386074377814,0.1242265530372772,-0.9893602278414741));
#9742=FACE_SURFACE('',(#9747),#9743,.T.);
#9743=PLANE('',#9744);
#9744=AXIS2_PLACEMENT_3D('',#632,#9745,#9746);
#9745=DIRECTION('',(0,0,-1));
#9746=DIRECTION('',(0.9993421514586814,0.03626657301060837,0));
#9747=FACE_BOUND('',#9748,.T.);
#9748=EDGE_LOOP('',(#9749,#9750,#9751));
#9749=ORIENTED_EDGE('',*,*,#9752,.T.);
#9750=ORIENTED_EDGE('',*,*,#9753,.T.);
#9751=ORIENTED_EDGE('',*,*,#9754,.T.);
#9752=EDGE_CURVE('',#633,#635,#9755,.F.);
#9753=EDGE_CURVE('',#635,#559,#9756,.T.);
#9754=EDGE_CURVE('',#559,#633,#9757,.T.);
#9755=LINE('',#632,#9758);
#9756=LINE('',#634,#9759);
#9757=LINE('',#558,#9760);
#9758=VECTOR('',#9761,1.0);
#9759=VECTOR('',#9762,1.0);
#9760=VECTOR('',#9763,1.0);
#9761=DIRECTION('',(0.9993421514586814,0.03626657301060837,0));
#9762=DIRECTION('',(0.03272463758941669,-0.999464405616649,0));
#9763=DIRECTION('',(-0.1784396612584214,0.9839508561355997,0));
#9764=FACE_SURFACE('',(#9769),#9765,.T.);
#9765=PLANE('',#9766);
#9766=AXIS2_PLACEMENT_3D('',#618,#9767,#9768);
#9767=DIRECTION('',(0.9274054998798127,-0.3740575340675215,0));
#9768=DIRECTION('',(0,0,-1));
#9769=FACE_BOUND('',#9770,.T.);
#9770=EDGE_LOOP('',(#9771,#9772,#9773));
#9771=ORIENTED_EDGE('',*,*,#9774,.T.);
#9772=ORIENTED_EDGE('',*,*,#9775,.T.);
#9773=ORIENTED_EDGE('',*,*,#9776,.T.);
#9774=EDGE_CURVE('',#619,#637,#9777,.F.);
#9775=EDGE_CURVE('',#637,#617,#9778,.T.);
#9776=EDGE_CURVE('',#617,#619,#9779,.T.);
#9777=LINE('',#618,#9780);
#9778=LINE('',#636,#9781);
#9779=LINE('',#616,#9782);
#9780=VECTOR('',#9783,1.0);
#9781=VECTOR('',#9784,1.0);
#9782=VECTOR('',#9785,1.0);
#9783=DIRECTION('',(0,0,-1));
#9784=DIRECTION('',(0.3736915688146305,0.9264981576733735,0.04422414752943447));
#9785=DIRECTION('',(-0.37405753406752146,-0.9274054998798126,0));
#9786=FACE_SURFACE('',(#9791),#9787,.T.);
#9787=PLANE('',#9788);
#9788=AXIS2_PLACEMENT_3D('',#128,#9789,#9790);
#9789=DIRECTION('',(0,0,-1));
#9790=DIRECTION('',(-0.8763989546426254,0.4815857891397059,0));
#9791=FACE_BOUND('',#9792,.T.);
#9792=EDGE_LOOP('',(#9793,#9794,#9795));
#9793=ORIENTED_EDGE('',*,*,#9796,.T.);
#9794=ORIENTED_EDGE('',*,*,#9797,.T.);
#9795=ORIENTED_EDGE('',*,*,#9798,.T.);
#9796=EDGE_CURVE('',#129,#639,#9799,.F.);
#9797=EDGE_CURVE('',#639,#597,#9800,.T.);
#9798=EDGE_CURVE('',#597,#129,#9801,.T.);
#9799=LINE('',#128,#9802);
#9800=LINE('',#638,#9803);
#9801=LINE('',#596,#9804);
#9802=VECTOR('',#9805,1.0);
#9803=VECTOR('',#9806,1.0);
#9804=VECTOR('',#9807,1.0);
#9805=DIRECTION('',(-0.8763989546426254,0.4815857891397059,0));
#9806=DIRECTION('',(0.21909290947580273,0.9757040007181622,0));
#9807=DIRECTION('',(-0.15308443372900357,-0.9882131127190481,0));
#9808=FACE_SURFACE('',(#9813),#9809,.T.);
#9809=PLANE('',#9810);
#9810=AXIS2_PLACEMENT_3D('',#638,#9811,#9812);
#9811=DIRECTION('',(0,0,-1));
#9812=DIRECTION('',(-0.9602280861309779,0.27921680215423905,0));
#9813=FACE_BOUND('',#9814,.T.);
#9814=EDGE_LOOP('',(#9815,#9816,#9817));
#9815=ORIENTED_EDGE('',*,*,#9818,.T.);
#9816=ORIENTED_EDGE('',*,*,#9819,.T.);
#9817=ORIENTED_EDGE('',*,*,#9820,.T.);
#9818=EDGE_CURVE('',#639,#577,#9821,.F.);
#9819=EDGE_CURVE('',#577,#597,#9822,.T.);
#9820=EDGE_CURVE('',#597,#639,#9823,.T.);
#9821=LINE('',#638,#9824);
#9822=LINE('',#576,#9825);
#9823=LINE('',#596,#9826);
#9824=VECTOR('',#9827,1.0);
#9825=VECTOR('',#9828,1.0);
#9826=VECTOR('',#9829,1.0);
#9827=DIRECTION('',(-0.9602280861309779,0.27921680215423905,0));
#9828=DIRECTION('',(0.2882079776285357,0.9575678365689134,0));
#9829=DIRECTION('',(-0.21909290947580273,-0.9757040007181622,0));
#9830=FACE_SURFACE('',(#9835),#9831,.T.);
#9831=PLANE('',#9832);
#9832=AXIS2_PLACEMENT_3D('',#130,#9833,#9834);
#9833=DIRECTION('',(0,0,-1));
#9834=DIRECTION('',(-0.7802047664399591,0.6255241981125661,0));
#9835=FACE_BOUND('',#9836,.T.);
#9836=EDGE_LOOP('',(#9837,#9838,#9839));
#9837=ORIENTED_EDGE('',*,*,#9840,.T.);
#9838=ORIENTED_EDGE('',*,*,#9841,.T.);
#9839=ORIENTED_EDGE('',*,*,#9842,.T.);
#9840=EDGE_CURVE('',#131,#129,#9843,.F.);
#9841=EDGE_CURVE('',#129,#597,#9844,.T.);
#9842=EDGE_CURVE('',#597,#131,#9845,.T.);
#9843=LINE('',#130,#9846);
#9844=LINE('',#128,#9847);
#9845=LINE('',#596,#9848);
#9846=VECTOR('',#9849,1.0);
#9847=VECTOR('',#9850,1.0);
#9848=VECTOR('',#9851,1.0);
#9849=DIRECTION('',(-0.7802047664399591,0.6255241981125661,0));
#9850=DIRECTION('',(0.15308443372900357,0.9882131127190481,0));
#9851=DIRECTION('',(-0.09500349831597726,-0.995476938611702,0));
#9852=FACE_SURFACE('',(#9857),#9853,.T.);
#9853=PLANE('',#9854);
#9854=AXIS2_PLACEMENT_3D('',#640,#9855,#9856);
#9855=DIRECTION('',(0.9471449326234429,-0.3208059796913612,0));
#9856=DIRECTION('',(0.3208059796913612,0.9471449326234428,0));
#9857=FACE_BOUND('',#9858,.T.);
#9858=EDGE_LOOP('',(#9859,#9860,#9861));
#9859=ORIENTED_EDGE('',*,*,#9862,.T.);
#9860=ORIENTED_EDGE('',*,*,#9863,.T.);
#9861=ORIENTED_EDGE('',*,*,#9864,.T.);
#9862=EDGE_CURVE('',#641,#605,#9865,.F.);
#9863=EDGE_CURVE('',#605,#643,#9866,.T.);
#9864=EDGE_CURVE('',#643,#641,#9867,.T.);
#9865=LINE('',#640,#9868);
#9866=LINE('',#604,#9869);
#9867=LINE('',#642,#9870);
#9868=VECTOR('',#9871,1.0);
#9869=VECTOR('',#9872,1.0);
#9870=VECTOR('',#9873,1.0);
#9871=DIRECTION('',(0.3208059796913612,0.9471449326234428,0));
#9872=DIRECTION('',(-0.03136463648370717,-0.09260069446866225,0.9952092096449702));
#9873=DIRECTION('',(0,0,-1));
#9874=FACE_SURFACE('',(#9879),#9875,.T.);
#9875=PLANE('',#9876);
#9876=AXIS2_PLACEMENT_3D('',#590,#9877,#9878);
#9877=DIRECTION('',(0.9471449326234429,-0.3208059796913612,0));
#9878=DIRECTION('',(-0.3208059796913612,-0.9471449326234428,0));
#9879=FACE_BOUND('',#9880,.T.);
#9880=EDGE_LOOP('',(#9881,#9882,#9883));
#9881=ORIENTED_EDGE('',*,*,#9884,.T.);
#9882=ORIENTED_EDGE('',*,*,#9885,.T.);
#9883=ORIENTED_EDGE('',*,*,#9886,.T.);
#9884=EDGE_CURVE('',#591,#643,#9887,.F.);
#9885=EDGE_CURVE('',#643,#605,#9888,.T.);
#9886=EDGE_CURVE('',#605,#591,#9889,.T.);
#9887=LINE('',#590,#9890);
#9888=LINE('',#642,#9891);
#9889=LINE('',#604,#9892);
#9890=VECTOR('',#9893,1.0);
#9891=VECTOR('',#9894,1.0);
#9892=VECTOR('',#9895,1.0);
#9893=DIRECTION('',(-0.3208059796913612,-0.9471449326234428,0));
#9894=DIRECTION('',(0.03136463648370717,0.09260069446866225,-0.9952092096449702));
#9895=DIRECTION('',(0,0,1));
#9896=FACE_SURFACE('',(#9901),#9897,.T.);
#9897=PLANE('',#9898);
#9898=AXIS2_PLACEMENT_3D('',#644,#9899,#9900);
#9899=DIRECTION('',(0.9884706760526225,-0.15141242546129294,0));
#9900=DIRECTION('',(0,0,-1));
#9901=FACE_BOUND('',#9902,.T.);
#9902=EDGE_LOOP('',(#9903,#9904,#9905));
#9903=ORIENTED_EDGE('',*,*,#9906,.T.);
#9904=ORIENTED_EDGE('',*,*,#9907,.T.);
#9905=ORIENTED_EDGE('',*,*,#9908,.T.);
#9906=EDGE_CURVE('',#645,#647,#9909,.F.);
#9907=EDGE_CURVE('',#647,#643,#9910,.T.);
#9908=EDGE_CURVE('',#643,#645,#9911,.T.);
#9909=LINE('',#644,#9912);
#9910=LINE('',#646,#9913);
#9911=LINE('',#642,#9914);
#9912=VECTOR('',#9915,1.0);
#9913=VECTOR('',#9916,1.0);
#9914=VECTOR('',#9917,1.0);
#9915=DIRECTION('',(0,0,-1));
#9916=DIRECTION('',(0.02202361249077247,0.14377746781052686,0.9893649479554292));
#9917=DIRECTION('',(-0.15141242546129294,-0.9884706760526224,0));
#9918=FACE_SURFACE('',(#9923),#9919,.T.);
#9919=PLANE('',#9920);
#9920=AXIS2_PLACEMENT_3D('',#640,#9921,#9922);
#9921=DIRECTION('',(0.9884706760526225,-0.15141242546129294,0));
#9922=DIRECTION('',(0,0,1));
#9923=FACE_BOUND('',#9924,.T.);
#9924=EDGE_LOOP('',(#9925,#9926,#9927));
#9925=ORIENTED_EDGE('',*,*,#9928,.T.);
#9926=ORIENTED_EDGE('',*,*,#9929,.T.);
#9927=ORIENTED_EDGE('',*,*,#9930,.T.);
#9928=EDGE_CURVE('',#641,#643,#9931,.F.);
#9929=EDGE_CURVE('',#643,#647,#9932,.T.);
#9930=EDGE_CURVE('',#647,#641,#9933,.T.);
#9931=LINE('',#640,#9934);
#9932=LINE('',#642,#9935);
#9933=LINE('',#646,#9936);
#9934=VECTOR('',#9937,1.0);
#9935=VECTOR('',#9938,1.0);
#9936=VECTOR('',#9939,1.0);
#9937=DIRECTION('',(0,0,1));
#9938=DIRECTION('',(-0.02202361249077247,-0.14377746781052686,-0.9893649479554292));
#9939=DIRECTION('',(0.15141242546129294,0.9884706760526224,0));
#9940=FACE_SURFACE('',(#9945),#9941,.T.);
#9941=PLANE('',#9942);
#9942=AXIS2_PLACEMENT_3D('',#646,#9943,#9944);
#9943=DIRECTION('',(0.9997917820071476,0.02040570094293509,-0));
#9944=DIRECTION('',(0,0,1));
#9945=FACE_BOUND('',#9946,.T.);
#9946=EDGE_LOOP('',(#9947,#9948,#9949));
#9947=ORIENTED_EDGE('',*,*,#9950,.T.);
#9948=ORIENTED_EDGE('',*,*,#9951,.T.);
#9949=ORIENTED_EDGE('',*,*,#9952,.T.);
#9950=EDGE_CURVE('',#647,#645,#9953,.F.);
#9951=EDGE_CURVE('',#645,#341,#9954,.T.);
#9952=EDGE_CURVE('',#341,#647,#9955,.T.);
#9953=LINE('',#646,#9956);
#9954=LINE('',#644,#9957);
#9955=LINE('',#340,#9958);
#9956=VECTOR('',#9959,1.0);
#9957=VECTOR('',#9960,1.0);
#9958=VECTOR('',#9961,1.0);
#9959=DIRECTION('',(0,0,1));
#9960=DIRECTION('',(0.0029697997062962875,-0.14550744171276633,-0.9893526998476886));
#9961=DIRECTION('',(-0.02040570094293509,0.9997917820071476,0));
#9962=FACE_SURFACE('',(#9967),#9963,.T.);
#9963=PLANE('',#9964);
#9964=AXIS2_PLACEMENT_3D('',#458,#9965,#9966);
#9965=DIRECTION('',(0,-0,1));
#9966=DIRECTION('',(0.0005109665377935733,0.9999998694565901,0));
#9967=FACE_BOUND('',#9968,.T.);
#9968=EDGE_LOOP('',(#9969,#9970,#9971));
#9969=ORIENTED_EDGE('',*,*,#9972,.T.);
#9970=ORIENTED_EDGE('',*,*,#9973,.T.);
#9971=ORIENTED_EDGE('',*,*,#9974,.T.);
#9972=EDGE_CURVE('',#459,#525,#9975,.F.);
#9973=EDGE_CURVE('',#525,#457,#9976,.T.);
#9974=EDGE_CURVE('',#457,#459,#9977,.T.);
#9975=LINE('',#458,#9978);
#9976=LINE('',#524,#9979);
#9977=LINE('',#456,#9980);
#9978=VECTOR('',#9981,1.0);
#9979=VECTOR('',#9982,1.0);
#9980=VECTOR('',#9983,1.0);
#9981=DIRECTION('',(0.0005109665377935733,0.9999998694565901,0));
#9982=DIRECTION('',(-0.22967787245526922,-0.9732667028643387,0));
#9983=DIRECTION('',(0.9484935330412962,0.316796492687087,0));
#9984=FACE_SURFACE('',(#9989),#9985,.T.);
#9985=PLANE('',#9986);
#9986=AXIS2_PLACEMENT_3D('',#318,#9987,#9988);
#9987=DIRECTION('',(-1.5511902198997612E-21,-3.1957087504299535E-21,-1));
#9988=DIRECTION('',(0.8936866383521049,-0.4486916451539008,4.760984359625236E-23));
#9989=FACE_BOUND('',#9990,.T.);
#9990=EDGE_LOOP('',(#9991,#9992,#9993));
#9991=ORIENTED_EDGE('',*,*,#9994,.T.);
#9992=ORIENTED_EDGE('',*,*,#9995,.T.);
#9993=ORIENTED_EDGE('',*,*,#9996,.T.);
#9994=EDGE_CURVE('',#319,#511,#9997,.F.);
#9995=EDGE_CURVE('',#511,#327,#9998,.T.);
#9996=EDGE_CURVE('',#327,#319,#9999,.T.);
#9997=LINE('',#318,#10000);
#9998=LINE('',#510,#10001);
#9999=LINE('',#326,#10002);
#10000=VECTOR('',#10003,1.0);
#10001=VECTOR('',#10004,1.0);
#10002=VECTOR('',#10005,1.0);
#10003=DIRECTION('',(0.8936866383521049,-0.4486916451539008,4.760984359625236E-23));
#10004=DIRECTION('',(-0.8996199977753814,0.43667363053271585,0));
#10005=DIRECTION('',(0.2578256830374363,0.9661914495410728,-3.487603147855654E-21));
#10006=FACE_SURFACE('',(#10011),#10007,.T.);
#10007=PLANE('',#10008);
#10008=AXIS2_PLACEMENT_3D('',#360,#10009,#10010);
#10009=DIRECTION('',(0,0,-1));
#10010=DIRECTION('',(0.4421175275003445,0.896957129341744,0));
#10011=FACE_BOUND('',#10012,.T.);
#10012=EDGE_LOOP('',(#10013,#10014,#10015));
#10013=ORIENTED_EDGE('',*,*,#10016,.T.);
#10014=ORIENTED_EDGE('',*,*,#10017,.T.);
#10015=ORIENTED_EDGE('',*,*,#10018,.T.);
#10016=EDGE_CURVE('',#361,#327,#10019,.F.);
#10017=EDGE_CURVE('',#327,#511,#10020,.T.);
#10018=EDGE_CURVE('',#511,#361,#10021,.T.);
#10019=LINE('',#360,#10022);
#10020=LINE('',#326,#10023);
#10021=LINE('',#510,#10024);
#10022=VECTOR('',#10025,1.0);
#10023=VECTOR('',#10026,1.0);
#10024=VECTOR('',#10027,1.0);
#10025=DIRECTION('',(0.4421175275003445,0.896957129341744,0));
#10026=DIRECTION('',(0.8996199977753814,-0.43667363053271585,0));
#10027=DIRECTION('',(-0.9026008426419259,0.4304784766536946,0));
#10028=FACE_SURFACE('',(#10033),#10029,.T.);
#10029=PLANE('',#10030);
#10030=AXIS2_PLACEMENT_3D('',#280,#10031,#10032);
#10031=DIRECTION('',(0,0,1));
#10032=DIRECTION('',(0.8726432827271564,-0.48835816887933015,0));
#10033=FACE_BOUND('',#10034,.T.);
#10034=EDGE_LOOP('',(#10035,#10036,#10037));
#10035=ORIENTED_EDGE('',*,*,#10038,.T.);
#10036=ORIENTED_EDGE('',*,*,#10039,.T.);
#10037=ORIENTED_EDGE('',*,*,#10040,.T.);
#10038=EDGE_CURVE('',#281,#643,#10041,.F.);
#10039=EDGE_CURVE('',#643,#591,#10042,.T.);
#10040=EDGE_CURVE('',#591,#281,#10043,.T.);
#10041=LINE('',#280,#10044);
#10042=LINE('',#642,#10045);
#10043=LINE('',#590,#10046);
#10044=VECTOR('',#10047,1.0);
#10045=VECTOR('',#10048,1.0);
#10046=VECTOR('',#10049,1.0);
#10047=DIRECTION('',(0.8726432827271564,-0.48835816887933015,0));
#10048=DIRECTION('',(0.3208059796913612,0.9471449326234428,0));
#10049=DIRECTION('',(-0.8915723337442595,0.4528783210773228,0));
#10050=FACE_SURFACE('',(#10055),#10051,.T.);
#10051=PLANE('',#10052);
#10052=AXIS2_PLACEMENT_3D('',#442,#10053,#10054);
#10053=DIRECTION('',(0,0,1));
#10054=DIRECTION('',(-1,0,0));
#10055=FACE_BOUND('',#10056,.T.);
#10056=EDGE_LOOP('',(#10057,#10058,#10059));
#10057=ORIENTED_EDGE('',*,*,#10060,.T.);
#10058=ORIENTED_EDGE('',*,*,#10061,.T.);
#10059=ORIENTED_EDGE('',*,*,#10062,.T.);
#10060=EDGE_CURVE('',#443,#445,#10063,.F.);
#10061=EDGE_CURVE('',#445,#591,#10064,.T.);
#10062=EDGE_CURVE('',#591,#443,#10065,.T.);
#10063=LINE('',#442,#10066);
#10064=LINE('',#444,#10067);
#10065=LINE('',#590,#10068);
#10066=VECTOR('',#10069,1.0);
#10067=VECTOR('',#10070,1.0);
#10068=VECTOR('',#10071,1.0);
#10069=DIRECTION('',(-1,0,0));
#10070=DIRECTION('',(0.5932488012662845,-0.8050191673470368,0));
#10071=DIRECTION('',(-0.5911144085812592,0.8065877236653357,0));
#10072=FACE_SURFACE('',(#10077),#10073,.T.);
#10073=PLANE('',#10074);
#10074=AXIS2_PLACEMENT_3D('',#280,#10075,#10076);
#10075=DIRECTION('',(-0,0,1));
#10076=DIRECTION('',(0.8915723337442595,-0.4528783210773228,0));
#10077=FACE_BOUND('',#10078,.T.);
#10078=EDGE_LOOP('',(#10079,#10080,#10081));
#10079=ORIENTED_EDGE('',*,*,#10082,.T.);
#10080=ORIENTED_EDGE('',*,*,#10083,.T.);
#10081=ORIENTED_EDGE('',*,*,#10084,.T.);
#10082=EDGE_CURVE('',#281,#591,#10085,.F.);
#10083=EDGE_CURVE('',#591,#445,#10086,.T.);
#10084=EDGE_CURVE('',#445,#281,#10087,.T.);
#10085=LINE('',#280,#10088);
#10086=LINE('',#590,#10089);
#10087=LINE('',#444,#10090);
#10088=VECTOR('',#10091,1.0);
#10089=VECTOR('',#10092,1.0);
#10090=VECTOR('',#10093,1.0);
#10091=DIRECTION('',(0.8915723337442595,-0.4528783210773228,0));
#10092=DIRECTION('',(-0.5932488012662845,0.8050191673470368,0));
#10093=DIRECTION('',(-0.9781622716328539,-0.20784265768618124,0));
#10094=FACE_SURFACE('',(#10099),#10095,.T.);
#10095=PLANE('',#10096);
#10096=AXIS2_PLACEMENT_3D('',#566,#10097,#10098);
#10097=DIRECTION('',(-0,0,-1));
#10098=DIRECTION('',(-0.99149315372006,-0.13015884958868398,0));
#10099=FACE_BOUND('',#10100,.T.);
#10100=EDGE_LOOP('',(#10101,#10102,#10103));
#10101=ORIENTED_EDGE('',*,*,#10104,.T.);
#10102=ORIENTED_EDGE('',*,*,#10105,.T.);
#10103=ORIENTED_EDGE('',*,*,#10106,.T.);
#10104=EDGE_CURVE('',#567,#559,#10107,.F.);
#10105=EDGE_CURVE('',#559,#635,#10108,.T.);
#10106=EDGE_CURVE('',#635,#567,#10109,.T.);
#10107=LINE('',#566,#10110);
#10108=LINE('',#558,#10111);
#10109=LINE('',#634,#10112);
#10110=VECTOR('',#10113,1.0);
#10111=VECTOR('',#10114,1.0);
#10112=VECTOR('',#10115,1.0);
#10113=DIRECTION('',(-0.99149315372006,-0.13015884958868398,0));
#10114=DIRECTION('',(-0.03272463758941669,0.999464405616649,0));
#10115=DIRECTION('',(0.1257860008992889,-0.992057398529825,0));
#10116=FACE_SURFACE('',(#10121),#10117,.T.);
#10117=PLANE('',#10118);
#10118=AXIS2_PLACEMENT_3D('',#280,#10119,#10120);
#10119=DIRECTION('',(-0.014423678733885666,0.06788162984781795,0.997589114726592));
#10120=DIRECTION('',(0.9781622716328539,0.20784265768618124,0));
#10121=FACE_BOUND('',#10122,.T.);
#10122=EDGE_LOOP('',(#10123,#10124,#10125));
#10123=ORIENTED_EDGE('',*,*,#10126,.T.);
#10124=ORIENTED_EDGE('',*,*,#10127,.T.);
#10125=ORIENTED_EDGE('',*,*,#10128,.T.);
#10126=EDGE_CURVE('',#281,#445,#10129,.F.);
#10127=EDGE_CURVE('',#445,#437,#10130,.T.);
#10128=EDGE_CURVE('',#437,#281,#10131,.T.);
#10129=LINE('',#280,#10132);
#10130=LINE('',#444,#10133);
#10131=LINE('',#436,#10134);
#10132=VECTOR('',#10135,1.0);
#10133=VECTOR('',#10136,1.0);
#10134=VECTOR('',#10137,1.0);
#10135=DIRECTION('',(0.9781622716328539,0.20784265768618124,0));
#10136=DIRECTION('',(0.4965167608912206,0.8664812707702242,-0.05178140166612006));
#10137=DIRECTION('',(-0.9681387360973089,-0.2503959725287558,0.003040494907680487));
#10138=FACE_SURFACE('',(#10143),#10139,.T.);
#10139=PLANE('',#10140);
#10140=AXIS2_PLACEMENT_3D('',#644,#10141,#10142);
#10141=DIRECTION('',(0,-0,1));
#10142=DIRECTION('',(0.15141242546129294,0.9884706760526224,0));
#10143=FACE_BOUND('',#10144,.T.);
#10144=EDGE_LOOP('',(#10145,#10146,#10147));
#10145=ORIENTED_EDGE('',*,*,#10148,.T.);
#10146=ORIENTED_EDGE('',*,*,#10149,.T.);
#10147=ORIENTED_EDGE('',*,*,#10150,.T.);
#10148=EDGE_CURVE('',#645,#643,#10151,.F.);
#10149=EDGE_CURVE('',#643,#281,#10152,.T.);
#10150=EDGE_CURVE('',#281,#645,#10153,.T.);
#10151=LINE('',#644,#10154);
#10152=LINE('',#642,#10155);
#10153=LINE('',#280,#10156);
#10154=VECTOR('',#10157,1.0);
#10155=VECTOR('',#10158,1.0);
#10156=VECTOR('',#10159,1.0);
#10157=DIRECTION('',(0.15141242546129294,0.9884706760526224,0));
#10158=DIRECTION('',(-0.8726432827271564,0.48835816887933015,0));
#10159=DIRECTION('',(0.8441087206499184,-0.5361720504863697,0));
#10160=FACE_SURFACE('',(#10165),#10161,.T.);
#10161=PLANE('',#10162);
#10162=AXIS2_PLACEMENT_3D('',#648,#10163,#10164);
#10163=DIRECTION('',(0,0,1));
#10164=DIRECTION('',(-0.02040570094293509,0.9997917820071476,0));
#10165=FACE_BOUND('',#10166,.T.);
#10166=EDGE_LOOP('',(#10167,#10168,#10169));
#10167=ORIENTED_EDGE('',*,*,#10170,.T.);
#10168=ORIENTED_EDGE('',*,*,#10171,.T.);
#10169=ORIENTED_EDGE('',*,*,#10172,.T.);
#10170=EDGE_CURVE('',#649,#645,#10173,.F.);
#10171=EDGE_CURVE('',#645,#281,#10174,.T.);
#10172=EDGE_CURVE('',#281,#649,#10175,.T.);
#10173=LINE('',#648,#10176);
#10174=LINE('',#644,#10177);
#10175=LINE('',#280,#10178);
#10176=VECTOR('',#10179,1.0);
#10177=VECTOR('',#10180,1.0);
#10178=VECTOR('',#10181,1.0);
#10179=DIRECTION('',(-0.02040570094293509,0.9997917820071476,0));
#10180=DIRECTION('',(-0.8441087206499184,0.5361720504863697,0));
#10181=DIRECTION('',(0.8174558058313445,-0.5759913241643725,0));
#10182=FACE_SURFACE('',(#10187),#10183,.T.);
#10183=PLANE('',#10184);
#10184=AXIS2_PLACEMENT_3D('',#648,#10185,#10186);
#10185=DIRECTION('',(0,0,1));
#10186=DIRECTION('',(-0.8174558058313445,0.5759913241643725,0));
#10187=FACE_BOUND('',#10188,.T.);
#10188=EDGE_LOOP('',(#10189,#10190,#10191));
#10189=ORIENTED_EDGE('',*,*,#10192,.T.);
#10190=ORIENTED_EDGE('',*,*,#10193,.T.);
#10191=ORIENTED_EDGE('',*,*,#10194,.T.);
#10192=EDGE_CURVE('',#649,#281,#10195,.F.);
#10193=EDGE_CURVE('',#281,#611,#10196,.T.);
#10194=EDGE_CURVE('',#611,#649,#10197,.T.);
#10195=LINE('',#648,#10198);
#10196=LINE('',#280,#10199);
#10197=LINE('',#610,#10200);
#10198=VECTOR('',#10201,1.0);
#10199=VECTOR('',#10202,1.0);
#10200=VECTOR('',#10203,1.0);
#10201=DIRECTION('',(-0.8174558058313445,0.5759913241643725,0));
#10202=DIRECTION('',(0.789912572772296,-0.6132194773294896,0));
#10203=DIRECTION('',(-0.25900685799317,0.9658754824057323,0));
#10204=FACE_SURFACE('',(#10209),#10205,.T.);
#10205=PLANE('',#10206);
#10206=AXIS2_PLACEMENT_3D('',#602,#10207,#10208);
#10207=DIRECTION('',(-1.2767607200578148E-05,9.72579899744365E-05,-0.9999999951889358));
#10208=DIRECTION('',(-0.14076980686972174,-0.9900423488644708,-9.449223569492262E-05));
#10209=FACE_BOUND('',#10210,.T.);
#10210=EDGE_LOOP('',(#10211,#10212,#10213));
#10211=ORIENTED_EDGE('',*,*,#10214,.T.);
#10212=ORIENTED_EDGE('',*,*,#10215,.T.);
#10213=ORIENTED_EDGE('',*,*,#10216,.T.);
#10214=EDGE_CURVE('',#603,#373,#10217,.F.);
#10215=EDGE_CURVE('',#373,#377,#10218,.T.);
#10216=EDGE_CURVE('',#377,#603,#10219,.T.);
#10217=LINE('',#602,#10220);
#10218=LINE('',#372,#10221);
#10219=LINE('',#376,#10222);
#10220=VECTOR('',#10223,1.0);
#10221=VECTOR('',#10224,1.0);
#10222=VECTOR('',#10225,1.0);
#10223=DIRECTION('',(-0.14076980686972174,-0.9900423488644708,-9.449223569492262E-05));
#10224=DIRECTION('',(-0.9914931443781789,-0.13015892075102545,0));
#10225=DIRECTION('',(0.15831314917000927,0.9873889496859682,9.40101849184271E-05));
#10226=FACE_SURFACE('',(#10231),#10227,.T.);
#10227=PLANE('',#10228);
#10228=AXIS2_PLACEMENT_3D('',#644,#10229,#10230);
#10229=DIRECTION('',(0.9997917820071476,0.02040570094293509,0));
#10230=DIRECTION('',(0.02040570094293509,-0.9997917820071476,0));
#10231=FACE_BOUND('',#10232,.T.);
#10232=EDGE_LOOP('',(#10233,#10234,#10235));
#10233=ORIENTED_EDGE('',*,*,#10236,.T.);
#10234=ORIENTED_EDGE('',*,*,#10237,.T.);
#10235=ORIENTED_EDGE('',*,*,#10238,.T.);
#10236=EDGE_CURVE('',#645,#649,#10239,.F.);
#10237=EDGE_CURVE('',#649,#341,#10240,.T.);
#10238=EDGE_CURVE('',#341,#645,#10241,.T.);
#10239=LINE('',#644,#10242);
#10240=LINE('',#648,#10243);
#10241=LINE('',#340,#10244);
#10242=VECTOR('',#10245,1.0);
#10243=VECTOR('',#10246,1.0);
#10244=VECTOR('',#10247,1.0);
#10245=DIRECTION('',(0.02040570094293509,-0.9997917820071476,0));
#10246=DIRECTION('',(0,0,-1));
#10247=DIRECTION('',(-0.0029697997062962875,0.14550744171276633,0.9893526998476886));
#10248=FACE_SURFACE('',(#10253),#10249,.T.);
#10249=PLANE('',#10250);
#10250=AXIS2_PLACEMENT_3D('',#602,#10251,#10252);
#10251=DIRECTION('',(1.0123680813854602E-05,9.400317752705411E-05,-0.9999999955304568));
#10252=DIRECTION('',(-0.12699798830944203,-0.9919029700680734,-9.452771850506348E-05));
#10253=FACE_BOUND('',#10254,.T.);
#10254=EDGE_LOOP('',(#10255,#10256,#10257));
#10255=ORIENTED_EDGE('',*,*,#10258,.T.);
#10256=ORIENTED_EDGE('',*,*,#10259,.T.);
#10257=ORIENTED_EDGE('',*,*,#10260,.T.);
#10258=EDGE_CURVE('',#603,#371,#10261,.F.);
#10259=EDGE_CURVE('',#371,#373,#10262,.T.);
#10260=EDGE_CURVE('',#373,#603,#10263,.T.);
#10261=LINE('',#602,#10264);
#10262=LINE('',#370,#10265);
#10263=LINE('',#372,#10266);
#10264=VECTOR('',#10267,1.0);
#10265=VECTOR('',#10268,1.0);
#10266=VECTOR('',#10269,1.0);
#10267=DIRECTION('',(-0.12699798830944203,-0.9919029700680734,-9.452771850506348E-05));
#10268=DIRECTION('',(-0.9942508455892101,0.1070759358826286,0));
#10269=DIRECTION('',(0.14076980686972174,0.9900423488644708,9.449223569492262E-05));
#10270=FACE_SURFACE('',(#10275),#10271,.T.);
#10271=PLANE('',#10272);
#10272=AXIS2_PLACEMENT_3D('',#340,#10273,#10274);
#10273=DIRECTION('',(0.9805827309250053,0.19610585868774794,-0));
#10274=DIRECTION('',(0,0,1));
#10275=FACE_BOUND('',#10276,.T.);
#10276=EDGE_LOOP('',(#10277,#10278,#10279));
#10277=ORIENTED_EDGE('',*,*,#10280,.T.);
#10278=ORIENTED_EDGE('',*,*,#10281,.T.);
#10279=ORIENTED_EDGE('',*,*,#10282,.T.);
#10280=EDGE_CURVE('',#341,#649,#10283,.F.);
#10281=EDGE_CURVE('',#649,#205,#10284,.T.);
#10282=EDGE_CURVE('',#205,#341,#10285,.T.);
#10283=LINE('',#340,#10286);
#10284=LINE('',#648,#10287);
#10285=LINE('',#204,#10288);
#10286=VECTOR('',#10289,1.0);
#10287=VECTOR('',#10290,1.0);
#10288=VECTOR('',#10291,1.0);
#10289=DIRECTION('',(0,0,1));
#10290=DIRECTION('',(0.01916639129379864,-0.09583717917767909,-0.9952124821022084));
#10291=DIRECTION('',(-0.1961058586877479,0.980582730925005,0));
#10292=FACE_SURFACE('',(#10297),#10293,.T.);
#10293=PLANE('',#10294);
#10294=AXIS2_PLACEMENT_3D('',#650,#10295,#10296);
#10295=DIRECTION('',(0.9884686588844527,-0.1514255936200075,0));
#10296=DIRECTION('',(-0.15142559362000746,-0.9884686588844526,0));
#10297=FACE_BOUND('',#10298,.T.);
#10298=EDGE_LOOP('',(#10299,#10300,#10301));
#10299=ORIENTED_EDGE('',*,*,#10302,.T.);
#10300=ORIENTED_EDGE('',*,*,#10303,.T.);
#10301=ORIENTED_EDGE('',*,*,#10304,.T.);
#10302=EDGE_CURVE('',#651,#653,#10305,.F.);
#10303=EDGE_CURVE('',#653,#655,#10306,.T.);
#10304=EDGE_CURVE('',#655,#651,#10307,.T.);
#10305=LINE('',#650,#10308);
#10306=LINE('',#652,#10309);
#10307=LINE('',#654,#10310);
#10308=VECTOR('',#10311,1.0);
#10309=VECTOR('',#10312,1.0);
#10310=VECTOR('',#10313,1.0);
#10311=DIRECTION('',(-0.15142559362000746,-0.9884686588844526,0));
#10312=DIRECTION('',(0,0,-1));
#10313=DIRECTION('',(0.022270839868561286,0.145378510269208,0.9891254209873764));
#10314=FACE_SURFACE('',(#10319),#10315,.T.);
#10315=PLANE('',#10316);
#10316=AXIS2_PLACEMENT_3D('',#656,#10317,#10318);
#10317=DIRECTION('',(-0.3468419871195115,-0.937923576828618,0));
#10318=DIRECTION('',(0,0,1));
#10319=FACE_BOUND('',#10320,.T.);
#10320=EDGE_LOOP('',(#10321,#10322,#10323));
#10321=ORIENTED_EDGE('',*,*,#10324,.T.);
#10322=ORIENTED_EDGE('',*,*,#10325,.T.);
#10323=ORIENTED_EDGE('',*,*,#10326,.T.);
#10324=EDGE_CURVE('',#657,#249,#10327,.F.);
#10325=EDGE_CURVE('',#249,#631,#10328,.T.);
#10326=EDGE_CURVE('',#631,#657,#10329,.T.);
#10327=LINE('',#656,#10330);
#10328=LINE('',#248,#10331);
#10329=LINE('',#630,#10332);
#10330=VECTOR('',#10333,1.0);
#10331=VECTOR('',#10334,1.0);
#10332=VECTOR('',#10335,1.0);
#10333=DIRECTION('',(0,0,1));
#10334=DIRECTION('',(-0.05157171968595505,0.0190711036346147,-0.9984871810568182));
#10335=DIRECTION('',(0.937923576828618,-0.3468419871195115,0));
#10336=FACE_SURFACE('',(#10341),#10337,.T.);
#10337=PLANE('',#10338);
#10338=AXIS2_PLACEMENT_3D('',#204,#10339,#10340);
#10339=DIRECTION('',(0.9658560679908653,0.25900165187013857,-0.0063403670055080606));
#10340=DIRECTION('',(-0.01916639129379864,0.09583717917767909,0.9952124821022084));
#10341=FACE_BOUND('',#10342,.T.);
#10342=EDGE_LOOP('',(#10343,#10344,#10345));
#10343=ORIENTED_EDGE('',*,*,#10346,.T.);
#10344=ORIENTED_EDGE('',*,*,#10347,.T.);
#10345=ORIENTED_EDGE('',*,*,#10348,.T.);
#10346=EDGE_CURVE('',#205,#649,#10349,.F.);
#10347=EDGE_CURVE('',#649,#611,#10350,.T.);
#10348=EDGE_CURVE('',#611,#205,#10351,.T.);
#10349=LINE('',#204,#10352);
#10350=LINE('',#648,#10353);
#10351=LINE('',#610,#10354);
#10352=VECTOR('',#10355,1.0);
#10353=VECTOR('',#10356,1.0);
#10354=VECTOR('',#10357,1.0);
#10355=DIRECTION('',(-0.01916639129379864,0.09583717917767909,0.9952124821022084));
#10356=DIRECTION('',(0.25900685799317,-0.9658754824057323,0));
#10357=DIRECTION('',(-0.03136463648370717,0.09260069446866225,-0.9952092096449702));
#10358=FACE_SURFACE('',(#10363),#10359,.T.);
#10359=PLANE('',#10360);
#10360=AXIS2_PLACEMENT_3D('',#656,#10361,#10362);
#10361=DIRECTION('',(-0.2622385700748331,-0.9650030737594087,0));
#10362=DIRECTION('',(0.055657090774662195,-0.015124755864675599,0.9983353795226005));
#10363=FACE_BOUND('',#10364,.T.);
#10364=EDGE_LOOP('',(#10365,#10366,#10367));
#10365=ORIENTED_EDGE('',*,*,#10368,.T.);
#10366=ORIENTED_EDGE('',*,*,#10369,.T.);
#10367=ORIENTED_EDGE('',*,*,#10370,.T.);
#10368=EDGE_CURVE('',#657,#247,#10371,.F.);
#10369=EDGE_CURVE('',#247,#249,#10372,.T.);
#10370=EDGE_CURVE('',#249,#657,#10373,.T.);
#10371=LINE('',#656,#10374);
#10372=LINE('',#246,#10375);
#10373=LINE('',#248,#10376);
#10374=VECTOR('',#10377,1.0);
#10375=VECTOR('',#10378,1.0);
#10376=VECTOR('',#10379,1.0);
#10377=DIRECTION('',(0.055657090774662195,-0.015124755864675599,0.9983353795226005));
#10378=DIRECTION('',(-0.9650030737594087,0.2622385700748331,0));
#10379=DIRECTION('',(0,0,-1));
#10380=FACE_SURFACE('',(#10385),#10381,.T.);
#10381=PLANE('',#10382);
#10382=AXIS2_PLACEMENT_3D('',#658,#10383,#10384);
#10383=DIRECTION('',(0.9978744839670862,0.06516528406614393,-0));
#10384=DIRECTION('',(-0.06516523087546636,0.9978736694594739,0.0012776871415622114));
#10385=FACE_BOUND('',#10386,.T.);
#10386=EDGE_LOOP('',(#10387,#10388,#10389));
#10387=ORIENTED_EDGE('',*,*,#10390,.T.);
#10388=ORIENTED_EDGE('',*,*,#10391,.T.);
#10389=ORIENTED_EDGE('',*,*,#10392,.T.);
#10390=EDGE_CURVE('',#659,#655,#10393,.F.);
#10391=EDGE_CURVE('',#655,#661,#10394,.T.);
#10392=EDGE_CURVE('',#661,#659,#10395,.T.);
#10393=LINE('',#658,#10396);
#10394=LINE('',#654,#10397);
#10395=LINE('',#660,#10398);
#10396=VECTOR('',#10399,1.0);
#10397=VECTOR('',#10400,1.0);
#10398=VECTOR('',#10401,1.0);
#10399=DIRECTION('',(-0.06516523087546636,0.9978736694594739,0.0012776871415622114));
#10400=DIRECTION('',(0.012656537217591886,-0.19380926095550233,0.9809575844212335));
#10401=DIRECTION('',(0,0,-1));
#10402=FACE_SURFACE('',(#10407),#10403,.T.);
#10403=PLANE('',#10404);
#10404=AXIS2_PLACEMENT_3D('',#662,#10405,#10406);
#10405=DIRECTION('',(-0.09198986992124429,-0.9957548141987785,0.003195908607695485));
#10406=DIRECTION('',(0.024992181045088782,0.0008997009755039324,0.9996872418035373));
#10407=FACE_BOUND('',#10408,.T.);
#10408=EDGE_LOOP('',(#10409,#10410,#10411));
#10409=ORIENTED_EDGE('',*,*,#10412,.T.);
#10410=ORIENTED_EDGE('',*,*,#10413,.T.);
#10411=ORIENTED_EDGE('',*,*,#10414,.T.);
#10412=EDGE_CURVE('',#663,#239,#10415,.F.);
#10413=EDGE_CURVE('',#239,#247,#10416,.T.);
#10414=EDGE_CURVE('',#247,#663,#10417,.T.);
#10415=LINE('',#662,#10418);
#10416=LINE('',#238,#10419);
#10417=LINE('',#246,#10420);
#10418=VECTOR('',#10421,1.0);
#10419=VECTOR('',#10422,1.0);
#10420=VECTOR('',#10423,1.0);
#10421=DIRECTION('',(0.024992181045088782,0.0008997009755039324,0.9996872418035373));
#10422=DIRECTION('',(-0.9957598994738409,0.09199033970937369,0));
#10423=DIRECTION('',(0.1787859929652129,-0.01967380659060694,-0.9836912676514306));
#10424=FACE_SURFACE('',(#10429),#10425,.T.);
#10425=PLANE('',#10426);
#10426=AXIS2_PLACEMENT_3D('',#664,#10427,#10428);
#10427=DIRECTION('',(0.03597599410832634,-0.9993526543957931,0));
#10428=DIRECTION('',(0,0,1));
#10429=FACE_BOUND('',#10430,.T.);
#10430=EDGE_LOOP('',(#10431,#10432,#10433));
#10431=ORIENTED_EDGE('',*,*,#10434,.T.);
#10432=ORIENTED_EDGE('',*,*,#10435,.T.);
#10433=ORIENTED_EDGE('',*,*,#10436,.T.);
#10434=EDGE_CURVE('',#665,#239,#10437,.F.);
#10435=EDGE_CURVE('',#239,#663,#10438,.T.);
#10436=EDGE_CURVE('',#663,#665,#10439,.T.);
#10437=LINE('',#664,#10440);
#10438=LINE('',#238,#10441);
#10439=LINE('',#662,#10442);
#10440=VECTOR('',#10443,1.0);
#10441=VECTOR('',#10444,1.0);
#10442=VECTOR('',#10445,1.0);
#10443=DIRECTION('',(0,0,1));
#10444=DIRECTION('',(-0.024992181045088782,-0.0008997009755039324,-0.9996872418035373));
#10445=DIRECTION('',(0.9993526543957932,0.035975994108326345,-5.610335938894483E-13));
#10446=FACE_SURFACE('',(#10451),#10447,.T.);
#10447=PLANE('',#10448);
#10448=AXIS2_PLACEMENT_3D('',#662,#10449,#10450);
#10449=DIRECTION('',(-0.036263319684946095,-0.9992525045690012,0.013394168806071855));
#10450=DIRECTION('',(-0.1787859929652129,0.01967380659060694,0.9836912676514306));
#10451=FACE_BOUND('',#10452,.T.);
#10452=EDGE_LOOP('',(#10453,#10454,#10455));
#10453=ORIENTED_EDGE('',*,*,#10456,.T.);
#10454=ORIENTED_EDGE('',*,*,#10457,.T.);
#10455=ORIENTED_EDGE('',*,*,#10458,.T.);
#10456=EDGE_CURVE('',#663,#247,#10459,.F.);
#10457=EDGE_CURVE('',#247,#623,#10460,.T.);
#10458=EDGE_CURVE('',#623,#663,#10461,.T.);
#10459=LINE('',#662,#10462);
#10460=LINE('',#246,#10463);
#10461=LINE('',#622,#10464);
#10462=VECTOR('',#10465,1.0);
#10463=VECTOR('',#10466,1.0);
#10464=VECTOR('',#10467,1.0);
#10465=DIRECTION('',(-0.1787859929652129,0.01967380659060694,0.9836912676514306));
#10466=DIRECTION('',(0.1188822618563598,-0.017621324948895414,-0.9927519814752128));
#10467=DIRECTION('',(0.9993421514586814,-0.03626657301060837,2.2622123552150436E-13));
#10468=FACE_SURFACE('',(#10473),#10469,.T.);
#10469=PLANE('',#10470);
#10470=AXIS2_PLACEMENT_3D('',#666,#10471,#10472);
#10471=DIRECTION('',(-0.5336814683898895,-0.8456855617935644,-0.0001444683869921011));
#10472=DIRECTION('',(-0.007503587898902707,0.004906065063301044,-0.9999598125396031));
#10473=FACE_BOUND('',#10474,.T.);
#10474=EDGE_LOOP('',(#10475,#10476,#10477));
#10475=ORIENTED_EDGE('',*,*,#10478,.T.);
#10476=ORIENTED_EDGE('',*,*,#10479,.T.);
#10477=ORIENTED_EDGE('',*,*,#10480,.T.);
#10478=EDGE_CURVE('',#667,#669,#10481,.F.);
#10479=EDGE_CURVE('',#669,#671,#10482,.T.);
#10480=EDGE_CURVE('',#671,#667,#10483,.T.);
#10481=LINE('',#666,#10484);
#10482=LINE('',#668,#10485);
#10483=LINE('',#670,#10486);
#10484=VECTOR('',#10487,1.0);
#10485=VECTOR('',#10488,1.0);
#10486=VECTOR('',#10489,1.0);
#10487=DIRECTION('',(-0.007503587898902707,0.004906065063301044,-0.9999598125396031));
#10488=DIRECTION('',(0.5829101374615426,-0.3677296572015983,-0.7245623995619429));
#10489=DIRECTION('',(-0.05029861146912489,0.03157109996701514,0.9982351002299762));
#10490=FACE_SURFACE('',(#10495),#10491,.T.);
#10491=PLANE('',#10492);
#10492=AXIS2_PLACEMENT_3D('',#666,#10493,#10494);
#10493=DIRECTION('',(-0.531626227455564,-0.8469790754684351,0));
#10494=DIRECTION('',(0.05029861146912489,-0.03157109996701514,-0.9982351002299762));
#10495=FACE_BOUND('',#10496,.T.);
#10496=EDGE_LOOP('',(#10497,#10498,#10499));
#10497=ORIENTED_EDGE('',*,*,#10500,.T.);
#10498=ORIENTED_EDGE('',*,*,#10501,.T.);
#10499=ORIENTED_EDGE('',*,*,#10502,.T.);
#10500=EDGE_CURVE('',#667,#671,#10503,.F.);
#10501=EDGE_CURVE('',#671,#253,#10504,.T.);
#10502=EDGE_CURVE('',#253,#667,#10505,.T.);
#10503=LINE('',#666,#10506);
#10504=LINE('',#670,#10507);
#10505=LINE('',#252,#10508);
#10506=VECTOR('',#10509,1.0);
#10507=VECTOR('',#10510,1.0);
#10508=VECTOR('',#10511,1.0);
#10509=DIRECTION('',(0.05029861146912489,-0.03157109996701514,-0.9982351002299762));
#10510=DIRECTION('',(0,0,1));
#10511=DIRECTION('',(-0.011554392777221043,0.007252384882467808,-0.9999069451309287));
#10512=FACE_SURFACE('',(#10517),#10513,.T.);
#10513=PLANE('',#10514);
#10514=AXIS2_PLACEMENT_3D('',#250,#10515,#10516);
#10515=DIRECTION('',(-0.4360125575348591,-0.8999405811896202,-0));
#10516=DIRECTION('',(-0.8999405811896201,0.43601255753485907,0));
#10517=FACE_BOUND('',#10518,.T.);
#10518=EDGE_LOOP('',(#10519,#10520,#10521));
#10519=ORIENTED_EDGE('',*,*,#10522,.T.);
#10520=ORIENTED_EDGE('',*,*,#10523,.T.);
#10521=ORIENTED_EDGE('',*,*,#10524,.T.);
#10522=EDGE_CURVE('',#251,#253,#10525,.F.);
#10523=EDGE_CURVE('',#253,#631,#10526,.T.);
#10524=EDGE_CURVE('',#631,#251,#10527,.T.);
#10525=LINE('',#250,#10528);
#10526=LINE('',#252,#10529);
#10527=LINE('',#630,#10530);
#10528=VECTOR('',#10531,1.0);
#10529=VECTOR('',#10532,1.0);
#10530=VECTOR('',#10533,1.0);
#10531=DIRECTION('',(-0.8999405811896201,0.43601255753485907,0));
#10532=DIRECTION('',(0.04668730638964307,-0.02261955098908105,-0.9986534190274081));
#10533=DIRECTION('',(0,0,1));
#10534=FACE_SURFACE('',(#10539),#10535,.T.);
#10535=PLANE('',#10536);
#10536=AXIS2_PLACEMENT_3D('',#670,#10537,#10538);
#10537=DIRECTION('',(-0.4360125575348591,-0.8999405811896202,0));
#10538=DIRECTION('',(0.8999405811896201,-0.43601255753485907,0));
#10539=FACE_BOUND('',#10540,.T.);
#10540=EDGE_LOOP('',(#10541,#10542,#10543));
#10541=ORIENTED_EDGE('',*,*,#10544,.T.);
#10542=ORIENTED_EDGE('',*,*,#10545,.T.);
#10543=ORIENTED_EDGE('',*,*,#10546,.T.);
#10544=EDGE_CURVE('',#671,#631,#10547,.F.);
#10545=EDGE_CURVE('',#631,#253,#10548,.T.);
#10546=EDGE_CURVE('',#253,#671,#10549,.T.);
#10547=LINE('',#670,#10550);
#10548=LINE('',#630,#10551);
#10549=LINE('',#252,#10552);
#10550=VECTOR('',#10553,1.0);
#10551=VECTOR('',#10554,1.0);
#10552=VECTOR('',#10555,1.0);
#10553=DIRECTION('',(0.8999405811896201,-0.43601255753485907,0));
#10554=DIRECTION('',(-0.04668730638964307,0.02261955098908105,0.9986534190274081));
#10555=DIRECTION('',(0,0,-1));
#10556=FACE_SURFACE('',(#10561),#10557,.T.);
#10557=PLANE('',#10558);
#10558=AXIS2_PLACEMENT_3D('',#656,#10559,#10560);
#10559=DIRECTION('',(-0.22296286690606135,-0.9748241338019712,-0.0023384050689413075));
#10560=DIRECTION('',(0.9748267990494763,-0.22296347650445367,0));
#10561=FACE_BOUND('',#10562,.T.);
#10562=EDGE_LOOP('',(#10563,#10564,#10565));
#10563=ORIENTED_EDGE('',*,*,#10566,.T.);
#10564=ORIENTED_EDGE('',*,*,#10567,.T.);
#10565=ORIENTED_EDGE('',*,*,#10568,.T.);
#10566=EDGE_CURVE('',#657,#625,#10569,.F.);
#10567=EDGE_CURVE('',#625,#247,#10570,.T.);
#10568=EDGE_CURVE('',#247,#657,#10571,.T.);
#10569=LINE('',#656,#10572);
#10570=LINE('',#624,#10573);
#10571=LINE('',#246,#10574);
#10572=VECTOR('',#10575,1.0);
#10573=VECTOR('',#10576,1.0);
#10574=VECTOR('',#10577,1.0);
#10575=DIRECTION('',(0.9748267990494763,-0.22296347650445367,0));
#10576=DIRECTION('',(-0.05869516758649897,0.011030309388664375,0.9982150116967702));
#10577=DIRECTION('',(-0.055657090774662195,0.015124755864675599,-0.9983353795226005));
#10578=FACE_SURFACE('',(#10583),#10579,.T.);
#10579=PLANE('',#10580);
#10580=AXIS2_PLACEMENT_3D('',#672,#10581,#10582);
#10581=DIRECTION('',(-0,0,-1));
#10582=DIRECTION('',(-0.7795387119801389,-0.6263540504573638,0));
#10583=FACE_BOUND('',#10584,.T.);
#10584=EDGE_LOOP('',(#10585,#10586,#10587));
#10585=ORIENTED_EDGE('',*,*,#10588,.T.);
#10586=ORIENTED_EDGE('',*,*,#10589,.T.);
#10587=ORIENTED_EDGE('',*,*,#10590,.T.);
#10588=EDGE_CURVE('',#673,#675,#10591,.F.);
#10589=EDGE_CURVE('',#675,#677,#10592,.T.);
#10590=EDGE_CURVE('',#677,#673,#10593,.T.);
#10591=LINE('',#672,#10594);
#10592=LINE('',#674,#10595);
#10593=LINE('',#676,#10596);
#10594=VECTOR('',#10597,1.0);
#10595=VECTOR('',#10598,1.0);
#10596=VECTOR('',#10599,1.0);
#10597=DIRECTION('',(-0.7795387119801389,-0.6263540504573638,0));
#10598=DIRECTION('',(-0.5032531815949034,0.8641390138250947,0));
#10599=DIRECTION('',(0.5562882284810848,-0.8309894144051272,0));
#10600=FACE_SURFACE('',(#10605),#10601,.T.);
#10601=PLANE('',#10602);
#10602=AXIS2_PLACEMENT_3D('',#634,#10603,#10604);
#10603=DIRECTION('',(0,0,-1));
#10604=DIRECTION('',(0.9973610433790289,-0.07260130267353983,0));
#10605=FACE_BOUND('',#10606,.T.);
#10606=EDGE_LOOP('',(#10607,#10608,#10609));
#10607=ORIENTED_EDGE('',*,*,#10610,.T.);
#10608=ORIENTED_EDGE('',*,*,#10611,.T.);
#10609=ORIENTED_EDGE('',*,*,#10612,.T.);
#10610=EDGE_CURVE('',#635,#627,#10613,.F.);
#10611=EDGE_CURVE('',#627,#567,#10614,.T.);
#10612=EDGE_CURVE('',#567,#635,#10615,.T.);
#10613=LINE('',#634,#10616);
#10614=LINE('',#626,#10617);
#10615=LINE('',#566,#10618);
#10616=VECTOR('',#10619,1.0);
#10617=VECTOR('',#10620,1.0);
#10618=VECTOR('',#10621,1.0);
#10619=DIRECTION('',(0.9973610433790289,-0.07260130267353983,0));
#10620=DIRECTION('',(-0.1707723096011651,-0.9853105187064045,0));
#10621=DIRECTION('',(-0.1257860008992889,0.992057398529825,0));
#10622=FACE_SURFACE('',(#10627),#10623,.T.);
#10623=PLANE('',#10624);
#10624=AXIS2_PLACEMENT_3D('',#576,#10625,#10626);
#10625=DIRECTION('',(0,0,-1));
#10626=DIRECTION('',(-0.9940686043022748,0.10875481571189154,0));
#10627=FACE_BOUND('',#10628,.T.);
#10628=EDGE_LOOP('',(#10629,#10630,#10631));
#10629=ORIENTED_EDGE('',*,*,#10632,.T.);
#10630=ORIENTED_EDGE('',*,*,#10633,.T.);
#10631=ORIENTED_EDGE('',*,*,#10634,.T.);
#10632=EDGE_CURVE('',#577,#567,#10635,.F.);
#10633=EDGE_CURVE('',#567,#627,#10636,.T.);
#10634=EDGE_CURVE('',#627,#577,#10637,.T.);
#10635=LINE('',#576,#10638);
#10636=LINE('',#566,#10639);
#10637=LINE('',#626,#10640);
#10638=VECTOR('',#10641,1.0);
#10639=VECTOR('',#10642,1.0);
#10640=VECTOR('',#10643,1.0);
#10641=DIRECTION('',(-0.9940686043022748,0.10875481571189154,0));
#10642=DIRECTION('',(0.1707723096011651,0.9853105187064045,0));
#10643=DIRECTION('',(-0.09996105862293798,-0.9949913500925429,0));
#10644=FACE_SURFACE('',(#10649),#10645,.T.);
#10645=PLANE('',#10646);
#10646=AXIS2_PLACEMENT_3D('',#678,#10647,#10648);
#10647=DIRECTION('',(0.9274054998798126,-0.37405753406752146,0));
#10648=DIRECTION('',(0.37405753406752146,0.9274054998798126,0));
#10649=FACE_BOUND('',#10650,.T.);
#10650=EDGE_LOOP('',(#10651,#10652,#10653));
#10651=ORIENTED_EDGE('',*,*,#10654,.T.);
#10652=ORIENTED_EDGE('',*,*,#10655,.T.);
#10653=ORIENTED_EDGE('',*,*,#10656,.T.);
#10654=EDGE_CURVE('',#679,#681,#10657,.F.);
#10655=EDGE_CURVE('',#681,#683,#10658,.T.);
#10656=EDGE_CURVE('',#683,#679,#10659,.T.);
#10657=LINE('',#678,#10660);
#10658=LINE('',#680,#10661);
#10659=LINE('',#682,#10662);
#10660=VECTOR('',#10663,1.0);
#10661=VECTOR('',#10664,1.0);
#10662=VECTOR('',#10665,1.0);
#10663=DIRECTION('',(0.37405753406752146,0.9274054998798126,0));
#10664=DIRECTION('',(-0.37361485165228514,-0.9263079518579188,0.048636621486577165));
#10665=DIRECTION('',(0,0,-1));
#10666=FACE_SURFACE('',(#10671),#10667,.T.);
#10667=PLANE('',#10668);
#10668=AXIS2_PLACEMENT_3D('',#684,#10669,#10670);
#10669=DIRECTION('',(0,0,-1));
#10670=DIRECTION('',(0.7704102999511119,0.6375484057930328,0));
#10671=FACE_BOUND('',#10672,.T.);
#10672=EDGE_LOOP('',(#10673,#10674,#10675));
#10673=ORIENTED_EDGE('',*,*,#10676,.T.);
#10674=ORIENTED_EDGE('',*,*,#10677,.T.);
#10675=ORIENTED_EDGE('',*,*,#10678,.T.);
#10676=EDGE_CURVE('',#685,#687,#10679,.F.);
#10677=EDGE_CURVE('',#687,#675,#10680,.T.);
#10678=EDGE_CURVE('',#675,#685,#10681,.T.);
#10679=LINE('',#684,#10682);
#10680=LINE('',#686,#10683);
#10681=LINE('',#674,#10684);
#10682=VECTOR('',#10685,1.0);
#10683=VECTOR('',#10686,1.0);
#10684=VECTOR('',#10687,1.0);
#10685=DIRECTION('',(0.7704102999511119,0.6375484057930328,0));
#10686=DIRECTION('',(0.6721864695989538,-0.7403818947597887,0));
#10687=DIRECTION('',(-0.7375989339175973,0.6752390781668549,0));
#10688=FACE_SURFACE('',(#10693),#10689,.T.);
#10689=PLANE('',#10690);
#10690=AXIS2_PLACEMENT_3D('',#556,#10691,#10692);
#10691=DIRECTION('',(-0,0,-1));
#10692=DIRECTION('',(-0.8767895315267094,-0.4808743259991884,0));
#10693=FACE_BOUND('',#10694,.T.);
#10694=EDGE_LOOP('',(#10695,#10696,#10697));
#10695=ORIENTED_EDGE('',*,*,#10698,.T.);
#10696=ORIENTED_EDGE('',*,*,#10699,.T.);
#10697=ORIENTED_EDGE('',*,*,#10700,.T.);
#10698=EDGE_CURVE('',#557,#673,#10701,.F.);
#10699=EDGE_CURVE('',#673,#689,#10702,.T.);
#10700=EDGE_CURVE('',#689,#557,#10703,.T.);
#10701=LINE('',#556,#10704);
#10702=LINE('',#672,#10705);
#10703=LINE('',#688,#10706);
#10704=VECTOR('',#10707,1.0);
#10705=VECTOR('',#10708,1.0);
#10706=VECTOR('',#10709,1.0);
#10707=DIRECTION('',(-0.8767895315267094,-0.4808743259991884,0));
#10708=DIRECTION('',(-0.4546270410600123,0.8906819036766257,0));
#10709=DIRECTION('',(0.5112442810025731,-0.8594354455933045,0));
#10710=FACE_SURFACE('',(#10715),#10711,.T.);
#10711=PLANE('',#10712);
#10712=AXIS2_PLACEMENT_3D('',#688,#10713,#10714);
#10713=DIRECTION('',(0,0,-1));
#10714=DIRECTION('',(0.9716996193929164,0.23621991802483855,0));
#10715=FACE_BOUND('',#10716,.T.);
#10716=EDGE_LOOP('',(#10717,#10718,#10719));
#10717=ORIENTED_EDGE('',*,*,#10720,.T.);
#10718=ORIENTED_EDGE('',*,*,#10721,.T.);
#10719=ORIENTED_EDGE('',*,*,#10722,.T.);
#10720=EDGE_CURVE('',#689,#691,#10723,.F.);
#10721=EDGE_CURVE('',#691,#557,#10724,.T.);
#10722=EDGE_CURVE('',#557,#689,#10725,.T.);
#10723=LINE('',#688,#10726);
#10724=LINE('',#690,#10727);
#10725=LINE('',#556,#10728);
#10726=VECTOR('',#10729,1.0);
#10727=VECTOR('',#10730,1.0);
#10728=VECTOR('',#10731,1.0);
#10729=DIRECTION('',(0.9716996193929164,0.23621991802483855,0));
#10730=DIRECTION('',(0.3372048813517988,-0.9414312869203568,0));
#10731=DIRECTION('',(-0.5112442810025731,0.8594354455933045,0));
#10732=FACE_SURFACE('',(#10737),#10733,.T.);
#10733=PLANE('',#10734);
#10734=AXIS2_PLACEMENT_3D('',#688,#10735,#10736);
#10735=DIRECTION('',(0,-0,-1));
#10736=DIRECTION('',(0.4546270410600123,-0.8906819036766257,0));
#10737=FACE_BOUND('',#10738,.T.);
#10738=EDGE_LOOP('',(#10739,#10740,#10741));
#10739=ORIENTED_EDGE('',*,*,#10742,.T.);
#10740=ORIENTED_EDGE('',*,*,#10743,.T.);
#10741=ORIENTED_EDGE('',*,*,#10744,.T.);
#10742=EDGE_CURVE('',#689,#673,#10745,.F.);
#10743=EDGE_CURVE('',#673,#677,#10746,.T.);
#10744=EDGE_CURVE('',#677,#689,#10747,.T.);
#10745=LINE('',#688,#10748);
#10746=LINE('',#672,#10749);
#10747=LINE('',#676,#10750);
#10748=VECTOR('',#10751,1.0);
#10749=VECTOR('',#10752,1.0);
#10750=VECTOR('',#10753,1.0);
#10751=DIRECTION('',(0.4546270410600123,-0.8906819036766257,0));
#10752=DIRECTION('',(-0.5562882284810848,0.8309894144051272,0));
#10753=DIRECTION('',(0.937923576828618,0.3468419871195115,0));
#10754=FACE_SURFACE('',(#10759),#10755,.T.);
#10755=PLANE('',#10756);
#10756=AXIS2_PLACEMENT_3D('',#558,#10757,#10758);
#10757=DIRECTION('',(-0,0,-1));
#10758=DIRECTION('',(-0.947145432411413,-0.3208045041176908,0));
#10759=FACE_BOUND('',#10760,.T.);
#10760=EDGE_LOOP('',(#10761,#10762,#10763));
#10761=ORIENTED_EDGE('',*,*,#10764,.T.);
#10762=ORIENTED_EDGE('',*,*,#10765,.T.);
#10763=ORIENTED_EDGE('',*,*,#10766,.T.);
#10764=EDGE_CURVE('',#559,#557,#10767,.F.);
#10765=EDGE_CURVE('',#557,#691,#10768,.T.);
#10766=EDGE_CURVE('',#691,#559,#10769,.T.);
#10767=LINE('',#558,#10770);
#10768=LINE('',#556,#10771);
#10769=LINE('',#690,#10772);
#10770=VECTOR('',#10773,1.0);
#10771=VECTOR('',#10774,1.0);
#10772=VECTOR('',#10775,1.0);
#10773=DIRECTION('',(-0.947145432411413,-0.3208045041176908,0));
#10774=DIRECTION('',(-0.3372048813517988,0.9414312869203568,0));
#10775=DIRECTION('',(0.37905028306298744,-0.9253760764737055,0));
#10776=FACE_SURFACE('',(#10781),#10777,.T.);
#10777=PLANE('',#10778);
#10778=AXIS2_PLACEMENT_3D('',#690,#10779,#10780);
#10779=DIRECTION('',(0,0,-1));
#10780=DIRECTION('',(0.9910062247794811,0.13381577802456848,0));
#10781=FACE_BOUND('',#10782,.T.);
#10782=EDGE_LOOP('',(#10783,#10784,#10785));
#10783=ORIENTED_EDGE('',*,*,#10786,.T.);
#10784=ORIENTED_EDGE('',*,*,#10787,.T.);
#10785=ORIENTED_EDGE('',*,*,#10788,.T.);
#10786=EDGE_CURVE('',#691,#633,#10789,.F.);
#10787=EDGE_CURVE('',#633,#559,#10790,.T.);
#10788=EDGE_CURVE('',#559,#691,#10791,.T.);
#10789=LINE('',#690,#10792);
#10790=LINE('',#632,#10793);
#10791=LINE('',#558,#10794);
#10792=VECTOR('',#10795,1.0);
#10793=VECTOR('',#10796,1.0);
#10794=VECTOR('',#10797,1.0);
#10795=DIRECTION('',(0.9910062247794811,0.13381577802456848,0));
#10796=DIRECTION('',(0.1784396612584214,-0.9839508561355997,0));
#10797=DIRECTION('',(-0.37905028306298744,0.9253760764737055,0));
#10798=FACE_SURFACE('',(#10803),#10799,.T.);
#10799=PLANE('',#10800);
#10800=AXIS2_PLACEMENT_3D('',#680,#10801,#10802);
#10801=DIRECTION('',(0,0,-1));
#10802=DIRECTION('',(-0.9992765641593669,0.038030886419467315,0));
#10803=FACE_BOUND('',#10804,.T.);
#10804=EDGE_LOOP('',(#10805,#10806,#10807));
#10805=ORIENTED_EDGE('',*,*,#10808,.T.);
#10806=ORIENTED_EDGE('',*,*,#10809,.T.);
#10807=ORIENTED_EDGE('',*,*,#10810,.T.);
#10808=EDGE_CURVE('',#681,#693,#10811,.F.);
#10809=EDGE_CURVE('',#693,#629,#10812,.T.);
#10810=EDGE_CURVE('',#629,#681,#10813,.T.);
#10811=LINE('',#680,#10814);
#10812=LINE('',#692,#10815);
#10813=LINE('',#628,#10816);
#10814=VECTOR('',#10817,1.0);
#10815=VECTOR('',#10818,1.0);
#10816=VECTOR('',#10819,1.0);
#10817=DIRECTION('',(-0.9992765641593669,0.038030886419467315,0));
#10818=DIRECTION('',(0.9924026000524637,0.12303283874279172,0));
#10819=DIRECTION('',(-0.5204869782050339,-0.8538696068598488,0));
#10820=FACE_SURFACE('',(#10825),#10821,.T.);
#10821=PLANE('',#10822);
#10822=AXIS2_PLACEMENT_3D('',#674,#10823,#10824);
#10823=DIRECTION('',(-0,0,-1));
#10824=DIRECTION('',(-0.6585066677786123,-0.7525748922805677,0));
#10825=FACE_BOUND('',#10826,.T.);
#10826=EDGE_LOOP('',(#10827,#10828,#10829));
#10827=ORIENTED_EDGE('',*,*,#10830,.T.);
#10828=ORIENTED_EDGE('',*,*,#10831,.T.);
#10829=ORIENTED_EDGE('',*,*,#10832,.T.);
#10830=EDGE_CURVE('',#675,#629,#10833,.F.);
#10831=EDGE_CURVE('',#629,#685,#10834,.T.);
#10832=EDGE_CURVE('',#685,#675,#10835,.T.);
#10833=LINE('',#674,#10836);
#10834=LINE('',#628,#10837);
#10835=LINE('',#684,#10838);
#10836=VECTOR('',#10839,1.0);
#10837=VECTOR('',#10840,1.0);
#10838=VECTOR('',#10841,1.0);
#10839=DIRECTION('',(-0.6585066677786123,-0.7525748922805677,0));
#10840=DIRECTION('',(-0.7096742710956738,0.7045299347400534,0));
#10841=DIRECTION('',(0.7375989339175973,-0.6752390781668549,0));
#10842=FACE_SURFACE('',(#10847),#10843,.T.);
#10843=PLANE('',#10844);
#10844=AXIS2_PLACEMENT_3D('',#678,#10845,#10846);
#10845=DIRECTION('',(0,0,-1));
#10846=DIRECTION('',(-0.98134340155951,0.19226317436162896,0));
#10847=FACE_BOUND('',#10848,.T.);
#10848=EDGE_LOOP('',(#10849,#10850,#10851));
#10849=ORIENTED_EDGE('',*,*,#10852,.T.);
#10850=ORIENTED_EDGE('',*,*,#10853,.T.);
#10851=ORIENTED_EDGE('',*,*,#10854,.T.);
#10852=EDGE_CURVE('',#679,#693,#10855,.F.);
#10853=EDGE_CURVE('',#693,#681,#10856,.T.);
#10854=EDGE_CURVE('',#681,#679,#10857,.T.);
#10855=LINE('',#678,#10858);
#10856=LINE('',#692,#10859);
#10857=LINE('',#680,#10860);
#10858=VECTOR('',#10861,1.0);
#10859=VECTOR('',#10862,1.0);
#10860=VECTOR('',#10863,1.0);
#10861=DIRECTION('',(-0.98134340155951,0.19226317436162896,0));
#10862=DIRECTION('',(0.9992765641593669,-0.038030886419467315,0));
#10863=DIRECTION('',(-0.37405753406752146,-0.9274054998798126,0));
#10864=FACE_SURFACE('',(#10869),#10865,.T.);
#10865=PLANE('',#10866);
#10866=AXIS2_PLACEMENT_3D('',#692,#10867,#10868);
#10867=DIRECTION('',(0,0,-1));
#10868=DIRECTION('',(-0.4576945857268843,0.8891094793085358,0));
#10869=FACE_BOUND('',#10870,.T.);
#10870=EDGE_LOOP('',(#10871,#10872,#10873));
#10871=ORIENTED_EDGE('',*,*,#10874,.T.);
#10872=ORIENTED_EDGE('',*,*,#10875,.T.);
#10873=ORIENTED_EDGE('',*,*,#10876,.T.);
#10874=EDGE_CURVE('',#693,#685,#10877,.F.);
#10875=EDGE_CURVE('',#685,#629,#10878,.T.);
#10876=EDGE_CURVE('',#629,#693,#10879,.T.);
#10877=LINE('',#692,#10880);
#10878=LINE('',#684,#10881);
#10879=LINE('',#628,#10882);
#10880=VECTOR('',#10883,1.0);
#10881=VECTOR('',#10884,1.0);
#10882=VECTOR('',#10885,1.0);
#10883=DIRECTION('',(-0.4576945857268843,0.8891094793085358,0));
#10884=DIRECTION('',(0.7096742710956738,-0.7045299347400534,0));
#10885=DIRECTION('',(-0.9924026000524637,-0.12303283874279172,0));
#10886=FACE_SURFACE('',(#10891),#10887,.T.);
#10887=PLANE('',#10888);
#10888=AXIS2_PLACEMENT_3D('',#480,#10889,#10890);
#10889=DIRECTION('',(-1,0,0));
#10890=DIRECTION('',(0,0,1));
#10891=FACE_BOUND('',#10892,.T.);
#10892=EDGE_LOOP('',(#10893,#10894,#10895));
#10893=ORIENTED_EDGE('',*,*,#10896,.T.);
#10894=ORIENTED_EDGE('',*,*,#10897,.T.);
#10895=ORIENTED_EDGE('',*,*,#10898,.T.);
#10896=EDGE_CURVE('',#481,#235,#10899,.F.);
#10897=EDGE_CURVE('',#235,#665,#10900,.T.);
#10898=EDGE_CURVE('',#665,#481,#10901,.T.);
#10899=LINE('',#480,#10902);
#10900=LINE('',#234,#10903);
#10901=LINE('',#664,#10904);
#10902=VECTOR('',#10905,1.0);
#10903=VECTOR('',#10906,1.0);
#10904=VECTOR('',#10907,1.0);
#10905=DIRECTION('',(0,0,1));
#10906=DIRECTION('',(0,0.0008999820879141195,-0.9999995950160386));
#10907=DIRECTION('',(0,-1,0));
#10908=FACE_SURFACE('',(#10913),#10909,.T.);
#10909=PLANE('',#10910);
#10910=AXIS2_PLACEMENT_3D('',#234,#10911,#10912);
#10911=DIRECTION('',(-1,0,0));
#10912=DIRECTION('',(0,1,0));
#10913=FACE_BOUND('',#10914,.T.);
#10914=EDGE_LOOP('',(#10915,#10916,#10917));
#10915=ORIENTED_EDGE('',*,*,#10918,.T.);
#10916=ORIENTED_EDGE('',*,*,#10919,.T.);
#10917=ORIENTED_EDGE('',*,*,#10920,.T.);
#10918=EDGE_CURVE('',#235,#239,#10921,.F.);
#10919=EDGE_CURVE('',#239,#665,#10922,.T.);
#10920=EDGE_CURVE('',#665,#235,#10923,.T.);
#10921=LINE('',#234,#10924);
#10922=LINE('',#238,#10925);
#10923=LINE('',#664,#10926);
#10924=VECTOR('',#10927,1.0);
#10925=VECTOR('',#10928,1.0);
#10926=VECTOR('',#10929,1.0);
#10927=DIRECTION('',(0,1,0));
#10928=DIRECTION('',(0,0,-1));
#10929=DIRECTION('',(0,-0.0008999820879141195,0.9999995950160386));
#10930=FACE_SURFACE('',(#10935),#10931,.T.);
#10931=PLANE('',#10932);
#10932=AXIS2_PLACEMENT_3D('',#694,#10933,#10934);
#10933=DIRECTION('',(-0.1241833528771689,-0.9922592881239181,0));
#10934=DIRECTION('',(0.9915980834297787,-0.12410060170835738,-0.03650043279213532));
#10935=FACE_BOUND('',#10936,.T.);
#10936=EDGE_LOOP('',(#10937,#10938,#10939));
#10937=ORIENTED_EDGE('',*,*,#10940,.T.);
#10938=ORIENTED_EDGE('',*,*,#10941,.T.);
#10939=ORIENTED_EDGE('',*,*,#10942,.T.);
#10940=EDGE_CURVE('',#695,#679,#10943,.F.);
#10941=EDGE_CURVE('',#679,#683,#10944,.T.);
#10942=EDGE_CURVE('',#683,#695,#10945,.T.);
#10943=LINE('',#694,#10946);
#10944=LINE('',#678,#10947);
#10945=LINE('',#682,#10948);
#10946=VECTOR('',#10949,1.0);
#10947=VECTOR('',#10950,1.0);
#10948=VECTOR('',#10951,1.0);
#10949=DIRECTION('',(0.9915980834297787,-0.12410060170835738,-0.03650043279213532));
#10950=DIRECTION('',(0,0,1));
#10951=DIRECTION('',(-0.9922122254369419,0.12417746288215041,0.009739476660646767));
#10952=FACE_SURFACE('',(#10957),#10953,.T.);
#10953=PLANE('',#10954);
#10954=AXIS2_PLACEMENT_3D('',#448,#10955,#10956);
#10955=DIRECTION('',(0,0,1));
#10956=DIRECTION('',(-0.9999260800878197,0.012158715401187018,0));
#10957=FACE_BOUND('',#10958,.T.);
#10958=EDGE_LOOP('',(#10959,#10960,#10961));
#10959=ORIENTED_EDGE('',*,*,#10962,.T.);
#10960=ORIENTED_EDGE('',*,*,#10963,.T.);
#10961=ORIENTED_EDGE('',*,*,#10964,.T.);
#10962=EDGE_CURVE('',#449,#459,#10965,.F.);
#10963=EDGE_CURVE('',#459,#451,#10966,.T.);
#10964=EDGE_CURVE('',#451,#449,#10967,.T.);
#10965=LINE('',#448,#10968);
#10966=LINE('',#458,#10969);
#10967=LINE('',#450,#10970);
#10968=VECTOR('',#10971,1.0);
#10969=VECTOR('',#10972,1.0);
#10970=VECTOR('',#10973,1.0);
#10971=DIRECTION('',(-0.9999260800878197,0.012158715401187018,0));
#10972=DIRECTION('',(0.9993168697398364,-0.0369566482973624,0));
#10973=DIRECTION('',(0.4881755633935085,0.8727454493180876,0));
#10974=FACE_SURFACE('',(#10979),#10975,.T.);
#10975=PLANE('',#10976);
#10976=AXIS2_PLACEMENT_3D('',#682,#10977,#10978);
#10977=DIRECTION('',(-0.010343878490744578,-0.004223423057260596,-0.9999375814896887));
#10978=DIRECTION('',(-0.32280684744070387,-0.9464364276468321,0.007336734184680302));
#10979=FACE_BOUND('',#10980,.T.);
#10980=EDGE_LOOP('',(#10981,#10982,#10983));
#10981=ORIENTED_EDGE('',*,*,#10984,.T.);
#10982=ORIENTED_EDGE('',*,*,#10985,.T.);
#10983=ORIENTED_EDGE('',*,*,#10986,.T.);
#10984=EDGE_CURVE('',#683,#697,#10987,.F.);
#10985=EDGE_CURVE('',#697,#695,#10988,.T.);
#10986=EDGE_CURVE('',#695,#683,#10989,.T.);
#10987=LINE('',#682,#10990);
#10988=LINE('',#696,#10991);
#10989=LINE('',#694,#10992);
#10990=VECTOR('',#10993,1.0);
#10991=VECTOR('',#10994,1.0);
#10992=VECTOR('',#10995,1.0);
#10993=DIRECTION('',(-0.32280684744070387,-0.9464364276468321,0.007336734184680302));
#10994=DIRECTION('',(-0.9578933100920669,0.2869926348131505,0.008696783535828432));
#10995=DIRECTION('',(0.9922122254369419,-0.12417746288215041,-0.009739476660646767));
#10996=FACE_SURFACE('',(#11001),#10997,.T.);
#10997=PLANE('',#10998);
#10998=AXIS2_PLACEMENT_3D('',#698,#10999,#11000);
#10999=DIRECTION('',(-0.9931966617198985,-0.1164490925187888,0));
#11000=DIRECTION('',(0.0031313143152952973,-0.02670704303037163,0.9996383989839689));
#11001=FACE_BOUND('',#11002,.T.);
#11002=EDGE_LOOP('',(#11003,#11004,#11005));
#11003=ORIENTED_EDGE('',*,*,#11006,.T.);
#11004=ORIENTED_EDGE('',*,*,#11007,.T.);
#11005=ORIENTED_EDGE('',*,*,#11008,.T.);
#11006=EDGE_CURVE('',#699,#331,#11009,.F.);
#11007=EDGE_CURVE('',#331,#257,#11010,.T.);
#11008=EDGE_CURVE('',#257,#699,#11011,.T.);
#11009=LINE('',#698,#11012);
#11010=LINE('',#330,#11013);
#11011=LINE('',#256,#11014);
#11012=VECTOR('',#11015,1.0);
#11013=VECTOR('',#11016,1.0);
#11014=VECTOR('',#11017,1.0);
#11015=DIRECTION('',(0.0031313143152952973,-0.02670704303037163,0.9996383989839689));
#11016=DIRECTION('',(-0.1164490925187888,0.9931966617198985,0));
#11017=DIRECTION('',(0,0,-1));
#11018=FACE_SURFACE('',(#11023),#11019,.T.);
#11019=PLANE('',#11020);
#11020=AXIS2_PLACEMENT_3D('',#700,#11021,#11022);
#11021=DIRECTION('',(-0.4001569404293653,0.9164466285748503,0));
#11022=DIRECTION('',(-0.9164442051118259,-0.4001558822493046,-0.0022997430800624024));
#11023=FACE_BOUND('',#11024,.T.);
#11024=EDGE_LOOP('',(#11025,#11026,#11027));
#11025=ORIENTED_EDGE('',*,*,#11028,.T.);
#11026=ORIENTED_EDGE('',*,*,#11029,.T.);
#11027=ORIENTED_EDGE('',*,*,#11030,.T.);
#11028=EDGE_CURVE('',#701,#703,#11031,.F.);
#11029=EDGE_CURVE('',#703,#705,#11032,.T.);
#11030=EDGE_CURVE('',#705,#701,#11033,.T.);
#11031=LINE('',#700,#11034);
#11032=LINE('',#702,#11035);
#11033=LINE('',#704,#11036);
#11034=VECTOR('',#11037,1.0);
#11035=VECTOR('',#11038,1.0);
#11036=VECTOR('',#11039,1.0);
#11037=DIRECTION('',(-0.9164442051118259,-0.4001558822493046,-0.0022997430800624024));
#11038=DIRECTION('',(0.19497997326380845,0.08513598840728627,0.9771052520091984));
#11039=DIRECTION('',(0,0,-1));
#11040=FACE_SURFACE('',(#11045),#11041,.T.);
#11041=PLANE('',#11042);
#11042=AXIS2_PLACEMENT_3D('',#706,#11043,#11044);
#11043=DIRECTION('',(0,-0,-1));
#11044=DIRECTION('',(0.542435937889402,-0.8400971689549042,0));
#11045=FACE_BOUND('',#11046,.T.);
#11046=EDGE_LOOP('',(#11047,#11048,#11049));
#11047=ORIENTED_EDGE('',*,*,#11050,.T.);
#11048=ORIENTED_EDGE('',*,*,#11051,.T.);
#11049=ORIENTED_EDGE('',*,*,#11052,.T.);
#11050=EDGE_CURVE('',#707,#693,#11053,.F.);
#11051=EDGE_CURVE('',#693,#709,#11054,.T.);
#11052=EDGE_CURVE('',#709,#707,#11055,.T.);
#11053=LINE('',#706,#11056);
#11054=LINE('',#692,#11057);
#11055=LINE('',#708,#11058);
#11056=VECTOR('',#11059,1.0);
#11057=VECTOR('',#11060,1.0);
#11058=VECTOR('',#11061,1.0);
#11059=DIRECTION('',(0.542435937889402,-0.8400971689549042,0));
#11060=DIRECTION('',(-0.616365272309907,0.7874603806480261,0));
#11061=DIRECTION('',(0.5231482973396346,0.8522416670115591,0));
#11062=FACE_SURFACE('',(#11067),#11063,.T.);
#11063=PLANE('',#11064);
#11064=AXIS2_PLACEMENT_3D('',#684,#11065,#11066);
#11065=DIRECTION('',(0,-0,-1));
#11066=DIRECTION('',(0.4576945857268843,-0.8891094793085358,0));
#11067=FACE_BOUND('',#11068,.T.);
#11068=EDGE_LOOP('',(#11069,#11070,#11071));
#11069=ORIENTED_EDGE('',*,*,#11072,.T.);
#11070=ORIENTED_EDGE('',*,*,#11073,.T.);
#11071=ORIENTED_EDGE('',*,*,#11074,.T.);
#11072=EDGE_CURVE('',#685,#693,#11075,.F.);
#11073=EDGE_CURVE('',#693,#707,#11076,.T.);
#11074=EDGE_CURVE('',#707,#685,#11077,.T.);
#11075=LINE('',#684,#11078);
#11076=LINE('',#692,#11079);
#11077=LINE('',#706,#11080);
#11078=VECTOR('',#11081,1.0);
#11079=VECTOR('',#11082,1.0);
#11080=VECTOR('',#11083,1.0);
#11081=DIRECTION('',(0.4576945857268843,-0.8891094793085358,0));
#11082=DIRECTION('',(-0.542435937889402,0.8400971689549042,0));
#11083=DIRECTION('',(0.6660182937207187,0.7459354076790714,0));
#11084=FACE_SURFACE('',(#11089),#11085,.T.);
#11085=PLANE('',#11086);
#11086=AXIS2_PLACEMENT_3D('',#686,#11087,#11088);
#11087=DIRECTION('',(0,0,-1));
#11088=DIRECTION('',(0.846078152445604,0.5330588710022873,0));
#11089=FACE_BOUND('',#11090,.T.);
#11090=EDGE_LOOP('',(#11091,#11092,#11093));
#11091=ORIENTED_EDGE('',*,*,#11094,.T.);
#11092=ORIENTED_EDGE('',*,*,#11095,.T.);
#11093=ORIENTED_EDGE('',*,*,#11096,.T.);
#11094=EDGE_CURVE('',#687,#711,#11097,.F.);
#11095=EDGE_CURVE('',#711,#675,#11098,.T.);
#11096=EDGE_CURVE('',#675,#687,#11099,.T.);
#11097=LINE('',#686,#11100);
#11098=LINE('',#710,#11101);
#11099=LINE('',#674,#11102);
#11100=VECTOR('',#11103,1.0);
#11101=VECTOR('',#11104,1.0);
#11102=VECTOR('',#11105,1.0);
#11103=DIRECTION('',(0.846078152445604,0.5330588710022873,0));
#11104=DIRECTION('',(0.5944949467048289,-0.804099346065163,0));
#11105=DIRECTION('',(-0.6721864695989538,0.7403818947597887,0));
#11106=FACE_SURFACE('',(#11111),#11107,.T.);
#11107=PLANE('',#11108);
#11108=AXIS2_PLACEMENT_3D('',#710,#11109,#11110);
#11109=DIRECTION('',(0,0,-1));
#11110=DIRECTION('',(0.8999405811896201,0.43601255753485907,0));
#11111=FACE_BOUND('',#11112,.T.);
#11112=EDGE_LOOP('',(#11113,#11114,#11115));
#11113=ORIENTED_EDGE('',*,*,#11116,.T.);
#11114=ORIENTED_EDGE('',*,*,#11117,.T.);
#11115=ORIENTED_EDGE('',*,*,#11118,.T.);
#11116=EDGE_CURVE('',#711,#677,#11119,.F.);
#11117=EDGE_CURVE('',#677,#675,#11120,.T.);
#11118=EDGE_CURVE('',#675,#711,#11121,.T.);
#11119=LINE('',#710,#11122);
#11120=LINE('',#676,#11123);
#11121=LINE('',#674,#11124);
#11122=VECTOR('',#11125,1.0);
#11123=VECTOR('',#11126,1.0);
#11124=VECTOR('',#11127,1.0);
#11125=DIRECTION('',(0.8999405811896201,0.43601255753485907,0));
#11126=DIRECTION('',(0.5032531815949034,-0.8641390138250947,0));
#11127=DIRECTION('',(-0.5944949467048289,0.804099346065163,0));
#11128=FACE_SURFACE('',(#11133),#11129,.T.);
#11129=PLANE('',#11130);
#11130=AXIS2_PLACEMENT_3D('',#712,#11131,#11132);
#11131=DIRECTION('',(0,0,-1));
#11132=DIRECTION('',(0.338156382490001,0.9410899324619705,0));
#11133=FACE_BOUND('',#11134,.T.);
#11134=EDGE_LOOP('',(#11135,#11136,#11137));
#11135=ORIENTED_EDGE('',*,*,#11138,.T.);
#11136=ORIENTED_EDGE('',*,*,#11139,.T.);
#11137=ORIENTED_EDGE('',*,*,#11140,.T.);
#11138=EDGE_CURVE('',#713,#709,#11141,.F.);
#11139=EDGE_CURVE('',#709,#693,#11142,.T.);
#11140=EDGE_CURVE('',#693,#713,#11143,.T.);
#11141=LINE('',#712,#11144);
#11142=LINE('',#708,#11145);
#11143=LINE('',#692,#11146);
#11144=VECTOR('',#11147,1.0);
#11145=VECTOR('',#11148,1.0);
#11146=VECTOR('',#11149,1.0);
#11147=DIRECTION('',(0.338156382490001,0.9410899324619705,0));
#11148=DIRECTION('',(0.616365272309907,-0.7874603806480261,0));
#11149=DIRECTION('',(-0.6501783129209854,0.7597816537711483,0));
#11150=FACE_SURFACE('',(#11155),#11151,.T.);
#11151=PLANE('',#11152);
#11152=AXIS2_PLACEMENT_3D('',#700,#11153,#11154);
#11153=DIRECTION('',(-0.5968009489822707,0.8023893240153819,0));
#11154=DIRECTION('',(0,0,1));
#11155=FACE_BOUND('',#11156,.T.);
#11156=EDGE_LOOP('',(#11157,#11158,#11159));
#11157=ORIENTED_EDGE('',*,*,#11160,.T.);
#11158=ORIENTED_EDGE('',*,*,#11161,.T.);
#11159=ORIENTED_EDGE('',*,*,#11162,.T.);
#11160=EDGE_CURVE('',#701,#705,#11163,.F.);
#11161=EDGE_CURVE('',#705,#715,#11164,.T.);
#11162=EDGE_CURVE('',#715,#701,#11165,.T.);
#11163=LINE('',#700,#11166);
#11164=LINE('',#704,#11167);
#11165=LINE('',#714,#11168);
#11166=VECTOR('',#11169,1.0);
#11167=VECTOR('',#11170,1.0);
#11168=VECTOR('',#11171,1.0);
#11169=DIRECTION('',(0,0,1));
#11170=DIRECTION('',(0.8023829300866905,0.5967961933074423,-0.00399213717742193));
#11171=DIRECTION('',(-0.09996700197764184,-0.0743534340021023,-0.992208730745551));
#11172=FACE_SURFACE('',(#11177),#11173,.T.);
#11173=PLANE('',#11174);
#11174=AXIS2_PLACEMENT_3D('',#556,#11175,#11176);
#11175=DIRECTION('',(0.48087432599918845,-0.8767895315267094,0));
#11176=DIRECTION('',(-0.12768827665316482,-0.07003050534450647,0.9893388864926607));
#11177=FACE_BOUND('',#11178,.T.);
#11178=EDGE_LOOP('',(#11179,#11180,#11181));
#11179=ORIENTED_EDGE('',*,*,#11182,.T.);
#11180=ORIENTED_EDGE('',*,*,#11183,.T.);
#11181=ORIENTED_EDGE('',*,*,#11184,.T.);
#11182=EDGE_CURVE('',#557,#565,#11185,.F.);
#11183=EDGE_CURVE('',#565,#673,#11186,.T.);
#11184=EDGE_CURVE('',#673,#557,#11187,.T.);
#11185=LINE('',#556,#11188);
#11186=LINE('',#564,#11189);
#11187=LINE('',#672,#11190);
#11188=VECTOR('',#11191,1.0);
#11189=VECTOR('',#11192,1.0);
#11190=VECTOR('',#11193,1.0);
#11191=DIRECTION('',(-0.12768827665316482,-0.07003050534450647,0.9893388864926607));
#11192=DIRECTION('',(0,0,-1));
#11193=DIRECTION('',(0.8767895315267094,0.4808743259991884,0));
#11194=FACE_SURFACE('',(#11199),#11195,.T.);
#11195=PLANE('',#11196);
#11196=AXIS2_PLACEMENT_3D('',#646,#11197,#11198);
#11197=DIRECTION('',(-6.397456849722416E-05,-1.3057177866444394E-06,-0.9999999979527747));
#11198=DIRECTION('',(0.02040570094293509,-0.9997917820071476,0));
#11199=FACE_BOUND('',#11200,.T.);
#11200=EDGE_LOOP('',(#11201,#11202,#11203));
#11201=ORIENTED_EDGE('',*,*,#11204,.T.);
#11202=ORIENTED_EDGE('',*,*,#11205,.T.);
#11203=ORIENTED_EDGE('',*,*,#11206,.T.);
#11204=EDGE_CURVE('',#647,#341,#11207,.F.);
#11205=EDGE_CURVE('',#341,#603,#11208,.T.);
#11206=EDGE_CURVE('',#603,#647,#11209,.T.);
#11207=LINE('',#646,#11210);
#11208=LINE('',#340,#11211);
#11209=LINE('',#602,#11212);
#11210=VECTOR('',#11213,1.0);
#11211=VECTOR('',#11214,1.0);
#11212=VECTOR('',#11215,1.0);
#11213=DIRECTION('',(0.02040570094293509,-0.9997917820071476,0));
#11214=DIRECTION('',(-0.9947818492460428,0.10202484196222872,6.350752403357082E-05));
#11215=DIRECTION('',(0.995685585091001,-0.09279122587780446,-6.357739664118702E-05));
#11216=FACE_SURFACE('',(#11221),#11217,.T.);
#11217=PLANE('',#11218);
#11218=AXIS2_PLACEMENT_3D('',#674,#11219,#11220);
#11219=DIRECTION('',(0.6263540504573639,-0.779538711980139,0));
#11220=DIRECTION('',(0.7795387119801389,0.6263540504573638,0));
#11221=FACE_BOUND('',#11222,.T.);
#11222=EDGE_LOOP('',(#11223,#11224,#11225));
#11223=ORIENTED_EDGE('',*,*,#11226,.T.);
#11224=ORIENTED_EDGE('',*,*,#11227,.T.);
#11225=ORIENTED_EDGE('',*,*,#11228,.T.);
#11226=EDGE_CURVE('',#675,#673,#11229,.F.);
#11227=EDGE_CURVE('',#673,#587,#11230,.T.);
#11228=EDGE_CURVE('',#587,#675,#11231,.T.);
#11229=LINE('',#674,#11232);
#11230=LINE('',#672,#11233);
#11231=LINE('',#586,#11234);
#11232=VECTOR('',#11235,1.0);
#11233=VECTOR('',#11236,1.0);
#11234=VECTOR('',#11237,1.0);
#11235=DIRECTION('',(0.7795387119801389,0.6263540504573638,0));
#11236=DIRECTION('',(-0.11334002687166839,-0.091067940333186,0.9893738770314288));
#11237=DIRECTION('',(0,0,-1));
#11238=FACE_SURFACE('',(#11243),#11239,.T.);
#11239=PLANE('',#11240);
#11240=AXIS2_PLACEMENT_3D('',#564,#11241,#11242);
#11241=DIRECTION('',(0.6263540504573639,-0.779538711980139,0));
#11242=DIRECTION('',(-0.7795387119801389,-0.6263540504573638,0));
#11243=FACE_BOUND('',#11244,.T.);
#11244=EDGE_LOOP('',(#11245,#11246,#11247));
#11245=ORIENTED_EDGE('',*,*,#11248,.T.);
#11246=ORIENTED_EDGE('',*,*,#11249,.T.);
#11247=ORIENTED_EDGE('',*,*,#11250,.T.);
#11248=EDGE_CURVE('',#565,#587,#11251,.F.);
#11249=EDGE_CURVE('',#587,#673,#11252,.T.);
#11250=EDGE_CURVE('',#673,#565,#11253,.T.);
#11251=LINE('',#564,#11254);
#11252=LINE('',#586,#11255);
#11253=LINE('',#672,#11256);
#11254=VECTOR('',#11257,1.0);
#11255=VECTOR('',#11258,1.0);
#11256=VECTOR('',#11259,1.0);
#11257=DIRECTION('',(-0.7795387119801389,-0.6263540504573638,0));
#11258=DIRECTION('',(0.11334002687166839,0.091067940333186,-0.9893738770314288));
#11259=DIRECTION('',(0,0,1));
#11260=FACE_SURFACE('',(#11265),#11261,.T.);
#11261=PLANE('',#11262);
#11262=AXIS2_PLACEMENT_3D('',#360,#11263,#11264);
#11263=DIRECTION('',(0,-0,-1));
#11264=DIRECTION('',(0.9026008426419259,-0.4304784766536946,0));
#11265=FACE_BOUND('',#11266,.T.);
#11266=EDGE_LOOP('',(#11267,#11268,#11269));
#11267=ORIENTED_EDGE('',*,*,#11270,.T.);
#11268=ORIENTED_EDGE('',*,*,#11271,.T.);
#11269=ORIENTED_EDGE('',*,*,#11272,.T.);
#11270=EDGE_CURVE('',#361,#511,#11273,.F.);
#11271=EDGE_CURVE('',#511,#717,#11274,.T.);
#11272=EDGE_CURVE('',#717,#361,#11275,.T.);
#11273=LINE('',#360,#11276);
#11274=LINE('',#510,#11277);
#11275=LINE('',#716,#11278);
#11276=VECTOR('',#11279,1.0);
#11277=VECTOR('',#11280,1.0);
#11278=VECTOR('',#11281,1.0);
#11279=DIRECTION('',(0.9026008426419259,-0.4304784766536946,0));
#11280=DIRECTION('',(-0.911127296075021,0.412125042125592,0));
#11281=DIRECTION('',(0.6669137898255721,0.7451348850647731,0));
#11282=FACE_SURFACE('',(#11287),#11283,.T.);
#11283=PLANE('',#11284);
#11284=AXIS2_PLACEMENT_3D('',#674,#11285,#11286);
#11285=DIRECTION('',(0.7525748922805678,-0.6585066677786124,0));
#11286=DIRECTION('',(0,0,1));
#11287=FACE_BOUND('',#11288,.T.);
#11288=EDGE_LOOP('',(#11289,#11290,#11291));
#11289=ORIENTED_EDGE('',*,*,#11292,.T.);
#11290=ORIENTED_EDGE('',*,*,#11293,.T.);
#11291=ORIENTED_EDGE('',*,*,#11294,.T.);
#11292=EDGE_CURVE('',#675,#587,#11295,.F.);
#11293=EDGE_CURVE('',#587,#629,#11296,.T.);
#11294=EDGE_CURVE('',#629,#675,#11297,.T.);
#11295=LINE('',#674,#11298);
#11296=LINE('',#586,#11299);
#11297=LINE('',#628,#11300);
#11298=VECTOR('',#11301,1.0);
#11299=VECTOR('',#11302,1.0);
#11300=VECTOR('',#11303,1.0);
#11301=DIRECTION('',(0,0,1));
#11302=DIRECTION('',(-0.06447182432121987,-0.07368167798110427,-0.9951956562398083));
#11303=DIRECTION('',(0.6585066677786123,0.7525748922805677,0));
#11304=FACE_SURFACE('',(#11309),#11305,.T.);
#11305=PLANE('',#11306);
#11306=AXIS2_PLACEMENT_3D('',#714,#11307,#11308);
#11307=DIRECTION('',(-0.7230859925372441,0.690758023765507,0));
#11308=DIRECTION('',(0.6907540253050773,0.7230818069460112,-0.003402497395153498));
#11309=FACE_BOUND('',#11310,.T.);
#11310=EDGE_LOOP('',(#11311,#11312,#11313));
#11311=ORIENTED_EDGE('',*,*,#11314,.T.);
#11312=ORIENTED_EDGE('',*,*,#11315,.T.);
#11313=ORIENTED_EDGE('',*,*,#11316,.T.);
#11314=EDGE_CURVE('',#715,#325,#11317,.F.);
#11315=EDGE_CURVE('',#325,#141,#11318,.T.);
#11316=EDGE_CURVE('',#141,#715,#11319,.T.);
#11317=LINE('',#714,#11320);
#11318=LINE('',#324,#11321);
#11319=LINE('',#140,#11322);
#11320=VECTOR('',#11323,1.0);
#11321=VECTOR('',#11324,1.0);
#11322=VECTOR('',#11325,1.0);
#11323=DIRECTION('',(0.6907540253050773,0.7230818069460112,-0.003402497395153498));
#11324=DIRECTION('',(0,0,-1));
#11325=DIRECTION('',(-0.10076645723838108,-0.10548239939288993,0.9893025748040608));
#11326=FACE_SURFACE('',(#11331),#11327,.T.);
#11327=PLANE('',#11328);
#11328=AXIS2_PLACEMENT_3D('',#680,#11329,#11330);
#11329=DIRECTION('',(0.8538696068598488,-0.5204869782050338,0));
#11330=DIRECTION('',(0.5204869782050339,0.8538696068598488,0));
#11331=FACE_BOUND('',#11332,.T.);
#11332=EDGE_LOOP('',(#11333,#11334,#11335));
#11333=ORIENTED_EDGE('',*,*,#11336,.T.);
#11334=ORIENTED_EDGE('',*,*,#11337,.T.);
#11335=ORIENTED_EDGE('',*,*,#11338,.T.);
#11336=EDGE_CURVE('',#681,#629,#11339,.F.);
#11337=EDGE_CURVE('',#629,#617,#11340,.T.);
#11338=EDGE_CURVE('',#617,#681,#11341,.T.);
#11339=LINE('',#680,#11342);
#11340=LINE('',#628,#11343);
#11341=LINE('',#616,#11344);
#11342=VECTOR('',#11345,1.0);
#11343=VECTOR('',#11346,1.0);
#11344=VECTOR('',#11347,1.0);
#11345=DIRECTION('',(0.5204869782050339,0.8538696068598488,0));
#11346=DIRECTION('',(-0.07572386074377814,-0.1242265530372772,0.9893602278414741));
#11347=DIRECTION('',(0,0,-1));
#11348=FACE_SURFACE('',(#11353),#11349,.T.);
#11349=PLANE('',#11350);
#11350=AXIS2_PLACEMENT_3D('',#636,#11351,#11352);
#11351=DIRECTION('',(0.9274054998798126,-0.37405753406752146,0));
#11352=DIRECTION('',(0,0,-1));
#11353=FACE_BOUND('',#11354,.T.);
#11354=EDGE_LOOP('',(#11355,#11356,#11357));
#11355=ORIENTED_EDGE('',*,*,#11358,.T.);
#11356=ORIENTED_EDGE('',*,*,#11359,.T.);
#11357=ORIENTED_EDGE('',*,*,#11360,.T.);
#11358=EDGE_CURVE('',#637,#683,#11361,.F.);
#11359=EDGE_CURVE('',#683,#617,#11362,.T.);
#11360=EDGE_CURVE('',#617,#637,#11363,.T.);
#11361=LINE('',#636,#11364);
#11362=LINE('',#682,#11365);
#11363=LINE('',#616,#11366);
#11364=VECTOR('',#11367,1.0);
#11365=VECTOR('',#11368,1.0);
#11366=VECTOR('',#11369,1.0);
#11367=DIRECTION('',(0,0,-1));
#11368=DIRECTION('',(0.0422329251955966,0.10470861708492928,0.9936057998711485));
#11369=DIRECTION('',(-0.3736915688146305,-0.9264981576733735,-0.04422414752943447));
#11370=FACE_SURFACE('',(#11375),#11371,.T.);
#11371=PLANE('',#11372);
#11372=AXIS2_PLACEMENT_3D('',#680,#11373,#11374);
#11373=DIRECTION('',(0.9274054998798126,-0.37405753406752146,0));
#11374=DIRECTION('',(0,0,1));
#11375=FACE_BOUND('',#11376,.T.);
#11376=EDGE_LOOP('',(#11377,#11378,#11379));
#11377=ORIENTED_EDGE('',*,*,#11380,.T.);
#11378=ORIENTED_EDGE('',*,*,#11381,.T.);
#11379=ORIENTED_EDGE('',*,*,#11382,.T.);
#11380=EDGE_CURVE('',#681,#617,#11383,.F.);
#11381=EDGE_CURVE('',#617,#683,#11384,.T.);
#11382=EDGE_CURVE('',#683,#681,#11385,.T.);
#11383=LINE('',#680,#11386);
#11384=LINE('',#616,#11387);
#11385=LINE('',#682,#11388);
#11386=VECTOR('',#11389,1.0);
#11387=VECTOR('',#11390,1.0);
#11388=VECTOR('',#11391,1.0);
#11389=DIRECTION('',(0,0,1));
#11390=DIRECTION('',(-0.0422329251955966,-0.10470861708492928,-0.9936057998711485));
#11391=DIRECTION('',(0.37361485165228514,0.9263079518579188,-0.048636621486577165));
#11392=FACE_SURFACE('',(#11397),#11393,.T.);
#11393=PLANE('',#11394);
#11394=AXIS2_PLACEMENT_3D('',#650,#11395,#11396);
#11395=DIRECTION('',(0.9464619009083518,-0.3228155357614457,0));
#11396=DIRECTION('',(0,0,-1));
#11397=FACE_BOUND('',#11398,.T.);
#11398=EDGE_LOOP('',(#11399,#11400,#11401));
#11399=ORIENTED_EDGE('',*,*,#11402,.T.);
#11400=ORIENTED_EDGE('',*,*,#11403,.T.);
#11401=ORIENTED_EDGE('',*,*,#11404,.T.);
#11402=EDGE_CURVE('',#651,#697,#11405,.F.);
#11403=EDGE_CURVE('',#697,#637,#11406,.T.);
#11404=EDGE_CURVE('',#637,#651,#11407,.T.);
#11405=LINE('',#650,#11408);
#11406=LINE('',#696,#11409);
#11407=LINE('',#636,#11410);
#11408=VECTOR('',#11411,1.0);
#11409=VECTOR('',#11412,1.0);
#11410=VECTOR('',#11413,1.0);
#11411=DIRECTION('',(0,0,-1));
#11412=DIRECTION('',(0.011118233986071832,0.032597516870989954,0.9994067173913114));
#11413=DIRECTION('',(-0.32280684870290105,-0.9464364313474642,-0.007336201249891446));
#11414=FACE_SURFACE('',(#11419),#11415,.T.);
#11415=PLANE('',#11416);
#11416=AXIS2_PLACEMENT_3D('',#682,#11417,#11418);
#11417=DIRECTION('',(0.9464619009083518,-0.3228155357614457,0));
#11418=DIRECTION('',(0,0,1));
#11419=FACE_BOUND('',#11420,.T.);
#11420=EDGE_LOOP('',(#11421,#11422,#11423));
#11421=ORIENTED_EDGE('',*,*,#11424,.T.);
#11422=ORIENTED_EDGE('',*,*,#11425,.T.);
#11423=ORIENTED_EDGE('',*,*,#11426,.T.);
#11424=EDGE_CURVE('',#683,#637,#11427,.F.);
#11425=EDGE_CURVE('',#637,#697,#11428,.T.);
#11426=EDGE_CURVE('',#697,#683,#11429,.T.);
#11427=LINE('',#682,#11430);
#11428=LINE('',#636,#11431);
#11429=LINE('',#696,#11432);
#11430=VECTOR('',#11433,1.0);
#11431=VECTOR('',#11434,1.0);
#11432=VECTOR('',#11435,1.0);
#11433=DIRECTION('',(0,0,1));
#11434=DIRECTION('',(-0.011118233986071832,-0.032597516870989954,-0.9994067173913114));
#11435=DIRECTION('',(0.32280684744070387,0.9464364276468321,-0.007336734184680302));
#11436=FACE_SURFACE('',(#11441),#11437,.T.);
#11437=PLANE('',#11438);
#11438=AXIS2_PLACEMENT_3D('',#510,#11439,#11440);
#11439=DIRECTION('',(0,0,-1));
#11440=DIRECTION('',(-0.9349111533064681,-0.35488186122027954,0));
#11441=FACE_BOUND('',#11442,.T.);
#11442=EDGE_LOOP('',(#11443,#11444,#11445));
#11443=ORIENTED_EDGE('',*,*,#11446,.T.);
#11444=ORIENTED_EDGE('',*,*,#11447,.T.);
#11445=ORIENTED_EDGE('',*,*,#11448,.T.);
#11446=EDGE_CURVE('',#511,#481,#11449,.F.);
#11447=EDGE_CURVE('',#481,#665,#11450,.T.);
#11448=EDGE_CURVE('',#665,#511,#11451,.T.);
#11449=LINE('',#510,#11452);
#11450=LINE('',#480,#11453);
#11451=LINE('',#664,#11454);
#11452=VECTOR('',#11455,1.0);
#11453=VECTOR('',#11456,1.0);
#11454=VECTOR('',#11457,1.0);
#11455=DIRECTION('',(-0.9349111533064681,-0.35488186122027954,0));
#11456=DIRECTION('',(0,1,0));
#11457=DIRECTION('',(0.9350129734872473,0.35461350708981204,0));
#11458=FACE_SURFACE('',(#11463),#11459,.T.);
#11459=PLANE('',#11460);
#11460=AXIS2_PLACEMENT_3D('',#44,#11461,#11462);
#11461=DIRECTION('',(0.027586166342592245,-0.02831533682213375,-0.9992183170494664));
#11462=DIRECTION('',(-0.8246126422350616,-0.5656576804548735,-0.006736379481783503));
#11463=FACE_BOUND('',#11464,.T.);
#11464=EDGE_LOOP('',(#11465,#11466,#11467));
#11465=ORIENTED_EDGE('',*,*,#11468,.T.);
#11466=ORIENTED_EDGE('',*,*,#11469,.T.);
#11467=ORIENTED_EDGE('',*,*,#11470,.T.);
#11468=EDGE_CURVE('',#45,#701,#11471,.F.);
#11469=EDGE_CURVE('',#701,#153,#11472,.T.);
#11470=EDGE_CURVE('',#153,#45,#11473,.T.);
#11471=LINE('',#44,#11474);
#11472=LINE('',#700,#11475);
#11473=LINE('',#152,#11476);
#11474=VECTOR('',#11477,1.0);
#11475=VECTOR('',#11478,1.0);
#11476=VECTOR('',#11479,1.0);
#11477=DIRECTION('',(-0.8246126422350616,-0.5656576804548735,-0.006736379481783503));
#11478=DIRECTION('',(0.7879544789604851,0.6157184419367743,0.004305733974793006));
#11479=DIRECTION('',(0.8301862586246929,0.5574406133020818,0.007123105511903327));
#11480=FACE_SURFACE('',(#11485),#11481,.T.);
#11481=PLANE('',#11482);
#11482=AXIS2_PLACEMENT_3D('',#700,#11483,#11484);
#11483=DIRECTION('',(-0.6157315405117499,0.7879503372835029,0.0029893132724831987));
#11484=DIRECTION('',(0.09996700197764184,0.0743534340021023,0.992208730745551));
#11485=FACE_BOUND('',#11486,.T.);
#11486=EDGE_LOOP('',(#11487,#11488,#11489));
#11487=ORIENTED_EDGE('',*,*,#11490,.T.);
#11488=ORIENTED_EDGE('',*,*,#11491,.T.);
#11489=ORIENTED_EDGE('',*,*,#11492,.T.);
#11490=EDGE_CURVE('',#701,#715,#11493,.F.);
#11491=EDGE_CURVE('',#715,#153,#11494,.T.);
#11492=EDGE_CURVE('',#153,#701,#11495,.T.);
#11493=LINE('',#700,#11496);
#11494=LINE('',#714,#11497);
#11495=LINE('',#152,#11498);
#11496=VECTOR('',#11499,1.0);
#11497=VECTOR('',#11500,1.0);
#11498=VECTOR('',#11501,1.0);
#11499=DIRECTION('',(0.09996700197764184,0.0743534340021023,0.992208730745551));
#11500=DIRECTION('',(0.03682604336638911,0.03256633586416575,-0.9987909071964759));
#11501=DIRECTION('',(-0.7879544789604851,-0.6157184419367743,-0.004305733974793006));
#11502=FACE_SURFACE('',(#11507),#11503,.T.);
#11503=PLANE('',#11504);
#11504=AXIS2_PLACEMENT_3D('',#38,#11505,#11506);
#11505=DIRECTION('',(0,0,-1));
#11506=DIRECTION('',(1,0,0));
#11507=FACE_BOUND('',#11508,.T.);
#11508=EDGE_LOOP('',(#11509,#11510,#11511));
#11509=ORIENTED_EDGE('',*,*,#11512,.T.);
#11510=ORIENTED_EDGE('',*,*,#11513,.T.);
#11511=ORIENTED_EDGE('',*,*,#11514,.T.);
#11512=EDGE_CURVE('',#39,#713,#11515,.F.);
#11513=EDGE_CURVE('',#713,#693,#11516,.T.);
#11514=EDGE_CURVE('',#693,#39,#11517,.T.);
#11515=LINE('',#38,#11518);
#11516=LINE('',#712,#11519);
#11517=LINE('',#692,#11520);
#11518=VECTOR('',#11521,1.0);
#11519=VECTOR('',#11522,1.0);
#11520=VECTOR('',#11523,1.0);
#11521=DIRECTION('',(1,0,0));
#11522=DIRECTION('',(0.6501783129209854,-0.7597816537711483,0));
#11523=DIRECTION('',(-0.6650240322220738,0.7468219577430046,0));
#11524=FACE_SURFACE('',(#11529),#11525,.T.);
#11525=PLANE('',#11526);
#11526=AXIS2_PLACEMENT_3D('',#718,#11527,#11528);
#11527=DIRECTION('',(-0,0,-1));
#11528=DIRECTION('',(-0.7146153413650795,-0.6995176294316467,0));
#11529=FACE_BOUND('',#11530,.T.);
#11530=EDGE_LOOP('',(#11531,#11532,#11533));
#11531=ORIENTED_EDGE('',*,*,#11534,.T.);
#11532=ORIENTED_EDGE('',*,*,#11535,.T.);
#11533=ORIENTED_EDGE('',*,*,#11536,.T.);
#11534=EDGE_CURVE('',#719,#721,#11537,.F.);
#11535=EDGE_CURVE('',#721,#693,#11538,.T.);
#11536=EDGE_CURVE('',#693,#719,#11539,.T.);
#11537=LINE('',#718,#11540);
#11538=LINE('',#720,#11541);
#11539=LINE('',#692,#11542);
#11540=VECTOR('',#11543,1.0);
#11541=VECTOR('',#11544,1.0);
#11542=VECTOR('',#11545,1.0);
#11543=DIRECTION('',(-0.7146153413650795,-0.6995176294316467,0));
#11544=DIRECTION('',(0.11380623337083377,0.9935029648903638,0));
#11545=DIRECTION('',(0,-1,0));
#11546=FACE_SURFACE('',(#11551),#11547,.T.);
#11547=PLANE('',#11548);
#11548=AXIS2_PLACEMENT_3D('',#694,#11549,#11550);
#11549=DIRECTION('',(-0.00917331329808646,-0.00031582086085830323,-0.9999578744028765));
#11550=DIRECTION('',(0.9578933100920669,-0.2869926348131505,-0.008696783535828432));
#11551=FACE_BOUND('',#11552,.T.);
#11552=EDGE_LOOP('',(#11553,#11554,#11555));
#11553=ORIENTED_EDGE('',*,*,#11556,.T.);
#11554=ORIENTED_EDGE('',*,*,#11557,.T.);
#11555=ORIENTED_EDGE('',*,*,#11558,.T.);
#11556=EDGE_CURVE('',#695,#697,#11559,.F.);
#11557=EDGE_CURVE('',#697,#655,#11560,.T.);
#11558=EDGE_CURVE('',#655,#695,#11561,.T.);
#11559=LINE('',#694,#11562);
#11560=LINE('',#696,#11563);
#11561=LINE('',#654,#11564);
#11562=VECTOR('',#11565,1.0);
#11563=VECTOR('',#11566,1.0);
#11564=VECTOR('',#11567,1.0);
#11565=DIRECTION('',(0.9578933100920669,-0.2869926348131505,-0.008696783535828432));
#11566=DIRECTION('',(-0.15142537446925464,-0.9884672283227782,0.001701322641497829));
#11567=DIRECTION('',(-0.643137877577032,0.7657294928459567,0.005658110248538097));
#11568=FACE_SURFACE('',(#11573),#11569,.T.);
#11569=PLANE('',#11570);
#11570=AXIS2_PLACEMENT_3D('',#664,#11571,#11572);
#11571=DIRECTION('',(0,0,-1));
#11572=DIRECTION('',(-0.45274662613706657,0.8916392165677233,0));
#11573=FACE_BOUND('',#11574,.T.);
#11574=EDGE_LOOP('',(#11575,#11576,#11577));
#11575=ORIENTED_EDGE('',*,*,#11578,.T.);
#11576=ORIENTED_EDGE('',*,*,#11579,.T.);
#11577=ORIENTED_EDGE('',*,*,#11580,.T.);
#11578=EDGE_CURVE('',#665,#719,#11581,.F.);
#11579=EDGE_CURVE('',#719,#511,#11582,.T.);
#11580=EDGE_CURVE('',#511,#665,#11583,.T.);
#11581=LINE('',#664,#11584);
#11582=LINE('',#718,#11585);
#11583=LINE('',#510,#11586);
#11584=VECTOR('',#11587,1.0);
#11585=VECTOR('',#11588,1.0);
#11586=VECTOR('',#11589,1.0);
#11587=DIRECTION('',(-0.45274662613706657,0.8916392165677233,0));
#11588=DIRECTION('',(0.9836734875140472,0.17996241263650498,0));
#11589=DIRECTION('',(-0.9350129734872473,-0.35461350708981204,0));
#11590=FACE_SURFACE('',(#11595),#11591,.T.);
#11591=PLANE('',#11592);
#11592=AXIS2_PLACEMENT_3D('',#720,#11593,#11594);
#11593=DIRECTION('',(-0.9931966617198986,-0.11644909251878881,0));
#11594=DIRECTION('',(0.1164490925187888,-0.9931966617198985,0));
#11595=FACE_BOUND('',#11596,.T.);
#11596=EDGE_LOOP('',(#11597,#11598,#11599));
#11597=ORIENTED_EDGE('',*,*,#11600,.T.);
#11598=ORIENTED_EDGE('',*,*,#11601,.T.);
#11599=ORIENTED_EDGE('',*,*,#11602,.T.);
#11600=EDGE_CURVE('',#721,#723,#11603,.F.);
#11601=EDGE_CURVE('',#723,#725,#11604,.T.);
#11602=EDGE_CURVE('',#725,#721,#11605,.T.);
#11603=LINE('',#720,#11606);
#11604=LINE('',#722,#11607);
#11605=LINE('',#724,#11608);
#11606=VECTOR('',#11609,1.0);
#11607=VECTOR('',#11610,1.0);
#11608=VECTOR('',#11611,1.0);
#11609=DIRECTION('',(0.1164490925187888,-0.9931966617198985,0));
#11610=DIRECTION('',(-0.0979096300538367,0.835073211961792,0.5413561073882301));
#11611=DIRECTION('',(0,0,-1));
#11612=FACE_SURFACE('',(#11617),#11613,.T.);
#11613=PLANE('',#11614);
#11614=AXIS2_PLACEMENT_3D('',#38,#11615,#11616);
#11615=DIRECTION('',(0,0,-1));
#11616=DIRECTION('',(0.6650240322220738,-0.7468219577430046,0));
#11617=FACE_BOUND('',#11618,.T.);
#11618=EDGE_LOOP('',(#11619,#11620,#11621));
#11619=ORIENTED_EDGE('',*,*,#11622,.T.);
#11620=ORIENTED_EDGE('',*,*,#11623,.T.);
#11621=ORIENTED_EDGE('',*,*,#11624,.T.);
#11622=EDGE_CURVE('',#39,#693,#11625,.F.);
#11623=EDGE_CURVE('',#693,#35,#11626,.T.);
#11624=EDGE_CURVE('',#35,#39,#11627,.T.);
#11625=LINE('',#38,#11628);
#11626=LINE('',#692,#11629);
#11627=LINE('',#34,#11630);
#11628=VECTOR('',#11631,1.0);
#11629=VECTOR('',#11632,1.0);
#11630=VECTOR('',#11633,1.0);
#11631=DIRECTION('',(0.6650240322220738,-0.7468219577430046,0));
#11632=DIRECTION('',(-0.11448418771150563,-0.9934250705332721,0));
#11633=DIRECTION('',(0,1,0));
#11634=FACE_SURFACE('',(#11639),#11635,.T.);
#11635=PLANE('',#11636);
#11636=AXIS2_PLACEMENT_3D('',#720,#11637,#11638);
#11637=DIRECTION('',(0,-1,0));
#11638=DIRECTION('',(0,0,1));
#11639=FACE_BOUND('',#11640,.T.);
#11640=EDGE_LOOP('',(#11641,#11642,#11643));
#11641=ORIENTED_EDGE('',*,*,#11644,.T.);
#11642=ORIENTED_EDGE('',*,*,#11645,.T.);
#11643=ORIENTED_EDGE('',*,*,#11646,.T.);
#11644=EDGE_CURVE('',#721,#725,#11647,.F.);
#11645=EDGE_CURVE('',#725,#35,#11648,.T.);
#11646=EDGE_CURVE('',#35,#721,#11649,.T.);
#11647=LINE('',#720,#11650);
#11648=LINE('',#724,#11651);
#11649=LINE('',#34,#11652);
#11650=VECTOR('',#11653,1.0);
#11651=VECTOR('',#11654,1.0);
#11652=VECTOR('',#11655,1.0);
#11653=DIRECTION('',(0,0,1));
#11654=DIRECTION('',(-0.10578179636921972,0,-0.9943893661724772));
#11655=DIRECTION('',(1,0,0));
#11656=FACE_SURFACE('',(#11661),#11657,.T.);
#11657=PLANE('',#11658);
#11658=AXIS2_PLACEMENT_3D('',#36,#11659,#11660);
#11659=DIRECTION('',(0,-1,0));
#11660=DIRECTION('',(0,0,-1));
#11661=FACE_BOUND('',#11662,.T.);
#11662=EDGE_LOOP('',(#11663,#11664,#11665));
#11663=ORIENTED_EDGE('',*,*,#11666,.T.);
#11664=ORIENTED_EDGE('',*,*,#11667,.T.);
#11665=ORIENTED_EDGE('',*,*,#11668,.T.);
#11666=EDGE_CURVE('',#37,#35,#11669,.F.);
#11667=EDGE_CURVE('',#35,#725,#11670,.T.);
#11668=EDGE_CURVE('',#725,#37,#11671,.T.);
#11669=LINE('',#36,#11672);
#11670=LINE('',#34,#11673);
#11671=LINE('',#724,#11674);
#11672=VECTOR('',#11675,1.0);
#11673=VECTOR('',#11676,1.0);
#11674=VECTOR('',#11677,1.0);
#11675=DIRECTION('',(0,0,-1));
#11676=DIRECTION('',(0.10578179636921972,0,0.9943893661724772));
#11677=DIRECTION('',(-0.9578230376668141,0,0.28735871052521894));
#11678=FACE_SURFACE('',(#11683),#11679,.T.);
#11679=PLANE('',#11680);
#11680=AXIS2_PLACEMENT_3D('',#696,#11681,#11682);
#11681=DIRECTION('',(0.9884686588844526,-0.1514255936200075,0));
#11682=DIRECTION('',(0,0,1));
#11683=FACE_BOUND('',#11684,.T.);
#11684=EDGE_LOOP('',(#11685,#11686,#11687));
#11685=ORIENTED_EDGE('',*,*,#11688,.T.);
#11686=ORIENTED_EDGE('',*,*,#11689,.T.);
#11687=ORIENTED_EDGE('',*,*,#11690,.T.);
#11688=EDGE_CURVE('',#697,#651,#11691,.F.);
#11689=EDGE_CURVE('',#651,#655,#11692,.T.);
#11690=EDGE_CURVE('',#655,#697,#11693,.T.);
#11691=LINE('',#696,#11694);
#11692=LINE('',#650,#11695);
#11693=LINE('',#654,#11696);
#11694=VECTOR('',#11697,1.0);
#11695=VECTOR('',#11698,1.0);
#11696=VECTOR('',#11699,1.0);
#11697=DIRECTION('',(0,0,1));
#11698=DIRECTION('',(-0.022270839868561286,-0.145378510269208,-0.9891254209873764));
#11699=DIRECTION('',(0.15142537446925464,0.9884672283227782,-0.001701322641497829));
#11700=FACE_SURFACE('',(#11705),#11701,.T.);
#11701=PLANE('',#11702);
#11702=AXIS2_PLACEMENT_3D('',#652,#11703,#11704);
#11703=DIRECTION('',(0.9978744839670863,0.06516528406614393,0));
#11704=DIRECTION('',(0.06516528406614393,-0.9978744839670863,0));
#11705=FACE_BOUND('',#11706,.T.);
#11706=EDGE_LOOP('',(#11707,#11708,#11709));
#11707=ORIENTED_EDGE('',*,*,#11710,.T.);
#11708=ORIENTED_EDGE('',*,*,#11711,.T.);
#11709=ORIENTED_EDGE('',*,*,#11712,.T.);
#11710=EDGE_CURVE('',#653,#661,#11713,.F.);
#11711=EDGE_CURVE('',#661,#655,#11714,.T.);
#11712=EDGE_CURVE('',#655,#653,#11715,.T.);
#11713=LINE('',#652,#11716);
#11714=LINE('',#660,#11717);
#11715=LINE('',#654,#11718);
#11716=VECTOR('',#11719,1.0);
#11717=VECTOR('',#11720,1.0);
#11718=VECTOR('',#11721,1.0);
#11719=DIRECTION('',(0.06516528406614393,-0.9978744839670863,0));
#11720=DIRECTION('',(-0.012656537217591886,0.19380926095550233,-0.9809575844212335));
#11721=DIRECTION('',(0,0,1));
#11722=FACE_SURFACE('',(#11727),#11723,.T.);
#11723=PLANE('',#11724);
#11724=AXIS2_PLACEMENT_3D('',#726,#11725,#11726);
#11725=DIRECTION('',(0.9597706938552459,0.28078499820435515,0));
#11726=DIRECTION('',(0,0,-1));
#11727=FACE_BOUND('',#11728,.T.);
#11728=EDGE_LOOP('',(#11729,#11730,#11731));
#11729=ORIENTED_EDGE('',*,*,#11732,.T.);
#11730=ORIENTED_EDGE('',*,*,#11733,.T.);
#11731=ORIENTED_EDGE('',*,*,#11734,.T.);
#11732=EDGE_CURVE('',#727,#729,#11735,.F.);
#11733=EDGE_CURVE('',#729,#661,#11736,.T.);
#11734=EDGE_CURVE('',#661,#727,#11737,.T.);
#11735=LINE('',#726,#11738);
#11736=LINE('',#728,#11739);
#11737=LINE('',#660,#11740);
#11738=VECTOR('',#11741,1.0);
#11739=VECTOR('',#11742,1.0);
#11740=VECTOR('',#11743,1.0);
#11741=DIRECTION('',(0,0,-1));
#11742=DIRECTION('',(-0.04125634234979625,0.14102116771272483,0.9891465738063576));
#11743=DIRECTION('',(0.2807833718476504,-0.9597651346924952,0.0034035749676763123));
#11744=FACE_SURFACE('',(#11749),#11745,.T.);
#11745=PLANE('',#11746);
#11746=AXIS2_PLACEMENT_3D('',#658,#11747,#11748);
#11747=DIRECTION('',(0.959770693855246,0.2807849982043552,-0));
#11748=DIRECTION('',(0,0,1));
#11749=FACE_BOUND('',#11750,.T.);
#11750=EDGE_LOOP('',(#11751,#11752,#11753));
#11751=ORIENTED_EDGE('',*,*,#11754,.T.);
#11752=ORIENTED_EDGE('',*,*,#11755,.T.);
#11753=ORIENTED_EDGE('',*,*,#11756,.T.);
#11754=EDGE_CURVE('',#659,#661,#11757,.F.);
#11755=EDGE_CURVE('',#661,#729,#11758,.T.);
#11756=EDGE_CURVE('',#729,#659,#11759,.T.);
#11757=LINE('',#658,#11760);
#11758=LINE('',#660,#11761);
#11759=LINE('',#728,#11762);
#11760=VECTOR('',#11763,1.0);
#11761=VECTOR('',#11764,1.0);
#11762=VECTOR('',#11765,1.0);
#11763=DIRECTION('',(0,0,1));
#11764=DIRECTION('',(0.04125634234979625,-0.14102116771272483,-0.9891465738063576));
#11765=DIRECTION('',(-0.28078337199910475,0.9597651352101918,0.003403416485607982));
#11766=FACE_SURFACE('',(#11771),#11767,.T.);
#11767=PLANE('',#11768);
#11768=AXIS2_PLACEMENT_3D('',#256,#11769,#11770);
#11769=DIRECTION('',(-0,-1,-0));
#11770=DIRECTION('',(-1,0,0));
#11771=FACE_BOUND('',#11772,.T.);
#11772=EDGE_LOOP('',(#11773,#11774,#11775));
#11773=ORIENTED_EDGE('',*,*,#11776,.T.);
#11774=ORIENTED_EDGE('',*,*,#11777,.T.);
#11775=ORIENTED_EDGE('',*,*,#11778,.T.);
#11776=EDGE_CURVE('',#257,#59,#11779,.F.);
#11777=EDGE_CURVE('',#59,#699,#11780,.T.);
#11778=EDGE_CURVE('',#699,#257,#11781,.T.);
#11779=LINE('',#256,#11782);
#11780=LINE('',#58,#11783);
#11781=LINE('',#698,#11784);
#11782=VECTOR('',#11785,1.0);
#11783=VECTOR('',#11786,1.0);
#11784=VECTOR('',#11787,1.0);
#11785=DIRECTION('',(-1,0,0));
#11786=DIRECTION('',(0.0018424473811715985,0,-0.9999983026923833));
#11787=DIRECTION('',(0,0,1));
#11788=FACE_SURFACE('',(#11793),#11789,.T.);
#11789=PLANE('',#11790);
#11790=AXIS2_PLACEMENT_3D('',#42,#11791,#11792);
#11791=DIRECTION('',(0,-1,0));
#11792=DIRECTION('',(0.9578246090766008,0,0.28735347265564226));
#11793=FACE_BOUND('',#11794,.T.);
#11794=EDGE_LOOP('',(#11795,#11796,#11797));
#11795=ORIENTED_EDGE('',*,*,#11798,.T.);
#11796=ORIENTED_EDGE('',*,*,#11799,.T.);
#11797=ORIENTED_EDGE('',*,*,#11800,.T.);
#11798=EDGE_CURVE('',#43,#699,#11801,.F.);
#11799=EDGE_CURVE('',#699,#59,#11802,.T.);
#11800=EDGE_CURVE('',#59,#43,#11803,.T.);
#11801=LINE('',#42,#11804);
#11802=LINE('',#698,#11805);
#11803=LINE('',#58,#11806);
#11804=VECTOR('',#11807,1.0);
#11805=VECTOR('',#11808,1.0);
#11806=VECTOR('',#11809,1.0);
#11807=DIRECTION('',(0.9578246090766008,0,0.28735347265564226));
#11808=DIRECTION('',(-0.0018424473811715985,0,0.9999983026923833));
#11809=DIRECTION('',(0,0,-1));
#11810=FACE_SURFACE('',(#11815),#11811,.T.);
#11811=PLANE('',#11812);
#11812=AXIS2_PLACEMENT_3D('',#664,#11813,#11814);
#11813=DIRECTION('',(-5.5131926908023E-13,-2.799427552786078E-13,-1));
#11814=DIRECTION('',(-0.9993526543957932,-0.035975994108326345,5.610335938894483E-13));
#11815=FACE_BOUND('',#11816,.T.);
#11816=EDGE_LOOP('',(#11817,#11818,#11819));
#11817=ORIENTED_EDGE('',*,*,#11820,.T.);
#11818=ORIENTED_EDGE('',*,*,#11821,.T.);
#11819=ORIENTED_EDGE('',*,*,#11822,.T.);
#11820=EDGE_CURVE('',#665,#663,#11823,.F.);
#11821=EDGE_CURVE('',#663,#719,#11824,.T.);
#11822=EDGE_CURVE('',#719,#665,#11825,.T.);
#11823=LINE('',#664,#11826);
#11824=LINE('',#662,#11827);
#11825=LINE('',#718,#11828);
#11826=VECTOR('',#11829,1.0);
#11827=VECTOR('',#11830,1.0);
#11828=VECTOR('',#11831,1.0);
#11829=DIRECTION('',(-0.9993526543957932,-0.035975994108326345,5.610335938894483E-13));
#11830=DIRECTION('',(-0.4150185812294126,0.9098129352973201,-2.5887799037135642E-14));
#11831=DIRECTION('',(0.45274662613706657,-0.8916392165677233,0));
#11832=FACE_SURFACE('',(#11837),#11833,.T.);
#11833=PLANE('',#11834);
#11834=AXIS2_PLACEMENT_3D('',#602,#11835,#11836);
#11835=DIRECTION('',(2.687337498244083E-05,9.185863563248458E-05,-0.9999999954199065));
#11836=DIRECTION('',(-0.11341226576815405,-0.9935480104545793,-9.431373545328875E-05));
#11837=FACE_BOUND('',#11838,.T.);
#11838=EDGE_LOOP('',(#11839,#11840,#11841));
#11839=ORIENTED_EDGE('',*,*,#11842,.T.);
#11840=ORIENTED_EDGE('',*,*,#11843,.T.);
#11841=ORIENTED_EDGE('',*,*,#11844,.T.);
#11842=EDGE_CURVE('',#603,#261,#11845,.F.);
#11843=EDGE_CURVE('',#261,#371,#11846,.T.);
#11844=EDGE_CURVE('',#371,#603,#11847,.T.);
#11845=LINE('',#602,#11848);
#11846=LINE('',#260,#11849);
#11847=LINE('',#370,#11850);
#11848=VECTOR('',#11851,1.0);
#11849=VECTOR('',#11852,1.0);
#11850=VECTOR('',#11853,1.0);
#11851=DIRECTION('',(-0.11341226576815405,-0.9935480104545793,-9.431373545328875E-05));
#11852=DIRECTION('',(-0.9597714246115755,0.28078250034335595,0));
#11853=DIRECTION('',(0.12699798830944203,0.9919029700680734,9.452771850506348E-05));
#11854=FACE_SURFACE('',(#11859),#11855,.T.);
#11855=PLANE('',#11856);
#11856=AXIS2_PLACEMENT_3D('',#624,#11857,#11858);
#11857=DIRECTION('',(0,0,-1));
#11858=DIRECTION('',(-0.20618869396442252,0.9785122495305031,0));
#11859=FACE_BOUND('',#11860,.T.);
#11860=EDGE_LOOP('',(#11861,#11862,#11863));
#11861=ORIENTED_EDGE('',*,*,#11864,.T.);
#11862=ORIENTED_EDGE('',*,*,#11865,.T.);
#11863=ORIENTED_EDGE('',*,*,#11866,.T.);
#11864=EDGE_CURVE('',#625,#719,#11867,.F.);
#11865=EDGE_CURVE('',#719,#623,#11868,.T.);
#11866=EDGE_CURVE('',#623,#625,#11869,.T.);
#11867=LINE('',#624,#11870);
#11868=LINE('',#718,#11871);
#11869=LINE('',#622,#11872);
#11870=VECTOR('',#11873,1.0);
#11871=VECTOR('',#11874,1.0);
#11872=VECTOR('',#11875,1.0);
#11873=DIRECTION('',(-0.20618869396442252,0.9785122495305031,0));
#11874=DIRECTION('',(0.3150679658347807,-0.9490691107104547,0));
#11875=DIRECTION('',(-0.9940124467979613,0.10926690080134183,0));
#11876=FACE_SURFACE('',(#11881),#11877,.T.);
#11877=PLANE('',#11878);
#11878=AXIS2_PLACEMENT_3D('',#330,#11879,#11880);
#11879=DIRECTION('',(-0.9832197909469262,-0.18241607777142763,-0.0017936724257709609));
#11880=DIRECTION('',(-0.0031313143152952973,0.02670704303037163,-0.9996383989839689));
#11881=FACE_BOUND('',#11882,.T.);
#11882=EDGE_LOOP('',(#11883,#11884,#11885));
#11883=ORIENTED_EDGE('',*,*,#11886,.T.);
#11884=ORIENTED_EDGE('',*,*,#11887,.T.);
#11885=ORIENTED_EDGE('',*,*,#11888,.T.);
#11886=EDGE_CURVE('',#331,#699,#11889,.F.);
#11887=EDGE_CURVE('',#699,#731,#11890,.T.);
#11888=EDGE_CURVE('',#731,#331,#11891,.T.);
#11889=LINE('',#330,#11892);
#11890=LINE('',#698,#11893);
#11891=LINE('',#730,#11894);
#11892=VECTOR('',#11895,1.0);
#11893=VECTOR('',#11896,1.0);
#11894=VECTOR('',#11897,1.0);
#11895=DIRECTION('',(-0.0031313143152952973,0.02670704303037163,-0.9996383989839689));
#11896=DIRECTION('',(0.18205912363815124,-0.9818232745656225,0.05364264181923491));
#11897=DIRECTION('',(-0.003753663640640181,0.010399925366331539,0.9999388739126245));
#11898=FACE_SURFACE('',(#11903),#11899,.T.);
#11899=PLANE('',#11900);
#11900=AXIS2_PLACEMENT_3D('',#716,#11901,#11902);
#11901=DIRECTION('',(0,-0,-1));
#11902=DIRECTION('',(0.911127296075021,-0.412125042125592,0));
#11903=FACE_BOUND('',#11904,.T.);
#11904=EDGE_LOOP('',(#11905,#11906,#11907));
#11905=ORIENTED_EDGE('',*,*,#11908,.T.);
#11906=ORIENTED_EDGE('',*,*,#11909,.T.);
#11907=ORIENTED_EDGE('',*,*,#11910,.T.);
#11908=EDGE_CURVE('',#717,#511,#11911,.F.);
#11909=EDGE_CURVE('',#511,#719,#11912,.T.);
#11910=EDGE_CURVE('',#719,#717,#11913,.T.);
#11911=LINE('',#716,#11914);
#11912=LINE('',#510,#11915);
#11913=LINE('',#718,#11916);
#11914=VECTOR('',#11917,1.0);
#11915=VECTOR('',#11918,1.0);
#11916=VECTOR('',#11919,1.0);
#11917=DIRECTION('',(0.911127296075021,-0.412125042125592,0));
#11918=DIRECTION('',(-0.9836734875140472,-0.17996241263650498,0));
#11919=DIRECTION('',(0.20711080644736804,0.9783174913353644,0));
#11920=FACE_SURFACE('',(#11925),#11921,.T.);
#11921=PLANE('',#11922);
#11922=AXIS2_PLACEMENT_3D('',#730,#11923,#11924);
#11923=DIRECTION('',(-0.9407288233946922,-0.3391596686206633,-3.944580270997691E-06));
#11924=DIRECTION('',(0.011194533467102133,-0.03106195606739429,0.9994547700149923));
#11925=FACE_BOUND('',#11926,.T.);
#11926=EDGE_LOOP('',(#11927,#11928,#11929));
#11927=ORIENTED_EDGE('',*,*,#11930,.T.);
#11928=ORIENTED_EDGE('',*,*,#11931,.T.);
#11929=ORIENTED_EDGE('',*,*,#11932,.T.);
#11930=EDGE_CURVE('',#731,#333,#11933,.F.);
#11931=EDGE_CURVE('',#333,#331,#11934,.T.);
#11932=EDGE_CURVE('',#331,#731,#11935,.T.);
#11933=LINE('',#730,#11936);
#11934=LINE('',#332,#11937);
#11935=LINE('',#330,#11938);
#11936=VECTOR('',#11939,1.0);
#11937=VECTOR('',#11940,1.0);
#11938=VECTOR('',#11941,1.0);
#11939=DIRECTION('',(0.011194533467102133,-0.03106195606739429,0.9994547700149923));
#11940=DIRECTION('',(-0.33915966862330194,0.940728823402011,0));
#11941=DIRECTION('',(0.003753663640640181,-0.010399925366331539,-0.9999388739126245));
#11942=FACE_SURFACE('',(#11947),#11943,.T.);
#11943=PLANE('',#11944);
#11944=AXIS2_PLACEMENT_3D('',#732,#11945,#11946);
#11945=DIRECTION('',(-0.17195334712939905,-0.632931453720209,-0.7548707315180655));
#11946=DIRECTION('',(-0.9802898632144491,0.1856132403822435,0.06767207011611469));
#11947=FACE_BOUND('',#11948,.T.);
#11948=EDGE_LOOP('',(#11949,#11950,#11951));
#11949=ORIENTED_EDGE('',*,*,#11952,.T.);
#11950=ORIENTED_EDGE('',*,*,#11953,.T.);
#11951=ORIENTED_EDGE('',*,*,#11954,.T.);
#11952=EDGE_CURVE('',#733,#573,#11955,.F.);
#11953=EDGE_CURVE('',#573,#575,#11956,.T.);
#11954=EDGE_CURVE('',#575,#733,#11957,.T.);
#11955=LINE('',#732,#11958);
#11956=LINE('',#572,#11959);
#11957=LINE('',#574,#11960);
#11958=VECTOR('',#11961,1.0);
#11959=VECTOR('',#11962,1.0);
#11960=VECTOR('',#11963,1.0);
#11961=DIRECTION('',(-0.9802898632144491,0.1856132403822435,0.06767207011611469));
#11962=DIRECTION('',(-0.9650204766177871,0.26217452147067816,0));
#11963=DIRECTION('',(0.9718114591245577,-0.23445233136252455,-0.02479097079332211));
#11964=FACE_SURFACE('',(#11969),#11965,.T.);
#11965=PLANE('',#11966);
#11966=AXIS2_PLACEMENT_3D('',#572,#11967,#11968);
#11967=DIRECTION('',(-0.14585496447299376,-0.9109744685038337,0.38581322822414954));
#11968=DIRECTION('',(0.9802898632144491,-0.1856132403822435,-0.06767207011611469));
#11969=FACE_BOUND('',#11970,.T.);
#11970=EDGE_LOOP('',(#11971,#11972,#11973));
#11971=ORIENTED_EDGE('',*,*,#11974,.T.);
#11972=ORIENTED_EDGE('',*,*,#11975,.T.);
#11973=ORIENTED_EDGE('',*,*,#11976,.T.);
#11974=EDGE_CURVE('',#573,#733,#11977,.F.);
#11975=EDGE_CURVE('',#733,#619,#11978,.T.);
#11976=EDGE_CURVE('',#619,#573,#11979,.T.);
#11977=LINE('',#572,#11980);
#11978=LINE('',#732,#11981);
#11979=LINE('',#618,#11982);
#11980=VECTOR('',#11983,1.0);
#11981=VECTOR('',#11984,1.0);
#11982=VECTOR('',#11985,1.0);
#11983=DIRECTION('',(0.9802898632144491,-0.1856132403822435,-0.06767207011611469));
#11984=DIRECTION('',(0.9887562917368594,-0.14723036652294233,0.026157498433422004));
#11985=DIRECTION('',(-0.9874238772579768,0.15809518215563675,0));
#11986=FACE_SURFACE('',(#11991),#11987,.T.);
#11987=PLANE('',#11988);
#11988=AXIS2_PLACEMENT_3D('',#210,#11989,#11990);
#11989=DIRECTION('',(-0,1,0));
#11990=DIRECTION('',(0.9989439296695037,0,0.045945896187250874));
#11991=FACE_BOUND('',#11992,.T.);
#11992=EDGE_LOOP('',(#11993,#11994,#11995));
#11993=ORIENTED_EDGE('',*,*,#11996,.T.);
#11994=ORIENTED_EDGE('',*,*,#11997,.T.);
#11995=ORIENTED_EDGE('',*,*,#11998,.T.);
#11996=EDGE_CURVE('',#211,#547,#11999,.F.);
#11997=EDGE_CURVE('',#547,#271,#12000,.T.);
#11998=EDGE_CURVE('',#271,#211,#12001,.T.);
#11999=LINE('',#210,#12002);
#12000=LINE('',#546,#12003);
#12001=LINE('',#270,#12004);
#12002=VECTOR('',#12005,1.0);
#12003=VECTOR('',#12006,1.0);
#12004=VECTOR('',#12007,1.0);
#12005=DIRECTION('',(0.9989439296695037,0,0.045945896187250874));
#12006=DIRECTION('',(-0.9925436500321154,0,-0.12188971564871884));
#12007=DIRECTION('',(0,0,1));
#12008=FACE_SURFACE('',(#12013),#12009,.T.);
#12009=PLANE('',#12010);
#12010=AXIS2_PLACEMENT_3D('',#630,#12011,#12012);
#12011=DIRECTION('',(0,0,-1));
#12012=DIRECTION('',(-0.8999405811896201,0.43601255753485907,0));
#12013=FACE_BOUND('',#12014,.T.);
#12014=EDGE_LOOP('',(#12015,#12016,#12017));
#12015=ORIENTED_EDGE('',*,*,#12018,.T.);
#12016=ORIENTED_EDGE('',*,*,#12019,.T.);
#12017=ORIENTED_EDGE('',*,*,#12020,.T.);
#12018=EDGE_CURVE('',#631,#671,#12021,.F.);
#12019=EDGE_CURVE('',#671,#719,#12022,.T.);
#12020=EDGE_CURVE('',#719,#631,#12023,.T.);
#12021=LINE('',#630,#12024);
#12022=LINE('',#670,#12025);
#12023=LINE('',#718,#12026);
#12024=VECTOR('',#12027,1.0);
#12025=VECTOR('',#12028,1.0);
#12026=VECTOR('',#12029,1.0);
#12027=DIRECTION('',(-0.8999405811896201,0.43601255753485907,0));
#12028=DIRECTION('',(0.2573884375023985,0.9663080214093608,0));
#12029=DIRECTION('',(-0.14459163405560366,-0.9894914144959169,0));
#12030=FACE_SURFACE('',(#12035),#12031,.T.);
#12031=PLANE('',#12032);
#12032=AXIS2_PLACEMENT_3D('',#670,#12033,#12034);
#12033=DIRECTION('',(0,0,-1));
#12034=DIRECTION('',(-0.846078152445604,0.5330588710022873,0));
#12035=FACE_BOUND('',#12036,.T.);
#12036=EDGE_LOOP('',(#12037,#12038,#12039));
#12037=ORIENTED_EDGE('',*,*,#12040,.T.);
#12038=ORIENTED_EDGE('',*,*,#12041,.T.);
#12039=ORIENTED_EDGE('',*,*,#12042,.T.);
#12040=EDGE_CURVE('',#671,#735,#12043,.F.);
#12041=EDGE_CURVE('',#735,#719,#12044,.T.);
#12042=EDGE_CURVE('',#719,#671,#12045,.T.);
#12043=LINE('',#670,#12046);
#12044=LINE('',#734,#12047);
#12045=LINE('',#718,#12048);
#12046=VECTOR('',#12049,1.0);
#12047=VECTOR('',#12050,1.0);
#12048=VECTOR('',#12051,1.0);
#12049=DIRECTION('',(-0.846078152445604,0.5330588710022873,0));
#12050=DIRECTION('',(0.3623831526436149,0.9320292112804591,0));
#12051=DIRECTION('',(-0.2573884375023985,-0.9663080214093608,0));
#12052=FACE_SURFACE('',(#12057),#12053,.T.);
#12053=PLANE('',#12054);
#12054=AXIS2_PLACEMENT_3D('',#734,#12055,#12056);
#12055=DIRECTION('',(0,0,-1));
#12056=DIRECTION('',(-0.7704102999511119,0.6375484057930328,0));
#12057=FACE_BOUND('',#12058,.T.);
#12058=EDGE_LOOP('',(#12059,#12060,#12061));
#12059=ORIENTED_EDGE('',*,*,#12062,.T.);
#12060=ORIENTED_EDGE('',*,*,#12063,.T.);
#12061=ORIENTED_EDGE('',*,*,#12064,.T.);
#12062=EDGE_CURVE('',#735,#737,#12065,.F.);
#12063=EDGE_CURVE('',#737,#719,#12066,.T.);
#12064=EDGE_CURVE('',#719,#735,#12067,.T.);
#12065=LINE('',#734,#12068);
#12066=LINE('',#736,#12069);
#12067=LINE('',#718,#12070);
#12068=VECTOR('',#12071,1.0);
#12069=VECTOR('',#12072,1.0);
#12070=VECTOR('',#12073,1.0);
#12071=DIRECTION('',(-0.7704102999511119,0.6375484057930328,0));
#12072=DIRECTION('',(0.4576945857268843,0.8891094793085358,0));
#12073=DIRECTION('',(-0.3623831526436149,-0.9320292112804591,0));
#12074=FACE_SURFACE('',(#12079),#12075,.T.);
#12075=PLANE('',#12076);
#12076=AXIS2_PLACEMENT_3D('',#732,#12077,#12078);
#12077=DIRECTION('',(-0.010725055080184214,0.00040839345396478564,0.9999424015453658));
#12078=DIRECTION('',(0.5295823537198376,-0.8482371196692539,0.006026561520852086));
#12079=FACE_BOUND('',#12080,.T.);
#12080=EDGE_LOOP('',(#12081,#12082,#12083));
#12081=ORIENTED_EDGE('',*,*,#12084,.T.);
#12082=ORIENTED_EDGE('',*,*,#12085,.T.);
#12083=ORIENTED_EDGE('',*,*,#12086,.T.);
#12084=EDGE_CURVE('',#733,#727,#12087,.F.);
#12085=EDGE_CURVE('',#727,#661,#12088,.T.);
#12086=EDGE_CURVE('',#661,#733,#12089,.T.);
#12087=LINE('',#732,#12090);
#12088=LINE('',#726,#12091);
#12089=LINE('',#660,#12092);
#12090=VECTOR('',#12093,1.0);
#12091=VECTOR('',#12094,1.0);
#12092=VECTOR('',#12095,1.0);
#12093=DIRECTION('',(0.5295823537198376,-0.8482371196692539,0.006026561520852086));
#12094=DIRECTION('',(-0.2807833718476504,0.9597651346924952,-0.0034035749676763123));
#12095=DIRECTION('',(-0.5923217837479664,0.8056737888438811,-0.006682100535949332));
#12096=FACE_SURFACE('',(#12101),#12097,.T.);
#12097=PLANE('',#12098);
#12098=AXIS2_PLACEMENT_3D('',#662,#12099,#12100);
#12099=DIRECTION('',(2.2913061525162964E-13,7.606581653865165E-14,-1));
#12100=DIRECTION('',(-0.9993421514586814,0.03626657301060837,-2.2622123552150436E-13));
#12101=FACE_BOUND('',#12102,.T.);
#12102=EDGE_LOOP('',(#12103,#12104,#12105));
#12103=ORIENTED_EDGE('',*,*,#12106,.T.);
#12104=ORIENTED_EDGE('',*,*,#12107,.T.);
#12105=ORIENTED_EDGE('',*,*,#12108,.T.);
#12106=EDGE_CURVE('',#663,#623,#12109,.F.);
#12107=EDGE_CURVE('',#623,#719,#12110,.T.);
#12108=EDGE_CURVE('',#719,#663,#12111,.T.);
#12109=LINE('',#662,#12112);
#12110=LINE('',#622,#12113);
#12111=LINE('',#718,#12114);
#12112=VECTOR('',#12115,1.0);
#12113=VECTOR('',#12116,1.0);
#12114=VECTOR('',#12117,1.0);
#12115=DIRECTION('',(-0.9993421514586814,0.03626657301060837,-2.2622123552150436E-13));
#12116=DIRECTION('',(-0.3150679658347807,0.9490691107104547,0));
#12117=DIRECTION('',(0.4150185812294126,-0.9098129352973201,2.5887799037135642E-14));
#12118=FACE_SURFACE('',(#12123),#12119,.T.);
#12119=PLANE('',#12120);
#12120=AXIS2_PLACEMENT_3D('',#652,#12121,#12122);
#12121=DIRECTION('',(-0.012380002482601292,-0.000808464783377395,0.9999230380000377));
#12122=DIRECTION('',(-0.7952883591110356,0.6061591250516295,-0.00935633363660042));
#12123=FACE_BOUND('',#12124,.T.);
#12124=EDGE_LOOP('',(#12125,#12126,#12127));
#12125=ORIENTED_EDGE('',*,*,#12128,.T.);
#12126=ORIENTED_EDGE('',*,*,#12129,.T.);
#12127=ORIENTED_EDGE('',*,*,#12130,.T.);
#12128=EDGE_CURVE('',#653,#733,#12131,.F.);
#12129=EDGE_CURVE('',#733,#661,#12132,.T.);
#12130=EDGE_CURVE('',#661,#653,#12133,.T.);
#12131=LINE('',#652,#12134);
#12132=LINE('',#732,#12135);
#12133=LINE('',#660,#12136);
#12134=VECTOR('',#12137,1.0);
#12135=VECTOR('',#12138,1.0);
#12136=VECTOR('',#12139,1.0);
#12137=DIRECTION('',(-0.7952883591110356,0.6061591250516295,-0.00935633363660042));
#12138=DIRECTION('',(0.5923217837479664,-0.8056737888438811,0.006682100535949332));
#12139=DIRECTION('',(-0.06516528406614393,0.9978744839670863,0));
#12140=FACE_SURFACE('',(#12145),#12141,.T.);
#12141=PLANE('',#12142);
#12142=AXIS2_PLACEMENT_3D('',#738,#12143,#12144);
#12143=DIRECTION('',(-0.22099384246602338,-0.9752752030027741,-0));
#12144=DIRECTION('',(0,0,-1));
#12145=FACE_BOUND('',#12146,.T.);
#12146=EDGE_LOOP('',(#12147,#12148,#12149));
#12147=ORIENTED_EDGE('',*,*,#12150,.T.);
#12148=ORIENTED_EDGE('',*,*,#12151,.T.);
#12149=ORIENTED_EDGE('',*,*,#12152,.T.);
#12150=EDGE_CURVE('',#739,#693,#12153,.F.);
#12151=EDGE_CURVE('',#693,#695,#12154,.T.);
#12152=EDGE_CURVE('',#695,#739,#12155,.T.);
#12153=LINE('',#738,#12156);
#12154=LINE('',#692,#12157);
#12155=LINE('',#694,#12158);
#12156=VECTOR('',#12159,1.0);
#12157=VECTOR('',#12160,1.0);
#12158=VECTOR('',#12161,1.0);
#12159=DIRECTION('',(0,0,-1));
#12160=DIRECTION('',(0.9751571163727323,-0.22096708446168115,0.015561040200511472));
#12161=DIRECTION('',(-0.9751795495225243,0.22097216773249115,0.014005259035464056));
#12162=FACE_SURFACE('',(#12167),#12163,.T.);
#12163=PLANE('',#12164);
#12164=AXIS2_PLACEMENT_3D('',#692,#12165,#12166);
#12165=DIRECTION('',(-0.0900420032077218,-0.4595894455840886,-0.8835553062293557));
#12166=DIRECTION('',(0.98134340155951,-0.19226317436162896,0));
#12167=FACE_BOUND('',#12168,.T.);
#12168=EDGE_LOOP('',(#12169,#12170,#12171));
#12169=ORIENTED_EDGE('',*,*,#12172,.T.);
#12170=ORIENTED_EDGE('',*,*,#12173,.T.);
#12171=ORIENTED_EDGE('',*,*,#12174,.T.);
#12172=EDGE_CURVE('',#693,#679,#12175,.F.);
#12173=EDGE_CURVE('',#679,#695,#12176,.T.);
#12174=EDGE_CURVE('',#695,#693,#12177,.T.);
#12175=LINE('',#692,#12178);
#12176=LINE('',#678,#12179);
#12177=LINE('',#694,#12180);
#12178=VECTOR('',#12181,1.0);
#12179=VECTOR('',#12182,1.0);
#12180=VECTOR('',#12183,1.0);
#12181=DIRECTION('',(0.98134340155951,-0.19226317436162896,0));
#12182=DIRECTION('',(-0.9915980834297787,0.12410060170835738,0.03650043279213532));
#12183=DIRECTION('',(-0.9751571163727323,0.22096708446168115,-0.015561040200511472));
#12184=FACE_SURFACE('',(#12189),#12185,.T.);
#12185=PLANE('',#12186);
#12186=AXIS2_PLACEMENT_3D('',#738,#12187,#12188);
#12187=DIRECTION('',(-0.015667393931266833,-0.005770932145167542,-0.9998606048392836));
#12188=DIRECTION('',(0.9751795495225243,-0.22097216773249115,-0.014005259035464056));
#12189=FACE_BOUND('',#12190,.T.);
#12190=EDGE_LOOP('',(#12191,#12192,#12193));
#12191=ORIENTED_EDGE('',*,*,#12194,.T.);
#12192=ORIENTED_EDGE('',*,*,#12195,.T.);
#12193=ORIENTED_EDGE('',*,*,#12196,.T.);
#12194=EDGE_CURVE('',#739,#695,#12197,.F.);
#12195=EDGE_CURVE('',#695,#655,#12198,.T.);
#12196=EDGE_CURVE('',#655,#739,#12199,.T.);
#12197=LINE('',#738,#12200);
#12198=LINE('',#694,#12201);
#12199=LINE('',#654,#12202);
#12200=VECTOR('',#12203,1.0);
#12201=VECTOR('',#12204,1.0);
#12202=VECTOR('',#12205,1.0);
#12203=DIRECTION('',(0.9751795495225243,-0.22097216773249115,-0.014005259035464056));
#12204=DIRECTION('',(0.643137877577032,-0.7657294928459567,-0.005658110248538097));
#12205=DIRECTION('',(-0.9003296182876286,0.435054126997965,0.011596767484586322));
#12206=FACE_SURFACE('',(#12211),#12207,.T.);
#12207=PLANE('',#12208);
#12208=AXIS2_PLACEMENT_3D('',#720,#12209,#12210);
#12209=DIRECTION('',(0,0,-1));
#12210=DIRECTION('',(0.7146153413650795,0.6995176294316467,0));
#12211=FACE_BOUND('',#12212,.T.);
#12212=EDGE_LOOP('',(#12213,#12214,#12215));
#12213=ORIENTED_EDGE('',*,*,#12216,.T.);
#12214=ORIENTED_EDGE('',*,*,#12217,.T.);
#12215=ORIENTED_EDGE('',*,*,#12218,.T.);
#12216=EDGE_CURVE('',#721,#719,#12219,.F.);
#12217=EDGE_CURVE('',#719,#723,#12220,.T.);
#12218=EDGE_CURVE('',#723,#721,#12221,.T.);
#12219=LINE('',#720,#12222);
#12220=LINE('',#718,#12223);
#12221=LINE('',#722,#12224);
#12222=VECTOR('',#12225,1.0);
#12223=VECTOR('',#12226,1.0);
#12224=VECTOR('',#12227,1.0);
#12225=DIRECTION('',(0.7146153413650795,0.6995176294316467,0));
#12226=DIRECTION('',(-0.6802705534123065,-0.7329611000319964,0));
#12227=DIRECTION('',(-0.1164490925187888,0.9931966617198985,0));
#12228=FACE_SURFACE('',(#12233),#12229,.T.);
#12229=PLANE('',#12230);
#12230=AXIS2_PLACEMENT_3D('',#722,#12231,#12232);
#12231=DIRECTION('',(0,0,-1));
#12232=DIRECTION('',(0.6802705534123065,0.7329611000319964,0));
#12233=FACE_BOUND('',#12234,.T.);
#12234=EDGE_LOOP('',(#12235,#12236,#12237));
#12235=ORIENTED_EDGE('',*,*,#12238,.T.);
#12236=ORIENTED_EDGE('',*,*,#12239,.T.);
#12237=ORIENTED_EDGE('',*,*,#12240,.T.);
#12238=EDGE_CURVE('',#723,#719,#12241,.F.);
#12239=EDGE_CURVE('',#719,#741,#12242,.T.);
#12240=EDGE_CURVE('',#741,#723,#12243,.T.);
#12241=LINE('',#722,#12244);
#12242=LINE('',#718,#12245);
#12243=LINE('',#740,#12246);
#12244=VECTOR('',#12247,1.0);
#12245=VECTOR('',#12248,1.0);
#12246=VECTOR('',#12249,1.0);
#12247=DIRECTION('',(0.6802705534123065,0.7329611000319964,0));
#12248=DIRECTION('',(-0.616365272309907,-0.7874603806480261,0));
#12249=DIRECTION('',(-0.33915966862330194,0.940728823402011,0));
#12250=FACE_SURFACE('',(#12255),#12251,.T.);
#12251=PLANE('',#12252);
#12252=AXIS2_PLACEMENT_3D('',#654,#12253,#12254);
#12253=DIRECTION('',(-0.012660392191431644,0.00045353158659830093,-0.9999197511693921));
#12254=DIRECTION('',(0.06516523087546636,-0.9978736694594739,-0.0012776871415622114));
#12255=FACE_BOUND('',#12256,.T.);
#12256=EDGE_LOOP('',(#12257,#12258,#12259));
#12257=ORIENTED_EDGE('',*,*,#12260,.T.);
#12258=ORIENTED_EDGE('',*,*,#12261,.T.);
#12259=ORIENTED_EDGE('',*,*,#12262,.T.);
#12260=EDGE_CURVE('',#655,#659,#12263,.F.);
#12261=EDGE_CURVE('',#659,#739,#12264,.T.);
#12262=EDGE_CURVE('',#739,#655,#12265,.T.);
#12263=LINE('',#654,#12266);
#12264=LINE('',#658,#12267);
#12265=LINE('',#738,#12268);
#12266=VECTOR('',#12269,1.0);
#12267=VECTOR('',#12270,1.0);
#12268=VECTOR('',#12271,1.0);
#12269=DIRECTION('',(0.06516523087546636,-0.9978736694594739,-0.0012776871415622114));
#12270=DIRECTION('',(-0.7912630536427429,0.6113892182669238,0.010295811134700352));
#12271=DIRECTION('',(0.9003296182876286,-0.435054126997965,-0.011596767484586322));
#12272=FACE_SURFACE('',(#12277),#12273,.T.);
#12273=PLANE('',#12274);
#12274=AXIS2_PLACEMENT_3D('',#742,#12275,#12276);
#12275=DIRECTION('',(-0.19883516493983733,-0.0465686012419379,0.9789259127031611));
#12276=DIRECTION('',(-0.7382656934343805,0.664043466086728,-0.11836401921774067));
#12277=FACE_BOUND('',#12278,.T.);
#12278=EDGE_LOOP('',(#12279,#12280,#12281));
#12279=ORIENTED_EDGE('',*,*,#12282,.T.);
#12280=ORIENTED_EDGE('',*,*,#12283,.T.);
#12281=ORIENTED_EDGE('',*,*,#12284,.T.);
#12282=EDGE_CURVE('',#743,#61,#12285,.F.);
#12283=EDGE_CURVE('',#61,#745,#12286,.T.);
#12284=EDGE_CURVE('',#745,#743,#12287,.T.);
#12285=LINE('',#742,#12288);
#12286=LINE('',#60,#12289);
#12287=LINE('',#744,#12290);
#12288=VECTOR('',#12291,1.0);
#12289=VECTOR('',#12292,1.0);
#12290=VECTOR('',#12293,1.0);
#12291=DIRECTION('',(-0.7382656934343805,0.664043466086728,-0.11836401921774067));
#12292=DIRECTION('',(0.2280363276488828,-0.9736526245393741,0));
#12293=DIRECTION('',(0.555371673542376,0.8176485014630277,0.1517011281500753));
#12294=FACE_SURFACE('',(#12299),#12295,.T.);
#12295=PLANE('',#12296);
#12296=AXIS2_PLACEMENT_3D('',#650,#12297,#12298);
#12297=DIRECTION('',(-0.010534067817152819,0.0016137360128807535,0.9999432130232719));
#12298=DIRECTION('',(-0.9689635156269563,0.24697613675044905,-0.010606283970958565));
#12299=FACE_BOUND('',#12300,.T.);
#12300=EDGE_LOOP('',(#12301,#12302,#12303));
#12301=ORIENTED_EDGE('',*,*,#12304,.T.);
#12302=ORIENTED_EDGE('',*,*,#12305,.T.);
#12303=ORIENTED_EDGE('',*,*,#12306,.T.);
#12304=EDGE_CURVE('',#651,#733,#12307,.F.);
#12305=EDGE_CURVE('',#733,#653,#12308,.T.);
#12306=EDGE_CURVE('',#653,#651,#12309,.T.);
#12307=LINE('',#650,#12310);
#12308=LINE('',#732,#12311);
#12309=LINE('',#652,#12312);
#12310=VECTOR('',#12313,1.0);
#12311=VECTOR('',#12314,1.0);
#12312=VECTOR('',#12315,1.0);
#12313=DIRECTION('',(-0.9689635156269563,0.24697613675044905,-0.010606283970958565));
#12314=DIRECTION('',(0.7952883591110356,-0.6061591250516295,0.00935633363660042));
#12315=DIRECTION('',(0.15142559362000746,0.9884686588844526,0));
#12316=FACE_SURFACE('',(#12321),#12317,.T.);
#12317=PLANE('',#12318);
#12318=AXIS2_PLACEMENT_3D('',#726,#12319,#12320);
#12319=DIRECTION('',(-0.015142450371795613,-0.002349956810762538,0.9998825850567282));
#12320=DIRECTION('',(-0.5295823537198376,0.8482371196692539,-0.006026561520852086));
#12321=FACE_BOUND('',#12322,.T.);
#12322=EDGE_LOOP('',(#12323,#12324,#12325));
#12323=ORIENTED_EDGE('',*,*,#12326,.T.);
#12324=ORIENTED_EDGE('',*,*,#12327,.T.);
#12325=ORIENTED_EDGE('',*,*,#12328,.T.);
#12326=EDGE_CURVE('',#727,#733,#12329,.F.);
#12327=EDGE_CURVE('',#733,#747,#12330,.T.);
#12328=EDGE_CURVE('',#747,#727,#12331,.T.);
#12329=LINE('',#726,#12332);
#12330=LINE('',#732,#12333);
#12331=LINE('',#746,#12334);
#12332=VECTOR('',#12335,1.0);
#12333=VECTOR('',#12336,1.0);
#12334=VECTOR('',#12337,1.0);
#12335=DIRECTION('',(-0.5295823537198376,0.8482371196692539,-0.006026561520852086));
#12336=DIRECTION('',(-0.9720126416969548,0.23450086724125405,-0.01416924995923095));
#12337=DIRECTION('',(0.7323096281589815,-0.680905682772828,0.009489977519638673));
#12338=FACE_SURFACE('',(#12343),#12339,.T.);
#12339=PLANE('',#12340);
#12340=AXIS2_PLACEMENT_3D('',#746,#12341,#12342);
#12341=DIRECTION('',(-0.23452441087977777,-0.9721102307359456,0));
#12342=DIRECTION('',(0.9720126416969548,-0.23450086724125405,0.01416924995923095));
#12343=FACE_BOUND('',#12344,.T.);
#12344=EDGE_LOOP('',(#12345,#12346,#12347));
#12345=ORIENTED_EDGE('',*,*,#12348,.T.);
#12346=ORIENTED_EDGE('',*,*,#12349,.T.);
#12347=ORIENTED_EDGE('',*,*,#12350,.T.);
#12348=EDGE_CURVE('',#747,#733,#12351,.F.);
#12349=EDGE_CURVE('',#733,#575,#12352,.T.);
#12350=EDGE_CURVE('',#575,#747,#12353,.T.);
#12351=LINE('',#746,#12354);
#12352=LINE('',#732,#12355);
#12353=LINE('',#574,#12356);
#12354=VECTOR('',#12357,1.0);
#12355=VECTOR('',#12358,1.0);
#12356=VECTOR('',#12359,1.0);
#12357=DIRECTION('',(0.9720126416969548,-0.23450086724125405,0.01416924995923095));
#12358=DIRECTION('',(-0.9718114591245577,0.23445233136252455,0.02479097079332211));
#12359=DIRECTION('',(0,0,-1));
#12360=FACE_SURFACE('',(#12365),#12361,.T.);
#12361=PLANE('',#12362);
#12362=AXIS2_PLACEMENT_3D('',#636,#12363,#12364);
#12363=DIRECTION('',(-0.1472807609772072,-0.9890947262249328,0));
#12364=DIRECTION('',(0,0,1));
#12365=FACE_BOUND('',#12366,.T.);
#12366=EDGE_LOOP('',(#12367,#12368,#12369));
#12367=ORIENTED_EDGE('',*,*,#12370,.T.);
#12368=ORIENTED_EDGE('',*,*,#12371,.T.);
#12369=ORIENTED_EDGE('',*,*,#12372,.T.);
#12370=EDGE_CURVE('',#637,#619,#12373,.F.);
#12371=EDGE_CURVE('',#619,#733,#12374,.T.);
#12372=EDGE_CURVE('',#733,#637,#12375,.T.);
#12373=LINE('',#636,#12376);
#12374=LINE('',#618,#12377);
#12375=LINE('',#732,#12378);
#12376=VECTOR('',#12379,1.0);
#12377=VECTOR('',#12380,1.0);
#12378=VECTOR('',#12381,1.0);
#12379=DIRECTION('',(0,0,1));
#12380=DIRECTION('',(-0.9887562917368594,0.14723036652294233,-0.026157498433422004));
#12381=DIRECTION('',(0.9890325392996488,-0.14727150105756975,0.01121343759686298));
#12382=FACE_SURFACE('',(#12387),#12383,.T.);
#12383=PLANE('',#12384);
#12384=AXIS2_PLACEMENT_3D('',#732,#12385,#12386);
#12385=DIRECTION('',(-0.011887304448419355,-0.0036963174441018293,0.9999225116129264));
#12386=DIRECTION('',(0.9689635156269563,-0.24697613675044905,0.010606283970958565));
#12387=FACE_BOUND('',#12388,.T.);
#12388=EDGE_LOOP('',(#12389,#12390,#12391));
#12389=ORIENTED_EDGE('',*,*,#12392,.T.);
#12390=ORIENTED_EDGE('',*,*,#12393,.T.);
#12391=ORIENTED_EDGE('',*,*,#12394,.T.);
#12392=EDGE_CURVE('',#733,#651,#12395,.F.);
#12393=EDGE_CURVE('',#651,#637,#12396,.T.);
#12394=EDGE_CURVE('',#637,#733,#12397,.T.);
#12395=LINE('',#732,#12398);
#12396=LINE('',#650,#12399);
#12397=LINE('',#636,#12400);
#12398=VECTOR('',#12401,1.0);
#12399=VECTOR('',#12402,1.0);
#12400=VECTOR('',#12403,1.0);
#12401=DIRECTION('',(0.9689635156269563,-0.24697613675044905,0.010606283970958565));
#12402=DIRECTION('',(0.32280684870290105,0.9464364313474642,0.007336201249891446));
#12403=DIRECTION('',(-0.9890325392996488,0.14727150105756975,-0.01121343759686298));
#12404=FACE_SURFACE('',(#12409),#12405,.T.);
#12405=PLANE('',#12406);
#12406=AXIS2_PLACEMENT_3D('',#656,#12407,#12408);
#12407=DIRECTION('',(0,0,-1));
#12408=DIRECTION('',(-0.937923576828618,0.3468419871195115,0));
#12409=FACE_BOUND('',#12410,.T.);
#12410=EDGE_LOOP('',(#12411,#12412,#12413));
#12411=ORIENTED_EDGE('',*,*,#12414,.T.);
#12412=ORIENTED_EDGE('',*,*,#12415,.T.);
#12413=ORIENTED_EDGE('',*,*,#12416,.T.);
#12414=EDGE_CURVE('',#657,#631,#12417,.F.);
#12415=EDGE_CURVE('',#631,#719,#12418,.T.);
#12416=EDGE_CURVE('',#719,#657,#12419,.T.);
#12417=LINE('',#656,#12420);
#12418=LINE('',#630,#12421);
#12419=LINE('',#718,#12422);
#12420=VECTOR('',#12423,1.0);
#12421=VECTOR('',#12424,1.0);
#12422=VECTOR('',#12425,1.0);
#12423=DIRECTION('',(-0.937923576828618,0.3468419871195115,0));
#12424=DIRECTION('',(0.14459163405560366,0.9894914144959169,0));
#12425=DIRECTION('',(-0.027276464103002763,-0.9996279280342449,0));
#12426=FACE_SURFACE('',(#12431),#12427,.T.);
#12427=PLANE('',#12428);
#12428=AXIS2_PLACEMENT_3D('',#34,#12429,#12430);
#12429=DIRECTION('',(0,0,-1));
#12430=DIRECTION('',(0.11448418771150563,0.9934250705332721,0));
#12431=FACE_BOUND('',#12432,.T.);
#12432=EDGE_LOOP('',(#12433,#12434,#12435));
#12433=ORIENTED_EDGE('',*,*,#12436,.T.);
#12434=ORIENTED_EDGE('',*,*,#12437,.T.);
#12435=ORIENTED_EDGE('',*,*,#12438,.T.);
#12436=EDGE_CURVE('',#35,#693,#12439,.F.);
#12437=EDGE_CURVE('',#693,#721,#12440,.T.);
#12438=EDGE_CURVE('',#721,#35,#12441,.T.);
#12439=LINE('',#34,#12442);
#12440=LINE('',#692,#12443);
#12441=LINE('',#720,#12444);
#12442=VECTOR('',#12445,1.0);
#12443=VECTOR('',#12446,1.0);
#12444=VECTOR('',#12447,1.0);
#12445=DIRECTION('',(0.11448418771150563,0.9934250705332721,0));
#12446=DIRECTION('',(-0.11380623337083377,-0.9935029648903638,0));
#12447=DIRECTION('',(-1,0,0));
#12448=FACE_SURFACE('',(#12453),#12449,.T.);
#12449=PLANE('',#12450);
#12450=AXIS2_PLACEMENT_3D('',#624,#12451,#12452);
#12451=DIRECTION('',(0,0,-1));
#12452=DIRECTION('',(-0.9748267990494763,0.22296347650445367,0));
#12453=FACE_BOUND('',#12454,.T.);
#12454=EDGE_LOOP('',(#12455,#12456,#12457));
#12455=ORIENTED_EDGE('',*,*,#12458,.T.);
#12456=ORIENTED_EDGE('',*,*,#12459,.T.);
#12457=ORIENTED_EDGE('',*,*,#12460,.T.);
#12458=EDGE_CURVE('',#625,#657,#12461,.F.);
#12459=EDGE_CURVE('',#657,#719,#12462,.T.);
#12460=EDGE_CURVE('',#719,#625,#12463,.T.);
#12461=LINE('',#624,#12464);
#12462=LINE('',#656,#12465);
#12463=LINE('',#718,#12466);
#12464=VECTOR('',#12467,1.0);
#12465=VECTOR('',#12468,1.0);
#12466=VECTOR('',#12469,1.0);
#12467=DIRECTION('',(-0.9748267990494763,0.22296347650445367,0));
#12468=DIRECTION('',(0.027276464103002763,0.9996279280342449,0));
#12469=DIRECTION('',(0.20618869396442252,-0.9785122495305031,0));
#12470=FACE_SURFACE('',(#12475),#12471,.T.);
#12471=PLANE('',#12472);
#12472=AXIS2_PLACEMENT_3D('',#658,#12473,#12474);
#12473=DIRECTION('',(-0.013270854459235157,-0.00033666432581503253,-0.9999118816571055));
#12474=DIRECTION('',(0.28078337199910475,-0.9597651352101918,-0.003403416485607982));
#12475=FACE_BOUND('',#12476,.T.);
#12476=EDGE_LOOP('',(#12477,#12478,#12479));
#12477=ORIENTED_EDGE('',*,*,#12480,.T.);
#12478=ORIENTED_EDGE('',*,*,#12481,.T.);
#12479=ORIENTED_EDGE('',*,*,#12482,.T.);
#12480=EDGE_CURVE('',#659,#729,#12483,.F.);
#12481=EDGE_CURVE('',#729,#739,#12484,.T.);
#12482=EDGE_CURVE('',#739,#659,#12485,.T.);
#12483=LINE('',#658,#12486);
#12484=LINE('',#728,#12487);
#12485=LINE('',#738,#12488);
#12486=VECTOR('',#12489,1.0);
#12487=VECTOR('',#12490,1.0);
#12488=VECTOR('',#12491,1.0);
#12489=DIRECTION('',(0.28078337199910475,-0.9597651352101918,-0.003403416485607982));
#12490=DIRECTION('',(-0.7323096281828677,0.6809056827950377,0.009489974082859929));
#12491=DIRECTION('',(0.7912630536427429,-0.6113892182669238,-0.010295811134700352));
#12492=FACE_SURFACE('',(#12497),#12493,.T.);
#12493=PLANE('',#12494);
#12494=AXIS2_PLACEMENT_3D('',#736,#12495,#12496);
#12495=DIRECTION('',(0,0,-1));
#12496=DIRECTION('',(-0.5998001571961261,0.8001498431090908,0));
#12497=FACE_BOUND('',#12498,.T.);
#12498=EDGE_LOOP('',(#12499,#12500,#12501));
#12499=ORIENTED_EDGE('',*,*,#12502,.T.);
#12500=ORIENTED_EDGE('',*,*,#12503,.T.);
#12501=ORIENTED_EDGE('',*,*,#12504,.T.);
#12502=EDGE_CURVE('',#737,#741,#12505,.F.);
#12503=EDGE_CURVE('',#741,#719,#12506,.T.);
#12504=EDGE_CURVE('',#719,#737,#12507,.T.);
#12505=LINE('',#736,#12508);
#12506=LINE('',#740,#12509);
#12507=LINE('',#718,#12510);
#12508=VECTOR('',#12511,1.0);
#12509=VECTOR('',#12512,1.0);
#12510=VECTOR('',#12513,1.0);
#12511=DIRECTION('',(-0.5998001571961261,0.8001498431090908,0));
#12512=DIRECTION('',(0.616365272309907,0.7874603806480261,0));
#12513=DIRECTION('',(-0.4576945857268843,-0.8891094793085358,0));
#12514=FACE_SURFACE('',(#12519),#12515,.T.);
#12515=PLANE('',#12516);
#12516=AXIS2_PLACEMENT_3D('',#742,#12517,#12518);
#12517=DIRECTION('',(-0.9311153009564193,-0.3647238342310819,-0.0009061283656851921));
#12518=DIRECTION('',(-0.0027105793188221456,0.004435536159480594,0.9999864892980976));
#12519=FACE_BOUND('',#12520,.T.);
#12520=EDGE_LOOP('',(#12521,#12522,#12523));
#12521=ORIENTED_EDGE('',*,*,#12524,.T.);
#12522=ORIENTED_EDGE('',*,*,#12525,.T.);
#12523=ORIENTED_EDGE('',*,*,#12526,.T.);
#12524=EDGE_CURVE('',#743,#333,#12527,.F.);
#12525=EDGE_CURVE('',#333,#731,#12528,.T.);
#12526=EDGE_CURVE('',#731,#743,#12529,.T.);
#12527=LINE('',#742,#12530);
#12528=LINE('',#332,#12531);
#12529=LINE('',#730,#12532);
#12530=VECTOR('',#12533,1.0);
#12531=VECTOR('',#12534,1.0);
#12532=VECTOR('',#12535,1.0);
#12533=DIRECTION('',(-0.0027105793188221456,0.004435536159480594,0.9999864892980976));
#12534=DIRECTION('',(-0.011194533467102133,0.03106195606739429,-0.9994547700149923));
#12535=DIRECTION('',(0.3645636796554248,-0.9307745677813887,0.027423118850084773));
#12536=FACE_SURFACE('',(#12541),#12537,.T.);
#12537=PLANE('',#12538);
#12538=AXIS2_PLACEMENT_3D('',#684,#12539,#12540);
#12539=DIRECTION('',(-0.7459354076790714,0.6660182937207186,0));
#12540=DIRECTION('',(-0.6660182937207187,-0.7459354076790714,0));
#12541=FACE_BOUND('',#12542,.T.);
#12542=EDGE_LOOP('',(#12543,#12544,#12545));
#12543=ORIENTED_EDGE('',*,*,#12546,.T.);
#12544=ORIENTED_EDGE('',*,*,#12547,.T.);
#12545=ORIENTED_EDGE('',*,*,#12548,.T.);
#12546=EDGE_CURVE('',#685,#707,#12549,.F.);
#12547=EDGE_CURVE('',#707,#749,#12550,.T.);
#12548=EDGE_CURVE('',#749,#685,#12551,.T.);
#12549=LINE('',#684,#12552);
#12550=LINE('',#706,#12553);
#12551=LINE('',#748,#12554);
#12552=VECTOR('',#12555,1.0);
#12553=VECTOR('',#12556,1.0);
#12554=VECTOR('',#12557,1.0);
#12555=DIRECTION('',(-0.6660182937207187,-0.7459354076790714,0));
#12556=DIRECTION('',(0,0,1));
#12557=DIRECTION('',(0.02747674007055977,0.030773739249299673,-0.99914864045732));
#12558=FACE_SURFACE('',(#12563),#12559,.T.);
#12559=PLANE('',#12560);
#12560=AXIS2_PLACEMENT_3D('',#236,#12561,#12562);
#12561=DIRECTION('',(0,0,1));
#12562=DIRECTION('',(-0.99973961346143,0.02281896746109519,0));
#12563=FACE_BOUND('',#12564,.T.);
#12564=EDGE_LOOP('',(#12565,#12566,#12567));
#12565=ORIENTED_EDGE('',*,*,#12568,.T.);
#12566=ORIENTED_EDGE('',*,*,#12569,.T.);
#12567=ORIENTED_EDGE('',*,*,#12570,.T.);
#12568=EDGE_CURVE('',#237,#245,#12571,.F.);
#12569=EDGE_CURVE('',#245,#239,#12572,.T.);
#12570=EDGE_CURVE('',#239,#237,#12573,.T.);
#12571=LINE('',#236,#12574);
#12572=LINE('',#244,#12575);
#12573=LINE('',#238,#12576);
#12574=VECTOR('',#12577,1.0);
#12575=VECTOR('',#12578,1.0);
#12576=VECTOR('',#12579,1.0);
#12577=DIRECTION('',(-0.99973961346143,0.02281896746109519,0));
#12578=DIRECTION('',(0.8818042281039603,-0.47161563088809816,0));
#12579=DIRECTION('',(0.9999999924689256,-0.00012272794546068966,0));
#12580=FACE_SURFACE('',(#12585),#12581,.T.);
#12581=PLANE('',#12582);
#12582=AXIS2_PLACEMENT_3D('',#334,#12583,#12584);
#12583=DIRECTION('',(-0.8522416630125241,-0.5231482948848282,-9.687488823520507E-05));
#12584=DIRECTION('',(-0.5231482973396346,0.8522416670115591,0));
#12585=FACE_BOUND('',#12586,.T.);
#12586=EDGE_LOOP('',(#12587,#12588,#12589));
#12587=ORIENTED_EDGE('',*,*,#12590,.T.);
#12588=ORIENTED_EDGE('',*,*,#12591,.T.);
#12589=ORIENTED_EDGE('',*,*,#12592,.T.);
#12590=EDGE_CURVE('',#335,#333,#12593,.F.);
#12591=EDGE_CURVE('',#333,#751,#12594,.T.);
#12592=EDGE_CURVE('',#751,#335,#12595,.T.);
#12593=LINE('',#334,#12596);
#12594=LINE('',#332,#12597);
#12595=LINE('',#750,#12598);
#12596=VECTOR('',#12599,1.0);
#12597=VECTOR('',#12600,1.0);
#12598=VECTOR('',#12601,1.0);
#12599=DIRECTION('',(-0.5231482973396346,0.8522416670115591,0));
#12600=DIRECTION('',(0.020758372182198892,-0.03363166926587226,-0.999218695184761));
#12601=DIRECTION('',(0.003821645521360523,-0.006410873852378289,0.9999721474730975));
#12602=FACE_SURFACE('',(#12607),#12603,.T.);
#12603=PLANE('',#12604);
#12604=AXIS2_PLACEMENT_3D('',#706,#12605,#12606);
#12605=DIRECTION('',(-0.8522416670115591,0.5231482973396346,0));
#12606=DIRECTION('',(-0.5231482973396346,-0.8522416670115591,0));
#12607=FACE_BOUND('',#12608,.T.);
#12608=EDGE_LOOP('',(#12609,#12610,#12611));
#12609=ORIENTED_EDGE('',*,*,#12612,.T.);
#12610=ORIENTED_EDGE('',*,*,#12613,.T.);
#12611=ORIENTED_EDGE('',*,*,#12614,.T.);
#12612=EDGE_CURVE('',#707,#709,#12615,.F.);
#12613=EDGE_CURVE('',#709,#749,#12616,.T.);
#12614=EDGE_CURVE('',#749,#707,#12617,.T.);
#12615=LINE('',#706,#12618);
#12616=LINE('',#708,#12619);
#12617=LINE('',#748,#12620);
#12618=VECTOR('',#12621,1.0);
#12619=VECTOR('',#12622,1.0);
#12620=VECTOR('',#12623,1.0);
#12621=DIRECTION('',(-0.5231482973396346,-0.8522416670115591,0));
#12622=DIRECTION('',(0.019935613289421165,0.03247637503375832,0.9992736644120276));
#12623=DIRECTION('',(0,0,-1));
#12624=FACE_SURFACE('',(#12629),#12625,.T.);
#12625=PLANE('',#12626);
#12626=AXIS2_PLACEMENT_3D('',#140,#12627,#12628);
#12627=DIRECTION('',(-0.7514525277111591,0.659758080968876,-0.0061946099776886455));
#12628=DIRECTION('',(-0.6597567407388645,-0.751474919038328,-0.002547372365646027));
#12629=FACE_BOUND('',#12630,.T.);
#12630=EDGE_LOOP('',(#12631,#12632,#12633));
#12631=ORIENTED_EDGE('',*,*,#12634,.T.);
#12632=ORIENTED_EDGE('',*,*,#12635,.T.);
#12633=ORIENTED_EDGE('',*,*,#12636,.T.);
#12634=EDGE_CURVE('',#141,#153,#12637,.F.);
#12635=EDGE_CURVE('',#153,#715,#12638,.T.);
#12636=EDGE_CURVE('',#715,#141,#12639,.T.);
#12637=LINE('',#140,#12640);
#12638=LINE('',#152,#12641);
#12639=LINE('',#714,#12642);
#12640=VECTOR('',#12643,1.0);
#12641=VECTOR('',#12644,1.0);
#12642=VECTOR('',#12645,1.0);
#12643=DIRECTION('',(-0.6597567407388645,-0.751474919038328,-0.002547372365646027));
#12644=DIRECTION('',(-0.03682604336638911,-0.03256633586416575,0.9987909071964759));
#12645=DIRECTION('',(0.10076645723838108,0.10548239939288993,-0.9893025748040608));
#12646=FACE_SURFACE('',(#12651),#12647,.T.);
#12647=PLANE('',#12648);
#12648=AXIS2_PLACEMENT_3D('',#750,#12649,#12650);
#12649=DIRECTION('',(-0.7727551982768847,-0.6347032050054968,-0.0011158368172624878));
#12650=DIRECTION('',(0.6346810944928886,-0.7727408864435065,0.007171520885624684));
#12651=FACE_BOUND('',#12652,.T.);
#12652=EDGE_LOOP('',(#12653,#12654,#12655));
#12653=ORIENTED_EDGE('',*,*,#12656,.T.);
#12654=ORIENTED_EDGE('',*,*,#12657,.T.);
#12655=ORIENTED_EDGE('',*,*,#12658,.T.);
#12656=EDGE_CURVE('',#751,#753,#12659,.F.);
#12657=EDGE_CURVE('',#753,#335,#12660,.T.);
#12658=EDGE_CURVE('',#335,#751,#12661,.T.);
#12659=LINE('',#750,#12662);
#12660=LINE('',#752,#12663);
#12661=LINE('',#334,#12664);
#12662=VECTOR('',#12665,1.0);
#12663=VECTOR('',#12666,1.0);
#12664=VECTOR('',#12667,1.0);
#12665=DIRECTION('',(0.6346810944928886,-0.7727408864435065,0.007171520885624684));
#12666=DIRECTION('',(-0.01799810048026627,0.020155398992356296,0.9996348474670943));
#12667=DIRECTION('',(-0.003821645521360523,0.006410873852378289,-0.9999721474730975));
#12668=FACE_SURFACE('',(#12673),#12669,.T.);
#12669=PLANE('',#12670);
#12670=AXIS2_PLACEMENT_3D('',#708,#12671,#12672);
#12671=DIRECTION('',(-0.9410899324619705,0.338156382490001,0));
#12672=DIRECTION('',(-0.338156382490001,-0.9410899324619705,0));
#12673=FACE_BOUND('',#12674,.T.);
#12674=EDGE_LOOP('',(#12675,#12676,#12677));
#12675=ORIENTED_EDGE('',*,*,#12678,.T.);
#12676=ORIENTED_EDGE('',*,*,#12679,.T.);
#12677=ORIENTED_EDGE('',*,*,#12680,.T.);
#12678=EDGE_CURVE('',#709,#713,#12681,.F.);
#12679=EDGE_CURVE('',#713,#329,#12682,.T.);
#12680=EDGE_CURVE('',#329,#709,#12683,.T.);
#12681=LINE('',#708,#12684);
#12682=LINE('',#712,#12685);
#12683=LINE('',#328,#12686);
#12684=VECTOR('',#12687,1.0);
#12685=VECTOR('',#12688,1.0);
#12686=VECTOR('',#12689,1.0);
#12687=DIRECTION('',(-0.338156382490001,-0.9410899324619705,0));
#12688=DIRECTION('',(0,0,1));
#12689=DIRECTION('',(0.006448717203465676,0.017946793707657758,-0.9998181467857264));
#12690=FACE_SURFACE('',(#12695),#12691,.T.);
#12691=PLANE('',#12692);
#12692=AXIS2_PLACEMENT_3D('',#602,#12693,#12694);
#12693=DIRECTION('',(-6.200445837883537E-05,1.1995043282163247E-05,-0.9999999980057831));
#12694=DIRECTION('',(0.9979394685557822,0.06416239836952266,-6.1107065618995E-05));
#12695=FACE_BOUND('',#12696,.T.);
#12696=EDGE_LOOP('',(#12697,#12698,#12699));
#12697=ORIENTED_EDGE('',*,*,#12700,.T.);
#12698=ORIENTED_EDGE('',*,*,#12701,.T.);
#12699=ORIENTED_EDGE('',*,*,#12702,.T.);
#12700=EDGE_CURVE('',#603,#159,#12703,.F.);
#12701=EDGE_CURVE('',#159,#173,#12704,.T.);
#12702=EDGE_CURVE('',#173,#603,#12705,.T.);
#12703=LINE('',#602,#12706);
#12704=LINE('',#158,#12707);
#12705=LINE('',#172,#12708);
#12706=VECTOR('',#12709,1.0);
#12707=VECTOR('',#12710,1.0);
#12708=VECTOR('',#12711,1.0);
#12709=DIRECTION('',(0.9979394685557822,0.06416239836952266,-6.1107065618995E-05));
#12710=DIRECTION('',(-0.18993308341086013,-0.9817970380002393,0));
#12711=DIRECTION('',(-0.9983659802722912,0.05714337684821246,6.258857927403693E-05));
#12712=FACE_SURFACE('',(#12717),#12713,.T.);
#12713=PLANE('',#12714);
#12714=AXIS2_PLACEMENT_3D('',#730,#12715,#12716);
#12715=DIRECTION('',(-0.20208754587976568,-0.050336534692198655,0.9780730325877892));
#12716=DIRECTION('',(-0.4945435402127453,-0.856755763740313,-0.14627456419896642));
#12717=FACE_BOUND('',#12718,.T.);
#12718=EDGE_LOOP('',(#12719,#12720,#12721));
#12719=ORIENTED_EDGE('',*,*,#12722,.T.);
#12720=ORIENTED_EDGE('',*,*,#12723,.T.);
#12721=ORIENTED_EDGE('',*,*,#12724,.T.);
#12722=EDGE_CURVE('',#731,#61,#12725,.F.);
#12723=EDGE_CURVE('',#61,#743,#12726,.T.);
#12724=EDGE_CURVE('',#743,#731,#12727,.T.);
#12725=LINE('',#730,#12728);
#12726=LINE('',#60,#12729);
#12727=LINE('',#742,#12730);
#12728=VECTOR('',#12731,1.0);
#12729=VECTOR('',#12732,1.0);
#12730=VECTOR('',#12733,1.0);
#12731=DIRECTION('',(-0.4945435402127453,-0.856755763740313,-0.14627456419896642));
#12732=DIRECTION('',(0.7382656934343805,-0.664043466086728,0.11836401921774067));
#12733=DIRECTION('',(-0.3645636796554248,0.9307745677813887,-0.027423118850084773));
#12734=FACE_SURFACE('',(#12739),#12735,.T.);
#12735=PLANE('',#12736);
#12736=AXIS2_PLACEMENT_3D('',#94,#12737,#12738);
#12737=DIRECTION('',(0,0,1));
#12738=DIRECTION('',(-0.829899684721734,-0.5579126394864761,0));
#12739=FACE_BOUND('',#12740,.T.);
#12740=EDGE_LOOP('',(#12741,#12742,#12743));
#12741=ORIENTED_EDGE('',*,*,#12744,.T.);
#12742=ORIENTED_EDGE('',*,*,#12745,.T.);
#12743=ORIENTED_EDGE('',*,*,#12746,.T.);
#12744=EDGE_CURVE('',#95,#93,#12747,.F.);
#12745=EDGE_CURVE('',#93,#423,#12748,.T.);
#12746=EDGE_CURVE('',#423,#95,#12749,.T.);
#12747=LINE('',#94,#12750);
#12748=LINE('',#92,#12751);
#12749=LINE('',#422,#12752);
#12750=VECTOR('',#12753,1.0);
#12751=VECTOR('',#12754,1.0);
#12752=VECTOR('',#12755,1.0);
#12753=DIRECTION('',(-0.829899684721734,-0.5579126394864761,0));
#12754=DIRECTION('',(0.6829530129710983,-0.7304623070862034,0));
#12755=DIRECTION('',(-0.5192270068240856,0.8546363644173474,0));
#12756=FACE_SURFACE('',(#12761),#12757,.T.);
#12757=PLANE('',#12758);
#12758=AXIS2_PLACEMENT_3D('',#744,#12759,#12760);
#12759=DIRECTION('',(-0.8150380021897159,-0.5794075033916947,-0));
#12760=DIRECTION('',(0,0,-1));
#12761=FACE_BOUND('',#12762,.T.);
#12762=EDGE_LOOP('',(#12763,#12764,#12765));
#12763=ORIENTED_EDGE('',*,*,#12766,.T.);
#12764=ORIENTED_EDGE('',*,*,#12767,.T.);
#12765=ORIENTED_EDGE('',*,*,#12768,.T.);
#12766=EDGE_CURVE('',#745,#755,#12769,.F.);
#12767=EDGE_CURVE('',#755,#757,#12770,.T.);
#12768=EDGE_CURVE('',#757,#745,#12771,.T.);
#12769=LINE('',#744,#12772);
#12770=LINE('',#754,#12773);
#12771=LINE('',#756,#12774);
#12772=VECTOR('',#12775,1.0);
#12773=VECTOR('',#12776,1.0);
#12774=VECTOR('',#12777,1.0);
#12775=DIRECTION('',(0,0,-1));
#12776=DIRECTION('',(0.1283825211118564,-0.18059247232832148,0.9751432136928956));
#12777=DIRECTION('',(-0.5794075033916947,0.8150380021897158,0));
#12778=FACE_SURFACE('',(#12783),#12779,.T.);
#12779=PLANE('',#12780);
#12780=AXIS2_PLACEMENT_3D('',#544,#12781,#12782);
#12781=DIRECTION('',(0,-0.006153305300377742,0.9999810682377345));
#12782=DIRECTION('',(-0.9999878430018784,0.004930814116486472,3.0341379053928656E-05));
#12783=FACE_BOUND('',#12784,.T.);
#12784=EDGE_LOOP('',(#12785,#12786,#12787));
#12785=ORIENTED_EDGE('',*,*,#12788,.T.);
#12786=ORIENTED_EDGE('',*,*,#12789,.T.);
#12787=ORIENTED_EDGE('',*,*,#12790,.T.);
#12788=EDGE_CURVE('',#545,#487,#12791,.F.);
#12789=EDGE_CURVE('',#487,#447,#12792,.T.);
#12790=EDGE_CURVE('',#447,#545,#12793,.T.);
#12791=LINE('',#544,#12794);
#12792=LINE('',#486,#12795);
#12793=LINE('',#446,#12796);
#12794=VECTOR('',#12797,1.0);
#12795=VECTOR('',#12798,1.0);
#12796=VECTOR('',#12799,1.0);
#12797=DIRECTION('',(-0.9999878430018784,0.004930814116486472,3.0341379053928656E-05));
#12798=DIRECTION('',(-0.9999878992452661,-0.004919394952573778,-3.0271112121821944E-05));
#12799=DIRECTION('',(1,0,0));
#12800=FACE_SURFACE('',(#12805),#12801,.T.);
#12801=PLANE('',#12802);
#12802=AXIS2_PLACEMENT_3D('',#698,#12803,#12804);
#12803=DIRECTION('',(-0.28735334233413395,-0.0009523898810144203,0.9578241746807796));
#12804=DIRECTION('',(-0.9578246090766008,0,-0.28735347265564226));
#12805=FACE_BOUND('',#12806,.T.);
#12806=EDGE_LOOP('',(#12807,#12808,#12809));
#12807=ORIENTED_EDGE('',*,*,#12810,.T.);
#12808=ORIENTED_EDGE('',*,*,#12811,.T.);
#12809=ORIENTED_EDGE('',*,*,#12812,.T.);
#12810=EDGE_CURVE('',#699,#43,#12813,.F.);
#12811=EDGE_CURVE('',#43,#731,#12814,.T.);
#12812=EDGE_CURVE('',#731,#699,#12815,.T.);
#12813=LINE('',#698,#12816);
#12814=LINE('',#42,#12817);
#12815=LINE('',#730,#12818);
#12816=VECTOR('',#12819,1.0);
#12817=VECTOR('',#12820,1.0);
#12818=VECTOR('',#12821,1.0);
#12819=DIRECTION('',(-0.9578246090766008,0,-0.28735347265564226));
#12820=DIRECTION('',(0.22833450445566492,-0.9712374748277377,0.06753607602774744));
#12821=DIRECTION('',(-0.18205912363815124,0.9818232745656225,-0.05364264181923491));
#12822=FACE_SURFACE('',(#12827),#12823,.T.);
#12823=PLANE('',#12824);
#12824=AXIS2_PLACEMENT_3D('',#730,#12825,#12826);
#12825=DIRECTION('',(-0.2836304437300685,0,0.958933663706455));
#12826=DIRECTION('',(-0.22833450445566492,0.9712374748277377,-0.06753607602774744));
#12827=FACE_BOUND('',#12828,.T.);
#12828=EDGE_LOOP('',(#12829,#12830,#12831));
#12829=ORIENTED_EDGE('',*,*,#12832,.T.);
#12830=ORIENTED_EDGE('',*,*,#12833,.T.);
#12831=ORIENTED_EDGE('',*,*,#12834,.T.);
#12832=EDGE_CURVE('',#731,#43,#12835,.F.);
#12833=EDGE_CURVE('',#43,#61,#12836,.T.);
#12834=EDGE_CURVE('',#61,#731,#12837,.T.);
#12835=LINE('',#730,#12838);
#12836=LINE('',#42,#12839);
#12837=LINE('',#60,#12840);
#12838=VECTOR('',#12841,1.0);
#12839=VECTOR('',#12842,1.0);
#12840=VECTOR('',#12843,1.0);
#12841=DIRECTION('',(-0.22833450445566492,0.9712374748277377,-0.06753607602774744));
#12842=DIRECTION('',(0,-1,0));
#12843=DIRECTION('',(0.4945435402127453,0.856755763740313,0.14627456419896642));
#12844=FACE_SURFACE('',(#12849),#12845,.T.);
#12845=PLANE('',#12846);
#12846=AXIS2_PLACEMENT_3D('',#544,#12847,#12848);
#12847=DIRECTION('',(0,1,0));
#12848=DIRECTION('',(-1,0,0));
#12849=FACE_BOUND('',#12850,.T.);
#12850=EDGE_LOOP('',(#12851,#12852,#12853));
#12851=ORIENTED_EDGE('',*,*,#12854,.T.);
#12852=ORIENTED_EDGE('',*,*,#12855,.T.);
#12853=ORIENTED_EDGE('',*,*,#12856,.T.);
#12854=EDGE_CURVE('',#545,#447,#12857,.F.);
#12855=EDGE_CURVE('',#447,#451,#12858,.T.);
#12856=EDGE_CURVE('',#451,#545,#12859,.T.);
#12857=LINE('',#544,#12860);
#12858=LINE('',#446,#12861);
#12859=LINE('',#450,#12862);
#12860=VECTOR('',#12863,1.0);
#12861=VECTOR('',#12864,1.0);
#12862=VECTOR('',#12865,1.0);
#12863=DIRECTION('',(-1,0,0));
#12864=DIRECTION('',(0,0,1));
#12865=DIRECTION('',(0.999999999885189,0,-1.5153286219253507E-05));
#12866=FACE_SURFACE('',(#12871),#12867,.T.);
#12867=PLANE('',#12868);
#12868=AXIS2_PLACEMENT_3D('',#480,#12869,#12870);
#12869=DIRECTION('',(0,-1,0));
#12870=DIRECTION('',(0.9908297160716341,0,0.13511651915811332));
#12871=FACE_BOUND('',#12872,.T.);
#12872=EDGE_LOOP('',(#12873,#12874,#12875));
#12873=ORIENTED_EDGE('',*,*,#12876,.T.);
#12874=ORIENTED_EDGE('',*,*,#12877,.T.);
#12875=ORIENTED_EDGE('',*,*,#12878,.T.);
#12876=EDGE_CURVE('',#481,#237,#12879,.F.);
#12877=EDGE_CURVE('',#237,#235,#12880,.T.);
#12878=EDGE_CURVE('',#235,#481,#12881,.T.);
#12879=LINE('',#480,#12882);
#12880=LINE('',#236,#12883);
#12881=LINE('',#234,#12884);
#12882=VECTOR('',#12885,1.0);
#12883=VECTOR('',#12886,1.0);
#12884=VECTOR('',#12887,1.0);
#12885=DIRECTION('',(0.9908297160716341,0,0.13511651915811332));
#12886=DIRECTION('',(-1,0,0));
#12887=DIRECTION('',(0,0,-1));
#12888=FACE_SURFACE('',(#12893),#12889,.T.);
#12889=PLANE('',#12890);
#12890=AXIS2_PLACEMENT_3D('',#750,#12891,#12892);
#12891=DIRECTION('',(-0.8506043393865508,-0.5258062923825354,2.6602651324095813E-05));
#12892=DIRECTION('',(-0.020758372182198892,0.03363166926587226,0.999218695184761));
#12893=FACE_BOUND('',#12894,.T.);
#12894=EDGE_LOOP('',(#12895,#12896,#12897));
#12895=ORIENTED_EDGE('',*,*,#12898,.T.);
#12896=ORIENTED_EDGE('',*,*,#12899,.T.);
#12897=ORIENTED_EDGE('',*,*,#12900,.T.);
#12898=EDGE_CURVE('',#751,#333,#12901,.F.);
#12899=EDGE_CURVE('',#333,#743,#12902,.T.);
#12900=EDGE_CURVE('',#743,#751,#12903,.T.);
#12901=LINE('',#750,#12904);
#12902=LINE('',#332,#12905);
#12903=LINE('',#742,#12906);
#12904=VECTOR('',#12907,1.0);
#12905=VECTOR('',#12908,1.0);
#12906=VECTOR('',#12909,1.0);
#12907=DIRECTION('',(-0.020758372182198892,0.03363166926587226,0.999218695184761));
#12908=DIRECTION('',(0.0027105793188221456,-0.004435536159480594,-0.9999864892980976));
#12909=DIRECTION('',(0.525722052409794,-0.8504671553867669,0.017942720484211364));
#12910=FACE_SURFACE('',(#12915),#12911,.T.);
#12911=PLANE('',#12912);
#12912=AXIS2_PLACEMENT_3D('',#456,#12913,#12914);
#12913=DIRECTION('',(0,0,1));
#12914=DIRECTION('',(1,0,0));
#12915=FACE_BOUND('',#12916,.T.);
#12916=EDGE_LOOP('',(#12917,#12918,#12919));
#12917=ORIENTED_EDGE('',*,*,#12920,.T.);
#12918=ORIENTED_EDGE('',*,*,#12921,.T.);
#12919=ORIENTED_EDGE('',*,*,#12922,.T.);
#12920=EDGE_CURVE('',#457,#541,#12923,.F.);
#12921=EDGE_CURVE('',#541,#451,#12924,.T.);
#12922=EDGE_CURVE('',#451,#457,#12925,.T.);
#12923=LINE('',#456,#12926);
#12924=LINE('',#540,#12927);
#12925=LINE('',#450,#12928);
#12926=VECTOR('',#12929,1.0);
#12927=VECTOR('',#12930,1.0);
#12928=VECTOR('',#12931,1.0);
#12929=DIRECTION('',(1,0,0));
#12930=DIRECTION('',(-0.9999999995906805,2.8611866820774028E-05,0));
#12931=DIRECTION('',(-0.9999999641586614,-0.00026773620601066054,0));
#12932=FACE_SURFACE('',(#12937),#12933,.T.);
#12933=PLANE('',#12934);
#12934=AXIS2_PLACEMENT_3D('',#752,#12935,#12936);
#12935=DIRECTION('',(-0.7459354076781678,-0.6660182937199118,-1.556541421919597E-06));
#12936=DIRECTION('',(0.01590391272125161,-0.0178145973298291,0.9997148121750177));
#12937=FACE_BOUND('',#12938,.T.);
#12938=EDGE_LOOP('',(#12939,#12940,#12941));
#12939=ORIENTED_EDGE('',*,*,#12942,.T.);
#12940=ORIENTED_EDGE('',*,*,#12943,.T.);
#12941=ORIENTED_EDGE('',*,*,#12944,.T.);
#12942=EDGE_CURVE('',#753,#337,#12945,.F.);
#12943=EDGE_CURVE('',#337,#335,#12946,.T.);
#12944=EDGE_CURVE('',#335,#753,#12947,.T.);
#12945=LINE('',#752,#12948);
#12946=LINE('',#336,#12949);
#12947=LINE('',#334,#12950);
#12948=VECTOR('',#12951,1.0);
#12949=VECTOR('',#12952,1.0);
#12950=VECTOR('',#12953,1.0);
#12951=DIRECTION('',(0.01590391272125161,-0.0178145973298291,0.9997148121750177));
#12952=DIRECTION('',(-0.6660182937207187,0.7459354076790714,0));
#12953=DIRECTION('',(0.01799810048026627,-0.020155398992356296,-0.9996348474670943));
#12954=FACE_SURFACE('',(#12959),#12955,.T.);
#12955=PLANE('',#12956);
#12956=AXIS2_PLACEMENT_3D('',#758,#12957,#12958);
#12957=DIRECTION('',(0,-0,1));
#12958=DIRECTION('',(0.9960371351661058,0.08893832340502428,0));
#12959=FACE_BOUND('',#12960,.T.);
#12960=EDGE_LOOP('',(#12961,#12962,#12963));
#12961=ORIENTED_EDGE('',*,*,#12964,.T.);
#12962=ORIENTED_EDGE('',*,*,#12965,.T.);
#12963=ORIENTED_EDGE('',*,*,#12966,.T.);
#12964=EDGE_CURVE('',#759,#761,#12967,.F.);
#12965=EDGE_CURVE('',#761,#449,#12968,.T.);
#12966=EDGE_CURVE('',#449,#759,#12969,.T.);
#12967=LINE('',#758,#12970);
#12968=LINE('',#760,#12971);
#12969=LINE('',#448,#12972);
#12970=VECTOR('',#12973,1.0);
#12971=VECTOR('',#12974,1.0);
#12972=VECTOR('',#12975,1.0);
#12973=DIRECTION('',(0.9960371351661058,0.08893832340502428,0));
#12974=DIRECTION('',(-0.9995263487557813,-0.03077463473278491,0));
#12975=DIRECTION('',(1,0,0));
#12976=FACE_SURFACE('',(#12981),#12977,.T.);
#12977=PLANE('',#12978);
#12978=AXIS2_PLACEMENT_3D('',#458,#12979,#12980);
#12979=DIRECTION('',(-0,0,1));
#12980=DIRECTION('',(0.9999260800878197,-0.012158715401187018,0));
#12981=FACE_BOUND('',#12982,.T.);
#12982=EDGE_LOOP('',(#12983,#12984,#12985));
#12983=ORIENTED_EDGE('',*,*,#12986,.T.);
#12984=ORIENTED_EDGE('',*,*,#12987,.T.);
#12985=ORIENTED_EDGE('',*,*,#12988,.T.);
#12986=EDGE_CURVE('',#459,#449,#12989,.F.);
#12987=EDGE_CURVE('',#449,#761,#12990,.T.);
#12988=EDGE_CURVE('',#761,#459,#12991,.T.);
#12989=LINE('',#458,#12992);
#12990=LINE('',#448,#12993);
#12991=LINE('',#760,#12994);
#12992=VECTOR('',#12995,1.0);
#12993=VECTOR('',#12996,1.0);
#12994=VECTOR('',#12997,1.0);
#12995=DIRECTION('',(0.9999260800878197,-0.012158715401187018,0));
#12996=DIRECTION('',(0.9995263487557813,0.03077463473278491,0));
#12997=DIRECTION('',(-1,0,0));
#12998=FACE_SURFACE('',(#13003),#12999,.T.);
#12999=PLANE('',#13000);
#13000=AXIS2_PLACEMENT_3D('',#714,#13001,#13002);
#13001=DIRECTION('',(0.0162356347567935,-0.010805111837389159,0.9998098087747617));
#13002=DIRECTION('',(0.8693089332969954,0.49419122440884955,-0.008775659936549489));
#13003=FACE_BOUND('',#13004,.T.);
#13004=EDGE_LOOP('',(#13005,#13006,#13007));
#13005=ORIENTED_EDGE('',*,*,#13008,.T.);
#13006=ORIENTED_EDGE('',*,*,#13009,.T.);
#13007=ORIENTED_EDGE('',*,*,#13010,.T.);
#13008=EDGE_CURVE('',#715,#181,#13011,.F.);
#13009=EDGE_CURVE('',#181,#325,#13012,.T.);
#13010=EDGE_CURVE('',#325,#715,#13013,.T.);
#13011=LINE('',#714,#13014);
#13012=LINE('',#180,#13015);
#13013=LINE('',#324,#13016);
#13014=VECTOR('',#13017,1.0);
#13015=VECTOR('',#13018,1.0);
#13016=VECTOR('',#13019,1.0);
#13017=DIRECTION('',(0.8693089332969954,0.49419122440884955,-0.008775659936549489));
#13018=DIRECTION('',(-0.8847434558416095,-0.4659849218723546,0.009331127105636867));
#13019=DIRECTION('',(-0.6907540253050773,-0.7230818069460112,0.003402497395153498));
#13020=FACE_SURFACE('',(#13025),#13021,.T.);
#13021=PLANE('',#13022);
#13022=AXIS2_PLACEMENT_3D('',#758,#13023,#13024);
#13023=DIRECTION('',(-0,0,1));
#13024=DIRECTION('',(0.9999999792839315,-0.00020354885575335886,0));
#13025=FACE_BOUND('',#13026,.T.);
#13026=EDGE_LOOP('',(#13027,#13028,#13029));
#13027=ORIENTED_EDGE('',*,*,#13030,.T.);
#13028=ORIENTED_EDGE('',*,*,#13031,.T.);
#13029=ORIENTED_EDGE('',*,*,#13032,.T.);
#13030=EDGE_CURVE('',#759,#423,#13033,.F.);
#13031=EDGE_CURVE('',#423,#761,#13034,.T.);
#13032=EDGE_CURVE('',#761,#759,#13035,.T.);
#13033=LINE('',#758,#13036);
#13034=LINE('',#422,#13037);
#13035=LINE('',#760,#13038);
#13036=VECTOR('',#13039,1.0);
#13037=VECTOR('',#13040,1.0);
#13038=VECTOR('',#13041,1.0);
#13039=DIRECTION('',(0.9999999792839315,-0.00020354885575335886,0));
#13040=DIRECTION('',(-0.9999827276001089,0.005877457056112286,0));
#13041=DIRECTION('',(-0.9960371351661058,-0.08893832340502428,0));
#13042=FACE_SURFACE('',(#13047),#13043,.T.);
#13043=PLANE('',#13044);
#13044=AXIS2_PLACEMENT_3D('',#70,#13045,#13046);
#13045=DIRECTION('',(1,0,0));
#13046=DIRECTION('',(0,1,0));
#13047=FACE_BOUND('',#13048,.T.);
#13048=EDGE_LOOP('',(#13049,#13050,#13051));
#13049=ORIENTED_EDGE('',*,*,#13052,.T.);
#13050=ORIENTED_EDGE('',*,*,#13053,.T.);
#13051=ORIENTED_EDGE('',*,*,#13054,.T.);
#13052=EDGE_CURVE('',#71,#75,#13055,.F.);
#13053=EDGE_CURVE('',#75,#135,#13056,.T.);
#13054=EDGE_CURVE('',#135,#71,#13057,.T.);
#13055=LINE('',#70,#13058);
#13056=LINE('',#74,#13059);
#13057=LINE('',#134,#13060);
#13058=VECTOR('',#13061,1.0);
#13059=VECTOR('',#13062,1.0);
#13060=VECTOR('',#13063,1.0);
#13061=DIRECTION('',(0,1,0));
#13062=DIRECTION('',(0,-0.9258530370490374,0.3778837834401917));
#13063=DIRECTION('',(0,0,-1));
#13064=FACE_SURFACE('',(#13069),#13065,.T.);
#13065=PLANE('',#13066);
#13066=AXIS2_PLACEMENT_3D('',#448,#13067,#13068);
#13067=DIRECTION('',(0,-0.006035673012768109,0.9999817851597512));
#13068=DIRECTION('',(-0.48816879041938127,-0.8727333408005968,-0.00526762902143423));
#13069=FACE_BOUND('',#13070,.T.);
#13070=EDGE_LOOP('',(#13071,#13072,#13073));
#13071=ORIENTED_EDGE('',*,*,#13074,.T.);
#13072=ORIENTED_EDGE('',*,*,#13075,.T.);
#13073=ORIENTED_EDGE('',*,*,#13076,.T.);
#13074=EDGE_CURVE('',#449,#447,#13077,.F.);
#13075=EDGE_CURVE('',#447,#759,#13078,.T.);
#13076=EDGE_CURVE('',#759,#449,#13079,.T.);
#13077=LINE('',#448,#13080);
#13078=LINE('',#446,#13081);
#13079=LINE('',#758,#13082);
#13080=VECTOR('',#13083,1.0);
#13081=VECTOR('',#13084,1.0);
#13082=VECTOR('',#13085,1.0);
#13083=DIRECTION('',(-0.48816879041938127,-0.8727333408005968,-0.00526762902143423));
#13084=DIRECTION('',(0.9960370078530107,0.08893812917365451,0.0005368112439905635));
#13085=DIRECTION('',(-1,0,0));
#13086=FACE_SURFACE('',(#13091),#13087,.T.);
#13087=PLANE('',#13088);
#13088=AXIS2_PLACEMENT_3D('',#762,#13089,#13090);
#13089=DIRECTION('',(0,0,1));
#13090=DIRECTION('',(-0.9914934678129542,0.13015645694410355,0));
#13091=FACE_BOUND('',#13092,.T.);
#13092=EDGE_LOOP('',(#13093,#13094,#13095));
#13093=ORIENTED_EDGE('',*,*,#13096,.T.);
#13094=ORIENTED_EDGE('',*,*,#13097,.T.);
#13095=ORIENTED_EDGE('',*,*,#13098,.T.);
#13096=EDGE_CURVE('',#763,#765,#13099,.F.);
#13097=EDGE_CURVE('',#765,#553,#13100,.T.);
#13098=EDGE_CURVE('',#553,#763,#13101,.T.);
#13099=LINE('',#762,#13102);
#13100=LINE('',#764,#13103);
#13101=LINE('',#552,#13104);
#13102=VECTOR('',#13105,1.0);
#13103=VECTOR('',#13106,1.0);
#13104=VECTOR('',#13107,1.0);
#13105=DIRECTION('',(-0.9914934678129542,0.13015645694410355,0));
#13106=DIRECTION('',(-0.0006044997728445765,-0.9999998172899957,0));
#13107=DIRECTION('',(0.023036723117523986,0.9997346194805932,0));
#13108=FACE_SURFACE('',(#13113),#13109,.T.);
#13109=PLANE('',#13110);
#13110=AXIS2_PLACEMENT_3D('',#760,#13111,#13112);
#13111=DIRECTION('',(0,0.009372428824212737,0.9999560778243887));
#13112=DIRECTION('',(-0.9554747845966108,0.295059803669828,-0.002765548477687545));
#13113=FACE_BOUND('',#13114,.T.);
#13114=EDGE_LOOP('',(#13115,#13116,#13117));
#13115=ORIENTED_EDGE('',*,*,#13118,.T.);
#13116=ORIENTED_EDGE('',*,*,#13119,.T.);
#13117=ORIENTED_EDGE('',*,*,#13120,.T.);
#13118=EDGE_CURVE('',#761,#523,#13121,.F.);
#13119=EDGE_CURVE('',#523,#459,#13122,.T.);
#13120=EDGE_CURVE('',#459,#761,#13123,.T.);
#13121=LINE('',#760,#13124);
#13122=LINE('',#522,#13125);
#13123=LINE('',#458,#13126);
#13124=VECTOR('',#13127,1.0);
#13125=VECTOR('',#13128,1.0);
#13126=VECTOR('',#13129,1.0);
#13127=DIRECTION('',(-0.9554747845966108,0.295059803669828,-0.002765548477687545));
#13128=DIRECTION('',(-0.000510944095037428,-0.9999559472981794,0.009372427600811396));
#13129=DIRECTION('',(1,0,0));
#13130=FACE_SURFACE('',(#13135),#13131,.T.);
#13131=PLANE('',#13132);
#13132=AXIS2_PLACEMENT_3D('',#74,#13133,#13134);
#13133=DIRECTION('',(1,0,-0));
#13134=DIRECTION('',(0,0,1));
#13135=FACE_BOUND('',#13136,.T.);
#13136=EDGE_LOOP('',(#13137,#13138,#13139));
#13137=ORIENTED_EDGE('',*,*,#13140,.T.);
#13138=ORIENTED_EDGE('',*,*,#13141,.T.);
#13139=ORIENTED_EDGE('',*,*,#13142,.T.);
#13140=EDGE_CURVE('',#75,#767,#13143,.F.);
#13141=EDGE_CURVE('',#767,#135,#13144,.T.);
#13142=EDGE_CURVE('',#135,#75,#13145,.T.);
#13143=LINE('',#74,#13146);
#13144=LINE('',#766,#13147);
#13145=LINE('',#134,#13148);
#13146=VECTOR('',#13149,1.0);
#13147=VECTOR('',#13150,1.0);
#13148=VECTOR('',#13151,1.0);
#13149=DIRECTION('',(0,0,1));
#13150=DIRECTION('',(0,-1,0));
#13151=DIRECTION('',(0,0.9258530370490374,-0.3778837834401917));
#13152=FACE_SURFACE('',(#13157),#13153,.T.);
#13153=PLANE('',#13154);
#13154=AXIS2_PLACEMENT_3D('',#742,#13155,#13156);
#13155=DIRECTION('',(-0.15682768764268581,-0.07616973512578261,0.9846843391866839));
#13156=DIRECTION('',(-0.555371673542376,-0.8176485014630277,-0.1517011281500753));
#13157=FACE_BOUND('',#13158,.T.);
#13158=EDGE_LOOP('',(#13159,#13160,#13161));
#13159=ORIENTED_EDGE('',*,*,#13162,.T.);
#13160=ORIENTED_EDGE('',*,*,#13163,.T.);
#13161=ORIENTED_EDGE('',*,*,#13164,.T.);
#13162=EDGE_CURVE('',#743,#745,#13165,.F.);
#13163=EDGE_CURVE('',#745,#751,#13166,.T.);
#13164=EDGE_CURVE('',#751,#743,#13167,.T.);
#13165=LINE('',#742,#13168);
#13166=LINE('',#744,#13169);
#13167=LINE('',#750,#13170);
#13168=VECTOR('',#13171,1.0);
#13169=VECTOR('',#13172,1.0);
#13170=VECTOR('',#13173,1.0);
#13171=DIRECTION('',(-0.555371673542376,-0.8176485014630277,-0.1517011281500753));
#13172=DIRECTION('',(0.9481729673899645,-0.29059790316362566,0.12853358544681348));
#13173=DIRECTION('',(-0.525722052409794,0.8504671553867669,-0.017942720484211364));
#13174=FACE_SURFACE('',(#13179),#13175,.T.);
#13175=PLANE('',#13176);
#13176=AXIS2_PLACEMENT_3D('',#758,#13177,#13178);
#13177=DIRECTION('',(-1.225760235555919E-06,-0.006021945962930126,0.9999818679182724));
#13178=DIRECTION('',(-0.9960370078530107,-0.08893812917365451,-0.0005368112439905635));
#13179=FACE_BOUND('',#13180,.T.);
#13180=EDGE_LOOP('',(#13181,#13182,#13183));
#13181=ORIENTED_EDGE('',*,*,#13184,.T.);
#13182=ORIENTED_EDGE('',*,*,#13185,.T.);
#13183=ORIENTED_EDGE('',*,*,#13186,.T.);
#13184=EDGE_CURVE('',#759,#447,#13187,.F.);
#13185=EDGE_CURVE('',#447,#423,#13188,.T.);
#13186=EDGE_CURVE('',#423,#759,#13189,.T.);
#13187=LINE('',#758,#13190);
#13188=LINE('',#446,#13191);
#13189=LINE('',#422,#13192);
#13190=VECTOR('',#13193,1.0);
#13191=VECTOR('',#13194,1.0);
#13192=VECTOR('',#13195,1.0);
#13193=DIRECTION('',(-0.9960370078530107,-0.08893812917365451,-0.0005368112439905635));
#13194=DIRECTION('',(0.9999564673896063,0.009330596401399051,5.7415095261348206E-05));
#13195=DIRECTION('',(-0.9999999792839315,0.00020354885575335886,0));
#13196=FACE_SURFACE('',(#13201),#13197,.T.);
#13197=PLANE('',#13198);
#13198=AXIS2_PLACEMENT_3D('',#752,#13199,#13200);
#13199=DIRECTION('',(-0.1605759491456471,-0.11415284876198264,0.9804001691531364));
#13200=DIRECTION('',(-0.8248398641150715,0.5610446051815896,-0.06977212597638716));
#13201=FACE_BOUND('',#13202,.T.);
#13202=EDGE_LOOP('',(#13203,#13204,#13205));
#13203=ORIENTED_EDGE('',*,*,#13206,.T.);
#13204=ORIENTED_EDGE('',*,*,#13207,.T.);
#13205=ORIENTED_EDGE('',*,*,#13208,.T.);
#13206=EDGE_CURVE('',#753,#745,#13209,.F.);
#13207=EDGE_CURVE('',#745,#757,#13210,.T.);
#13208=EDGE_CURVE('',#757,#753,#13211,.T.);
#13209=LINE('',#752,#13212);
#13210=LINE('',#744,#13213);
#13211=LINE('',#756,#13214);
#13212=VECTOR('',#13215,1.0);
#13213=VECTOR('',#13216,1.0);
#13214=VECTOR('',#13217,1.0);
#13215=DIRECTION('',(-0.8248398641150715,0.5610446051815896,-0.06977212597638716));
#13216=DIRECTION('',(0.5794075033916947,-0.8150380021897158,0));
#13217=DIRECTION('',(0.9788657251092434,0.1090245538417399,0.17301889742442722));
#13218=FACE_SURFACE('',(#13223),#13219,.T.);
#13219=PLANE('',#13220);
#13220=AXIS2_PLACEMENT_3D('',#768,#13221,#13222);
#13221=DIRECTION('',(0,0,1));
#13222=DIRECTION('',(-0.3390047454074638,0.9407846632419242,0));
#13223=FACE_BOUND('',#13224,.T.);
#13224=EDGE_LOOP('',(#13225,#13226,#13227));
#13225=ORIENTED_EDGE('',*,*,#13228,.T.);
#13226=ORIENTED_EDGE('',*,*,#13229,.T.);
#13227=ORIENTED_EDGE('',*,*,#13230,.T.);
#13228=EDGE_CURVE('',#769,#549,#13231,.F.);
#13229=EDGE_CURVE('',#549,#771,#13232,.T.);
#13230=EDGE_CURVE('',#771,#769,#13233,.T.);
#13231=LINE('',#768,#13234);
#13232=LINE('',#548,#13235);
#13233=LINE('',#770,#13236);
#13234=VECTOR('',#13237,1.0);
#13235=VECTOR('',#13238,1.0);
#13236=VECTOR('',#13239,1.0);
#13237=DIRECTION('',(-0.3390047454074638,0.9407846632419242,0));
#13238=DIRECTION('',(-0.9998379398803803,-0.01800261024843224,0));
#13239=DIRECTION('',(1,0,0));
#13240=FACE_SURFACE('',(#13245),#13241,.T.);
#13241=PLANE('',#13242);
#13242=AXIS2_PLACEMENT_3D('',#548,#13243,#13244);
#13243=DIRECTION('',(0,0,1));
#13244=DIRECTION('',(-0.8301831185973706,0.5574907977679489,0));
#13245=FACE_BOUND('',#13246,.T.);
#13246=EDGE_LOOP('',(#13247,#13248,#13249));
#13247=ORIENTED_EDGE('',*,*,#13250,.T.);
#13248=ORIENTED_EDGE('',*,*,#13251,.T.);
#13249=ORIENTED_EDGE('',*,*,#13252,.T.);
#13250=EDGE_CURVE('',#549,#209,#13253,.F.);
#13251=EDGE_CURVE('',#209,#771,#13254,.T.);
#13252=EDGE_CURVE('',#771,#549,#13255,.T.);
#13253=LINE('',#548,#13256);
#13254=LINE('',#208,#13257);
#13255=LINE('',#770,#13258);
#13256=VECTOR('',#13259,1.0);
#13257=VECTOR('',#13260,1.0);
#13258=VECTOR('',#13261,1.0);
#13259=DIRECTION('',(-0.8301831185973706,0.5574907977679489,0));
#13260=DIRECTION('',(-0.9151419814186318,-0.40313168300839447,0));
#13261=DIRECTION('',(0.9998379398803803,0.01800261024843224,0));
#13262=FACE_SURFACE('',(#13267),#13263,.T.);
#13263=PLANE('',#13264);
#13264=AXIS2_PLACEMENT_3D('',#208,#13265,#13266);
#13265=DIRECTION('',(0,0,1));
#13266=DIRECTION('',(-0.9790645764021159,0.20354988389715492,0));
#13267=FACE_BOUND('',#13268,.T.);
#13268=EDGE_LOOP('',(#13269,#13270,#13271));
#13269=ORIENTED_EDGE('',*,*,#13272,.T.);
#13270=ORIENTED_EDGE('',*,*,#13273,.T.);
#13271=ORIENTED_EDGE('',*,*,#13274,.T.);
#13272=EDGE_CURVE('',#209,#773,#13275,.F.);
#13273=EDGE_CURVE('',#773,#771,#13276,.T.);
#13274=EDGE_CURVE('',#771,#209,#13277,.T.);
#13275=LINE('',#208,#13278);
#13276=LINE('',#772,#13279);
#13277=LINE('',#770,#13280);
#13278=VECTOR('',#13281,1.0);
#13279=VECTOR('',#13282,1.0);
#13280=VECTOR('',#13283,1.0);
#13281=DIRECTION('',(-0.9790645764021159,0.20354988389715492,0));
#13282=DIRECTION('',(-0.8634097234237109,-0.5045033691635674,0));
#13283=DIRECTION('',(0.9151419814186318,0.40313168300839447,0));
#13284=FACE_SURFACE('',(#13289),#13285,.T.);
#13285=PLANE('',#13286);
#13286=AXIS2_PLACEMENT_3D('',#254,#13287,#13288);
#13287=DIRECTION('',(0,0,1));
#13288=DIRECTION('',(1,0,0));
#13289=FACE_BOUND('',#13290,.T.);
#13290=EDGE_LOOP('',(#13291,#13292,#13293));
#13291=ORIENTED_EDGE('',*,*,#13294,.T.);
#13292=ORIENTED_EDGE('',*,*,#13295,.T.);
#13293=ORIENTED_EDGE('',*,*,#13296,.T.);
#13294=EDGE_CURVE('',#255,#775,#13297,.F.);
#13295=EDGE_CURVE('',#775,#771,#13298,.T.);
#13296=EDGE_CURVE('',#771,#255,#13299,.T.);
#13297=LINE('',#254,#13300);
#13298=LINE('',#774,#13301);
#13299=LINE('',#770,#13302);
#13300=VECTOR('',#13303,1.0);
#13301=VECTOR('',#13304,1.0);
#13302=VECTOR('',#13305,1.0);
#13303=DIRECTION('',(1,0,0));
#13304=DIRECTION('',(0,1,0));
#13305=DIRECTION('',(-0.999996444978791,-0.002666463909302425,0));
#13306=FACE_SURFACE('',(#13311),#13307,.T.);
#13307=PLANE('',#13308);
#13308=AXIS2_PLACEMENT_3D('',#752,#13309,#13310);
#13309=DIRECTION('',(-0.17308179434351528,-0.13310186698216794,0.975872217799385));
#13310=DIRECTION('',(-0.6346810944928886,0.7727408864435065,-0.007171520885624684));
#13311=FACE_BOUND('',#13312,.T.);
#13312=EDGE_LOOP('',(#13313,#13314,#13315));
#13313=ORIENTED_EDGE('',*,*,#13316,.T.);
#13314=ORIENTED_EDGE('',*,*,#13317,.T.);
#13315=ORIENTED_EDGE('',*,*,#13318,.T.);
#13316=EDGE_CURVE('',#753,#751,#13319,.F.);
#13317=EDGE_CURVE('',#751,#745,#13320,.T.);
#13318=EDGE_CURVE('',#745,#753,#13321,.T.);
#13319=LINE('',#752,#13322);
#13320=LINE('',#750,#13323);
#13321=LINE('',#744,#13324);
#13322=VECTOR('',#13325,1.0);
#13323=VECTOR('',#13326,1.0);
#13324=VECTOR('',#13327,1.0);
#13325=DIRECTION('',(-0.6346810944928886,0.7727408864435065,-0.007171520885624684));
#13326=DIRECTION('',(-0.9481729673899645,0.29059790316362566,-0.12853358544681348));
#13327=DIRECTION('',(0.8248398641150715,-0.5610446051815896,0.06977212597638716));
#13328=FACE_SURFACE('',(#13333),#13329,.T.);
#13329=PLANE('',#13330);
#13330=AXIS2_PLACEMENT_3D('',#776,#13331,#13332);
#13331=DIRECTION('',(0,0,1));
#13332=DIRECTION('',(0,-1,0));
#13333=FACE_BOUND('',#13334,.T.);
#13334=EDGE_LOOP('',(#13335,#13336,#13337));
#13335=ORIENTED_EDGE('',*,*,#13338,.T.);
#13336=ORIENTED_EDGE('',*,*,#13339,.T.);
#13337=ORIENTED_EDGE('',*,*,#13340,.T.);
#13338=EDGE_CURVE('',#777,#779,#13341,.F.);
#13339=EDGE_CURVE('',#779,#781,#13342,.T.);
#13340=EDGE_CURVE('',#781,#777,#13343,.T.);
#13341=LINE('',#776,#13344);
#13342=LINE('',#778,#13345);
#13343=LINE('',#780,#13346);
#13344=VECTOR('',#13347,1.0);
#13345=VECTOR('',#13348,1.0);
#13346=VECTOR('',#13349,1.0);
#13347=DIRECTION('',(0,-1,0));
#13348=DIRECTION('',(0.10707516659546723,0.9942509284373602,0));
#13349=DIRECTION('',(-0.9609044752716415,0.27688009932628127,0));
#13350=FACE_SURFACE('',(#13355),#13351,.T.);
#13351=PLANE('',#13352);
#13352=AXIS2_PLACEMENT_3D('',#782,#13353,#13354);
#13353=DIRECTION('',(0,0,1));
#13354=DIRECTION('',(-0.2787884898096261,-0.9603525279550568,0));
#13355=FACE_BOUND('',#13356,.T.);
#13356=EDGE_LOOP('',(#13357,#13358,#13359));
#13357=ORIENTED_EDGE('',*,*,#13360,.T.);
#13358=ORIENTED_EDGE('',*,*,#13361,.T.);
#13359=ORIENTED_EDGE('',*,*,#13362,.T.);
#13360=EDGE_CURVE('',#783,#777,#13363,.F.);
#13361=EDGE_CURVE('',#777,#785,#13364,.T.);
#13362=EDGE_CURVE('',#785,#783,#13365,.T.);
#13363=LINE('',#782,#13366);
#13364=LINE('',#776,#13367);
#13365=LINE('',#784,#13368);
#13366=VECTOR('',#13369,1.0);
#13367=VECTOR('',#13370,1.0);
#13368=VECTOR('',#13371,1.0);
#13369=DIRECTION('',(-0.2787884898096261,-0.9603525279550568,0));
#13370=DIRECTION('',(0.6188731761541922,0.7854909240957672,0));
#13371=DIRECTION('',(-0.846078152445604,0.5330588710022873,0));
#13372=FACE_SURFACE('',(#13377),#13373,.T.);
#13373=PLANE('',#13374);
#13374=AXIS2_PLACEMENT_3D('',#780,#13375,#13376);
#13375=DIRECTION('',(0,0,1));
#13376=DIRECTION('',(-0.1164490925187888,0.9931966617198985,0));
#13377=FACE_BOUND('',#13378,.T.);
#13378=EDGE_LOOP('',(#13379,#13380,#13381));
#13379=ORIENTED_EDGE('',*,*,#13382,.T.);
#13380=ORIENTED_EDGE('',*,*,#13383,.T.);
#13381=ORIENTED_EDGE('',*,*,#13384,.T.);
#13382=EDGE_CURVE('',#781,#787,#13385,.F.);
#13383=EDGE_CURVE('',#787,#777,#13386,.T.);
#13384=EDGE_CURVE('',#777,#781,#13387,.T.);
#13385=LINE('',#780,#13388);
#13386=LINE('',#786,#13389);
#13387=LINE('',#776,#13390);
#13388=VECTOR('',#13391,1.0);
#13389=VECTOR('',#13392,1.0);
#13390=VECTOR('',#13393,1.0);
#13391=DIRECTION('',(-0.1164490925187888,0.9931966617198985,0));
#13392=DIRECTION('',(-0.9866426249490136,0.16289975639552098,0));
#13393=DIRECTION('',(0.9609044752716415,-0.27688009932628127,0));
#13394=FACE_SURFACE('',(#13399),#13395,.T.);
#13395=PLANE('',#13396);
#13396=AXIS2_PLACEMENT_3D('',#788,#13397,#13398);
#13397=DIRECTION('',(0,0,1));
#13398=DIRECTION('',(-0.9993996180004832,-0.03464684026701876,0));
#13399=FACE_BOUND('',#13400,.T.);
#13400=EDGE_LOOP('',(#13401,#13402,#13403));
#13401=ORIENTED_EDGE('',*,*,#13404,.T.);
#13402=ORIENTED_EDGE('',*,*,#13405,.T.);
#13403=ORIENTED_EDGE('',*,*,#13406,.T.);
#13404=EDGE_CURVE('',#789,#777,#13407,.F.);
#13405=EDGE_CURVE('',#777,#787,#13408,.T.);
#13406=EDGE_CURVE('',#787,#789,#13409,.T.);
#13407=LINE('',#788,#13410);
#13408=LINE('',#776,#13411);
#13409=LINE('',#786,#13412);
#13410=VECTOR('',#13413,1.0);
#13411=VECTOR('',#13414,1.0);
#13412=VECTOR('',#13415,1.0);
#13413=DIRECTION('',(-0.9993996180004832,-0.03464684026701876,0));
#13414=DIRECTION('',(0.9866426249490136,-0.16289975639552098,0));
#13415=DIRECTION('',(-0.33915966862330194,0.940728823402011,0));
#13416=FACE_SURFACE('',(#13421),#13417,.T.);
#13417=PLANE('',#13418);
#13418=AXIS2_PLACEMENT_3D('',#790,#13419,#13420);
#13419=DIRECTION('',(0,0,1));
#13420=DIRECTION('',(-0.9644583169323657,-0.26423503723009284,0));
#13421=FACE_BOUND('',#13422,.T.);
#13422=EDGE_LOOP('',(#13423,#13424,#13425));
#13423=ORIENTED_EDGE('',*,*,#13426,.T.);
#13424=ORIENTED_EDGE('',*,*,#13427,.T.);
#13425=ORIENTED_EDGE('',*,*,#13428,.T.);
#13426=EDGE_CURVE('',#791,#777,#13429,.F.);
#13427=EDGE_CURVE('',#777,#789,#13430,.T.);
#13428=EDGE_CURVE('',#789,#791,#13431,.T.);
#13429=LINE('',#790,#13432);
#13430=LINE('',#776,#13433);
#13431=LINE('',#788,#13434);
#13432=VECTOR('',#13435,1.0);
#13433=VECTOR('',#13436,1.0);
#13434=VECTOR('',#13437,1.0);
#13435=DIRECTION('',(-0.9644583169323657,-0.26423503723009284,0));
#13436=DIRECTION('',(0.9993996180004832,0.03464684026701876,0));
#13437=DIRECTION('',(-0.5231482973396346,0.8522416670115591,0));
#13438=FACE_SURFACE('',(#13443),#13439,.T.);
#13439=PLANE('',#13440);
#13440=AXIS2_PLACEMENT_3D('',#792,#13441,#13442);
#13441=DIRECTION('',(0,0,1));
#13442=DIRECTION('',(-0.8503954938219025,-0.5261439955823907,0));
#13443=FACE_BOUND('',#13444,.T.);
#13444=EDGE_LOOP('',(#13445,#13446,#13447));
#13445=ORIENTED_EDGE('',*,*,#13448,.T.);
#13446=ORIENTED_EDGE('',*,*,#13449,.T.);
#13447=ORIENTED_EDGE('',*,*,#13450,.T.);
#13448=EDGE_CURVE('',#793,#777,#13451,.F.);
#13449=EDGE_CURVE('',#777,#791,#13452,.T.);
#13450=EDGE_CURVE('',#791,#793,#13453,.T.);
#13451=LINE('',#792,#13454);
#13452=LINE('',#776,#13455);
#13453=LINE('',#790,#13456);
#13454=VECTOR('',#13457,1.0);
#13455=VECTOR('',#13458,1.0);
#13456=VECTOR('',#13459,1.0);
#13457=DIRECTION('',(-0.8503954938219025,-0.5261439955823907,0));
#13458=DIRECTION('',(0.9644583169323657,0.26423503723009284,0));
#13459=DIRECTION('',(-0.6660182937207187,0.7459354076790714,0));
#13460=FACE_SURFACE('',(#13465),#13461,.T.);
#13461=PLANE('',#13462);
#13462=AXIS2_PLACEMENT_3D('',#784,#13463,#13464);
#13463=DIRECTION('',(0,0,1));
#13464=DIRECTION('',(-0.6188731761541922,-0.7854909240957672,0));
#13465=FACE_BOUND('',#13466,.T.);
#13466=EDGE_LOOP('',(#13467,#13468,#13469));
#13467=ORIENTED_EDGE('',*,*,#13470,.T.);
#13468=ORIENTED_EDGE('',*,*,#13471,.T.);
#13469=ORIENTED_EDGE('',*,*,#13472,.T.);
#13470=EDGE_CURVE('',#785,#777,#13473,.F.);
#13471=EDGE_CURVE('',#777,#793,#13474,.T.);
#13472=EDGE_CURVE('',#793,#785,#13475,.T.);
#13473=LINE('',#784,#13476);
#13474=LINE('',#776,#13477);
#13475=LINE('',#792,#13478);
#13476=VECTOR('',#13479,1.0);
#13477=VECTOR('',#13480,1.0);
#13478=VECTOR('',#13481,1.0);
#13479=DIRECTION('',(-0.6188731761541922,-0.7854909240957672,0));
#13480=DIRECTION('',(0.8503954938219025,0.5261439955823907,0));
#13481=DIRECTION('',(-0.7704102999511119,0.6375484057930328,0));
#13482=FACE_SURFACE('',(#13487),#13483,.T.);
#13483=PLANE('',#13484);
#13484=AXIS2_PLACEMENT_3D('',#612,#13485,#13486);
#13485=DIRECTION('',(1.38431615835255E-06,-0.006020596473387696,0.9999818760438555));
#13486=DIRECTION('',(-0.999999973566083,-0.00022993006222533268,0));
#13487=FACE_BOUND('',#13488,.T.);
#13488=EDGE_LOOP('',(#13489,#13490,#13491));
#13489=ORIENTED_EDGE('',*,*,#13492,.T.);
#13490=ORIENTED_EDGE('',*,*,#13493,.T.);
#13491=ORIENTED_EDGE('',*,*,#13494,.T.);
#13492=EDGE_CURVE('',#613,#317,#13495,.F.);
#13493=EDGE_CURVE('',#317,#545,#13496,.T.);
#13494=EDGE_CURVE('',#545,#613,#13497,.T.);
#13495=LINE('',#612,#13498);
#13496=LINE('',#316,#13499);
#13497=LINE('',#544,#13500);
#13498=VECTOR('',#13501,1.0);
#13499=VECTOR('',#13502,1.0);
#13500=VECTOR('',#13503,1.0);
#13501=DIRECTION('',(-0.999999973566083,-0.00022993006222533268,0));
#13502=DIRECTION('',(0.9999456011859622,-0.010430270827449196,-6.418185584255504E-05));
#13503=DIRECTION('',(-0.9958112345544066,0.09143128888085837,0.000551859414851883));
#13504=FACE_SURFACE('',(#13509),#13505,.T.);
#13505=PLANE('',#13506);
#13506=AXIS2_PLACEMENT_3D('',#794,#13507,#13508);
#13507=DIRECTION('',(0,0,1));
#13508=DIRECTION('',(-0.9940124467979613,-0.10926690080134183,0));
#13509=FACE_BOUND('',#13510,.T.);
#13510=EDGE_LOOP('',(#13511,#13512,#13513));
#13511=ORIENTED_EDGE('',*,*,#13514,.T.);
#13512=ORIENTED_EDGE('',*,*,#13515,.T.);
#13513=ORIENTED_EDGE('',*,*,#13516,.T.);
#13514=EDGE_CURVE('',#795,#797,#13517,.F.);
#13515=EDGE_CURVE('',#797,#771,#13518,.T.);
#13516=EDGE_CURVE('',#771,#795,#13519,.T.);
#13517=LINE('',#794,#13520);
#13518=LINE('',#796,#13521);
#13519=LINE('',#770,#13522);
#13520=VECTOR('',#13523,1.0);
#13521=VECTOR('',#13524,1.0);
#13522=VECTOR('',#13525,1.0);
#13523=DIRECTION('',(-0.9940124467979613,-0.10926690080134183,0));
#13524=DIRECTION('',(-0.4489696586727452,-0.8935470024521814,0));
#13525=DIRECTION('',(0.6133289088251511,0.7898276075191025,0));
#13526=FACE_SURFACE('',(#13531),#13527,.T.);
#13527=PLANE('',#13528);
#13528=AXIS2_PLACEMENT_3D('',#796,#13529,#13530);
#13529=DIRECTION('',(0,0,1));
#13530=DIRECTION('',(-0.9748267990494763,-0.22296347650445367,0));
#13531=FACE_BOUND('',#13532,.T.);
#13532=EDGE_LOOP('',(#13533,#13534,#13535));
#13533=ORIENTED_EDGE('',*,*,#13536,.T.);
#13534=ORIENTED_EDGE('',*,*,#13537,.T.);
#13535=ORIENTED_EDGE('',*,*,#13538,.T.);
#13536=EDGE_CURVE('',#797,#799,#13539,.F.);
#13537=EDGE_CURVE('',#799,#771,#13540,.T.);
#13538=EDGE_CURVE('',#771,#797,#13541,.T.);
#13539=LINE('',#796,#13542);
#13540=LINE('',#798,#13543);
#13541=LINE('',#770,#13544);
#13542=VECTOR('',#13545,1.0);
#13543=VECTOR('',#13546,1.0);
#13544=VECTOR('',#13547,1.0);
#13545=DIRECTION('',(-0.9748267990494763,-0.22296347650445367,0));
#13546=DIRECTION('',(0.06952705329092126,-0.9975800663910047,0));
#13547=DIRECTION('',(0.4489696586727452,0.8935470024521814,0));
#13548=FACE_SURFACE('',(#13553),#13549,.T.);
#13549=PLANE('',#13550);
#13550=AXIS2_PLACEMENT_3D('',#798,#13551,#13552);
#13551=DIRECTION('',(0,0,1));
#13552=DIRECTION('',(-0.937923576828618,-0.3468419871195115,0));
#13553=FACE_BOUND('',#13554,.T.);
#13554=EDGE_LOOP('',(#13555,#13556,#13557));
#13555=ORIENTED_EDGE('',*,*,#13558,.T.);
#13556=ORIENTED_EDGE('',*,*,#13559,.T.);
#13557=ORIENTED_EDGE('',*,*,#13560,.T.);
#13558=EDGE_CURVE('',#799,#801,#13561,.F.);
#13559=EDGE_CURVE('',#801,#771,#13562,.T.);
#13560=EDGE_CURVE('',#771,#799,#13563,.T.);
#13561=LINE('',#798,#13564);
#13562=LINE('',#800,#13565);
#13563=LINE('',#770,#13566);
#13564=VECTOR('',#13567,1.0);
#13565=VECTOR('',#13568,1.0);
#13566=VECTOR('',#13569,1.0);
#13567=DIRECTION('',(-0.937923576828618,-0.3468419871195115,0));
#13568=DIRECTION('',(0.37522836611798377,-0.9269323995094941,0));
#13569=DIRECTION('',(-0.06952705329092126,0.9975800663910047,0));
#13570=FACE_SURFACE('',(#13575),#13571,.T.);
#13571=PLANE('',#13572);
#13572=AXIS2_PLACEMENT_3D('',#254,#13573,#13574);
#13573=DIRECTION('',(0,0,1));
#13574=DIRECTION('',(0.999996444978791,0.002666463909302425,0));
#13575=FACE_BOUND('',#13576,.T.);
#13576=EDGE_LOOP('',(#13577,#13578,#13579));
#13577=ORIENTED_EDGE('',*,*,#13580,.T.);
#13578=ORIENTED_EDGE('',*,*,#13581,.T.);
#13579=ORIENTED_EDGE('',*,*,#13582,.T.);
#13580=EDGE_CURVE('',#255,#771,#13583,.F.);
#13581=EDGE_CURVE('',#771,#801,#13584,.T.);
#13582=EDGE_CURVE('',#801,#255,#13585,.T.);
#13583=LINE('',#254,#13586);
#13584=LINE('',#770,#13587);
#13585=LINE('',#800,#13588);
#13586=VECTOR('',#13589,1.0);
#13587=VECTOR('',#13590,1.0);
#13588=VECTOR('',#13591,1.0);
#13589=DIRECTION('',(0.999996444978791,0.002666463909302425,0));
#13590=DIRECTION('',(-0.37522836611798377,0.9269323995094941,0));
#13591=DIRECTION('',(-0.06932152673916565,-0.9975943694360705,0));
#13592=FACE_SURFACE('',(#13597),#13593,.T.);
#13593=PLANE('',#13594);
#13594=AXIS2_PLACEMENT_3D('',#802,#13595,#13596);
#13595=DIRECTION('',(-0,0,1));
#13596=DIRECTION('',(0.25484554748133237,-0.9669817717666347,0));
#13597=FACE_BOUND('',#13598,.T.);
#13598=EDGE_LOOP('',(#13599,#13600,#13601));
#13599=ORIENTED_EDGE('',*,*,#13602,.T.);
#13600=ORIENTED_EDGE('',*,*,#13603,.T.);
#13601=ORIENTED_EDGE('',*,*,#13604,.T.);
#13602=EDGE_CURVE('',#803,#255,#13605,.F.);
#13603=EDGE_CURVE('',#255,#801,#13606,.T.);
#13604=EDGE_CURVE('',#801,#803,#13607,.T.);
#13605=LINE('',#802,#13608);
#13606=LINE('',#254,#13609);
#13607=LINE('',#800,#13610);
#13608=VECTOR('',#13611,1.0);
#13609=VECTOR('',#13612,1.0);
#13610=VECTOR('',#13613,1.0);
#13611=DIRECTION('',(0.25484554748133237,-0.9669817717666347,0));
#13612=DIRECTION('',(0.06932152673916565,0.9975943694360705,0));
#13613=DIRECTION('',(-0.8999405811896201,-0.43601255753485907,0));
#13614=FACE_SURFACE('',(#13619),#13615,.T.);
#13615=PLANE('',#13616);
#13616=AXIS2_PLACEMENT_3D('',#804,#13617,#13618);
#13617=DIRECTION('',(0,0,1));
#13618=DIRECTION('',(-0.9993421514586814,-0.03626657301060837,0));
#13619=FACE_BOUND('',#13620,.T.);
#13620=EDGE_LOOP('',(#13621,#13622,#13623));
#13621=ORIENTED_EDGE('',*,*,#13624,.T.);
#13622=ORIENTED_EDGE('',*,*,#13625,.T.);
#13623=ORIENTED_EDGE('',*,*,#13626,.T.);
#13624=EDGE_CURVE('',#805,#795,#13627,.F.);
#13625=EDGE_CURVE('',#795,#771,#13628,.T.);
#13626=EDGE_CURVE('',#771,#805,#13629,.T.);
#13627=LINE('',#804,#13630);
#13628=LINE('',#794,#13631);
#13629=LINE('',#770,#13632);
#13630=VECTOR('',#13633,1.0);
#13631=VECTOR('',#13634,1.0);
#13632=VECTOR('',#13635,1.0);
#13633=DIRECTION('',(-0.9993421514586814,-0.03626657301060837,0));
#13634=DIRECTION('',(-0.6133289088251511,-0.7898276075191025,0));
#13635=DIRECTION('',(0.727483311706317,0.6861253757068089,0));
#13636=FACE_SURFACE('',(#13641),#13637,.T.);
#13637=PLANE('',#13638);
#13638=AXIS2_PLACEMENT_3D('',#772,#13639,#13640);
#13639=DIRECTION('',(0,0,1));
#13640=DIRECTION('',(-0.9973610433790289,0.07260130267353983,0));
#13641=FACE_BOUND('',#13642,.T.);
#13642=EDGE_LOOP('',(#13643,#13644,#13645));
#13643=ORIENTED_EDGE('',*,*,#13646,.T.);
#13644=ORIENTED_EDGE('',*,*,#13647,.T.);
#13645=ORIENTED_EDGE('',*,*,#13648,.T.);
#13646=EDGE_CURVE('',#773,#805,#13649,.F.);
#13647=EDGE_CURVE('',#805,#771,#13650,.T.);
#13648=EDGE_CURVE('',#771,#773,#13651,.T.);
#13649=LINE('',#772,#13652);
#13650=LINE('',#804,#13653);
#13651=LINE('',#770,#13654);
#13652=VECTOR('',#13655,1.0);
#13653=VECTOR('',#13656,1.0);
#13654=VECTOR('',#13657,1.0);
#13655=DIRECTION('',(-0.9973610433790289,0.07260130267353983,0));
#13656=DIRECTION('',(-0.727483311706317,-0.6861253757068089,0));
#13657=DIRECTION('',(0.8634097234237109,0.5045033691635674,0));
#13658=FACE_SURFACE('',(#13663),#13659,.T.);
#13659=PLANE('',#13660);
#13660=AXIS2_PLACEMENT_3D('',#544,#13661,#13662);
#13661=DIRECTION('',(0.0005876214956347138,0.00036421671897926387,0.9999997610235511));
#13662=DIRECTION('',(-0.5268261868739647,0.8499730400570588,0));
#13663=FACE_BOUND('',#13664,.T.);
#13664=EDGE_LOOP('',(#13665,#13666,#13667));
#13665=ORIENTED_EDGE('',*,*,#13668,.T.);
#13666=ORIENTED_EDGE('',*,*,#13669,.T.);
#13667=ORIENTED_EDGE('',*,*,#13670,.T.);
#13668=EDGE_CURVE('',#545,#607,#13671,.F.);
#13669=EDGE_CURVE('',#607,#613,#13672,.T.);
#13670=EDGE_CURVE('',#613,#545,#13673,.T.);
#13671=LINE('',#544,#13674);
#13672=LINE('',#606,#13675);
#13673=LINE('',#612,#13676);
#13674=VECTOR('',#13677,1.0);
#13675=VECTOR('',#13678,1.0);
#13676=VECTOR('',#13679,1.0);
#13677=DIRECTION('',(-0.5268261868739647,0.8499730400570588,0));
#13678=DIRECTION('',(-0.9973436373098714,0.07283787504824969,0.0005595319216652488));
#13679=DIRECTION('',(0.9958112345544066,-0.09143128888085837,-0.000551859414851883));
#13680=FACE_SURFACE('',(#13685),#13681,.T.);
#13681=PLANE('',#13682);
#13682=AXIS2_PLACEMENT_3D('',#800,#13683,#13684);
#13683=DIRECTION('',(-0.4360125575348591,0.8999405811896202,0));
#13684=DIRECTION('',(-0.04668730638964307,-0.02261955098908105,-0.9986534190274081));
#13685=FACE_BOUND('',#13686,.T.);
#13686=EDGE_LOOP('',(#13687,#13688,#13689));
#13687=ORIENTED_EDGE('',*,*,#13690,.T.);
#13688=ORIENTED_EDGE('',*,*,#13691,.T.);
#13689=ORIENTED_EDGE('',*,*,#13692,.T.);
#13690=EDGE_CURVE('',#801,#711,#13693,.F.);
#13691=EDGE_CURVE('',#711,#803,#13694,.T.);
#13692=EDGE_CURVE('',#803,#801,#13695,.T.);
#13693=LINE('',#800,#13696);
#13694=LINE('',#710,#13697);
#13695=LINE('',#802,#13698);
#13696=VECTOR('',#13699,1.0);
#13697=VECTOR('',#13700,1.0);
#13698=VECTOR('',#13701,1.0);
#13699=DIRECTION('',(-0.04668730638964307,-0.02261955098908105,-0.9986534190274081));
#13700=DIRECTION('',(0,0,1));
#13701=DIRECTION('',(0.8999405811896201,0.43601255753485907,0));
#13702=FACE_SURFACE('',(#13707),#13703,.T.);
#13703=PLANE('',#13704);
#13704=AXIS2_PLACEMENT_3D('',#806,#13705,#13706);
#13705=DIRECTION('',(-0,0,1));
#13706=DIRECTION('',(0.8237947584081877,-0.5668881688827132,0));
#13707=FACE_BOUND('',#13708,.T.);
#13708=EDGE_LOOP('',(#13709,#13710,#13711));
#13709=ORIENTED_EDGE('',*,*,#13712,.T.);
#13710=ORIENTED_EDGE('',*,*,#13713,.T.);
#13711=ORIENTED_EDGE('',*,*,#13714,.T.);
#13712=EDGE_CURVE('',#807,#809,#13715,.F.);
#13713=EDGE_CURVE('',#809,#811,#13716,.T.);
#13714=EDGE_CURVE('',#811,#807,#13717,.T.);
#13715=LINE('',#806,#13718);
#13716=LINE('',#808,#13719);
#13717=LINE('',#810,#13720);
#13718=VECTOR('',#13721,1.0);
#13719=VECTOR('',#13722,1.0);
#13720=VECTOR('',#13723,1.0);
#13721=DIRECTION('',(0.8237947584081877,-0.5668881688827132,0));
#13722=DIRECTION('',(-0.74787636069433,0.6638380443410912,0));
#13723=DIRECTION('',(-0.9993421514586814,-0.03626657301060837,0));
#13724=FACE_SURFACE('',(#13729),#13725,.T.);
#13725=PLANE('',#13726);
#13726=AXIS2_PLACEMENT_3D('',#812,#13727,#13728);
#13727=DIRECTION('',(0,0,1));
#13728=DIRECTION('',(-0.9973610433790289,0.07260130267353983,0));
#13729=FACE_BOUND('',#13730,.T.);
#13730=EDGE_LOOP('',(#13731,#13732,#13733));
#13731=ORIENTED_EDGE('',*,*,#13734,.T.);
#13732=ORIENTED_EDGE('',*,*,#13735,.T.);
#13733=ORIENTED_EDGE('',*,*,#13736,.T.);
#13734=EDGE_CURVE('',#813,#811,#13737,.F.);
#13735=EDGE_CURVE('',#811,#809,#13738,.T.);
#13736=EDGE_CURVE('',#809,#813,#13739,.T.);
#13737=LINE('',#812,#13740);
#13738=LINE('',#810,#13741);
#13739=LINE('',#808,#13742);
#13740=VECTOR('',#13743,1.0);
#13741=VECTOR('',#13744,1.0);
#13742=VECTOR('',#13745,1.0);
#13743=DIRECTION('',(-0.9973610433790289,0.07260130267353983,0));
#13744=DIRECTION('',(0.74787636069433,-0.6638380443410912,0));
#13745=DIRECTION('',(-0.4719775925631238,0.8816105444686547,0));
#13746=FACE_SURFACE('',(#13751),#13747,.T.);
#13747=PLANE('',#13748);
#13748=AXIS2_PLACEMENT_3D('',#814,#13749,#13750);
#13749=DIRECTION('',(-0.7063229080954049,-0.707888445342365,-0.0013778426687969074));
#13750=DIRECTION('',(-0.011460924273407763,0.009489381093966284,0.9998892933026399));
#13751=FACE_BOUND('',#13752,.T.);
#13752=EDGE_LOOP('',(#13753,#13754,#13755));
#13753=ORIENTED_EDGE('',*,*,#13756,.T.);
#13754=ORIENTED_EDGE('',*,*,#13757,.T.);
#13755=ORIENTED_EDGE('',*,*,#13758,.T.);
#13756=EDGE_CURVE('',#815,#337,#13759,.F.);
#13757=EDGE_CURVE('',#337,#753,#13760,.T.);
#13758=EDGE_CURVE('',#753,#815,#13761,.T.);
#13759=LINE('',#814,#13762);
#13760=LINE('',#336,#13763);
#13761=LINE('',#752,#13764);
#13762=VECTOR('',#13765,1.0);
#13763=VECTOR('',#13766,1.0);
#13764=VECTOR('',#13767,1.0);
#13765=DIRECTION('',(-0.011460924273407763,0.009489381093966284,0.9998892933026399));
#13766=DIRECTION('',(-0.01590391272125161,0.0178145973298291,-0.9997148121750177));
#13767=DIRECTION('',(0.7078302120733873,-0.706236876487065,-0.01434800215841633));
#13768=FACE_SURFACE('',(#13773),#13769,.T.);
#13769=PLANE('',#13770);
#13770=AXIS2_PLACEMENT_3D('',#480,#13771,#13772);
#13771=DIRECTION('',(0,-1,0));
#13772=DIRECTION('',(1,0,0));
#13773=FACE_BOUND('',#13774,.T.);
#13774=EDGE_LOOP('',(#13775,#13776,#13777));
#13775=ORIENTED_EDGE('',*,*,#13778,.T.);
#13776=ORIENTED_EDGE('',*,*,#13779,.T.);
#13777=ORIENTED_EDGE('',*,*,#13780,.T.);
#13778=EDGE_CURVE('',#481,#357,#13781,.F.);
#13779=EDGE_CURVE('',#357,#237,#13782,.T.);
#13780=EDGE_CURVE('',#237,#481,#13783,.T.);
#13781=LINE('',#480,#13784);
#13782=LINE('',#356,#13785);
#13783=LINE('',#236,#13786);
#13784=VECTOR('',#13787,1.0);
#13785=VECTOR('',#13788,1.0);
#13786=VECTOR('',#13789,1.0);
#13787=DIRECTION('',(1,0,0));
#13788=DIRECTION('',(0,0,1));
#13789=DIRECTION('',(-0.9908297160716341,0,-0.13511651915811332));
#13790=FACE_SURFACE('',(#13795),#13791,.T.);
#13791=PLANE('',#13792);
#13792=AXIS2_PLACEMENT_3D('',#338,#13793,#13794);
#13793=DIRECTION('',(-0.637548405788373,-0.7704102999454809,3.823358798579535E-06));
#13794=DIRECTION('',(-0.7704102999511119,0.6375484057930328,0));
#13795=FACE_BOUND('',#13796,.T.);
#13796=EDGE_LOOP('',(#13797,#13798,#13799));
#13797=ORIENTED_EDGE('',*,*,#13800,.T.);
#13798=ORIENTED_EDGE('',*,*,#13801,.T.);
#13799=ORIENTED_EDGE('',*,*,#13802,.T.);
#13800=EDGE_CURVE('',#339,#337,#13803,.F.);
#13801=EDGE_CURVE('',#337,#815,#13804,.T.);
#13802=EDGE_CURVE('',#815,#339,#13805,.T.);
#13803=LINE('',#338,#13806);
#13804=LINE('',#336,#13807);
#13805=LINE('',#814,#13808);
#13806=VECTOR('',#13809,1.0);
#13807=VECTOR('',#13810,1.0);
#13808=VECTOR('',#13811,1.0);
#13809=DIRECTION('',(-0.7704102999511119,0.6375484057930328,0));
#13810=DIRECTION('',(0.011460924273407763,-0.009489381093966284,-0.9998892933026399));
#13811=DIRECTION('',(0.031034004360445795,-0.025677044752178108,0.9991884606750373));
#13812=FACE_SURFACE('',(#13817),#13813,.T.);
#13813=PLANE('',#13814);
#13814=AXIS2_PLACEMENT_3D('',#552,#13815,#13816);
#13815=DIRECTION('',(0,0,1));
#13816=DIRECTION('',(-0.23736542914420736,0.9714204306309324,0));
#13817=FACE_BOUND('',#13818,.T.);
#13818=EDGE_LOOP('',(#13819,#13820,#13821));
#13819=ORIENTED_EDGE('',*,*,#13822,.T.);
#13820=ORIENTED_EDGE('',*,*,#13823,.T.);
#13821=ORIENTED_EDGE('',*,*,#13824,.T.);
#13822=EDGE_CURVE('',#553,#281,#13825,.F.);
#13823=EDGE_CURVE('',#281,#601,#13826,.T.);
#13824=EDGE_CURVE('',#601,#553,#13827,.T.);
#13825=LINE('',#552,#13828);
#13826=LINE('',#280,#13829);
#13827=LINE('',#600,#13830);
#13828=VECTOR('',#13831,1.0);
#13829=VECTOR('',#13832,1.0);
#13830=VECTOR('',#13833,1.0);
#13831=DIRECTION('',(-0.23736542914420736,0.9714204306309324,0));
#13832=DIRECTION('',(0.09352671921712302,-0.9956167700438164,0));
#13833=DIRECTION('',(0.7006286956279709,0.7135260547889252,0));
#13834=FACE_SURFACE('',(#13839),#13835,.T.);
#13835=PLANE('',#13836);
#13836=AXIS2_PLACEMENT_3D('',#756,#13837,#13838);
#13837=DIRECTION('',(-0.15098568233864063,-0.18534736042947256,0.9710044694596222));
#13838=DIRECTION('',(0.7753130092246948,-0.6315771827155793,0));
#13839=FACE_BOUND('',#13840,.T.);
#13840=EDGE_LOOP('',(#13841,#13842,#13843));
#13841=ORIENTED_EDGE('',*,*,#13844,.T.);
#13842=ORIENTED_EDGE('',*,*,#13845,.T.);
#13843=ORIENTED_EDGE('',*,*,#13846,.T.);
#13844=EDGE_CURVE('',#757,#817,#13847,.F.);
#13845=EDGE_CURVE('',#817,#753,#13848,.T.);
#13846=EDGE_CURVE('',#753,#757,#13849,.T.);
#13847=LINE('',#756,#13850);
#13848=LINE('',#816,#13851);
#13849=LINE('',#752,#13852);
#13850=VECTOR('',#13853,1.0);
#13851=VECTOR('',#13854,1.0);
#13852=VECTOR('',#13855,1.0);
#13853=DIRECTION('',(0.7753130092246948,-0.6315771827155793,0));
#13854=DIRECTION('',(-0.447163354134278,0.8888300419507692,0.10013037124257676));
#13855=DIRECTION('',(-0.9788657251092434,-0.1090245538417399,-0.17301889742442722));
#13856=FACE_SURFACE('',(#13861),#13857,.T.);
#13857=PLANE('',#13858);
#13858=AXIS2_PLACEMENT_3D('',#818,#13859,#13860);
#13859=DIRECTION('',(-0.017431092442592337,0.9998480669663055,0));
#13860=DIRECTION('',(0.1561263737534391,0.002721866795102411,0.9877333379307144));
#13861=FACE_BOUND('',#13862,.T.);
#13862=EDGE_LOOP('',(#13863,#13864,#13865));
#13863=ORIENTED_EDGE('',*,*,#13866,.T.);
#13864=ORIENTED_EDGE('',*,*,#13867,.T.);
#13865=ORIENTED_EDGE('',*,*,#13868,.T.);
#13866=EDGE_CURVE('',#819,#535,#13869,.F.);
#13867=EDGE_CURVE('',#535,#821,#13870,.T.);
#13868=EDGE_CURVE('',#821,#819,#13871,.T.);
#13869=LINE('',#818,#13872);
#13870=LINE('',#534,#13873);
#13871=LINE('',#820,#13874);
#13872=VECTOR('',#13875,1.0);
#13873=VECTOR('',#13876,1.0);
#13874=VECTOR('',#13877,1.0);
#13875=DIRECTION('',(0.1561263737534391,0.002721866795102411,0.9877333379307144));
#13876=DIRECTION('',(0,0,-1));
#13877=DIRECTION('',(-0.9998430461478665,-0.01743100491094304,0.003169090965901091));
#13878=FACE_SURFACE('',(#13883),#13879,.T.);
#13879=PLANE('',#13880);
#13880=AXIS2_PLACEMENT_3D('',#756,#13881,#13882);
#13881=DIRECTION('',(-0.6315771827155793,-0.7753130092246948,-0));
#13882=DIRECTION('',(0,0,-1));
#13883=FACE_BOUND('',#13884,.T.);
#13884=EDGE_LOOP('',(#13885,#13886,#13887));
#13885=ORIENTED_EDGE('',*,*,#13888,.T.);
#13886=ORIENTED_EDGE('',*,*,#13889,.T.);
#13887=ORIENTED_EDGE('',*,*,#13890,.T.);
#13888=EDGE_CURVE('',#757,#823,#13891,.F.);
#13889=EDGE_CURVE('',#823,#817,#13892,.T.);
#13890=EDGE_CURVE('',#817,#757,#13893,.T.);
#13891=LINE('',#756,#13894);
#13892=LINE('',#822,#13895);
#13893=LINE('',#816,#13896);
#13894=VECTOR('',#13897,1.0);
#13895=VECTOR('',#13898,1.0);
#13896=VECTOR('',#13899,1.0);
#13897=DIRECTION('',(0,0,-1));
#13898=DIRECTION('',(0.2082636101561239,-0.16965347233901526,0.9632465769511216));
#13899=DIRECTION('',(-0.7753130092246948,0.6315771827155793,0));
#13900=FACE_SURFACE('',(#13905),#13901,.T.);
#13901=PLANE('',#13902);
#13902=AXIS2_PLACEMENT_3D('',#822,#13903,#13904);
#13903=DIRECTION('',(-0.6315771827155793,-0.7753130092246948,0));
#13904=DIRECTION('',(0.7753130092246948,-0.6315771827155793,0));
#13905=FACE_BOUND('',#13906,.T.);
#13906=EDGE_LOOP('',(#13907,#13908,#13909));
#13907=ORIENTED_EDGE('',*,*,#13910,.T.);
#13908=ORIENTED_EDGE('',*,*,#13911,.T.);
#13909=ORIENTED_EDGE('',*,*,#13912,.T.);
#13910=EDGE_CURVE('',#823,#825,#13913,.F.);
#13911=EDGE_CURVE('',#825,#817,#13914,.T.);
#13912=EDGE_CURVE('',#817,#823,#13915,.T.);
#13913=LINE('',#822,#13916);
#13914=LINE('',#824,#13917);
#13915=LINE('',#816,#13918);
#13916=VECTOR('',#13919,1.0);
#13917=VECTOR('',#13920,1.0);
#13918=VECTOR('',#13921,1.0);
#13919=DIRECTION('',(0.7753130092246948,-0.6315771827155793,0));
#13920=DIRECTION('',(0,0,1));
#13921=DIRECTION('',(-0.2082636101561239,0.16965347233901526,-0.9632465769511216));
#13922=FACE_SURFACE('',(#13927),#13923,.T.);
#13923=PLANE('',#13924);
#13924=AXIS2_PLACEMENT_3D('',#826,#13925,#13926);
#13925=DIRECTION('',(-0.2590137515830802,0.9658736338107892,0));
#13926=DIRECTION('',(-0.965870488949815,-0.2590129082406277,0.0025518504222237803));
#13927=FACE_BOUND('',#13928,.T.);
#13928=EDGE_LOOP('',(#13929,#13930,#13931));
#13929=ORIENTED_EDGE('',*,*,#13932,.T.);
#13930=ORIENTED_EDGE('',*,*,#13933,.T.);
#13931=ORIENTED_EDGE('',*,*,#13934,.T.);
#13932=EDGE_CURVE('',#827,#821,#13935,.F.);
#13933=EDGE_CURVE('',#821,#535,#13936,.T.);
#13934=EDGE_CURVE('',#535,#827,#13937,.T.);
#13935=LINE('',#826,#13938);
#13936=LINE('',#820,#13939);
#13937=LINE('',#534,#13940);
#13938=VECTOR('',#13941,1.0);
#13939=VECTOR('',#13942,1.0);
#13940=VECTOR('',#13943,1.0);
#13941=DIRECTION('',(-0.965870488949815,-0.2590129082406277,0.0025518504222237803));
#13942=DIRECTION('',(0,0,1));
#13943=DIRECTION('',(0.1858967118611954,0.04985103957766743,-0.9813038705580559));
#13944=FACE_SURFACE('',(#13949),#13945,.T.);
#13945=PLANE('',#13946);
#13946=AXIS2_PLACEMENT_3D('',#826,#13947,#13948);
#13947=DIRECTION('',(-0.321054258858103,0.946975472231577,-0.012712901354769213));
#13948=DIRECTION('',(-0.1858967118611954,-0.04985103957766743,0.9813038705580559));
#13949=FACE_BOUND('',#13950,.T.);
#13950=EDGE_LOOP('',(#13951,#13952,#13953));
#13951=ORIENTED_EDGE('',*,*,#13954,.T.);
#13952=ORIENTED_EDGE('',*,*,#13955,.T.);
#13953=ORIENTED_EDGE('',*,*,#13956,.T.);
#13954=EDGE_CURVE('',#827,#535,#13957,.F.);
#13955=EDGE_CURVE('',#535,#829,#13958,.T.);
#13956=EDGE_CURVE('',#829,#827,#13959,.T.);
#13957=LINE('',#826,#13960);
#13958=LINE('',#534,#13961);
#13959=LINE('',#828,#13962);
#13960=VECTOR('',#13963,1.0);
#13961=VECTOR('',#13964,1.0);
#13962=VECTOR('',#13965,1.0);
#13963=DIRECTION('',(-0.1858967118611954,-0.04985103957766743,0.9813038705580559));
#13964=DIRECTION('',(0.9470481744605572,0.3210903706130315,0.0008539031044877633));
#13965=DIRECTION('',(-0.0876463323437316,-0.043075414046312,-0.9952198898391406));
#13966=FACE_SURFACE('',(#13971),#13967,.T.);
#13967=PLANE('',#13968);
#13968=AXIS2_PLACEMENT_3D('',#830,#13969,#13970);
#13969=DIRECTION('',(0,0,1));
#13970=DIRECTION('',(-0.338156382490001,-0.9410899324619705,0));
#13971=FACE_BOUND('',#13972,.T.);
#13972=EDGE_LOOP('',(#13973,#13974,#13975));
#13973=ORIENTED_EDGE('',*,*,#13976,.T.);
#13974=ORIENTED_EDGE('',*,*,#13977,.T.);
#13975=ORIENTED_EDGE('',*,*,#13978,.T.);
#13976=EDGE_CURVE('',#831,#329,#13979,.F.);
#13977=EDGE_CURVE('',#329,#255,#13980,.T.);
#13978=EDGE_CURVE('',#255,#831,#13981,.T.);
#13979=LINE('',#830,#13982);
#13980=LINE('',#328,#13983);
#13981=LINE('',#254,#13984);
#13982=VECTOR('',#13985,1.0);
#13983=VECTOR('',#13986,1.0);
#13984=VECTOR('',#13987,1.0);
#13985=DIRECTION('',(-0.338156382490001,-0.9410899324619705,0));
#13986=DIRECTION('',(0.9999999541923448,-0.000302680207946389,0));
#13987=DIRECTION('',(-0.9936251954924888,0.11273407152459912,0));
#13988=FACE_SURFACE('',(#13993),#13989,.T.);
#13989=PLANE('',#13990);
#13990=AXIS2_PLACEMENT_3D('',#748,#13991,#13992);
#13991=DIRECTION('',(0,0,1));
#13992=DIRECTION('',(-0.5231482973396346,-0.8522416670115591,0));
#13993=FACE_BOUND('',#13994,.T.);
#13994=EDGE_LOOP('',(#13995,#13996,#13997));
#13995=ORIENTED_EDGE('',*,*,#13998,.T.);
#13996=ORIENTED_EDGE('',*,*,#13999,.T.);
#13997=ORIENTED_EDGE('',*,*,#14000,.T.);
#13998=EDGE_CURVE('',#749,#831,#14001,.F.);
#13999=EDGE_CURVE('',#831,#255,#14002,.T.);
#14000=EDGE_CURVE('',#255,#749,#14003,.T.);
#14001=LINE('',#748,#14004);
#14002=LINE('',#830,#14005);
#14003=LINE('',#254,#14006);
#14004=VECTOR('',#14007,1.0);
#14005=VECTOR('',#14008,1.0);
#14006=VECTOR('',#14009,1.0);
#14007=DIRECTION('',(-0.5231482973396346,-0.8522416670115591,0));
#14008=DIRECTION('',(0.9936251954924888,-0.11273407152459912,0));
#14009=DIRECTION('',(-0.9396549420953205,0.3421236469404591,0));
#14010=FACE_SURFACE('',(#14015),#14011,.T.);
#14011=PLANE('',#14012);
#14012=AXIS2_PLACEMENT_3D('',#832,#14013,#14014);
#14013=DIRECTION('',(0,0,1));
#14014=DIRECTION('',(-0.6660182937207187,-0.7459354076790714,0));
#14015=FACE_BOUND('',#14016,.T.);
#14016=EDGE_LOOP('',(#14017,#14018,#14019));
#14017=ORIENTED_EDGE('',*,*,#14020,.T.);
#14018=ORIENTED_EDGE('',*,*,#14021,.T.);
#14019=ORIENTED_EDGE('',*,*,#14022,.T.);
#14020=EDGE_CURVE('',#833,#749,#14023,.F.);
#14021=EDGE_CURVE('',#749,#255,#14024,.T.);
#14022=EDGE_CURVE('',#255,#833,#14025,.T.);
#14023=LINE('',#832,#14026);
#14024=LINE('',#748,#14027);
#14025=LINE('',#254,#14028);
#14026=VECTOR('',#14029,1.0);
#14027=VECTOR('',#14030,1.0);
#14028=VECTOR('',#14031,1.0);
#14029=DIRECTION('',(-0.6660182937207187,-0.7459354076790714,0));
#14030=DIRECTION('',(0.9396549420953205,-0.3421236469404591,0));
#14031=DIRECTION('',(-0.8072580638257374,0.5901986262169048,0));
#14032=FACE_SURFACE('',(#14037),#14033,.T.);
#14033=PLANE('',#14034);
#14034=AXIS2_PLACEMENT_3D('',#58,#14035,#14036);
#14035=DIRECTION('',(0,0,1));
#14036=DIRECTION('',(1,0,0));
#14037=FACE_BOUND('',#14038,.T.);
#14038=EDGE_LOOP('',(#14039,#14040,#14041));
#14039=ORIENTED_EDGE('',*,*,#14042,.T.);
#14040=ORIENTED_EDGE('',*,*,#14043,.T.);
#14041=ORIENTED_EDGE('',*,*,#14044,.T.);
#14042=EDGE_CURVE('',#59,#257,#14045,.F.);
#14043=EDGE_CURVE('',#257,#41,#14046,.T.);
#14044=EDGE_CURVE('',#41,#59,#14047,.T.);
#14045=LINE('',#58,#14048);
#14046=LINE('',#256,#14049);
#14047=LINE('',#40,#14050);
#14048=VECTOR('',#14051,1.0);
#14049=VECTOR('',#14052,1.0);
#14050=VECTOR('',#14053,1.0);
#14051=DIRECTION('',(1,0,0));
#14052=DIRECTION('',(-0.0006121948971050517,0.9999998126086864,0));
#14053=DIRECTION('',(0,-1,0));
#14054=FACE_SURFACE('',(#14059),#14055,.T.);
#14055=PLANE('',#14056);
#14056=AXIS2_PLACEMENT_3D('',#834,#14057,#14058);
#14057=DIRECTION('',(0,0,1));
#14058=DIRECTION('',(-0.7704102999511119,-0.6375484057930328,0));
#14059=FACE_BOUND('',#14060,.T.);
#14060=EDGE_LOOP('',(#14061,#14062,#14063));
#14061=ORIENTED_EDGE('',*,*,#14064,.T.);
#14062=ORIENTED_EDGE('',*,*,#14065,.T.);
#14063=ORIENTED_EDGE('',*,*,#14066,.T.);
#14064=EDGE_CURVE('',#835,#833,#14067,.F.);
#14065=EDGE_CURVE('',#833,#255,#14068,.T.);
#14066=EDGE_CURVE('',#255,#835,#14069,.T.);
#14067=LINE('',#834,#14070);
#14068=LINE('',#832,#14071);
#14069=LINE('',#254,#14072);
#14070=VECTOR('',#14073,1.0);
#14071=VECTOR('',#14074,1.0);
#14072=VECTOR('',#14075,1.0);
#14073=DIRECTION('',(-0.7704102999511119,-0.6375484057930328,0));
#14074=DIRECTION('',(0.8072580638257374,-0.5901986262169048,0));
#14075=DIRECTION('',(-0.5724860791649427,0.8199144401474773,0));
#14076=FACE_SURFACE('',(#14081),#14077,.T.);
#14077=PLANE('',#14078);
#14078=AXIS2_PLACEMENT_3D('',#802,#14079,#14080);
#14079=DIRECTION('',(0,0,1));
#14080=DIRECTION('',(-0.846078152445604,-0.5330588710022873,0));
#14081=FACE_BOUND('',#14082,.T.);
#14082=EDGE_LOOP('',(#14083,#14084,#14085));
#14083=ORIENTED_EDGE('',*,*,#14086,.T.);
#14084=ORIENTED_EDGE('',*,*,#14087,.T.);
#14085=ORIENTED_EDGE('',*,*,#14088,.T.);
#14086=EDGE_CURVE('',#803,#835,#14089,.F.);
#14087=EDGE_CURVE('',#835,#255,#14090,.T.);
#14088=EDGE_CURVE('',#255,#803,#14091,.T.);
#14089=LINE('',#802,#14092);
#14090=LINE('',#834,#14093);
#14091=LINE('',#254,#14094);
#14092=VECTOR('',#14095,1.0);
#14093=VECTOR('',#14096,1.0);
#14094=VECTOR('',#14097,1.0);
#14095=DIRECTION('',(-0.846078152445604,-0.5330588710022873,0));
#14096=DIRECTION('',(0.5724860791649427,-0.8199144401474773,0));
#14097=DIRECTION('',(-0.25484554748133237,0.9669817717666347,0));
#14098=FACE_SURFACE('',(#14103),#14099,.T.);
#14099=PLANE('',#14100);
#14100=AXIS2_PLACEMENT_3D('',#684,#14101,#14102);
#14101=DIRECTION('',(-0.637548405793033,0.7704102999511119,0));
#14102=DIRECTION('',(0,0,1));
#14103=FACE_BOUND('',#14104,.T.);
#14104=EDGE_LOOP('',(#14105,#14106,#14107));
#14105=ORIENTED_EDGE('',*,*,#14108,.T.);
#14106=ORIENTED_EDGE('',*,*,#14109,.T.);
#14107=ORIENTED_EDGE('',*,*,#14110,.T.);
#14108=EDGE_CURVE('',#685,#833,#14111,.F.);
#14109=EDGE_CURVE('',#833,#687,#14112,.T.);
#14110=EDGE_CURVE('',#687,#685,#14113,.T.);
#14111=LINE('',#684,#14114);
#14112=LINE('',#832,#14115);
#14113=LINE('',#686,#14116);
#14114=VECTOR('',#14117,1.0);
#14115=VECTOR('',#14118,1.0);
#14116=VECTOR('',#14119,1.0);
#14117=DIRECTION('',(0,0,1));
#14118=DIRECTION('',(0.03446520072635885,0.028521469377838435,-0.9989988366977315));
#14119=DIRECTION('',(-0.7704102999511119,-0.6375484057930328,0));
#14120=FACE_SURFACE('',(#14125),#14121,.T.);
#14121=PLANE('',#14122);
#14122=AXIS2_PLACEMENT_3D('',#834,#14123,#14124);
#14123=DIRECTION('',(-0.637548405793033,0.7704102999511119,0));
#14124=DIRECTION('',(0,0,-1));
#14125=FACE_BOUND('',#14126,.T.);
#14126=EDGE_LOOP('',(#14127,#14128,#14129));
#14127=ORIENTED_EDGE('',*,*,#14130,.T.);
#14128=ORIENTED_EDGE('',*,*,#14131,.T.);
#14129=ORIENTED_EDGE('',*,*,#14132,.T.);
#14130=EDGE_CURVE('',#835,#687,#14133,.F.);
#14131=EDGE_CURVE('',#687,#833,#14134,.T.);
#14132=EDGE_CURVE('',#833,#835,#14135,.T.);
#14133=LINE('',#834,#14136);
#14134=LINE('',#686,#14137);
#14135=LINE('',#832,#14138);
#14136=VECTOR('',#14139,1.0);
#14137=VECTOR('',#14140,1.0);
#14138=VECTOR('',#14141,1.0);
#14139=DIRECTION('',(0,0,-1));
#14140=DIRECTION('',(-0.03446520072635885,-0.028521469377838435,0.9989988366977315));
#14141=DIRECTION('',(0.7704102999511119,0.6375484057930328,0));
#14142=FACE_SURFACE('',(#14147),#14143,.T.);
#14143=PLANE('',#14144);
#14144=AXIS2_PLACEMENT_3D('',#716,#14145,#14146);
#14145=DIRECTION('',(-0.49684679618523164,0.8678161583484352,0.006194871252449438));
#14146=DIRECTION('',(-0.8678278481242052,-0.4968631532976468,0.0013538519973347696));
#14147=FACE_BOUND('',#14148,.T.);
#14148=EDGE_LOOP('',(#14149,#14150,#14151));
#14149=ORIENTED_EDGE('',*,*,#14152,.T.);
#14150=ORIENTED_EDGE('',*,*,#14153,.T.);
#14151=ORIENTED_EDGE('',*,*,#14154,.T.);
#14152=EDGE_CURVE('',#717,#827,#14155,.F.);
#14153=EDGE_CURVE('',#827,#829,#14156,.T.);
#14154=EDGE_CURVE('',#829,#717,#14157,.T.);
#14155=LINE('',#716,#14158);
#14156=LINE('',#826,#14159);
#14157=LINE('',#828,#14160);
#14158=VECTOR('',#14161,1.0);
#14159=VECTOR('',#14162,1.0);
#14160=VECTOR('',#14163,1.0);
#14161=DIRECTION('',(-0.8678278481242052,-0.4968631532976468,0.0013538519973347696));
#14162=DIRECTION('',(0.0876463323437316,0.043075414046312,0.9952198898391406));
#14163=DIRECTION('',(0.07201409479670662,0.04834145729911975,-0.9962314357903028));
#14164=FACE_SURFACE('',(#14169),#14165,.T.);
#14165=PLANE('',#14166);
#14166=AXIS2_PLACEMENT_3D('',#684,#14167,#14168);
#14167=DIRECTION('',(-0.7459354076790714,0.6660182937207186,0));
#14168=DIRECTION('',(-0.02747674007055977,-0.030773739249299673,0.99914864045732));
#14169=FACE_BOUND('',#14170,.T.);
#14170=EDGE_LOOP('',(#14171,#14172,#14173));
#14171=ORIENTED_EDGE('',*,*,#14174,.T.);
#14172=ORIENTED_EDGE('',*,*,#14175,.T.);
#14173=ORIENTED_EDGE('',*,*,#14176,.T.);
#14174=EDGE_CURVE('',#685,#749,#14177,.F.);
#14175=EDGE_CURVE('',#749,#833,#14178,.T.);
#14176=EDGE_CURVE('',#833,#685,#14179,.T.);
#14177=LINE('',#684,#14180);
#14178=LINE('',#748,#14181);
#14179=LINE('',#832,#14182);
#14180=VECTOR('',#14183,1.0);
#14181=VECTOR('',#14184,1.0);
#14182=VECTOR('',#14185,1.0);
#14183=DIRECTION('',(-0.02747674007055977,-0.030773739249299673,0.99914864045732));
#14184=DIRECTION('',(0.6660182937207187,0.7459354076790714,0));
#14185=DIRECTION('',(0,0,-1));
#14186=FACE_SURFACE('',(#14191),#14187,.T.);
#14187=PLANE('',#14188);
#14188=AXIS2_PLACEMENT_3D('',#316,#14189,#14190);
#14189=DIRECTION('',(0,0,1));
#14190=DIRECTION('',(0.999999973566083,0.00022993006222533268,0));
#14191=FACE_BOUND('',#14192,.T.);
#14192=EDGE_LOOP('',(#14193,#14194,#14195));
#14193=ORIENTED_EDGE('',*,*,#14196,.T.);
#14194=ORIENTED_EDGE('',*,*,#14197,.T.);
#14195=ORIENTED_EDGE('',*,*,#14198,.T.);
#14196=EDGE_CURVE('',#317,#613,#14199,.F.);
#14197=EDGE_CURVE('',#613,#609,#14200,.T.);
#14198=EDGE_CURVE('',#609,#317,#14201,.T.);
#14199=LINE('',#316,#14202);
#14200=LINE('',#612,#14203);
#14201=LINE('',#608,#14204);
#14202=VECTOR('',#14205,1.0);
#14203=VECTOR('',#14206,1.0);
#14204=VECTOR('',#14207,1.0);
#14205=DIRECTION('',(0.999999973566083,0.00022993006222533268,0));
#14206=DIRECTION('',(-0.5267931926375976,0.8499934894990002,0));
#14207=DIRECTION('',(-0.9999994064077747,-0.0010895797806034242,0));
#14208=FACE_SURFACE('',(#14213),#14209,.T.);
#14209=PLANE('',#14210);
#14210=AXIS2_PLACEMENT_3D('',#712,#14211,#14212);
#14211=DIRECTION('',(0,1,0));
#14212=DIRECTION('',(-1,0,0));
#14213=FACE_BOUND('',#14214,.T.);
#14214=EDGE_LOOP('',(#14215,#14216,#14217));
#14215=ORIENTED_EDGE('',*,*,#14218,.T.);
#14216=ORIENTED_EDGE('',*,*,#14219,.T.);
#14217=ORIENTED_EDGE('',*,*,#14220,.T.);
#14218=EDGE_CURVE('',#713,#39,#14221,.F.);
#14219=EDGE_CURVE('',#39,#41,#14222,.T.);
#14220=EDGE_CURVE('',#41,#713,#14223,.T.);
#14221=LINE('',#712,#14224);
#14222=LINE('',#38,#14225);
#14223=LINE('',#40,#14226);
#14224=VECTOR('',#14227,1.0);
#14225=VECTOR('',#14228,1.0);
#14226=VECTOR('',#14229,1.0);
#14227=DIRECTION('',(-1,0,0));
#14228=DIRECTION('',(0,0,1));
#14229=DIRECTION('',(0.009749521346737455,0,-0.9999524722873131));
#14230=FACE_SURFACE('',(#14235),#14231,.T.);
#14231=PLANE('',#14232);
#14232=AXIS2_PLACEMENT_3D('',#166,#14233,#14234);
#14233=DIRECTION('',(0.014704295493847035,0,-0.9998918860026966));
#14234=DIRECTION('',(0,-1,0));
#14235=FACE_BOUND('',#14236,.T.);
#14236=EDGE_LOOP('',(#14237,#14238,#14239));
#14237=ORIENTED_EDGE('',*,*,#14240,.T.);
#14238=ORIENTED_EDGE('',*,*,#14241,.T.);
#14239=ORIENTED_EDGE('',*,*,#14242,.T.);
#14240=EDGE_CURVE('',#167,#837,#14243,.F.);
#14241=EDGE_CURVE('',#837,#45,#14244,.T.);
#14242=EDGE_CURVE('',#45,#167,#14245,.T.);
#14243=LINE('',#166,#14246);
#14244=LINE('',#836,#14247);
#14245=LINE('',#44,#14248);
#14246=VECTOR('',#14249,1.0);
#14247=VECTOR('',#14250,1.0);
#14248=VECTOR('',#14251,1.0);
#14249=DIRECTION('',(0,-1,0));
#14250=DIRECTION('',(-0.033797350340186265,0.9994285827817517,-0.0004970199611259073));
#14251=DIRECTION('',(0.9712690713811961,0.2375549963109033,0.014283371662028867));
#14252=FACE_SURFACE('',(#14257),#14253,.T.);
#14253=PLANE('',#14254);
#14254=AXIS2_PLACEMENT_3D('',#748,#14255,#14256);
#14255=DIRECTION('',(-0.8522416670115591,0.5231482973396346,0));
#14256=DIRECTION('',(-0.019935613289421165,-0.03247637503375832,-0.9992736644120276));
#14257=FACE_BOUND('',#14258,.T.);
#14258=EDGE_LOOP('',(#14259,#14260,#14261));
#14259=ORIENTED_EDGE('',*,*,#14262,.T.);
#14260=ORIENTED_EDGE('',*,*,#14263,.T.);
#14261=ORIENTED_EDGE('',*,*,#14264,.T.);
#14262=EDGE_CURVE('',#749,#709,#14265,.F.);
#14263=EDGE_CURVE('',#709,#831,#14266,.T.);
#14264=EDGE_CURVE('',#831,#749,#14267,.T.);
#14265=LINE('',#748,#14268);
#14266=LINE('',#708,#14269);
#14267=LINE('',#830,#14270);
#14268=VECTOR('',#14271,1.0);
#14269=VECTOR('',#14272,1.0);
#14270=VECTOR('',#14273,1.0);
#14271=DIRECTION('',(-0.019935613289421165,-0.03247637503375832,-0.9992736644120276));
#14272=DIRECTION('',(0,0,1));
#14273=DIRECTION('',(0.5231482973396346,0.8522416670115591,0));
#14274=FACE_SURFACE('',(#14279),#14275,.T.);
#14275=PLANE('',#14276);
#14276=AXIS2_PLACEMENT_3D('',#316,#14277,#14278);
#14277=DIRECTION('',(0,0,1));
#14278=DIRECTION('',(0.9999994064077747,0.0010895797806034242,0));
#14279=FACE_BOUND('',#14280,.T.);
#14280=EDGE_LOOP('',(#14281,#14282,#14283));
#14281=ORIENTED_EDGE('',*,*,#14284,.T.);
#14282=ORIENTED_EDGE('',*,*,#14285,.T.);
#14283=ORIENTED_EDGE('',*,*,#14286,.T.);
#14284=EDGE_CURVE('',#317,#609,#14287,.F.);
#14285=EDGE_CURVE('',#609,#281,#14288,.T.);
#14286=EDGE_CURVE('',#281,#317,#14289,.T.);
#14287=LINE('',#316,#14290);
#14288=LINE('',#608,#14291);
#14289=LINE('',#280,#14292);
#14290=VECTOR('',#14293,1.0);
#14291=VECTOR('',#14294,1.0);
#14292=VECTOR('',#14295,1.0);
#14293=DIRECTION('',(0.9999994064077747,0.0010895797806034242,0));
#14294=DIRECTION('',(-0.023443585388989913,0.9997251613839221,0));
#14295=DIRECTION('',(-0.4726197760627696,-0.8812664451086161,0));
#14296=FACE_SURFACE('',(#14301),#14297,.T.);
#14297=PLANE('',#14298);
#14298=AXIS2_PLACEMENT_3D('',#816,#14299,#14300);
#14299=DIRECTION('',(-0.269772119803721,-0.24075237110446993,0.9323418360151937));
#14300=DIRECTION('',(0.9365243690057207,0.15956747154176537,0.3121863678705471));
#14301=FACE_BOUND('',#14302,.T.);
#14302=EDGE_LOOP('',(#14303,#14304,#14305));
#14303=ORIENTED_EDGE('',*,*,#14306,.T.);
#14304=ORIENTED_EDGE('',*,*,#14307,.T.);
#14305=ORIENTED_EDGE('',*,*,#14308,.T.);
#14306=EDGE_CURVE('',#817,#839,#14309,.F.);
#14307=EDGE_CURVE('',#839,#753,#14310,.T.);
#14308=EDGE_CURVE('',#753,#817,#14311,.T.);
#14309=LINE('',#816,#14312);
#14310=LINE('',#838,#14313);
#14311=LINE('',#752,#14314);
#14312=VECTOR('',#14315,1.0);
#14313=VECTOR('',#14316,1.0);
#14314=VECTOR('',#14317,1.0);
#14315=DIRECTION('',(0.9365243690057207,0.15956747154176537,0.3121863678705471));
#14316=DIRECTION('',(-0.5932076279270024,0.8042428319836495,0.036030228588482587));
#14317=DIRECTION('',(0.447163354134278,-0.8888300419507692,-0.10013037124257676));
#14318=FACE_SURFACE('',(#14323),#14319,.T.);
#14319=PLANE('',#14320);
#14320=AXIS2_PLACEMENT_3D('',#328,#14321,#14322);
#14321=DIRECTION('',(0,1,0));
#14322=DIRECTION('',(0,0,-1));
#14323=FACE_BOUND('',#14324,.T.);
#14324=EDGE_LOOP('',(#14325,#14326,#14327));
#14325=ORIENTED_EDGE('',*,*,#14328,.T.);
#14326=ORIENTED_EDGE('',*,*,#14329,.T.);
#14327=ORIENTED_EDGE('',*,*,#14330,.T.);
#14328=EDGE_CURVE('',#329,#713,#14331,.F.);
#14329=EDGE_CURVE('',#713,#41,#14332,.T.);
#14330=EDGE_CURVE('',#41,#329,#14333,.T.);
#14331=LINE('',#328,#14334);
#14332=LINE('',#712,#14335);
#14333=LINE('',#40,#14336);
#14334=VECTOR('',#14337,1.0);
#14335=VECTOR('',#14338,1.0);
#14336=VECTOR('',#14339,1.0);
#14337=DIRECTION('',(0,0,-1));
#14338=DIRECTION('',(-0.009749521346737455,0,0.9999524722873131));
#14339=DIRECTION('',(1,0,0));
#14340=FACE_SURFACE('',(#14345),#14341,.T.);
#14341=PLANE('',#14342);
#14342=AXIS2_PLACEMENT_3D('',#840,#14343,#14344);
#14343=DIRECTION('',(0,0,1));
#14344=DIRECTION('',(-0.40240105675620164,-0.9154634834451302,0));
#14345=FACE_BOUND('',#14346,.T.);
#14346=EDGE_LOOP('',(#14347,#14348,#14349));
#14347=ORIENTED_EDGE('',*,*,#14350,.T.);
#14348=ORIENTED_EDGE('',*,*,#14351,.T.);
#14349=ORIENTED_EDGE('',*,*,#14352,.T.);
#14350=EDGE_CURVE('',#841,#809,#14353,.F.);
#14351=EDGE_CURVE('',#809,#777,#14354,.T.);
#14352=EDGE_CURVE('',#777,#841,#14355,.T.);
#14353=LINE('',#840,#14356);
#14354=LINE('',#808,#14357);
#14355=LINE('',#776,#14358);
#14356=VECTOR('',#14359,1.0);
#14357=VECTOR('',#14360,1.0);
#14358=VECTOR('',#14361,1.0);
#14359=DIRECTION('',(-0.40240105675620164,-0.9154634834451302,0));
#14360=DIRECTION('',(0.999996444978791,-0.002666463909302425,0));
#14361=DIRECTION('',(-0.07523241271825659,0.9971660263349278,0));
#14362=FACE_SURFACE('',(#14367),#14363,.T.);
#14363=PLANE('',#14364);
#14364=AXIS2_PLACEMENT_3D('',#842,#14365,#14366);
#14365=DIRECTION('',(0,0,1));
#14366=DIRECTION('',(-0.07477537825754069,-0.9972004025302245,0));
#14367=FACE_BOUND('',#14368,.T.);
#14368=EDGE_LOOP('',(#14369,#14370,#14371));
#14369=ORIENTED_EDGE('',*,*,#14372,.T.);
#14370=ORIENTED_EDGE('',*,*,#14373,.T.);
#14371=ORIENTED_EDGE('',*,*,#14374,.T.);
#14372=EDGE_CURVE('',#843,#809,#14375,.F.);
#14373=EDGE_CURVE('',#809,#841,#14376,.T.);
#14374=EDGE_CURVE('',#841,#843,#14377,.T.);
#14375=LINE('',#842,#14378);
#14376=LINE('',#808,#14379);
#14377=LINE('',#840,#14380);
#14378=VECTOR('',#14381,1.0);
#14379=VECTOR('',#14382,1.0);
#14380=VECTOR('',#14383,1.0);
#14381=DIRECTION('',(-0.07477537825754069,-0.9972004025302245,0));
#14382=DIRECTION('',(0.40240105675620164,0.9154634834451302,0));
#14383=DIRECTION('',(-0.937923576828618,0.3468419871195115,0));
#14384=FACE_SURFACE('',(#14389),#14385,.T.);
#14385=PLANE('',#14386);
#14386=AXIS2_PLACEMENT_3D('',#812,#14387,#14388);
#14387=DIRECTION('',(0,0,1));
#14388=DIRECTION('',(0.4719775925631238,-0.8816105444686547,0));
#14389=FACE_BOUND('',#14390,.T.);
#14390=EDGE_LOOP('',(#14391,#14392,#14393));
#14391=ORIENTED_EDGE('',*,*,#14394,.T.);
#14392=ORIENTED_EDGE('',*,*,#14395,.T.);
#14393=ORIENTED_EDGE('',*,*,#14396,.T.);
#14394=EDGE_CURVE('',#813,#809,#14397,.F.);
#14395=EDGE_CURVE('',#809,#843,#14398,.T.);
#14396=EDGE_CURVE('',#843,#813,#14399,.T.);
#14397=LINE('',#812,#14400);
#14398=LINE('',#808,#14401);
#14399=LINE('',#842,#14402);
#14400=VECTOR('',#14403,1.0);
#14401=VECTOR('',#14404,1.0);
#14402=VECTOR('',#14405,1.0);
#14403=DIRECTION('',(0.4719775925631238,-0.8816105444686547,0));
#14404=DIRECTION('',(0.07477537825754069,0.9972004025302245,0));
#14405=DIRECTION('',(-0.9748267990494763,0.22296347650445367,0));
#14406=FACE_SURFACE('',(#14411),#14407,.T.);
#14407=PLANE('',#14408);
#14408=AXIS2_PLACEMENT_3D('',#844,#14409,#14410);
#14409=DIRECTION('',(0,0,1));
#14410=DIRECTION('',(1,0,0));
#14411=FACE_BOUND('',#14412,.T.);
#14412=EDGE_LOOP('',(#14413,#14414,#14415));
#14413=ORIENTED_EDGE('',*,*,#14416,.T.);
#14414=ORIENTED_EDGE('',*,*,#14417,.T.);
#14415=ORIENTED_EDGE('',*,*,#14418,.T.);
#14416=EDGE_CURVE('',#845,#777,#14419,.F.);
#14417=EDGE_CURVE('',#777,#809,#14420,.T.);
#14418=EDGE_CURVE('',#809,#845,#14421,.T.);
#14419=LINE('',#844,#14422);
#14420=LINE('',#776,#14423);
#14421=LINE('',#808,#14424);
#14422=VECTOR('',#14425,1.0);
#14423=VECTOR('',#14426,1.0);
#14424=VECTOR('',#14427,1.0);
#14425=DIRECTION('',(1,0,0));
#14426=DIRECTION('',(-0.999996444978791,0.002666463909302425,0));
#14427=DIRECTION('',(0,-1,0));
#14428=FACE_SURFACE('',(#14433),#14429,.T.);
#14429=PLANE('',#14430);
#14430=AXIS2_PLACEMENT_3D('',#708,#14431,#14432);
#14431=DIRECTION('',(-0.9410899324619705,0.338156382490001,0));
#14432=DIRECTION('',(-0.006448717203465676,-0.017946793707657758,0.9998181467857264));
#14433=FACE_BOUND('',#14434,.T.);
#14434=EDGE_LOOP('',(#14435,#14436,#14437));
#14435=ORIENTED_EDGE('',*,*,#14438,.T.);
#14436=ORIENTED_EDGE('',*,*,#14439,.T.);
#14437=ORIENTED_EDGE('',*,*,#14440,.T.);
#14438=EDGE_CURVE('',#709,#329,#14441,.F.);
#14439=EDGE_CURVE('',#329,#831,#14442,.T.);
#14440=EDGE_CURVE('',#831,#709,#14443,.T.);
#14441=LINE('',#708,#14444);
#14442=LINE('',#328,#14445);
#14443=LINE('',#830,#14446);
#14444=VECTOR('',#14447,1.0);
#14445=VECTOR('',#14448,1.0);
#14446=VECTOR('',#14449,1.0);
#14447=DIRECTION('',(-0.006448717203465676,-0.017946793707657758,0.9998181467857264));
#14448=DIRECTION('',(0.338156382490001,0.9410899324619705,0));
#14449=DIRECTION('',(0,0,-1));
#14450=FACE_SURFACE('',(#14455),#14451,.T.);
#14451=PLANE('',#14452);
#14452=AXIS2_PLACEMENT_3D('',#766,#14453,#14454);
#14453=DIRECTION('',(0,0,1));
#14454=DIRECTION('',(-1,0,0));
#14455=FACE_BOUND('',#14456,.T.);
#14456=EDGE_LOOP('',(#14457,#14458,#14459));
#14457=ORIENTED_EDGE('',*,*,#14460,.T.);
#14458=ORIENTED_EDGE('',*,*,#14461,.T.);
#14459=ORIENTED_EDGE('',*,*,#14462,.T.);
#14460=EDGE_CURVE('',#767,#781,#14463,.F.);
#14461=EDGE_CURVE('',#781,#779,#14464,.T.);
#14462=EDGE_CURVE('',#779,#767,#14465,.T.);
#14463=LINE('',#766,#14466);
#14464=LINE('',#780,#14467);
#14465=LINE('',#778,#14468);
#14466=VECTOR('',#14469,1.0);
#14467=VECTOR('',#14470,1.0);
#14468=VECTOR('',#14471,1.0);
#14469=DIRECTION('',(-1,0,0));
#14470=DIRECTION('',(-0.10707516659546723,-0.9942509284373602,0));
#14471=DIRECTION('',(0.10799089217399951,0.994151883369671,0));
#14472=FACE_SURFACE('',(#14477),#14473,.T.);
#14473=PLANE('',#14474);
#14474=AXIS2_PLACEMENT_3D('',#840,#14475,#14476);
#14475=DIRECTION('',(0,0,1));
#14476=DIRECTION('',(0.07523241271825659,-0.9971660263349278,0));
#14477=FACE_BOUND('',#14478,.T.);
#14478=EDGE_LOOP('',(#14479,#14480,#14481));
#14479=ORIENTED_EDGE('',*,*,#14482,.T.);
#14480=ORIENTED_EDGE('',*,*,#14483,.T.);
#14481=ORIENTED_EDGE('',*,*,#14484,.T.);
#14482=EDGE_CURVE('',#841,#777,#14485,.F.);
#14483=EDGE_CURVE('',#777,#783,#14486,.T.);
#14484=EDGE_CURVE('',#783,#841,#14487,.T.);
#14485=LINE('',#840,#14488);
#14486=LINE('',#776,#14489);
#14487=LINE('',#782,#14490);
#14488=VECTOR('',#14491,1.0);
#14489=VECTOR('',#14492,1.0);
#14490=VECTOR('',#14493,1.0);
#14491=DIRECTION('',(0.07523241271825659,-0.9971660263349278,0));
#14492=DIRECTION('',(0.2787884898096261,0.9603525279550568,0));
#14493=DIRECTION('',(-0.8999405811896201,0.43601255753485907,0));
#14494=FACE_SURFACE('',(#14499),#14495,.T.);
#14495=PLANE('',#14496);
#14496=AXIS2_PLACEMENT_3D('',#802,#14497,#14498);
#14497=DIRECTION('',(-0.5330588710022873,0.8460781524456041,0));
#14498=DIRECTION('',(0,0,-1));
#14499=FACE_BOUND('',#14500,.T.);
#14500=EDGE_LOOP('',(#14501,#14502,#14503));
#14501=ORIENTED_EDGE('',*,*,#14504,.T.);
#14502=ORIENTED_EDGE('',*,*,#14505,.T.);
#14503=ORIENTED_EDGE('',*,*,#14506,.T.);
#14504=EDGE_CURVE('',#803,#711,#14507,.F.);
#14505=EDGE_CURVE('',#711,#835,#14508,.T.);
#14506=EDGE_CURVE('',#835,#803,#14509,.T.);
#14507=LINE('',#802,#14510);
#14508=LINE('',#710,#14511);
#14509=LINE('',#834,#14512);
#14510=VECTOR('',#14513,1.0);
#14511=VECTOR('',#14514,1.0);
#14512=VECTOR('',#14515,1.0);
#14513=DIRECTION('',(0,0,-1));
#14514=DIRECTION('',(-0.04090213277905869,-0.025769776299941094,0.9988307835482321));
#14515=DIRECTION('',(0.846078152445604,0.5330588710022873,0));
#14516=FACE_SURFACE('',(#14521),#14517,.T.);
#14517=PLANE('',#14518);
#14518=AXIS2_PLACEMENT_3D('',#686,#14519,#14520);
#14519=DIRECTION('',(-0.5330588710022873,0.8460781524456041,0));
#14520=DIRECTION('',(0,0,1));
#14521=FACE_BOUND('',#14522,.T.);
#14522=EDGE_LOOP('',(#14523,#14524,#14525));
#14523=ORIENTED_EDGE('',*,*,#14526,.T.);
#14524=ORIENTED_EDGE('',*,*,#14527,.T.);
#14525=ORIENTED_EDGE('',*,*,#14528,.T.);
#14526=EDGE_CURVE('',#687,#835,#14529,.F.);
#14527=EDGE_CURVE('',#835,#711,#14530,.T.);
#14528=EDGE_CURVE('',#711,#687,#14531,.T.);
#14529=LINE('',#686,#14532);
#14530=LINE('',#834,#14533);
#14531=LINE('',#710,#14534);
#14532=VECTOR('',#14535,1.0);
#14533=VECTOR('',#14536,1.0);
#14534=VECTOR('',#14537,1.0);
#14535=DIRECTION('',(0,0,1));
#14536=DIRECTION('',(0.04090213277905869,0.025769776299941094,-0.9988307835482321));
#14537=DIRECTION('',(-0.846078152445604,-0.5330588710022873,0));
#14538=FACE_SURFACE('',(#14543),#14539,.T.);
#14539=PLANE('',#14540);
#14540=AXIS2_PLACEMENT_3D('',#846,#14541,#14542);
#14541=DIRECTION('',(0,-1,0));
#14542=DIRECTION('',(0,0,1));
#14543=FACE_BOUND('',#14544,.T.);
#14544=EDGE_LOOP('',(#14545,#14546,#14547));
#14545=ORIENTED_EDGE('',*,*,#14548,.T.);
#14546=ORIENTED_EDGE('',*,*,#14549,.T.);
#14547=ORIENTED_EDGE('',*,*,#14550,.T.);
#14548=EDGE_CURVE('',#847,#777,#14551,.F.);
#14549=EDGE_CURVE('',#777,#845,#14552,.T.);
#14550=EDGE_CURVE('',#845,#847,#14553,.T.);
#14551=LINE('',#846,#14554);
#14552=LINE('',#776,#14555);
#14553=LINE('',#844,#14556);
#14554=VECTOR('',#14557,1.0);
#14555=VECTOR('',#14558,1.0);
#14556=VECTOR('',#14559,1.0);
#14557=DIRECTION('',(0,0,1));
#14558=DIRECTION('',(-1,0,0));
#14559=DIRECTION('',(0.09332914364452535,0,-0.9956353102148295));
#14560=FACE_SURFACE('',(#14565),#14561,.T.);
#14561=PLANE('',#14562);
#14562=AXIS2_PLACEMENT_3D('',#772,#14563,#14564);
#14563=DIRECTION('',(0.20354988389715492,0.979064576402116,0));
#14564=DIRECTION('',(0.9790645764021159,-0.20354988389715492,0));
#14565=FACE_BOUND('',#14566,.T.);
#14566=EDGE_LOOP('',(#14567,#14568,#14569));
#14567=ORIENTED_EDGE('',*,*,#14570,.T.);
#14568=ORIENTED_EDGE('',*,*,#14571,.T.);
#14569=ORIENTED_EDGE('',*,*,#14572,.T.);
#14570=EDGE_CURVE('',#773,#209,#14573,.F.);
#14571=EDGE_CURVE('',#209,#597,#14574,.T.);
#14572=EDGE_CURVE('',#597,#773,#14575,.T.);
#14573=LINE('',#772,#14576);
#14574=LINE('',#208,#14577);
#14575=LINE('',#596,#14578);
#14576=VECTOR('',#14579,1.0);
#14577=VECTOR('',#14580,1.0);
#14578=VECTOR('',#14581,1.0);
#14579=DIRECTION('',(0.9790645764021159,-0.20354988389715492,0));
#14580=DIRECTION('',(0,0,-1));
#14581=DIRECTION('',(-0.07696105648603767,0.016000389034503622,0.996905704334817));
#14582=FACE_SURFACE('',(#14587),#14583,.T.);
#14583=PLANE('',#14584);
#14584=AXIS2_PLACEMENT_3D('',#320,#14585,#14586);
#14585=DIRECTION('',(-0.745134885064773,0.6669137898255721,0));
#14586=DIRECTION('',(0,0,-1));
#14587=FACE_BOUND('',#14588,.T.);
#14588=EDGE_LOOP('',(#14589,#14590,#14591));
#14589=ORIENTED_EDGE('',*,*,#14592,.T.);
#14590=ORIENTED_EDGE('',*,*,#14593,.T.);
#14591=ORIENTED_EDGE('',*,*,#14594,.T.);
#14592=EDGE_CURVE('',#321,#361,#14595,.F.);
#14593=EDGE_CURVE('',#361,#717,#14596,.T.);
#14594=EDGE_CURVE('',#717,#321,#14597,.T.);
#14595=LINE('',#320,#14598);
#14596=LINE('',#360,#14599);
#14597=LINE('',#716,#14600);
#14598=VECTOR('',#14601,1.0);
#14599=VECTOR('',#14602,1.0);
#14600=VECTOR('',#14603,1.0);
#14601=DIRECTION('',(0,0,-1));
#14602=DIRECTION('',(-0.6669137898255721,-0.7451348850647731,0));
#14603=DIRECTION('',(0.19385297303851992,0.21658963270545262,0.9568228445478525));
#14604=FACE_SURFACE('',(#14609),#14605,.T.);
#14605=PLANE('',#14606);
#14606=AXIS2_PLACEMENT_3D('',#716,#14607,#14608);
#14607=DIRECTION('',(-0.5576387536770577,0.8300837424421742,-3.0507248178714207E-05));
#14608=DIRECTION('',(-0.07201409479670662,-0.04834145729911975,0.9962314357903028));
#14609=FACE_BOUND('',#14610,.T.);
#14610=EDGE_LOOP('',(#14611,#14612,#14613));
#14611=ORIENTED_EDGE('',*,*,#14614,.T.);
#14612=ORIENTED_EDGE('',*,*,#14615,.T.);
#14613=ORIENTED_EDGE('',*,*,#14616,.T.);
#14614=EDGE_CURVE('',#717,#829,#14617,.F.);
#14615=EDGE_CURVE('',#829,#849,#14618,.T.);
#14616=EDGE_CURVE('',#849,#717,#14619,.T.);
#14617=LINE('',#716,#14620);
#14618=LINE('',#828,#14621);
#14619=LINE('',#848,#14622);
#14620=VECTOR('',#14623,1.0);
#14621=VECTOR('',#14624,1.0);
#14622=VECTOR('',#14625,1.0);
#14623=DIRECTION('',(-0.07201409479670662,-0.04834145729911975,0.9962314357903028));
#14624=DIRECTION('',(0.8300837428284503,0.5576387539365527,0));
#14625=DIRECTION('',(-0.009252783407840064,-0.006252641375879549,-0.9999376432933368));
#14626=FACE_SURFACE('',(#14631),#14627,.T.);
#14627=PLANE('',#14628);
#14628=AXIS2_PLACEMENT_3D('',#838,#14629,#14630);
#14629=DIRECTION('',(-0.09154050576556876,-0.11184983989592738,0.989499847963323));
#14630=DIRECTION('',(-0.09249456795985939,0.9903312022811694,0.10338696574642496));
#14631=FACE_BOUND('',#14632,.T.);
#14632=EDGE_LOOP('',(#14633,#14634,#14635));
#14633=ORIENTED_EDGE('',*,*,#14636,.T.);
#14634=ORIENTED_EDGE('',*,*,#14637,.T.);
#14635=ORIENTED_EDGE('',*,*,#14638,.T.);
#14636=EDGE_CURVE('',#839,#815,#14639,.F.);
#14637=EDGE_CURVE('',#815,#753,#14640,.T.);
#14638=EDGE_CURVE('',#753,#839,#14641,.T.);
#14639=LINE('',#838,#14642);
#14640=LINE('',#814,#14643);
#14641=LINE('',#752,#14644);
#14642=VECTOR('',#14645,1.0);
#14643=VECTOR('',#14646,1.0);
#14644=VECTOR('',#14647,1.0);
#14645=DIRECTION('',(-0.09249456795985939,0.9903312022811694,0.10338696574642496));
#14646=DIRECTION('',(-0.7078302120733873,0.706236876487065,0.01434800215841633));
#14647=DIRECTION('',(0.5932076279270024,-0.8042428319836495,-0.036030228588482587));
#14648=FACE_SURFACE('',(#14653),#14649,.T.);
#14649=PLANE('',#14650);
#14650=AXIS2_PLACEMENT_3D('',#716,#14651,#14652);
#14651=DIRECTION('',(-0.7064676625275569,0.7077421724538949,0.002111665951604745));
#14652=DIRECTION('',(0.009252783407840064,0.006252641375879549,0.9999376432933368));
#14653=FACE_BOUND('',#14654,.T.);
#14654=EDGE_LOOP('',(#14655,#14656,#14657));
#14655=ORIENTED_EDGE('',*,*,#14658,.T.);
#14656=ORIENTED_EDGE('',*,*,#14659,.T.);
#14657=ORIENTED_EDGE('',*,*,#14660,.T.);
#14658=EDGE_CURVE('',#717,#849,#14661,.F.);
#14659=EDGE_CURVE('',#849,#851,#14662,.T.);
#14660=EDGE_CURVE('',#851,#717,#14663,.T.);
#14661=LINE('',#716,#14664);
#14662=LINE('',#848,#14665);
#14663=LINE('',#850,#14666);
#14664=VECTOR('',#14667,1.0);
#14665=VECTOR('',#14668,1.0);
#14666=VECTOR('',#14669,1.0);
#14667=DIRECTION('',(0.009252783407840064,0.006252641375879549,0.9999376432933368));
#14668=DIRECTION('',(0.7077437504174429,0.7064692376494907,0));
#14669=DIRECTION('',(-0.1449954188903716,-0.14181265415050737,-0.9792167786673154));
#14670=FACE_SURFACE('',(#14675),#14671,.T.);
#14671=PLANE('',#14672);
#14672=AXIS2_PLACEMENT_3D('',#852,#14673,#14674);
#14673=DIRECTION('',(0,-1,0));
#14674=DIRECTION('',(1,0,0));
#14675=FACE_BOUND('',#14676,.T.);
#14676=EDGE_LOOP('',(#14677,#14678,#14679));
#14677=ORIENTED_EDGE('',*,*,#14680,.T.);
#14678=ORIENTED_EDGE('',*,*,#14681,.T.);
#14679=ORIENTED_EDGE('',*,*,#14682,.T.);
#14680=EDGE_CURVE('',#853,#855,#14683,.F.);
#14681=EDGE_CURVE('',#855,#771,#14684,.T.);
#14682=EDGE_CURVE('',#771,#853,#14685,.T.);
#14683=LINE('',#852,#14686);
#14684=LINE('',#854,#14687);
#14685=LINE('',#770,#14688);
#14686=VECTOR('',#14689,1.0);
#14687=VECTOR('',#14690,1.0);
#14688=VECTOR('',#14691,1.0);
#14689=DIRECTION('',(1,0,0));
#14690=DIRECTION('',(-0.6532699301943853,0,0.7571250876201521));
#14691=DIRECTION('',(0,0,-1));
#14692=FACE_SURFACE('',(#14697),#14693,.T.);
#14693=PLANE('',#14694);
#14694=AXIS2_PLACEMENT_3D('',#546,#14695,#14696);
#14695=DIRECTION('',(0,1,0));
#14696=DIRECTION('',(-0.9989439296695037,0,-0.045945896187250874));
#14697=FACE_BOUND('',#14698,.T.);
#14698=EDGE_LOOP('',(#14699,#14700,#14701));
#14699=ORIENTED_EDGE('',*,*,#14702,.T.);
#14700=ORIENTED_EDGE('',*,*,#14703,.T.);
#14701=ORIENTED_EDGE('',*,*,#14704,.T.);
#14702=EDGE_CURVE('',#547,#211,#14705,.F.);
#14703=EDGE_CURVE('',#211,#209,#14706,.T.);
#14704=EDGE_CURVE('',#209,#547,#14707,.T.);
#14705=LINE('',#546,#14708);
#14706=LINE('',#210,#14709);
#14707=LINE('',#208,#14710);
#14708=VECTOR('',#14711,1.0);
#14709=VECTOR('',#14712,1.0);
#14710=VECTOR('',#14713,1.0);
#14711=DIRECTION('',(-0.9989439296695037,0,-0.045945896187250874));
#14712=DIRECTION('',(-0.999262650064641,0,0.038394741642454676));
#14713=DIRECTION('',(1,0,0));
#14714=FACE_SURFACE('',(#14719),#14715,.T.);
#14715=PLANE('',#14716);
#14716=AXIS2_PLACEMENT_3D('',#608,#14717,#14718);
#14717=DIRECTION('',(0,-0,1));
#14718=DIRECTION('',(1,0,0));
#14719=FACE_BOUND('',#14720,.T.);
#14720=EDGE_LOOP('',(#14721,#14722,#14723));
#14721=ORIENTED_EDGE('',*,*,#14724,.T.);
#14722=ORIENTED_EDGE('',*,*,#14725,.T.);
#14723=ORIENTED_EDGE('',*,*,#14726,.T.);
#14724=EDGE_CURVE('',#609,#601,#14727,.F.);
#14725=EDGE_CURVE('',#601,#281,#14728,.T.);
#14726=EDGE_CURVE('',#281,#609,#14729,.T.);
#14727=LINE('',#608,#14730);
#14728=LINE('',#600,#14731);
#14729=LINE('',#280,#14732);
#14730=VECTOR('',#14733,1.0);
#14731=VECTOR('',#14734,1.0);
#14732=VECTOR('',#14735,1.0);
#14733=DIRECTION('',(1,0,0));
#14734=DIRECTION('',(-0.09352671921712302,0.9956167700438164,0));
#14735=DIRECTION('',(0.023443585388989913,-0.9997251613839221,0));
#14736=FACE_SURFACE('',(#14741),#14737,.T.);
#14737=PLANE('',#14738);
#14738=AXIS2_PLACEMENT_3D('',#856,#14739,#14740);
#14739=DIRECTION('',(0,0,1));
#14740=DIRECTION('',(1,0,0));
#14741=FACE_BOUND('',#14742,.T.);
#14742=EDGE_LOOP('',(#14743,#14744,#14745));
#14743=ORIENTED_EDGE('',*,*,#14746,.T.);
#14744=ORIENTED_EDGE('',*,*,#14747,.T.);
#14745=ORIENTED_EDGE('',*,*,#14748,.T.);
#14746=EDGE_CURVE('',#857,#809,#14749,.F.);
#14747=EDGE_CURVE('',#809,#223,#14750,.T.);
#14748=EDGE_CURVE('',#223,#857,#14751,.T.);
#14749=LINE('',#856,#14752);
#14750=LINE('',#808,#14753);
#14751=LINE('',#222,#14754);
#14752=VECTOR('',#14755,1.0);
#14753=VECTOR('',#14756,1.0);
#14754=VECTOR('',#14757,1.0);
#14755=DIRECTION('',(1,0,0));
#14756=DIRECTION('',(-0.9998349220670453,0.018169441796203306,0));
#14757=DIRECTION('',(-0.45154353516945644,-0.8922490884538183,0));
#14758=FACE_SURFACE('',(#14763),#14759,.T.);
#14759=PLANE('',#14760);
#14760=AXIS2_PLACEMENT_3D('',#808,#14761,#14762);
#14761=DIRECTION('',(0,0,1));
#14762=DIRECTION('',(-0.8906585096467999,0.45467287052752664,0));
#14763=FACE_BOUND('',#14764,.T.);
#14764=EDGE_LOOP('',(#14765,#14766,#14767));
#14765=ORIENTED_EDGE('',*,*,#14768,.T.);
#14766=ORIENTED_EDGE('',*,*,#14769,.T.);
#14767=ORIENTED_EDGE('',*,*,#14770,.T.);
#14768=EDGE_CURVE('',#809,#547,#14771,.F.);
#14769=EDGE_CURVE('',#547,#223,#14772,.T.);
#14770=EDGE_CURVE('',#223,#809,#14773,.T.);
#14771=LINE('',#808,#14774);
#14772=LINE('',#546,#14775);
#14773=LINE('',#222,#14776);
#14774=VECTOR('',#14777,1.0);
#14775=VECTOR('',#14778,1.0);
#14776=VECTOR('',#14779,1.0);
#14777=DIRECTION('',(-0.8906585096467999,0.45467287052752664,0));
#14778=DIRECTION('',(-0.8725726097965697,-0.4884844323341362,0));
#14779=DIRECTION('',(0.9998349220670453,-0.018169441796203306,0));
#14780=FACE_SURFACE('',(#14785),#14781,.T.);
#14781=PLANE('',#14782);
#14782=AXIS2_PLACEMENT_3D('',#806,#14783,#14784);
#14783=DIRECTION('',(0,0,1));
#14784=DIRECTION('',(-0.9918615729141267,-0.12732093377098133,0));
#14785=FACE_BOUND('',#14786,.T.);
#14786=EDGE_LOOP('',(#14787,#14788,#14789));
#14787=ORIENTED_EDGE('',*,*,#14790,.T.);
#14788=ORIENTED_EDGE('',*,*,#14791,.T.);
#14789=ORIENTED_EDGE('',*,*,#14792,.T.);
#14790=EDGE_CURVE('',#807,#547,#14793,.F.);
#14791=EDGE_CURVE('',#547,#809,#14794,.T.);
#14792=EDGE_CURVE('',#809,#807,#14795,.T.);
#14793=LINE('',#806,#14796);
#14794=LINE('',#546,#14797);
#14795=LINE('',#808,#14798);
#14796=VECTOR('',#14799,1.0);
#14797=VECTOR('',#14800,1.0);
#14798=VECTOR('',#14801,1.0);
#14799=DIRECTION('',(-0.9918615729141267,-0.12732093377098133,0));
#14800=DIRECTION('',(0.8906585096467999,-0.45467287052752664,0));
#14801=DIRECTION('',(-0.8237947584081877,0.5668881688827132,0));
#14802=FACE_SURFACE('',(#14807),#14803,.T.);
#14803=PLANE('',#14804);
#14804=AXIS2_PLACEMENT_3D('',#320,#14805,#14806);
#14805=DIRECTION('',(-0.8305096564558944,0.5553770328127108,0.042544822924312956));
#14806=DIRECTION('',(-0.19385297303851992,-0.21658963270545262,-0.9568228445478525));
#14807=FACE_BOUND('',#14808,.T.);
#14808=EDGE_LOOP('',(#14809,#14810,#14811));
#14809=ORIENTED_EDGE('',*,*,#14812,.T.);
#14810=ORIENTED_EDGE('',*,*,#14813,.T.);
#14811=ORIENTED_EDGE('',*,*,#14814,.T.);
#14812=EDGE_CURVE('',#321,#717,#14815,.F.);
#14813=EDGE_CURVE('',#717,#851,#14816,.T.);
#14814=EDGE_CURVE('',#851,#321,#14817,.T.);
#14815=LINE('',#320,#14818);
#14816=LINE('',#716,#14819);
#14817=LINE('',#850,#14820);
#14818=VECTOR('',#14821,1.0);
#14819=VECTOR('',#14822,1.0);
#14820=VECTOR('',#14823,1.0);
#14821=DIRECTION('',(-0.19385297303851992,-0.21658963270545262,-0.9568228445478525));
#14822=DIRECTION('',(0.1449954188903716,0.14181265415050737,0.9792167786673154));
#14823=DIRECTION('',(0.5558803496114376,0.8312623153468861,0));
#14824=FACE_SURFACE('',(#14829),#14825,.T.);
#14825=PLANE('',#14826);
#14826=AXIS2_PLACEMENT_3D('',#760,#14827,#14828);
#14827=DIRECTION('',(-0,-0,1));
#14828=DIRECTION('',(0.9999827276001089,-0.005877457056112286,0));
#14829=FACE_BOUND('',#14830,.T.);
#14830=EDGE_LOOP('',(#14831,#14832,#14833));
#14831=ORIENTED_EDGE('',*,*,#14834,.T.);
#14832=ORIENTED_EDGE('',*,*,#14835,.T.);
#14833=ORIENTED_EDGE('',*,*,#14836,.T.);
#14834=EDGE_CURVE('',#761,#423,#14837,.F.);
#14835=EDGE_CURVE('',#423,#829,#14838,.T.);
#14836=EDGE_CURVE('',#829,#761,#14839,.T.);
#14837=LINE('',#760,#14840);
#14838=LINE('',#422,#14841);
#14839=LINE('',#828,#14842);
#14840=VECTOR('',#14843,1.0);
#14841=VECTOR('',#14844,1.0);
#14842=VECTOR('',#14845,1.0);
#14843=DIRECTION('',(0.9999827276001089,-0.005877457056112286,0));
#14844=DIRECTION('',(-0.7130160304044997,0.7011477307858948,0));
#14845=DIRECTION('',(0.2839127220728721,-0.9588501271028608,0));
#14846=FACE_SURFACE('',(#14851),#14847,.T.);
#14847=PLANE('',#14848);
#14848=AXIS2_PLACEMENT_3D('',#772,#14849,#14850);
#14849=DIRECTION('',(0.07260130267353984,0.9973610433790289,0));
#14850=DIRECTION('',(0,0,-1));
#14851=FACE_BOUND('',#14852,.T.);
#14852=EDGE_LOOP('',(#14853,#14854,#14855));
#14853=ORIENTED_EDGE('',*,*,#14856,.T.);
#14854=ORIENTED_EDGE('',*,*,#14857,.T.);
#14855=ORIENTED_EDGE('',*,*,#14858,.T.);
#14856=EDGE_CURVE('',#773,#627,#14859,.F.);
#14857=EDGE_CURVE('',#627,#805,#14860,.T.);
#14858=EDGE_CURVE('',#805,#773,#14861,.T.);
#14859=LINE('',#772,#14862);
#14860=LINE('',#626,#14863);
#14861=LINE('',#804,#14864);
#14862=VECTOR('',#14865,1.0);
#14863=VECTOR('',#14866,1.0);
#14864=VECTOR('',#14867,1.0);
#14865=DIRECTION('',(0,0,-1));
#14866=DIRECTION('',(-0.12202627340083826,0.00888270748903873,0.9924871213812136));
#14867=DIRECTION('',(0.9973610433790289,-0.07260130267353983,0));
#14868=FACE_SURFACE('',(#14873),#14869,.T.);
#14869=PLANE('',#14870);
#14870=AXIS2_PLACEMENT_3D('',#570,#14871,#14872);
#14871=DIRECTION('',(1,0,0));
#14872=DIRECTION('',(0,1,0));
#14873=FACE_BOUND('',#14874,.T.);
#14874=EDGE_LOOP('',(#14875,#14876,#14877));
#14875=ORIENTED_EDGE('',*,*,#14878,.T.);
#14876=ORIENTED_EDGE('',*,*,#14879,.T.);
#14877=ORIENTED_EDGE('',*,*,#14880,.T.);
#14878=EDGE_CURVE('',#571,#853,#14881,.F.);
#14879=EDGE_CURVE('',#853,#775,#14882,.T.);
#14880=EDGE_CURVE('',#775,#571,#14883,.T.);
#14881=LINE('',#570,#14884);
#14882=LINE('',#852,#14885);
#14883=LINE('',#774,#14886);
#14884=VECTOR('',#14887,1.0);
#14885=VECTOR('',#14888,1.0);
#14886=VECTOR('',#14889,1.0);
#14887=DIRECTION('',(0,1,0));
#14888=DIRECTION('',(0,-0.0002499506270907279,0.9999999687623414));
#14889=DIRECTION('',(0,0,-1));
#14890=FACE_SURFACE('',(#14895),#14891,.T.);
#14891=PLANE('',#14892);
#14892=AXIS2_PLACEMENT_3D('',#770,#14893,#14894);
#14893=DIRECTION('',(1,0,0));
#14894=DIRECTION('',(0,-1,0));
#14895=FACE_BOUND('',#14896,.T.);
#14896=EDGE_LOOP('',(#14897,#14898,#14899));
#14897=ORIENTED_EDGE('',*,*,#14900,.T.);
#14898=ORIENTED_EDGE('',*,*,#14901,.T.);
#14899=ORIENTED_EDGE('',*,*,#14902,.T.);
#14900=EDGE_CURVE('',#771,#775,#14903,.F.);
#14901=EDGE_CURVE('',#775,#853,#14904,.T.);
#14902=EDGE_CURVE('',#853,#771,#14905,.T.);
#14903=LINE('',#770,#14906);
#14904=LINE('',#774,#14907);
#14905=LINE('',#852,#14908);
#14906=VECTOR('',#14909,1.0);
#14907=VECTOR('',#14910,1.0);
#14908=VECTOR('',#14911,1.0);
#14909=DIRECTION('',(0,-1,0));
#14910=DIRECTION('',(0,0.0002499506270907279,-0.9999999687623414));
#14911=DIRECTION('',(0,0,1));
#14912=FACE_SURFACE('',(#14917),#14913,.T.);
#14913=PLANE('',#14914);
#14914=AXIS2_PLACEMENT_3D('',#320,#14915,#14916);
#14915=DIRECTION('',(0,0,1));
#14916=DIRECTION('',(-0.5558803496114376,-0.8312623153468861,0));
#14917=FACE_BOUND('',#14918,.T.);
#14918=EDGE_LOOP('',(#14919,#14920,#14921));
#14919=ORIENTED_EDGE('',*,*,#14922,.T.);
#14920=ORIENTED_EDGE('',*,*,#14923,.T.);
#14921=ORIENTED_EDGE('',*,*,#14924,.T.);
#14922=EDGE_CURVE('',#321,#851,#14925,.F.);
#14923=EDGE_CURVE('',#851,#423,#14926,.T.);
#14924=EDGE_CURVE('',#423,#321,#14927,.T.);
#14925=LINE('',#320,#14928);
#14926=LINE('',#850,#14929);
#14927=LINE('',#422,#14930);
#14928=VECTOR('',#14931,1.0);
#14929=VECTOR('',#14932,1.0);
#14930=VECTOR('',#14933,1.0);
#14931=DIRECTION('',(-0.5558803496114376,-0.8312623153468861,0));
#14932=DIRECTION('',(0.6986727353918532,-0.7154414083767207,0));
#14933=DIRECTION('',(-0.6939082354430789,0.7200634421940003,0));
#14934=FACE_SURFACE('',(#14939),#14935,.T.);
#14935=PLANE('',#14936);
#14936=AXIS2_PLACEMENT_3D('',#850,#14937,#14938);
#14937=DIRECTION('',(0,0,1));
#14938=DIRECTION('',(-0.7077437504174429,-0.7064692376494907,0));
#14939=FACE_BOUND('',#14940,.T.);
#14940=EDGE_LOOP('',(#14941,#14942,#14943));
#14941=ORIENTED_EDGE('',*,*,#14944,.T.);
#14942=ORIENTED_EDGE('',*,*,#14945,.T.);
#14943=ORIENTED_EDGE('',*,*,#14946,.T.);
#14944=EDGE_CURVE('',#851,#849,#14947,.F.);
#14945=EDGE_CURVE('',#849,#423,#14948,.T.);
#14946=EDGE_CURVE('',#423,#851,#14949,.T.);
#14947=LINE('',#850,#14950);
#14948=LINE('',#848,#14951);
#14949=LINE('',#422,#14952);
#14950=VECTOR('',#14953,1.0);
#14951=VECTOR('',#14954,1.0);
#14952=VECTOR('',#14955,1.0);
#14953=DIRECTION('',(-0.7077437504174429,-0.7064692376494907,0));
#14954=DIRECTION('',(0.7083270924943281,-0.7058843602450272,0));
#14955=DIRECTION('',(-0.6986727353918532,0.7154414083767207,0));
#14956=FACE_SURFACE('',(#14961),#14957,.T.);
#14957=PLANE('',#14958);
#14958=AXIS2_PLACEMENT_3D('',#848,#14959,#14960);
#14959=DIRECTION('',(0,0,1));
#14960=DIRECTION('',(-0.8300837428284503,-0.5576387539365527,0));
#14961=FACE_BOUND('',#14962,.T.);
#14962=EDGE_LOOP('',(#14963,#14964,#14965));
#14963=ORIENTED_EDGE('',*,*,#14966,.T.);
#14964=ORIENTED_EDGE('',*,*,#14967,.T.);
#14965=ORIENTED_EDGE('',*,*,#14968,.T.);
#14966=EDGE_CURVE('',#849,#829,#14969,.F.);
#14967=EDGE_CURVE('',#829,#423,#14970,.T.);
#14968=EDGE_CURVE('',#423,#849,#14971,.T.);
#14969=LINE('',#848,#14972);
#14970=LINE('',#828,#14973);
#14971=LINE('',#422,#14974);
#14972=VECTOR('',#14975,1.0);
#14973=VECTOR('',#14976,1.0);
#14974=VECTOR('',#14977,1.0);
#14975=DIRECTION('',(-0.8300837428284503,-0.5576387539365527,0));
#14976=DIRECTION('',(0.7130160304044997,-0.7011477307858948,0));
#14977=DIRECTION('',(-0.7083270924943281,0.7058843602450272,0));
#14978=FACE_SURFACE('',(#14983),#14979,.T.);
#14979=PLANE('',#14980);
#14980=AXIS2_PLACEMENT_3D('',#774,#14981,#14982);
#14981=DIRECTION('',(-0,-1,-0));
#14982=DIRECTION('',(-1,0,0));
#14983=FACE_BOUND('',#14984,.T.);
#14984=EDGE_LOOP('',(#14985,#14986,#14987));
#14985=ORIENTED_EDGE('',*,*,#14988,.T.);
#14986=ORIENTED_EDGE('',*,*,#14989,.T.);
#14987=ORIENTED_EDGE('',*,*,#14990,.T.);
#14988=EDGE_CURVE('',#775,#255,#14991,.F.);
#14989=EDGE_CURVE('',#255,#571,#14992,.T.);
#14990=EDGE_CURVE('',#571,#775,#14993,.T.);
#14991=LINE('',#774,#14994);
#14992=LINE('',#254,#14995);
#14993=LINE('',#570,#14996);
#14994=VECTOR('',#14997,1.0);
#14995=VECTOR('',#14998,1.0);
#14996=VECTOR('',#14999,1.0);
#14997=DIRECTION('',(-1,0,0));
#14998=DIRECTION('',(0.09332914364452535,0,-0.9956353102148295));
#14999=DIRECTION('',(0,0,1));
#15000=FACE_SURFACE('',(#15005),#15001,.T.);
#15001=PLANE('',#15002);
#15002=AXIS2_PLACEMENT_3D('',#582,#15003,#15004);
#15003=DIRECTION('',(0,-1,0));
#15004=DIRECTION('',(1,0,0));
#15005=FACE_BOUND('',#15006,.T.);
#15006=EDGE_LOOP('',(#15007,#15008,#15009));
#15007=ORIENTED_EDGE('',*,*,#15010,.T.);
#15008=ORIENTED_EDGE('',*,*,#15011,.T.);
#15009=ORIENTED_EDGE('',*,*,#15012,.T.);
#15010=EDGE_CURVE('',#583,#571,#15013,.F.);
#15011=EDGE_CURVE('',#571,#255,#15014,.T.);
#15012=EDGE_CURVE('',#255,#583,#15015,.T.);
#15013=LINE('',#582,#15016);
#15014=LINE('',#570,#15017);
#15015=LINE('',#254,#15018);
#15016=VECTOR('',#15019,1.0);
#15017=VECTOR('',#15020,1.0);
#15018=VECTOR('',#15021,1.0);
#15019=DIRECTION('',(1,0,0));
#15020=DIRECTION('',(-0.09332914364452535,0,0.9956353102148295));
#15021=DIRECTION('',(0,0,-1));
#15022=FACE_SURFACE('',(#15027),#15023,.T.);
#15023=PLANE('',#15024);
#15024=AXIS2_PLACEMENT_3D('',#816,#15025,#15026);
#15025=DIRECTION('',(-0.2250564507276106,-0.4091544527483295,0.8842749729479545));
#15026=DIRECTION('',(0.8761964645597768,-0.4819541010230619,0));
#15027=FACE_BOUND('',#15028,.T.);
#15028=EDGE_LOOP('',(#15029,#15030,#15031));
#15029=ORIENTED_EDGE('',*,*,#15032,.T.);
#15030=ORIENTED_EDGE('',*,*,#15033,.T.);
#15031=ORIENTED_EDGE('',*,*,#15034,.T.);
#15032=EDGE_CURVE('',#817,#859,#15035,.F.);
#15033=EDGE_CURVE('',#859,#839,#15036,.T.);
#15034=EDGE_CURVE('',#839,#817,#15037,.T.);
#15035=LINE('',#816,#15038);
#15036=LINE('',#858,#15039);
#15037=LINE('',#838,#15040);
#15038=VECTOR('',#15041,1.0);
#15039=VECTOR('',#15042,1.0);
#15040=VECTOR('',#15043,1.0);
#15041=DIRECTION('',(0.8761964645597768,-0.4819541010230619,0));
#15042=DIRECTION('',(-0.833331702728104,0.5511055759644149,0.042905912986551054));
#15043=DIRECTION('',(-0.9365243690057207,-0.15956747154176537,-0.3121863678705471));
#15044=FACE_SURFACE('',(#15049),#15045,.T.);
#15045=PLANE('',#15046);
#15046=AXIS2_PLACEMENT_3D('',#804,#15047,#15048);
#15047=DIRECTION('',(-0.03626657301060837,0.9993421514586815,0));
#15048=DIRECTION('',(-0.06188091621780071,-0.0022456860872929942,-0.9980810132960364));
#15049=FACE_BOUND('',#15050,.T.);
#15050=EDGE_LOOP('',(#15051,#15052,#15053));
#15051=ORIENTED_EDGE('',*,*,#15054,.T.);
#15052=ORIENTED_EDGE('',*,*,#15055,.T.);
#15053=ORIENTED_EDGE('',*,*,#15056,.T.);
#15054=EDGE_CURVE('',#805,#633,#15057,.F.);
#15055=EDGE_CURVE('',#633,#795,#15058,.T.);
#15056=EDGE_CURVE('',#795,#805,#15059,.T.);
#15057=LINE('',#804,#15060);
#15058=LINE('',#632,#15061);
#15059=LINE('',#794,#15062);
#15060=VECTOR('',#15063,1.0);
#15061=VECTOR('',#15064,1.0);
#15062=VECTOR('',#15065,1.0);
#15063=DIRECTION('',(-0.06188091621780071,-0.0022456860872929942,-0.9980810132960364));
#15064=DIRECTION('',(0,0,1));
#15065=DIRECTION('',(0.9993421514586814,0.03626657301060837,0));
#15066=FACE_SURFACE('',(#15071),#15067,.T.);
#15067=PLANE('',#15068);
#15068=AXIS2_PLACEMENT_3D('',#634,#15069,#15070);
#15069=DIRECTION('',(-0.03626657301060837,0.9993421514586815,0));
#15070=DIRECTION('',(-0.9993421514586814,-0.03626657301060837,0));
#15071=FACE_BOUND('',#15072,.T.);
#15072=EDGE_LOOP('',(#15073,#15074,#15075));
#15073=ORIENTED_EDGE('',*,*,#15076,.T.);
#15074=ORIENTED_EDGE('',*,*,#15077,.T.);
#15075=ORIENTED_EDGE('',*,*,#15078,.T.);
#15076=EDGE_CURVE('',#635,#633,#15079,.F.);
#15077=EDGE_CURVE('',#633,#805,#15080,.T.);
#15078=EDGE_CURVE('',#805,#635,#15081,.T.);
#15079=LINE('',#634,#15082);
#15080=LINE('',#632,#15083);
#15081=LINE('',#804,#15084);
#15082=VECTOR('',#15085,1.0);
#15083=VECTOR('',#15086,1.0);
#15084=VECTOR('',#15087,1.0);
#15085=DIRECTION('',(-0.9993421514586814,-0.03626657301060837,0));
#15086=DIRECTION('',(0.06188091621780071,0.0022456860872929942,0.9980810132960364));
#15087=DIRECTION('',(0,0,-1));
#15088=FACE_SURFACE('',(#15093),#15089,.T.);
#15089=PLANE('',#15090);
#15090=AXIS2_PLACEMENT_3D('',#676,#15091,#15092);
#15091=DIRECTION('',(-0.3468419871195115,0.937923576828618,0));
#15092=DIRECTION('',(0,0,1));
#15093=FACE_BOUND('',#15094,.T.);
#15094=EDGE_LOOP('',(#15095,#15096,#15097));
#15095=ORIENTED_EDGE('',*,*,#15098,.T.);
#15096=ORIENTED_EDGE('',*,*,#15099,.T.);
#15097=ORIENTED_EDGE('',*,*,#15100,.T.);
#15098=EDGE_CURVE('',#677,#801,#15101,.F.);
#15099=EDGE_CURVE('',#801,#689,#15102,.T.);
#15100=EDGE_CURVE('',#689,#677,#15103,.T.);
#15101=LINE('',#676,#15104);
#15102=LINE('',#800,#15105);
#15103=LINE('',#688,#15106);
#15104=VECTOR('',#15107,1.0);
#15105=VECTOR('',#15108,1.0);
#15106=VECTOR('',#15109,1.0);
#15107=DIRECTION('',(0,0,1));
#15108=DIRECTION('',(0.05157171968595505,0.0190711036346147,-0.9984871810568182));
#15109=DIRECTION('',(-0.937923576828618,-0.3468419871195115,0));
#15110=FACE_SURFACE('',(#15115),#15111,.T.);
#15111=PLANE('',#15112);
#15112=AXIS2_PLACEMENT_3D('',#798,#15113,#15114);
#15113=DIRECTION('',(-0.3468419871195115,0.937923576828618,0));
#15114=DIRECTION('',(0,0,-1));
#15115=FACE_BOUND('',#15116,.T.);
#15116=EDGE_LOOP('',(#15117,#15118,#15119));
#15117=ORIENTED_EDGE('',*,*,#15120,.T.);
#15118=ORIENTED_EDGE('',*,*,#15121,.T.);
#15119=ORIENTED_EDGE('',*,*,#15122,.T.);
#15120=EDGE_CURVE('',#799,#689,#15123,.F.);
#15121=EDGE_CURVE('',#689,#801,#15124,.T.);
#15122=EDGE_CURVE('',#801,#799,#15125,.T.);
#15123=LINE('',#798,#15126);
#15124=LINE('',#688,#15127);
#15125=LINE('',#800,#15128);
#15126=VECTOR('',#15129,1.0);
#15127=VECTOR('',#15130,1.0);
#15128=VECTOR('',#15131,1.0);
#15129=DIRECTION('',(0,0,-1));
#15130=DIRECTION('',(-0.05157171968595505,-0.0190711036346147,0.9984871810568182));
#15131=DIRECTION('',(0.937923576828618,0.3468419871195115,0));
#15132=FACE_SURFACE('',(#15137),#15133,.T.);
#15133=PLANE('',#15134);
#15134=AXIS2_PLACEMENT_3D('',#800,#15135,#15136);
#15135=DIRECTION('',(-0.4360125575348591,0.8999405811896202,0));
#15136=DIRECTION('',(0,0,-1));
#15137=FACE_BOUND('',#15138,.T.);
#15138=EDGE_LOOP('',(#15139,#15140,#15141));
#15139=ORIENTED_EDGE('',*,*,#15142,.T.);
#15140=ORIENTED_EDGE('',*,*,#15143,.T.);
#15141=ORIENTED_EDGE('',*,*,#15144,.T.);
#15142=EDGE_CURVE('',#801,#677,#15145,.F.);
#15143=EDGE_CURVE('',#677,#711,#15146,.T.);
#15144=EDGE_CURVE('',#711,#801,#15147,.T.);
#15145=LINE('',#800,#15148);
#15146=LINE('',#676,#15149);
#15147=LINE('',#710,#15150);
#15148=VECTOR('',#15151,1.0);
#15149=VECTOR('',#15152,1.0);
#15150=VECTOR('',#15153,1.0);
#15151=DIRECTION('',(0,0,-1));
#15152=DIRECTION('',(-0.8999405811896201,-0.43601255753485907,0));
#15153=DIRECTION('',(0.04668730638964307,0.02261955098908105,0.9986534190274081));
#15154=FACE_SURFACE('',(#15159),#15155,.T.);
#15155=PLANE('',#15156);
#15156=AXIS2_PLACEMENT_3D('',#816,#15157,#15158);
#15157=DIRECTION('',(-0.48195410102306196,-0.8761964645597768,-0));
#15158=DIRECTION('',(0,0,-1));
#15159=FACE_BOUND('',#15160,.T.);
#15160=EDGE_LOOP('',(#15161,#15162,#15163));
#15161=ORIENTED_EDGE('',*,*,#15164,.T.);
#15162=ORIENTED_EDGE('',*,*,#15165,.T.);
#15163=ORIENTED_EDGE('',*,*,#15166,.T.);
#15164=EDGE_CURVE('',#817,#825,#15167,.F.);
#15165=EDGE_CURVE('',#825,#859,#15168,.T.);
#15166=EDGE_CURVE('',#859,#817,#15169,.T.);
#15167=LINE('',#816,#15170);
#15168=LINE('',#824,#15171);
#15169=LINE('',#858,#15172);
#15170=VECTOR('',#15173,1.0);
#15171=VECTOR('',#15174,1.0);
#15172=VECTOR('',#15175,1.0);
#15173=DIRECTION('',(0,0,-1));
#15174=DIRECTION('',(0.27974998271059454,-0.1538771917965248,0.9476612037106076));
#15175=DIRECTION('',(-0.8761964645597768,0.4819541010230619,0));
#15176=FACE_SURFACE('',(#15181),#15177,.T.);
#15177=PLANE('',#15178);
#15178=AXIS2_PLACEMENT_3D('',#860,#15179,#15180);
#15179=DIRECTION('',(-0.6284051306090059,-0.7778860898510603,-0.0004722716447679123));
#15180=DIRECTION('',(-0.003571343789673528,0.002277947087731392,0.9999910281900539));
#15181=FACE_BOUND('',#15182,.T.);
#15182=EDGE_LOOP('',(#15183,#15184,#15185));
#15183=ORIENTED_EDGE('',*,*,#15186,.T.);
#15184=ORIENTED_EDGE('',*,*,#15187,.T.);
#15185=ORIENTED_EDGE('',*,*,#15188,.T.);
#15186=EDGE_CURVE('',#861,#339,#15189,.F.);
#15187=EDGE_CURVE('',#339,#815,#15190,.T.);
#15188=EDGE_CURVE('',#815,#861,#15191,.T.);
#15189=LINE('',#860,#15192);
#15190=LINE('',#338,#15193);
#15191=LINE('',#814,#15194);
#15192=VECTOR('',#15195,1.0);
#15193=VECTOR('',#15196,1.0);
#15194=VECTOR('',#15197,1.0);
#15195=DIRECTION('',(-0.003571343789673528,0.002277947087731392,0.9999910281900539));
#15196=DIRECTION('',(-0.031034004360445795,0.025677044752178108,-0.9991884606750373));
#15197=DIRECTION('',(0.7777247291822219,-0.6282621750007723,-0.020757771598572));
#15198=FACE_SURFACE('',(#15203),#15199,.T.);
#15199=PLANE('',#15200);
#15200=AXIS2_PLACEMENT_3D('',#436,#15201,#15202);
#15201=DIRECTION('',(-0.8922490884538183,0.45154353516945644,0));
#15202=DIRECTION('',(-0.45088212841766684,-0.8909421500848302,0.05410537381604975));
#15203=FACE_BOUND('',#15204,.T.);
#15204=EDGE_LOOP('',(#15205,#15206,#15207));
#15205=ORIENTED_EDGE('',*,*,#15208,.T.);
#15206=ORIENTED_EDGE('',*,*,#15209,.T.);
#15207=ORIENTED_EDGE('',*,*,#15210,.T.);
#15208=EDGE_CURVE('',#437,#435,#15211,.F.);
#15209=EDGE_CURVE('',#435,#223,#15212,.T.);
#15210=EDGE_CURVE('',#223,#437,#15213,.T.);
#15211=LINE('',#436,#15214);
#15212=LINE('',#434,#15215);
#15213=LINE('',#222,#15216);
#15214=VECTOR('',#15217,1.0);
#15215=VECTOR('',#15218,1.0);
#15216=VECTOR('',#15219,1.0);
#15217=DIRECTION('',(-0.45088212841766684,-0.8909421500848302,0.05410537381604975));
#15218=DIRECTION('',(0.007810354874562314,0.01543324502412331,0.9998503954616206));
#15219=DIRECTION('',(0,0,-1));
#15220=FACE_SURFACE('',(#15225),#15221,.T.);
#15221=PLANE('',#15222);
#15222=AXIS2_PLACEMENT_3D('',#632,#15223,#15224);
#15223=DIRECTION('',(-0.13381577802456848,0.9910062247794811,0));
#15224=DIRECTION('',(-0.9910062247794811,-0.13381577802456848,0));
#15225=FACE_BOUND('',#15226,.T.);
#15226=EDGE_LOOP('',(#15227,#15228,#15229));
#15227=ORIENTED_EDGE('',*,*,#15230,.T.);
#15228=ORIENTED_EDGE('',*,*,#15231,.T.);
#15229=ORIENTED_EDGE('',*,*,#15232,.T.);
#15230=EDGE_CURVE('',#633,#691,#15233,.F.);
#15231=EDGE_CURVE('',#691,#795,#15234,.T.);
#15232=EDGE_CURVE('',#795,#633,#15235,.T.);
#15233=LINE('',#632,#15236);
#15234=LINE('',#690,#15237);
#15235=LINE('',#794,#15238);
#15236=VECTOR('',#15239,1.0);
#15237=VECTOR('',#15240,1.0);
#15238=VECTOR('',#15241,1.0);
#15239=DIRECTION('',(-0.9910062247794811,-0.13381577802456848,0));
#15240=DIRECTION('',(0.08997679264847777,0.01214958515027546,0.9958697527113519));
#15241=DIRECTION('',(0,0,-1));
#15242=FACE_SURFACE('',(#15247),#15243,.T.);
#15243=PLANE('',#15244);
#15244=AXIS2_PLACEMENT_3D('',#252,#15245,#15246);
#15245=DIRECTION('',(-0.5330588708540299,-0.8460781522102879,2.358498646567607E-05));
#15246=DIRECTION('',(-0.846078152445604,0.5330588710022873,0));
#15247=FACE_BOUND('',#15248,.T.);
#15248=EDGE_LOOP('',(#15249,#15250,#15251));
#15249=ORIENTED_EDGE('',*,*,#15252,.T.);
#15250=ORIENTED_EDGE('',*,*,#15253,.T.);
#15251=ORIENTED_EDGE('',*,*,#15254,.T.);
#15252=EDGE_CURVE('',#253,#339,#15255,.F.);
#15253=EDGE_CURVE('',#339,#861,#15256,.T.);
#15254=EDGE_CURVE('',#861,#253,#15257,.T.);
#15255=LINE('',#252,#15258);
#15256=LINE('',#338,#15259);
#15257=LINE('',#860,#15260);
#15258=VECTOR('',#15261,1.0);
#15259=VECTOR('',#15262,1.0);
#15260=VECTOR('',#15263,1.0);
#15261=DIRECTION('',(-0.846078152445604,0.5330588710022873,0));
#15262=DIRECTION('',(0.003571343789673528,-0.002277947087731392,-0.9999910281900539));
#15263=DIRECTION('',(0.046781825287990936,-0.029446355486175538,0.9984710175920508));
#15264=FACE_SURFACE('',(#15269),#15265,.T.);
#15265=PLANE('',#15266);
#15266=AXIS2_PLACEMENT_3D('',#796,#15267,#15268);
#15267=DIRECTION('',(-0.10926662307225127,0.9940099202673209,-0.002254660183042842));
#15268=DIRECTION('',(0.9940124467979613,0.10926690080134183,0));
#15269=FACE_BOUND('',#15270,.T.);
#15270=EDGE_LOOP('',(#15271,#15272,#15273));
#15271=ORIENTED_EDGE('',*,*,#15274,.T.);
#15272=ORIENTED_EDGE('',*,*,#15275,.T.);
#15273=ORIENTED_EDGE('',*,*,#15276,.T.);
#15274=EDGE_CURVE('',#797,#795,#15277,.F.);
#15275=EDGE_CURVE('',#795,#691,#15278,.T.);
#15276=EDGE_CURVE('',#691,#797,#15279,.T.);
#15277=LINE('',#796,#15280);
#15278=LINE('',#794,#15281);
#15279=LINE('',#690,#15282);
#15280=VECTOR('',#15283,1.0);
#15281=VECTOR('',#15284,1.0);
#15282=VECTOR('',#15285,1.0);
#15283=DIRECTION('',(0.9940124467979613,0.10926690080134183,0));
#15284=DIRECTION('',(-0.08997679264847777,-0.01214958515027546,-0.9958697527113519));
#15285=DIRECTION('',(0.02938673003921009,0.005497571995657598,0.9995529984947048));
#15286=FACE_SURFACE('',(#15291),#15287,.T.);
#15287=PLANE('',#15288);
#15288=AXIS2_PLACEMENT_3D('',#798,#15289,#15290);
#15289=DIRECTION('',(-0.22296331769987346,0.9748261047341427,0.0011935196369447245));
#15290=DIRECTION('',(0.9748267990494763,0.22296347650445367,0));
#15291=FACE_BOUND('',#15292,.T.);
#15292=EDGE_LOOP('',(#15293,#15294,#15295));
#15293=ORIENTED_EDGE('',*,*,#15296,.T.);
#15294=ORIENTED_EDGE('',*,*,#15297,.T.);
#15295=ORIENTED_EDGE('',*,*,#15298,.T.);
#15296=EDGE_CURVE('',#799,#797,#15299,.F.);
#15297=EDGE_CURVE('',#797,#691,#15300,.T.);
#15298=EDGE_CURVE('',#691,#799,#15301,.T.);
#15299=LINE('',#798,#15302);
#15300=LINE('',#796,#15303);
#15301=LINE('',#690,#15304);
#15302=VECTOR('',#15305,1.0);
#15303=VECTOR('',#15306,1.0);
#15304=VECTOR('',#15307,1.0);
#15305=DIRECTION('',(0.9748267990494763,0.22296347650445367,0));
#15306=DIRECTION('',(-0.02938673003921009,-0.005497571995657598,-0.9995529984947048));
#15307=DIRECTION('',(-0.08482508188542483,-0.020620954757545256,0.9961824540253749));
#15308=FACE_SURFACE('',(#15313),#15309,.T.);
#15309=PLANE('',#15310);
#15310=AXIS2_PLACEMENT_3D('',#838,#15311,#15312);
#15311=DIRECTION('',(-0.06185320669270906,-0.10934620521639284,0.9920774104003193));
#15312=DIRECTION('',(0.8947383270883368,-0.4465424997296821,0.00656673239376751));
#15313=FACE_BOUND('',#15314,.T.);
#15314=EDGE_LOOP('',(#15315,#15316,#15317));
#15315=ORIENTED_EDGE('',*,*,#15318,.T.);
#15316=ORIENTED_EDGE('',*,*,#15319,.T.);
#15317=ORIENTED_EDGE('',*,*,#15320,.T.);
#15318=EDGE_CURVE('',#839,#861,#15321,.F.);
#15319=EDGE_CURVE('',#861,#815,#15322,.T.);
#15320=EDGE_CURVE('',#815,#839,#15323,.T.);
#15321=LINE('',#838,#15324);
#15322=LINE('',#860,#15325);
#15323=LINE('',#814,#15326);
#15324=VECTOR('',#15327,1.0);
#15325=VECTOR('',#15328,1.0);
#15326=VECTOR('',#15329,1.0);
#15327=DIRECTION('',(0.8947383270883368,-0.4465424997296821,0.00656673239376751));
#15328=DIRECTION('',(-0.7777247291822219,0.6282621750007723,0.020757771598572));
#15329=DIRECTION('',(0.09249456795985939,-0.9903312022811694,-0.10338696574642496));
#15330=FACE_SURFACE('',(#15335),#15331,.T.);
#15331=PLANE('',#15332);
#15332=AXIS2_PLACEMENT_3D('',#690,#15333,#15334);
#15333=DIRECTION('',(-0.23621991802483855,0.9716996193929163,0));
#15334=DIRECTION('',(-0.9716996193929164,-0.23621991802483855,0));
#15335=FACE_BOUND('',#15336,.T.);
#15336=EDGE_LOOP('',(#15337,#15338,#15339));
#15337=ORIENTED_EDGE('',*,*,#15340,.T.);
#15338=ORIENTED_EDGE('',*,*,#15341,.T.);
#15339=ORIENTED_EDGE('',*,*,#15342,.T.);
#15340=EDGE_CURVE('',#691,#689,#15343,.F.);
#15341=EDGE_CURVE('',#689,#799,#15344,.T.);
#15342=EDGE_CURVE('',#799,#691,#15345,.T.);
#15343=LINE('',#690,#15346);
#15344=LINE('',#688,#15347);
#15345=LINE('',#798,#15348);
#15346=VECTOR('',#15349,1.0);
#15347=VECTOR('',#15350,1.0);
#15348=VECTOR('',#15351,1.0);
#15349=DIRECTION('',(-0.9716996193929164,-0.23621991802483855,0));
#15350=DIRECTION('',(0,0,1));
#15351=DIRECTION('',(0.08482508188542483,0.020620954757545256,-0.9961824540253749));
#15352=FACE_SURFACE('',(#15357),#15353,.T.);
#15353=PLANE('',#15354);
#15354=AXIS2_PLACEMENT_3D('',#666,#15355,#15356);
#15355=DIRECTION('',(-0.15356144986397624,-0.30536683838301576,0.9397712355310917));
#15356=DIRECTION('',(-0.8700616984237557,0.4926177606348574,0.01789924141040126));
#15357=FACE_BOUND('',#15358,.T.);
#15358=EDGE_LOOP('',(#15359,#15360,#15361));
#15359=ORIENTED_EDGE('',*,*,#15362,.T.);
#15360=ORIENTED_EDGE('',*,*,#15363,.T.);
#15361=ORIENTED_EDGE('',*,*,#15364,.T.);
#15362=EDGE_CURVE('',#667,#839,#15365,.F.);
#15363=EDGE_CURVE('',#839,#859,#15366,.T.);
#15364=EDGE_CURVE('',#859,#667,#15367,.T.);
#15365=LINE('',#666,#15368);
#15366=LINE('',#838,#15369);
#15367=LINE('',#858,#15370);
#15368=VECTOR('',#15371,1.0);
#15369=VECTOR('',#15372,1.0);
#15370=VECTOR('',#15373,1.0);
#15371=DIRECTION('',(-0.8700616984237557,0.4926177606348574,0.01789924141040126));
#15372=DIRECTION('',(0.833331702728104,-0.5511055759644149,-0.042905912986551054));
#15373=DIRECTION('',(0.9717744137841435,-0.21903817163924846,0.08761716772082544));
#15374=FACE_SURFACE('',(#15379),#15375,.T.);
#15375=PLANE('',#15376);
#15376=AXIS2_PLACEMENT_3D('',#434,#15377,#15378);
#15377=DIRECTION('',(0,-1,0));
#15378=DIRECTION('',(1,0,0));
#15379=FACE_BOUND('',#15380,.T.);
#15380=EDGE_LOOP('',(#15381,#15382,#15383));
#15381=ORIENTED_EDGE('',*,*,#15384,.T.);
#15382=ORIENTED_EDGE('',*,*,#15385,.T.);
#15383=ORIENTED_EDGE('',*,*,#15386,.T.);
#15384=EDGE_CURVE('',#435,#521,#15387,.F.);
#15385=EDGE_CURVE('',#521,#809,#15388,.T.);
#15386=EDGE_CURVE('',#809,#435,#15389,.T.);
#15387=LINE('',#434,#15390);
#15388=LINE('',#520,#15391);
#15389=LINE('',#808,#15392);
#15390=VECTOR('',#15393,1.0);
#15391=VECTOR('',#15394,1.0);
#15392=VECTOR('',#15395,1.0);
#15393=DIRECTION('',(1,0,0));
#15394=DIRECTION('',(0,0,1));
#15395=DIRECTION('',(-0.6508185919432559,0,-0.7592332713869946));
#15396=FACE_SURFACE('',(#15401),#15397,.T.);
#15397=PLANE('',#15398);
#15398=AXIS2_PLACEMENT_3D('',#666,#15399,#15400);
#15399=DIRECTION('',(-0.19463401307730233,-0.3766701315624003,0.9056694832786343));
#15400=DIRECTION('',(-0.8454123952793671,0.5326264687291464,0.03983624878327353));
#15401=FACE_BOUND('',#15402,.T.);
#15402=EDGE_LOOP('',(#15403,#15404,#15405));
#15403=ORIENTED_EDGE('',*,*,#15406,.T.);
#15404=ORIENTED_EDGE('',*,*,#15407,.T.);
#15405=ORIENTED_EDGE('',*,*,#15408,.T.);
#15406=EDGE_CURVE('',#667,#861,#15409,.F.);
#15407=EDGE_CURVE('',#861,#839,#15410,.T.);
#15408=EDGE_CURVE('',#839,#667,#15411,.T.);
#15409=LINE('',#666,#15412);
#15410=LINE('',#860,#15413);
#15411=LINE('',#838,#15414);
#15412=VECTOR('',#15415,1.0);
#15413=VECTOR('',#15416,1.0);
#15414=VECTOR('',#15417,1.0);
#15415=DIRECTION('',(-0.8454123952793671,0.5326264687291464,0.03983624878327353));
#15416=DIRECTION('',(-0.8947383270883368,0.4465424997296821,-0.00656673239376751));
#15417=DIRECTION('',(0.8700616984237557,-0.4926177606348574,-0.01789924141040126));
#15418=FACE_SURFACE('',(#15423),#15419,.T.);
#15419=PLANE('',#15420);
#15420=AXIS2_PLACEMENT_3D('',#666,#15421,#15422);
#15421=DIRECTION('',(-0.219613412168557,-0.9755819283769868,-0.003138506001799132));
#15422=DIRECTION('',(-0.9717744137841435,0.21903817163924846,-0.08761716772082544));
#15423=FACE_BOUND('',#15424,.T.);
#15424=EDGE_LOOP('',(#15425,#15426,#15427));
#15425=ORIENTED_EDGE('',*,*,#15428,.T.);
#15426=ORIENTED_EDGE('',*,*,#15429,.T.);
#15427=ORIENTED_EDGE('',*,*,#15430,.T.);
#15428=EDGE_CURVE('',#667,#859,#15431,.F.);
#15429=EDGE_CURVE('',#859,#669,#15432,.T.);
#15430=EDGE_CURVE('',#669,#667,#15433,.T.);
#15431=LINE('',#666,#15434);
#15432=LINE('',#858,#15435);
#15433=LINE('',#668,#15436);
#15434=VECTOR('',#15437,1.0);
#15435=VECTOR('',#15438,1.0);
#15436=VECTOR('',#15439,1.0);
#15437=DIRECTION('',(-0.9717744137841435,0.21903817163924846,-0.08761716772082544));
#15438=DIRECTION('',(0.06318717062205913,-0.011013638387455922,-0.9979409207153743));
#15439=DIRECTION('',(0.007503587898902707,-0.004906065063301044,0.9999598125396031));
#15440=FACE_SURFACE('',(#15445),#15441,.T.);
#15441=PLANE('',#15442);
#15442=AXIS2_PLACEMENT_3D('',#860,#15443,#15444);
#15443=DIRECTION('',(-0.5330488184698791,-0.8460844854990597,2.2927219600065135E-05));
#15444=DIRECTION('',(0.8454123952793671,-0.5326264687291464,-0.03983624878327353));
#15445=FACE_BOUND('',#15446,.T.);
#15446=EDGE_LOOP('',(#15447,#15448,#15449));
#15447=ORIENTED_EDGE('',*,*,#15450,.T.);
#15448=ORIENTED_EDGE('',*,*,#15451,.T.);
#15449=ORIENTED_EDGE('',*,*,#15452,.T.);
#15450=EDGE_CURVE('',#861,#667,#15453,.F.);
#15451=EDGE_CURVE('',#667,#253,#15454,.T.);
#15452=EDGE_CURVE('',#253,#861,#15455,.T.);
#15453=LINE('',#860,#15456);
#15454=LINE('',#666,#15457);
#15455=LINE('',#252,#15458);
#15456=VECTOR('',#15459,1.0);
#15457=VECTOR('',#15460,1.0);
#15458=VECTOR('',#15461,1.0);
#15459=DIRECTION('',(0.8454123952793671,-0.5326264687291464,-0.03983624878327353));
#15460=DIRECTION('',(0.011554392777221043,-0.007252384882467808,0.9999069451309287));
#15461=DIRECTION('',(-0.046781825287990936,0.029446355486175538,-0.9984710175920508));
#15462=FACE_SURFACE('',(#15467),#15463,.T.);
#15463=PLANE('',#15464);
#15464=AXIS2_PLACEMENT_3D('',#74,#15465,#15466);
#15465=DIRECTION('',(0,1,0));
#15466=DIRECTION('',(-1,0,0));
#15467=FACE_BOUND('',#15468,.T.);
#15468=EDGE_LOOP('',(#15469,#15470,#15471));
#15469=ORIENTED_EDGE('',*,*,#15472,.T.);
#15470=ORIENTED_EDGE('',*,*,#15473,.T.);
#15471=ORIENTED_EDGE('',*,*,#15474,.T.);
#15472=EDGE_CURVE('',#75,#69,#15475,.F.);
#15473=EDGE_CURVE('',#69,#781,#15476,.T.);
#15474=EDGE_CURVE('',#781,#75,#15477,.T.);
#15475=LINE('',#74,#15478);
#15476=LINE('',#68,#15479);
#15477=LINE('',#780,#15480);
#15478=VECTOR('',#15481,1.0);
#15479=VECTOR('',#15482,1.0);
#15480=VECTOR('',#15483,1.0);
#15481=DIRECTION('',(-1,0,0));
#15482=DIRECTION('',(0,0,1));
#15483=DIRECTION('',(0.0014999372775525823,0,-0.9999988750934489));
#15484=FACE_SURFACE('',(#15489),#15485,.T.);
#15485=PLANE('',#15486);
#15486=AXIS2_PLACEMENT_3D('',#74,#15487,#15488);
#15487=DIRECTION('',(0,1,-0));
#15488=DIRECTION('',(-0.0014999372775525823,0,0.9999988750934489));
#15489=FACE_BOUND('',#15490,.T.);
#15490=EDGE_LOOP('',(#15491,#15492,#15493));
#15491=ORIENTED_EDGE('',*,*,#15494,.T.);
#15492=ORIENTED_EDGE('',*,*,#15495,.T.);
#15493=ORIENTED_EDGE('',*,*,#15496,.T.);
#15494=EDGE_CURVE('',#75,#781,#15497,.F.);
#15495=EDGE_CURVE('',#781,#767,#15498,.T.);
#15496=EDGE_CURVE('',#767,#75,#15499,.T.);
#15497=LINE('',#74,#15500);
#15498=LINE('',#780,#15501);
#15499=LINE('',#766,#15502);
#15500=VECTOR('',#15503,1.0);
#15501=VECTOR('',#15504,1.0);
#15502=VECTOR('',#15505,1.0);
#15503=DIRECTION('',(-0.0014999372775525823,0,0.9999988750934489));
#15504=DIRECTION('',(1,0,0));
#15505=DIRECTION('',(0,0,-1));
#15506=FACE_SURFACE('',(#15511),#15507,.T.);
#15507=PLANE('',#15508);
#15508=AXIS2_PLACEMENT_3D('',#780,#15509,#15510);
#15509=DIRECTION('',(0.9931966617198986,0.11644909251878881,0));
#15510=DIRECTION('',(0,0,-1));
#15511=FACE_BOUND('',#15512,.T.);
#15512=EDGE_LOOP('',(#15513,#15514,#15515));
#15513=ORIENTED_EDGE('',*,*,#15516,.T.);
#15514=ORIENTED_EDGE('',*,*,#15517,.T.);
#15515=ORIENTED_EDGE('',*,*,#15518,.T.);
#15516=EDGE_CURVE('',#781,#69,#15519,.F.);
#15517=EDGE_CURVE('',#69,#65,#15520,.T.);
#15518=EDGE_CURVE('',#65,#781,#15521,.T.);
#15519=LINE('',#780,#15522);
#15520=LINE('',#68,#15523);
#15521=LINE('',#64,#15524);
#15522=VECTOR('',#15525,1.0);
#15523=VECTOR('',#15526,1.0);
#15524=VECTOR('',#15527,1.0);
#15525=DIRECTION('',(0,0,-1));
#15526=DIRECTION('',(-0.1164490925187888,0.9931966617198985,0));
#15527=DIRECTION('',(0.0025495138619181716,-0.0217448552143691,0.9997603018977969));
#15528=FACE_SURFACE('',(#15533),#15529,.T.);
#15529=PLANE('',#15530);
#15530=AXIS2_PLACEMENT_3D('',#780,#15531,#15532);
#15531=DIRECTION('',(0.9931966617198986,0.11644909251878881,0));
#15532=DIRECTION('',(-0.0025495138619181716,0.0217448552143691,-0.9997603018977969));
#15533=FACE_BOUND('',#15534,.T.);
#15534=EDGE_LOOP('',(#15535,#15536,#15537));
#15535=ORIENTED_EDGE('',*,*,#15538,.T.);
#15536=ORIENTED_EDGE('',*,*,#15539,.T.);
#15537=ORIENTED_EDGE('',*,*,#15540,.T.);
#15538=EDGE_CURVE('',#781,#65,#15541,.F.);
#15539=EDGE_CURVE('',#65,#787,#15542,.T.);
#15540=EDGE_CURVE('',#787,#781,#15543,.T.);
#15541=LINE('',#780,#15544);
#15542=LINE('',#64,#15545);
#15543=LINE('',#786,#15546);
#15544=VECTOR('',#15547,1.0);
#15545=VECTOR('',#15548,1.0);
#15546=VECTOR('',#15549,1.0);
#15547=DIRECTION('',(-0.0025495138619181716,0.0217448552143691,-0.9997603018977969));
#15548=DIRECTION('',(0,0,1));
#15549=DIRECTION('',(0.1164490925187888,-0.9931966617198985,0));
#15550=FACE_SURFACE('',(#15555),#15551,.T.);
#15551=PLANE('',#15552);
#15552=AXIS2_PLACEMENT_3D('',#788,#15553,#15554);
#15553=DIRECTION('',(0.940728823402011,0.33915966862330194,0));
#15554=DIRECTION('',(0.33915966862330194,-0.940728823402011,0));
#15555=FACE_BOUND('',#15556,.T.);
#15556=EDGE_LOOP('',(#15557,#15558,#15559));
#15557=ORIENTED_EDGE('',*,*,#15560,.T.);
#15558=ORIENTED_EDGE('',*,*,#15561,.T.);
#15559=ORIENTED_EDGE('',*,*,#15562,.T.);
#15560=EDGE_CURVE('',#789,#787,#15563,.F.);
#15561=EDGE_CURVE('',#787,#63,#15564,.T.);
#15562=EDGE_CURVE('',#63,#789,#15565,.T.);
#15563=LINE('',#788,#15566);
#15564=LINE('',#786,#15567);
#15565=LINE('',#62,#15568);
#15566=VECTOR('',#15569,1.0);
#15567=VECTOR('',#15570,1.0);
#15568=VECTOR('',#15571,1.0);
#15569=DIRECTION('',(0.33915966862330194,-0.940728823402011,0));
#15570=DIRECTION('',(-0.012142022316742064,0.03367838638985199,-0.9993589633281104));
#15571=DIRECTION('',(0,0,1));
#15572=FACE_SURFACE('',(#15577),#15573,.T.);
#15573=PLANE('',#15574);
#15574=AXIS2_PLACEMENT_3D('',#64,#15575,#15576);
#15575=DIRECTION('',(0.940728823402011,0.33915966862330194,-0));
#15576=DIRECTION('',(-0.33915966862330194,0.940728823402011,0));
#15577=FACE_BOUND('',#15578,.T.);
#15578=EDGE_LOOP('',(#15579,#15580,#15581));
#15579=ORIENTED_EDGE('',*,*,#15582,.T.);
#15580=ORIENTED_EDGE('',*,*,#15583,.T.);
#15581=ORIENTED_EDGE('',*,*,#15584,.T.);
#15582=EDGE_CURVE('',#65,#63,#15585,.F.);
#15583=EDGE_CURVE('',#63,#787,#15586,.T.);
#15584=EDGE_CURVE('',#787,#65,#15587,.T.);
#15585=LINE('',#64,#15588);
#15586=LINE('',#62,#15589);
#15587=LINE('',#786,#15590);
#15588=VECTOR('',#15591,1.0);
#15589=VECTOR('',#15592,1.0);
#15590=VECTOR('',#15593,1.0);
#15591=DIRECTION('',(-0.33915966862330194,0.940728823402011,0));
#15592=DIRECTION('',(0.012142022316742064,-0.03367838638985199,0.9993589633281104));
#15593=DIRECTION('',(0,0,-1));
#15594=FACE_SURFACE('',(#15599),#15595,.T.);
#15595=PLANE('',#15596);
#15596=AXIS2_PLACEMENT_3D('',#772,#15597,#15598);
#15597=DIRECTION('',(0.20354988389715492,0.979064576402116,0));
#15598=DIRECTION('',(0.07696105648603767,-0.016000389034503622,-0.996905704334817));
#15599=FACE_BOUND('',#15600,.T.);
#15600=EDGE_LOOP('',(#15601,#15602,#15603));
#15601=ORIENTED_EDGE('',*,*,#15604,.T.);
#15602=ORIENTED_EDGE('',*,*,#15605,.T.);
#15603=ORIENTED_EDGE('',*,*,#15606,.T.);
#15604=EDGE_CURVE('',#773,#597,#15607,.F.);
#15605=EDGE_CURVE('',#597,#627,#15608,.T.);
#15606=EDGE_CURVE('',#627,#773,#15609,.T.);
#15607=LINE('',#772,#15610);
#15608=LINE('',#596,#15611);
#15609=LINE('',#626,#15612);
#15610=VECTOR('',#15613,1.0);
#15611=VECTOR('',#15614,1.0);
#15612=VECTOR('',#15615,1.0);
#15613=DIRECTION('',(0.07696105648603767,-0.016000389034503622,-0.996905704334817));
#15614=DIRECTION('',(-0.9790645764021159,0.20354988389715492,0));
#15615=DIRECTION('',(0,0,1));
#15616=FACE_SURFACE('',(#15621),#15617,.T.);
#15617=PLANE('',#15618);
#15618=AXIS2_PLACEMENT_3D('',#788,#15619,#15620);
#15619=DIRECTION('',(0.8522416670115591,0.5231482973396346,0));
#15620=DIRECTION('',(0,0,-1));
#15621=FACE_BOUND('',#15622,.T.);
#15622=EDGE_LOOP('',(#15623,#15624,#15625));
#15623=ORIENTED_EDGE('',*,*,#15626,.T.);
#15624=ORIENTED_EDGE('',*,*,#15627,.T.);
#15625=ORIENTED_EDGE('',*,*,#15628,.T.);
#15626=EDGE_CURVE('',#789,#63,#15629,.F.);
#15627=EDGE_CURVE('',#63,#791,#15630,.T.);
#15628=EDGE_CURVE('',#791,#789,#15631,.T.);
#15629=LINE('',#788,#15632);
#15630=LINE('',#62,#15633);
#15631=LINE('',#790,#15634);
#15632=VECTOR('',#15635,1.0);
#15633=VECTOR('',#15636,1.0);
#15634=VECTOR('',#15637,1.0);
#15635=DIRECTION('',(0,0,-1));
#15636=DIRECTION('',(-0.019935613289421165,0.03247637503375832,0.9992736644120276));
#15637=DIRECTION('',(0.5231482973396346,-0.8522416670115591,0));
#15638=FACE_SURFACE('',(#15643),#15639,.T.);
#15639=PLANE('',#15640);
#15640=AXIS2_PLACEMENT_3D('',#102,#15641,#15642);
#15641=DIRECTION('',(0.8522416670115591,0.5231482973396346,-0));
#15642=DIRECTION('',(0,0,1));
#15643=FACE_BOUND('',#15644,.T.);
#15644=EDGE_LOOP('',(#15645,#15646,#15647));
#15645=ORIENTED_EDGE('',*,*,#15648,.T.);
#15646=ORIENTED_EDGE('',*,*,#15649,.T.);
#15647=ORIENTED_EDGE('',*,*,#15650,.T.);
#15648=EDGE_CURVE('',#103,#791,#15651,.F.);
#15649=EDGE_CURVE('',#791,#63,#15652,.T.);
#15650=EDGE_CURVE('',#63,#103,#15653,.T.);
#15651=LINE('',#102,#15654);
#15652=LINE('',#790,#15655);
#15653=LINE('',#62,#15656);
#15654=VECTOR('',#15657,1.0);
#15655=VECTOR('',#15658,1.0);
#15656=VECTOR('',#15659,1.0);
#15657=DIRECTION('',(0,0,1));
#15658=DIRECTION('',(0.019935613289421165,-0.03247637503375832,-0.9992736644120276));
#15659=DIRECTION('',(-0.5231482973396346,0.8522416670115591,0));
#15660=FACE_SURFACE('',(#15665),#15661,.T.);
#15661=PLANE('',#15662);
#15662=AXIS2_PLACEMENT_3D('',#744,#15663,#15664);
#15663=DIRECTION('',(-0.9736526245393741,-0.22803632764888276,0));
#15664=DIRECTION('',(-0.2280363276488828,0.9736526245393741,0));
#15665=FACE_BOUND('',#15666,.T.);
#15666=EDGE_LOOP('',(#15667,#15668,#15669));
#15667=ORIENTED_EDGE('',*,*,#15670,.T.);
#15668=ORIENTED_EDGE('',*,*,#15671,.T.);
#15669=ORIENTED_EDGE('',*,*,#15672,.T.);
#15670=EDGE_CURVE('',#745,#61,#15673,.F.);
#15671=EDGE_CURVE('',#61,#57,#15674,.T.);
#15672=EDGE_CURVE('',#57,#745,#15675,.T.);
#15673=LINE('',#744,#15676);
#15674=LINE('',#60,#15677);
#15675=LINE('',#56,#15678);
#15676=VECTOR('',#15679,1.0);
#15677=VECTOR('',#15680,1.0);
#15678=VECTOR('',#15681,1.0);
#15679=DIRECTION('',(-0.2280363276488828,0.9736526245393741,0));
#15680=DIRECTION('',(0,0,-1));
#15681=DIRECTION('',(0.043648324953471256,-0.1863663855047306,0.9815102618325794));
#15682=FACE_SURFACE('',(#15687),#15683,.T.);
#15683=PLANE('',#15684);
#15684=AXIS2_PLACEMENT_3D('',#754,#15685,#15686);
#15685=DIRECTION('',(-0.9736526245393741,-0.22803632764888276,0));
#15686=DIRECTION('',(0,0,1));
#15687=FACE_BOUND('',#15688,.T.);
#15688=EDGE_LOOP('',(#15689,#15690,#15691));
#15689=ORIENTED_EDGE('',*,*,#15692,.T.);
#15690=ORIENTED_EDGE('',*,*,#15693,.T.);
#15691=ORIENTED_EDGE('',*,*,#15694,.T.);
#15692=EDGE_CURVE('',#755,#745,#15695,.F.);
#15693=EDGE_CURVE('',#745,#57,#15696,.T.);
#15694=EDGE_CURVE('',#57,#755,#15697,.T.);
#15695=LINE('',#754,#15698);
#15696=LINE('',#744,#15699);
#15697=LINE('',#56,#15700);
#15698=VECTOR('',#15701,1.0);
#15699=VECTOR('',#15702,1.0);
#15700=VECTOR('',#15703,1.0);
#15701=DIRECTION('',(0,0,1));
#15702=DIRECTION('',(-0.043648324953471256,0.1863663855047306,-0.9815102618325794));
#15703=DIRECTION('',(0.2280363276488828,-0.9736526245393741,0));
#15704=FACE_SURFACE('',(#15709),#15705,.T.);
#15705=PLANE('',#15706);
#15706=AXIS2_PLACEMENT_3D('',#98,#15707,#15708);
#15707=DIRECTION('',(0.7459354076790714,0.6660182937207186,-0));
#15708=DIRECTION('',(0,0,1));
#15709=FACE_BOUND('',#15710,.T.);
#15710=EDGE_LOOP('',(#15711,#15712,#15713));
#15711=ORIENTED_EDGE('',*,*,#15714,.T.);
#15712=ORIENTED_EDGE('',*,*,#15715,.T.);
#15713=ORIENTED_EDGE('',*,*,#15716,.T.);
#15714=EDGE_CURVE('',#99,#793,#15717,.F.);
#15715=EDGE_CURVE('',#793,#791,#15718,.T.);
#15716=EDGE_CURVE('',#791,#99,#15719,.T.);
#15717=LINE('',#98,#15720);
#15718=LINE('',#792,#15721);
#15719=LINE('',#790,#15722);
#15720=VECTOR('',#15723,1.0);
#15721=VECTOR('',#15724,1.0);
#15722=VECTOR('',#15725,1.0);
#15723=DIRECTION('',(0,0,1));
#15724=DIRECTION('',(0.6660182937207187,-0.7459354076790714,0));
#15725=DIRECTION('',(-0.02747674007055977,0.030773739249299673,-0.99914864045732));
#15726=FACE_SURFACE('',(#15731),#15727,.T.);
#15727=PLANE('',#15728);
#15728=AXIS2_PLACEMENT_3D('',#98,#15729,#15730);
#15729=DIRECTION('',(0.7459354076790714,0.6660182937207186,0));
#15730=DIRECTION('',(0.02747674007055977,-0.030773739249299673,0.99914864045732));
#15731=FACE_BOUND('',#15732,.T.);
#15732=EDGE_LOOP('',(#15733,#15734,#15735));
#15733=ORIENTED_EDGE('',*,*,#15736,.T.);
#15734=ORIENTED_EDGE('',*,*,#15737,.T.);
#15735=ORIENTED_EDGE('',*,*,#15738,.T.);
#15736=EDGE_CURVE('',#99,#791,#15739,.F.);
#15737=EDGE_CURVE('',#791,#103,#15740,.T.);
#15738=EDGE_CURVE('',#103,#99,#15741,.T.);
#15739=LINE('',#98,#15742);
#15740=LINE('',#790,#15743);
#15741=LINE('',#102,#15744);
#15742=VECTOR('',#15745,1.0);
#15743=VECTOR('',#15746,1.0);
#15744=VECTOR('',#15747,1.0);
#15745=DIRECTION('',(0.02747674007055977,-0.030773739249299673,0.99914864045732));
#15746=DIRECTION('',(0,0,-1));
#15747=DIRECTION('',(-0.6660182937207187,0.7459354076790714,0));
#15748=FACE_SURFACE('',(#15753),#15749,.T.);
#15749=PLANE('',#15750);
#15750=AXIS2_PLACEMENT_3D('',#98,#15751,#15752);
#15751=DIRECTION('',(0.637548405793033,0.7704102999511119,0));
#15752=DIRECTION('',(-0.7704102999511119,0.6375484057930328,0));
#15753=FACE_BOUND('',#15754,.T.);
#15754=EDGE_LOOP('',(#15755,#15756,#15757));
#15755=ORIENTED_EDGE('',*,*,#15758,.T.);
#15756=ORIENTED_EDGE('',*,*,#15759,.T.);
#15757=ORIENTED_EDGE('',*,*,#15760,.T.);
#15758=EDGE_CURVE('',#99,#101,#15761,.F.);
#15759=EDGE_CURVE('',#101,#785,#15762,.T.);
#15760=EDGE_CURVE('',#785,#99,#15763,.T.);
#15761=LINE('',#98,#15764);
#15762=LINE('',#100,#15765);
#15763=LINE('',#784,#15766);
#15764=VECTOR('',#15767,1.0);
#15765=VECTOR('',#15768,1.0);
#15766=VECTOR('',#15769,1.0);
#15767=DIRECTION('',(-0.7704102999511119,0.6375484057930328,0));
#15768=DIRECTION('',(0,0,1));
#15769=DIRECTION('',(0.03446520072635885,-0.028521469377838435,-0.9989988366977315));
#15770=FACE_SURFACE('',(#15775),#15771,.T.);
#15771=PLANE('',#15772);
#15772=AXIS2_PLACEMENT_3D('',#98,#15773,#15774);
#15773=DIRECTION('',(0.637548405793033,0.7704102999511119,-0));
#15774=DIRECTION('',(-0.03446520072635885,0.028521469377838435,0.9989988366977315));
#15775=FACE_BOUND('',#15776,.T.);
#15776=EDGE_LOOP('',(#15777,#15778,#15779));
#15777=ORIENTED_EDGE('',*,*,#15780,.T.);
#15778=ORIENTED_EDGE('',*,*,#15781,.T.);
#15779=ORIENTED_EDGE('',*,*,#15782,.T.);
#15780=EDGE_CURVE('',#99,#785,#15783,.F.);
#15781=EDGE_CURVE('',#785,#793,#15784,.T.);
#15782=EDGE_CURVE('',#793,#99,#15785,.T.);
#15783=LINE('',#98,#15786);
#15784=LINE('',#784,#15787);
#15785=LINE('',#792,#15788);
#15786=VECTOR('',#15789,1.0);
#15787=VECTOR('',#15790,1.0);
#15788=VECTOR('',#15791,1.0);
#15789=DIRECTION('',(-0.03446520072635885,0.028521469377838435,0.9989988366977315));
#15790=DIRECTION('',(0.7704102999511119,-0.6375484057930328,0));
#15791=DIRECTION('',(0,0,-1));
#15792=FACE_SURFACE('',(#15797),#15793,.T.);
#15793=PLANE('',#15794);
#15794=AXIS2_PLACEMENT_3D('',#862,#15795,#15796);
#15795=DIRECTION('',(-0.9759267267950243,-0.1870899062249669,0.1120909939106753));
#15796=DIRECTION('',(-0.18205912340159244,0.9818232732898888,0.05364266597189293));
#15797=FACE_BOUND('',#15798,.T.);
#15798=EDGE_LOOP('',(#15799,#15800,#15801));
#15799=ORIENTED_EDGE('',*,*,#15802,.T.);
#15800=ORIENTED_EDGE('',*,*,#15803,.T.);
#15801=ORIENTED_EDGE('',*,*,#15804,.T.);
#15802=EDGE_CURVE('',#863,#725,#15805,.F.);
#15803=EDGE_CURVE('',#725,#723,#15806,.T.);
#15804=EDGE_CURVE('',#723,#863,#15807,.T.);
#15805=LINE('',#862,#15808);
#15806=LINE('',#724,#15809);
#15807=LINE('',#722,#15810);
#15808=VECTOR('',#15811,1.0);
#15809=VECTOR('',#15812,1.0);
#15810=VECTOR('',#15813,1.0);
#15811=DIRECTION('',(-0.18205912340159244,0.9818232732898888,0.05364266597189293));
#15812=DIRECTION('',(0.0979096300538367,-0.835073211961792,-0.5413561073882301));
#15813=DIRECTION('',(0.19865234028699771,-0.5503874908939695,0.8109320918337981));
#15814=FACE_SURFACE('',(#15819),#15815,.T.);
#15815=PLANE('',#15816);
#15816=AXIS2_PLACEMENT_3D('',#768,#15817,#15818);
#15817=DIRECTION('',(0.9407846632419242,0.3390047454074638,0));
#15818=DIRECTION('',(0,0,-1));
#15819=FACE_BOUND('',#15820,.T.);
#15820=EDGE_LOOP('',(#15821,#15822,#15823));
#15821=ORIENTED_EDGE('',*,*,#15824,.T.);
#15822=ORIENTED_EDGE('',*,*,#15825,.T.);
#15823=ORIENTED_EDGE('',*,*,#15826,.T.);
#15824=EDGE_CURVE('',#769,#855,#15827,.F.);
#15825=EDGE_CURVE('',#855,#549,#15828,.T.);
#15826=EDGE_CURVE('',#549,#769,#15829,.T.);
#15827=LINE('',#768,#15830);
#15828=LINE('',#854,#15831);
#15829=LINE('',#548,#15832);
#15830=VECTOR('',#15833,1.0);
#15831=VECTOR('',#15834,1.0);
#15832=VECTOR('',#15835,1.0);
#15833=DIRECTION('',(0,0,-1));
#15834=DIRECTION('',(-0.005561338507495578,0.015433477099737913,0.999865430594846));
#15835=DIRECTION('',(0.3390047454074638,-0.9407846632419242,0));
#15836=FACE_SURFACE('',(#15841),#15837,.T.);
#15837=PLANE('',#15838);
#15838=AXIS2_PLACEMENT_3D('',#862,#15839,#15840);
#15839=DIRECTION('',(-0.9407287922353251,-0.3391596573868195,0.0002574115803533865));
#15840=DIRECTION('',(-0.19865234028699771,0.5503874908939695,-0.8109320918337981));
#15841=FACE_BOUND('',#15842,.T.);
#15842=EDGE_LOOP('',(#15843,#15844,#15845));
#15843=ORIENTED_EDGE('',*,*,#15846,.T.);
#15844=ORIENTED_EDGE('',*,*,#15847,.T.);
#15845=ORIENTED_EDGE('',*,*,#15848,.T.);
#15846=EDGE_CURVE('',#863,#723,#15849,.F.);
#15847=EDGE_CURVE('',#723,#741,#15850,.T.);
#15848=EDGE_CURVE('',#741,#863,#15851,.T.);
#15849=LINE('',#862,#15852);
#15850=LINE('',#722,#15853);
#15851=LINE('',#740,#15854);
#15852=VECTOR('',#15855,1.0);
#15853=VECTOR('',#15856,1.0);
#15854=VECTOR('',#15857,1.0);
#15855=DIRECTION('',(-0.19865234028699771,0.5503874908939695,-0.8109320918337981));
#15856=DIRECTION('',(0.33915966862330194,-0.940728823402011,0));
#15857=DIRECTION('',(-0.30756856045902875,0.8534237840965753,0.4207961803004431));
#15858=FACE_SURFACE('',(#15863),#15859,.T.);
#15859=PLANE('',#15860);
#15860=AXIS2_PLACEMENT_3D('',#728,#15861,#15862);
#15861=DIRECTION('',(0.8077763253574525,0.5891135087984695,0.021040008155099203));
#15862=DIRECTION('',(0.09705739178454575,-0.16811774016529887,0.9809772108166909));
#15863=FACE_BOUND('',#15864,.T.);
#15864=EDGE_LOOP('',(#15865,#15866,#15867));
#15865=ORIENTED_EDGE('',*,*,#15868,.T.);
#15866=ORIENTED_EDGE('',*,*,#15869,.T.);
#15867=ORIENTED_EDGE('',*,*,#15870,.T.);
#15868=EDGE_CURVE('',#729,#865,#15871,.F.);
#15869=EDGE_CURVE('',#865,#867,#15872,.T.);
#15870=EDGE_CURVE('',#867,#729,#15873,.T.);
#15871=LINE('',#728,#15874);
#15872=LINE('',#864,#15875);
#15873=LINE('',#866,#15876);
#15874=VECTOR('',#15877,1.0);
#15875=VECTOR('',#15878,1.0);
#15876=VECTOR('',#15879,1.0);
#15877=DIRECTION('',(0.09705739178454575,-0.16811774016529887,0.9809772108166909));
#15878=DIRECTION('',(0.10582806094728872,-0.10981162134112146,-0.9883024989013085));
#15879=DIRECTION('',(-0.5893222856642265,0.8078822615648824,0.005049264134780515));
#15880=FACE_SURFACE('',(#15885),#15881,.T.);
#15881=PLANE('',#15882);
#15882=AXIS2_PLACEMENT_3D('',#602,#15883,#15884);
#15883=DIRECTION('',(5.112681858557156E-05,-4.879295978638681E-06,-0.9999999986811204));
#15884=DIRECTION('',(-0.9983851006926431,-0.056808345668975226,-5.0767069256030256E-05));
#15885=FACE_BOUND('',#15886,.T.);
#15886=EDGE_LOOP('',(#15887,#15888,#15889));
#15887=ORIENTED_EDGE('',*,*,#15890,.T.);
#15888=ORIENTED_EDGE('',*,*,#15891,.T.);
#15889=ORIENTED_EDGE('',*,*,#15892,.T.);
#15890=EDGE_CURVE('',#603,#131,#15893,.F.);
#15891=EDGE_CURVE('',#131,#597,#15894,.T.);
#15892=EDGE_CURVE('',#597,#603,#15895,.T.);
#15893=LINE('',#602,#15896);
#15894=LINE('',#130,#15897);
#15895=LINE('',#596,#15898);
#15896=VECTOR('',#15899,1.0);
#15897=VECTOR('',#15900,1.0);
#15898=VECTOR('',#15901,1.0);
#15899=DIRECTION('',(-0.9983851006926431,-0.056808345668975226,-5.0767069256030256E-05));
#15900=DIRECTION('',(0.09500349831597726,0.995476938611702,0));
#15901=DIRECTION('',(0.9985473513526848,-0.05388120705090368,5.131545170627827E-05));
#15902=FACE_SURFACE('',(#15907),#15903,.T.);
#15903=PLANE('',#15904);
#15904=AXIS2_PLACEMENT_3D('',#866,#15905,#15906);
#15905=DIRECTION('',(0.7200464728670155,0.693925843957242,-0));
#15906=DIRECTION('',(-0.10582806094728872,0.10981162134112146,0.9883024989013085));
#15907=FACE_BOUND('',#15908,.T.);
#15908=EDGE_LOOP('',(#15909,#15910,#15911));
#15909=ORIENTED_EDGE('',*,*,#15912,.T.);
#15910=ORIENTED_EDGE('',*,*,#15913,.T.);
#15911=ORIENTED_EDGE('',*,*,#15914,.T.);
#15912=EDGE_CURVE('',#867,#865,#15915,.F.);
#15913=EDGE_CURVE('',#865,#869,#15916,.T.);
#15914=EDGE_CURVE('',#869,#867,#15917,.T.);
#15915=LINE('',#866,#15918);
#15916=LINE('',#864,#15919);
#15917=LINE('',#868,#15920);
#15918=VECTOR('',#15921,1.0);
#15919=VECTOR('',#15922,1.0);
#15920=VECTOR('',#15923,1.0);
#15921=DIRECTION('',(-0.10582806094728872,0.10981162134112146,0.9883024989013085));
#15922=DIRECTION('',(0.6939175193095449,-0.7200378348644618,0.004898240396833378));
#15923=DIRECTION('',(0,0,-1));
#15924=FACE_SURFACE('',(#15929),#15925,.T.);
#15925=PLANE('',#15926);
#15926=AXIS2_PLACEMENT_3D('',#634,#15927,#15928);
#15927=DIRECTION('',(0.07260130267353984,0.9973610433790289,-0));
#15928=DIRECTION('',(0,0,1));
#15929=FACE_BOUND('',#15930,.T.);
#15930=EDGE_LOOP('',(#15931,#15932,#15933));
#15931=ORIENTED_EDGE('',*,*,#15934,.T.);
#15932=ORIENTED_EDGE('',*,*,#15935,.T.);
#15933=ORIENTED_EDGE('',*,*,#15936,.T.);
#15934=EDGE_CURVE('',#635,#805,#15937,.F.);
#15935=EDGE_CURVE('',#805,#627,#15938,.T.);
#15936=EDGE_CURVE('',#627,#635,#15939,.T.);
#15937=LINE('',#634,#15940);
#15938=LINE('',#804,#15941);
#15939=LINE('',#626,#15942);
#15940=VECTOR('',#15943,1.0);
#15941=VECTOR('',#15944,1.0);
#15942=VECTOR('',#15945,1.0);
#15943=DIRECTION('',(0,0,1));
#15944=DIRECTION('',(0.12202627340083826,-0.00888270748903873,-0.9924871213812136));
#15945=DIRECTION('',(-0.9973610433790289,0.07260130267353983,0));
#15946=FACE_SURFACE('',(#15951),#15947,.T.);
#15947=PLANE('',#15948);
#15948=AXIS2_PLACEMENT_3D('',#870,#15949,#15950);
#15949=DIRECTION('',(0.5894359544159604,0.8078151122885395,0));
#15950=DIRECTION('',(-0.8078036541769427,0.5894275938111114,0.005326157378622868));
#15951=FACE_BOUND('',#15952,.T.);
#15952=EDGE_LOOP('',(#15953,#15954,#15955));
#15953=ORIENTED_EDGE('',*,*,#15956,.T.);
#15954=ORIENTED_EDGE('',*,*,#15957,.T.);
#15955=ORIENTED_EDGE('',*,*,#15958,.T.);
#15956=EDGE_CURVE('',#871,#867,#15959,.F.);
#15957=EDGE_CURVE('',#867,#869,#15960,.T.);
#15958=EDGE_CURVE('',#869,#871,#15961,.T.);
#15959=LINE('',#870,#15962);
#15960=LINE('',#866,#15963);
#15961=LINE('',#868,#15964);
#15962=VECTOR('',#15965,1.0);
#15963=VECTOR('',#15966,1.0);
#15964=VECTOR('',#15967,1.0);
#15965=DIRECTION('',(-0.8078036541769427,0.5894275938111114,0.005326157378622868));
#15966=DIRECTION('',(0,0,1));
#15967=DIRECTION('',(0.11333374482867904,-0.0826958830485042,-0.9901095157657742));
#15968=FACE_SURFACE('',(#15973),#15969,.T.);
#15969=PLANE('',#15970);
#15970=AXIS2_PLACEMENT_3D('',#870,#15971,#15972);
#15971=DIRECTION('',(0.5894359544159605,0.8078151122885396,-0));
#15972=DIRECTION('',(-0.11333374482867904,0.0826958830485042,0.9901095157657742));
#15973=FACE_BOUND('',#15974,.T.);
#15974=EDGE_LOOP('',(#15975,#15976,#15977));
#15975=ORIENTED_EDGE('',*,*,#15978,.T.);
#15976=ORIENTED_EDGE('',*,*,#15979,.T.);
#15977=ORIENTED_EDGE('',*,*,#15980,.T.);
#15978=EDGE_CURVE('',#871,#869,#15981,.F.);
#15979=EDGE_CURVE('',#869,#873,#15982,.T.);
#15980=EDGE_CURVE('',#873,#871,#15983,.T.);
#15981=LINE('',#870,#15984);
#15982=LINE('',#868,#15985);
#15983=LINE('',#872,#15986);
#15984=VECTOR('',#15987,1.0);
#15985=VECTOR('',#15988,1.0);
#15986=VECTOR('',#15989,1.0);
#15987=DIRECTION('',(-0.11333374482867904,0.0826958830485042,0.9901095157657742));
#15988=DIRECTION('',(0.8078036540204346,-0.5894275936969128,0.0053261937536360675));
#15989=DIRECTION('',(0,0,-1));
#15990=FACE_SURFACE('',(#15995),#15991,.T.);
#15991=PLANE('',#15992);
#15992=AXIS2_PLACEMENT_3D('',#874,#15993,#15994);
#15993=DIRECTION('',(0.38235268735822464,0.924016462228863,0));
#15994=DIRECTION('',(0,0,-1));
#15995=FACE_BOUND('',#15996,.T.);
#15996=EDGE_LOOP('',(#15997,#15998,#15999));
#15997=ORIENTED_EDGE('',*,*,#16000,.T.);
#15998=ORIENTED_EDGE('',*,*,#16001,.T.);
#15999=ORIENTED_EDGE('',*,*,#16002,.T.);
#16000=EDGE_CURVE('',#875,#877,#16003,.F.);
#16001=EDGE_CURVE('',#877,#871,#16004,.T.);
#16002=EDGE_CURVE('',#871,#875,#16005,.T.);
#16003=LINE('',#874,#16006);
#16004=LINE('',#876,#16007);
#16005=LINE('',#870,#16008);
#16006=VECTOR('',#16009,1.0);
#16007=VECTOR('',#16010,1.0);
#16008=VECTOR('',#16011,1.0);
#16009=DIRECTION('',(0,0,-1));
#16010=DIRECTION('',(-0.9240044549000773,0.38234771879476626,0.005097965991389521));
#16011=DIRECTION('',(0.1786342054010805,-0.07391780480236419,0.9811350461551784));
#16012=FACE_SURFACE('',(#16017),#16013,.T.);
#16013=PLANE('',#16014);
#16014=AXIS2_PLACEMENT_3D('',#874,#16015,#16016);
#16015=DIRECTION('',(0.38235268735822464,0.9240164622288629,0));
#16016=DIRECTION('',(-0.1786342054010805,0.07391780480236419,-0.9811350461551784));
#16017=FACE_BOUND('',#16018,.T.);
#16018=EDGE_LOOP('',(#16019,#16020,#16021));
#16019=ORIENTED_EDGE('',*,*,#16022,.T.);
#16020=ORIENTED_EDGE('',*,*,#16023,.T.);
#16021=ORIENTED_EDGE('',*,*,#16024,.T.);
#16022=EDGE_CURVE('',#875,#871,#16025,.F.);
#16023=EDGE_CURVE('',#871,#873,#16026,.T.);
#16024=EDGE_CURVE('',#873,#875,#16027,.T.);
#16025=LINE('',#874,#16028);
#16026=LINE('',#870,#16029);
#16027=LINE('',#872,#16030);
#16028=VECTOR('',#16031,1.0);
#16029=VECTOR('',#16032,1.0);
#16030=VECTOR('',#16033,1.0);
#16031=DIRECTION('',(-0.1786342054010805,0.07391780480236419,-0.9811350461551784));
#16032=DIRECTION('',(0,0,1));
#16033=DIRECTION('',(0.9240044552075936,-0.3823477189220147,0.005097900710132974));
#16034=FACE_SURFACE('',(#16039),#16035,.T.);
#16035=PLANE('',#16036);
#16036=AXIS2_PLACEMENT_3D('',#56,#16037,#16038);
#16037=DIRECTION('',(-0.28363164667514956,0,-0.9589333079022457));
#16038=DIRECTION('',(0,1,0));
#16039=FACE_BOUND('',#16040,.T.);
#16040=EDGE_LOOP('',(#16041,#16042,#16043));
#16041=ORIENTED_EDGE('',*,*,#16044,.T.);
#16042=ORIENTED_EDGE('',*,*,#16045,.T.);
#16043=ORIENTED_EDGE('',*,*,#16046,.T.);
#16044=EDGE_CURVE('',#57,#37,#16047,.F.);
#16045=EDGE_CURVE('',#37,#863,#16048,.T.);
#16046=EDGE_CURVE('',#863,#57,#16049,.T.);
#16047=LINE('',#56,#16050);
#16048=LINE('',#36,#16051);
#16049=LINE('',#862,#16052);
#16050=VECTOR('',#16053,1.0);
#16051=VECTOR('',#16054,1.0);
#16052=VECTOR('',#16055,1.0);
#16053=DIRECTION('',(0,1,0));
#16054=DIRECTION('',(0.22833449965213778,-0.9712374543955844,-0.06753638610255071));
#16055=DIRECTION('',(-0.49454349140832443,-0.8567556791906921,0.14627522442355267));
#16056=FACE_SURFACE('',(#16061),#16057,.T.);
#16057=PLANE('',#16058);
#16058=AXIS2_PLACEMENT_3D('',#230,#16059,#16060);
#16059=DIRECTION('',(0.014352286754311145,0.06577309443202108,0.9977313826445264));
#16060=DIRECTION('',(-0.3931714074489152,0.9178277253715931,-0.05484989429202674));
#16061=FACE_BOUND('',#16062,.T.);
#16062=EDGE_LOOP('',(#16063,#16064,#16065));
#16063=ORIENTED_EDGE('',*,*,#16066,.T.);
#16064=ORIENTED_EDGE('',*,*,#16067,.T.);
#16065=ORIENTED_EDGE('',*,*,#16068,.T.);
#16066=EDGE_CURVE('',#231,#879,#16069,.F.);
#16067=EDGE_CURVE('',#879,#881,#16070,.T.);
#16068=EDGE_CURVE('',#881,#231,#16071,.T.);
#16069=LINE('',#230,#16072);
#16070=LINE('',#878,#16073);
#16071=LINE('',#880,#16074);
#16072=VECTOR('',#16075,1.0);
#16073=VECTOR('',#16076,1.0);
#16074=VECTOR('',#16077,1.0);
#16075=DIRECTION('',(-0.3931714074489152,0.9178277253715931,-0.05484989429202674));
#16076=DIRECTION('',(0.3916834236061007,-0.9184599396448401,0.05491297606031449));
#16077=DIRECTION('',(0.9998965530832747,0,-0.014383432559233614));
#16078=FACE_SURFACE('',(#16083),#16079,.T.);
#16079=PLANE('',#16080);
#16080=AXIS2_PLACEMENT_3D('',#724,#16081,#16082);
#16081=DIRECTION('',(-0.28735857991834146,-0.0009534233606927221,-0.957822602328432));
#16082=DIRECTION('',(0.18205912340159244,-0.9818232732898888,-0.05364266597189293));
#16083=FACE_BOUND('',#16084,.T.);
#16084=EDGE_LOOP('',(#16085,#16086,#16087));
#16085=ORIENTED_EDGE('',*,*,#16088,.T.);
#16086=ORIENTED_EDGE('',*,*,#16089,.T.);
#16087=ORIENTED_EDGE('',*,*,#16090,.T.);
#16088=EDGE_CURVE('',#725,#863,#16091,.F.);
#16089=EDGE_CURVE('',#863,#37,#16092,.T.);
#16090=EDGE_CURVE('',#37,#725,#16093,.T.);
#16091=LINE('',#724,#16094);
#16092=LINE('',#862,#16095);
#16093=LINE('',#36,#16096);
#16094=VECTOR('',#16097,1.0);
#16095=VECTOR('',#16098,1.0);
#16096=VECTOR('',#16099,1.0);
#16097=DIRECTION('',(0.18205912340159244,-0.9818232732898888,-0.05364266597189293));
#16098=DIRECTION('',(-0.22833449965213778,0.9712374543955844,0.06753638610255071));
#16099=DIRECTION('',(0.9578230376668141,0,-0.28735871052521894));
#16100=FACE_SURFACE('',(#16105),#16101,.T.);
#16101=PLANE('',#16102);
#16102=AXIS2_PLACEMENT_3D('',#728,#16103,#16104);
#16103=DIRECTION('',(0.866037517431956,0.4999790179600484,-0));
#16104=DIRECTION('',(0,0,1));
#16105=FACE_BOUND('',#16106,.T.);
#16106=EDGE_LOOP('',(#16107,#16108,#16109));
#16107=ORIENTED_EDGE('',*,*,#16110,.T.);
#16108=ORIENTED_EDGE('',*,*,#16111,.T.);
#16109=ORIENTED_EDGE('',*,*,#16112,.T.);
#16110=EDGE_CURVE('',#729,#727,#16113,.F.);
#16111=EDGE_CURVE('',#727,#865,#16114,.T.);
#16112=EDGE_CURVE('',#865,#729,#16115,.T.);
#16113=LINE('',#728,#16116);
#16114=LINE('',#726,#16117);
#16115=LINE('',#864,#16118);
#16116=VECTOR('',#16119,1.0);
#16117=VECTOR('',#16120,1.0);
#16118=VECTOR('',#16121,1.0);
#16119=DIRECTION('',(0,0,1));
#16120=DIRECTION('',(0.49997251131198933,-0.866026246956337,0.005101716878090481));
#16121=DIRECTION('',(-0.09705739178454575,0.16811774016529887,-0.9809772108166909));
#16122=FACE_SURFACE('',(#16127),#16123,.T.);
#16123=PLANE('',#16124);
#16124=AXIS2_PLACEMENT_3D('',#854,#16125,#16126);
#16125=DIRECTION('',(0.014188186908115004,0.06570352731945175,0.9977383133116831));
#16126=DIRECTION('',(0.9762816408876995,-0.21650408216386485,0.0003742619446084931));
#16127=FACE_BOUND('',#16128,.T.);
#16128=EDGE_LOOP('',(#16129,#16130,#16131));
#16129=ORIENTED_EDGE('',*,*,#16132,.T.);
#16130=ORIENTED_EDGE('',*,*,#16133,.T.);
#16131=ORIENTED_EDGE('',*,*,#16134,.T.);
#16132=EDGE_CURVE('',#855,#881,#16135,.F.);
#16133=EDGE_CURVE('',#881,#879,#16136,.T.);
#16134=EDGE_CURVE('',#879,#855,#16137,.T.);
#16135=LINE('',#854,#16138);
#16136=LINE('',#880,#16139);
#16137=LINE('',#878,#16140);
#16138=VECTOR('',#16141,1.0);
#16139=VECTOR('',#16142,1.0);
#16140=VECTOR('',#16143,1.0);
#16141=DIRECTION('',(0.9762816408876995,-0.21650408216386485,0.0003742619446084931));
#16142=DIRECTION('',(-0.3916834236061007,0.9184599396448401,-0.05491297606031449));
#16143=DIRECTION('',(0.3384528250199652,-0.9392530084703513,0.05703920857970301));
#16144=FACE_SURFACE('',(#16149),#16145,.T.);
#16145=PLANE('',#16146);
#16146=AXIS2_PLACEMENT_3D('',#878,#16147,#16148);
#16147=DIRECTION('',(0.014190339425341576,0.06570413075850903,0.997738242961681));
#16148=DIRECTION('',(0.3931714074489152,-0.9178277253715931,0.05484989429202674));
#16149=FACE_BOUND('',#16150,.T.);
#16150=EDGE_LOOP('',(#16151,#16152,#16153));
#16151=ORIENTED_EDGE('',*,*,#16154,.T.);
#16152=ORIENTED_EDGE('',*,*,#16155,.T.);
#16153=ORIENTED_EDGE('',*,*,#16156,.T.);
#16154=EDGE_CURVE('',#879,#231,#16157,.F.);
#16155=EDGE_CURVE('',#231,#95,#16158,.T.);
#16156=EDGE_CURVE('',#95,#879,#16159,.T.);
#16157=LINE('',#878,#16160);
#16158=LINE('',#230,#16161);
#16159=LINE('',#94,#16162);
#16160=VECTOR('',#16163,1.0);
#16161=VECTOR('',#16164,1.0);
#16162=VECTOR('',#16165,1.0);
#16163=DIRECTION('',(0.3931714074489152,-0.9178277253715931,0.05484989429202674));
#16164=DIRECTION('',(0.97746318043844,-0.21110597075206042,0));
#16165=DIRECTION('',(-0.9666779921182094,0.255976558073436,-0.0031082585452466907));
#16166=FACE_SURFACE('',(#16171),#16167,.T.);
#16167=PLANE('',#16168);
#16168=AXIS2_PLACEMENT_3D('',#822,#16169,#16170);
#16169=DIRECTION('',(-0.8150380021897159,-0.5794075033916947,0));
#16170=DIRECTION('',(0,0,1));
#16171=FACE_BOUND('',#16172,.T.);
#16172=EDGE_LOOP('',(#16173,#16174,#16175));
#16173=ORIENTED_EDGE('',*,*,#16176,.T.);
#16174=ORIENTED_EDGE('',*,*,#16177,.T.);
#16175=ORIENTED_EDGE('',*,*,#16178,.T.);
#16176=EDGE_CURVE('',#823,#757,#16179,.F.);
#16177=EDGE_CURVE('',#757,#755,#16180,.T.);
#16178=EDGE_CURVE('',#755,#823,#16181,.T.);
#16179=LINE('',#822,#16182);
#16180=LINE('',#756,#16183);
#16181=LINE('',#754,#16184);
#16182=VECTOR('',#16185,1.0);
#16183=VECTOR('',#16186,1.0);
#16184=VECTOR('',#16187,1.0);
#16185=DIRECTION('',(0,0,1));
#16186=DIRECTION('',(-0.1283825211118564,0.18059247232832148,-0.9751432136928956));
#16187=DIRECTION('',(0.5794075033916947,-0.8150380021897158,0));
#16188=FACE_SURFACE('',(#16193),#16189,.T.);
#16189=PLANE('',#16190);
#16190=AXIS2_PLACEMENT_3D('',#620,#16191,#16192);
#16191=DIRECTION('',(0,0,1));
#16192=DIRECTION('',(-0.7760488872264235,0.6306727555829804,0));
#16193=FACE_BOUND('',#16194,.T.);
#16194=EDGE_LOOP('',(#16195,#16196,#16197));
#16195=ORIENTED_EDGE('',*,*,#16198,.T.);
#16196=ORIENTED_EDGE('',*,*,#16199,.T.);
#16197=ORIENTED_EDGE('',*,*,#16200,.T.);
#16198=EDGE_CURVE('',#621,#615,#16201,.F.);
#16199=EDGE_CURVE('',#615,#553,#16202,.T.);
#16200=EDGE_CURVE('',#553,#621,#16203,.T.);
#16201=LINE('',#620,#16204);
#16202=LINE('',#614,#16205);
#16203=LINE('',#552,#16206);
#16204=VECTOR('',#16207,1.0);
#16205=VECTOR('',#16208,1.0);
#16206=VECTOR('',#16209,1.0);
#16207=DIRECTION('',(-0.7760488872264235,0.6306727555829804,0));
#16208=DIRECTION('',(0.04419660732644238,-0.9990228525418388,0));
#16209=DIRECTION('',(-0.01507870787381085,0.9998863098216999,0));
#16210=FACE_SURFACE('',(#16215),#16211,.T.);
#16211=PLANE('',#16212);
#16212=AXIS2_PLACEMENT_3D('',#878,#16213,#16214);
#16213=DIRECTION('',(0.9407846632419242,0.3390047454074638,-0));
#16214=DIRECTION('',(0,0,1));
#16215=FACE_BOUND('',#16216,.T.);
#16216=EDGE_LOOP('',(#16217,#16218,#16219));
#16217=ORIENTED_EDGE('',*,*,#16220,.T.);
#16218=ORIENTED_EDGE('',*,*,#16221,.T.);
#16219=ORIENTED_EDGE('',*,*,#16222,.T.);
#16220=EDGE_CURVE('',#879,#549,#16223,.F.);
#16221=EDGE_CURVE('',#549,#855,#16224,.T.);
#16222=EDGE_CURVE('',#855,#879,#16225,.T.);
#16223=LINE('',#878,#16226);
#16224=LINE('',#548,#16227);
#16225=LINE('',#854,#16228);
#16226=VECTOR('',#16229,1.0);
#16227=VECTOR('',#16230,1.0);
#16228=VECTOR('',#16231,1.0);
#16229=DIRECTION('',(0,0,1));
#16230=DIRECTION('',(0.005561338507495578,-0.015433477099737913,-0.999865430594846));
#16231=DIRECTION('',(-0.3384528250199652,0.9392530084703513,-0.05703920857970301));
#16232=FACE_SURFACE('',(#16237),#16233,.T.);
#16233=PLANE('',#16234);
#16234=AXIS2_PLACEMENT_3D('',#808,#16235,#16236);
#16235=DIRECTION('',(-1,-0,-0));
#16236=DIRECTION('',(0,0,-1));
#16237=FACE_BOUND('',#16238,.T.);
#16238=EDGE_LOOP('',(#16239,#16240,#16241));
#16239=ORIENTED_EDGE('',*,*,#16242,.T.);
#16240=ORIENTED_EDGE('',*,*,#16243,.T.);
#16241=ORIENTED_EDGE('',*,*,#16244,.T.);
#16242=EDGE_CURVE('',#809,#521,#16245,.F.);
#16243=EDGE_CURVE('',#521,#845,#16246,.T.);
#16244=EDGE_CURVE('',#845,#809,#16247,.T.);
#16245=LINE('',#808,#16248);
#16246=LINE('',#520,#16249);
#16247=LINE('',#844,#16250);
#16248=VECTOR('',#16251,1.0);
#16249=VECTOR('',#16252,1.0);
#16250=VECTOR('',#16253,1.0);
#16251=DIRECTION('',(0,0,-1));
#16252=DIRECTION('',(0,-0.0002499506270907279,0.9999999687623414));
#16253=DIRECTION('',(0,1,0));
#16254=FACE_SURFACE('',(#16259),#16255,.T.);
#16255=PLANE('',#16256);
#16256=AXIS2_PLACEMENT_3D('',#114,#16257,#16258);
#16257=DIRECTION('',(-0.0003178708925661062,0.0002952849302426204,0.9999999058824484));
#16258=DIRECTION('',(0.9999999494790421,0,0.00031787090642419573));
#16259=FACE_BOUND('',#16260,.T.);
#16260=EDGE_LOOP('',(#16261,#16262,#16263));
#16261=ORIENTED_EDGE('',*,*,#16264,.T.);
#16262=ORIENTED_EDGE('',*,*,#16265,.T.);
#16263=ORIENTED_EDGE('',*,*,#16266,.T.);
#16264=EDGE_CURVE('',#115,#881,#16267,.F.);
#16265=EDGE_CURVE('',#881,#855,#16268,.T.);
#16266=EDGE_CURVE('',#855,#115,#16269,.T.);
#16267=LINE('',#114,#16270);
#16268=LINE('',#880,#16271);
#16269=LINE('',#854,#16272);
#16270=VECTOR('',#16273,1.0);
#16271=VECTOR('',#16274,1.0);
#16272=VECTOR('',#16275,1.0);
#16273=DIRECTION('',(0.9999999494790421,0,0.00031787090642419573));
#16274=DIRECTION('',(-0.9762816408876995,0.21650408216386485,-0.0003742619446084931));
#16275=DIRECTION('',(-0.6805984965984649,-0.7326565951575877,0));
#16276=FACE_SURFACE('',(#16281),#16277,.T.);
#16277=PLANE('',#16278);
#16278=AXIS2_PLACEMENT_3D('',#114,#16279,#16280);
#16279=DIRECTION('',(0,-1,0));
#16280=DIRECTION('',(1,0,0));
#16281=FACE_BOUND('',#16282,.T.);
#16282=EDGE_LOOP('',(#16283,#16284,#16285));
#16283=ORIENTED_EDGE('',*,*,#16286,.T.);
#16284=ORIENTED_EDGE('',*,*,#16287,.T.);
#16285=ORIENTED_EDGE('',*,*,#16288,.T.);
#16286=EDGE_CURVE('',#115,#231,#16289,.F.);
#16287=EDGE_CURVE('',#231,#881,#16290,.T.);
#16288=EDGE_CURVE('',#881,#115,#16291,.T.);
#16289=LINE('',#114,#16292);
#16290=LINE('',#230,#16293);
#16291=LINE('',#880,#16294);
#16292=VECTOR('',#16295,1.0);
#16293=VECTOR('',#16296,1.0);
#16294=VECTOR('',#16297,1.0);
#16295=DIRECTION('',(1,0,0));
#16296=DIRECTION('',(-0.9998965530832747,0,0.014383432559233614));
#16297=DIRECTION('',(-0.9999999494790421,0,-0.00031787090642419573));
#16298=FACE_SURFACE('',(#16303),#16299,.T.);
#16299=PLANE('',#16300);
#16300=AXIS2_PLACEMENT_3D('',#844,#16301,#16302);
#16301=DIRECTION('',(0,-1,0));
#16302=DIRECTION('',(0,0,-1));
#16303=FACE_BOUND('',#16304,.T.);
#16304=EDGE_LOOP('',(#16305,#16306,#16307));
#16305=ORIENTED_EDGE('',*,*,#16308,.T.);
#16306=ORIENTED_EDGE('',*,*,#16309,.T.);
#16307=ORIENTED_EDGE('',*,*,#16310,.T.);
#16308=EDGE_CURVE('',#845,#215,#16311,.F.);
#16309=EDGE_CURVE('',#215,#847,#16312,.T.);
#16310=EDGE_CURVE('',#847,#845,#16313,.T.);
#16311=LINE('',#844,#16314);
#16312=LINE('',#214,#16315);
#16313=LINE('',#846,#16316);
#16314=VECTOR('',#16317,1.0);
#16315=VECTOR('',#16318,1.0);
#16316=VECTOR('',#16319,1.0);
#16317=DIRECTION('',(0,0,-1));
#16318=DIRECTION('',(1,0,0));
#16319=DIRECTION('',(-0.09332914364452535,0,0.9956353102148295));
#16320=FACE_SURFACE('',(#16325),#16321,.T.);
#16321=PLANE('',#16322);
#16322=AXIS2_PLACEMENT_3D('',#854,#16323,#16324);
#16323=DIRECTION('',(0,0,1));
#16324=DIRECTION('',(-1,0,0));
#16325=FACE_BOUND('',#16326,.T.);
#16326=EDGE_LOOP('',(#16327,#16328,#16329));
#16327=ORIENTED_EDGE('',*,*,#16330,.T.);
#16328=ORIENTED_EDGE('',*,*,#16331,.T.);
#16329=ORIENTED_EDGE('',*,*,#16332,.T.);
#16330=EDGE_CURVE('',#855,#853,#16333,.F.);
#16331=EDGE_CURVE('',#853,#115,#16334,.T.);
#16332=EDGE_CURVE('',#115,#855,#16335,.T.);
#16333=LINE('',#854,#16336);
#16334=LINE('',#852,#16337);
#16335=LINE('',#114,#16338);
#16336=VECTOR('',#16339,1.0);
#16337=VECTOR('',#16340,1.0);
#16338=VECTOR('',#16341,1.0);
#16339=DIRECTION('',(-1,0,0));
#16340=DIRECTION('',(0.9999999580180917,-0.00028976510260254375,0));
#16341=DIRECTION('',(0.6805984965984649,0.7326565951575877,0));
#16342=FACE_SURFACE('',(#16347),#16343,.T.);
#16343=PLANE('',#16344);
#16344=AXIS2_PLACEMENT_3D('',#852,#16345,#16346);
#16345=DIRECTION('',(0,0,1));
#16346=DIRECTION('',(0,-1,0));
#16347=FACE_BOUND('',#16348,.T.);
#16348=EDGE_LOOP('',(#16349,#16350,#16351));
#16349=ORIENTED_EDGE('',*,*,#16352,.T.);
#16350=ORIENTED_EDGE('',*,*,#16353,.T.);
#16351=ORIENTED_EDGE('',*,*,#16354,.T.);
#16352=EDGE_CURVE('',#853,#571,#16355,.F.);
#16353=EDGE_CURVE('',#571,#115,#16356,.T.);
#16354=EDGE_CURVE('',#115,#853,#16357,.T.);
#16355=LINE('',#852,#16358);
#16356=LINE('',#570,#16359);
#16357=LINE('',#114,#16360);
#16358=VECTOR('',#16361,1.0);
#16359=VECTOR('',#16362,1.0);
#16360=VECTOR('',#16363,1.0);
#16361=DIRECTION('',(0,-1,0));
#16362=DIRECTION('',(1,0,0));
#16363=DIRECTION('',(-0.9999999580180917,0.00028976510260254375,0));
#16364=FACE_SURFACE('',(#16369),#16365,.T.);
#16365=PLANE('',#16366);
#16366=AXIS2_PLACEMENT_3D('',#768,#16367,#16368);
#16367=DIRECTION('',(-0,-1,-0));
#16368=DIRECTION('',(-1,0,0));
#16369=FACE_BOUND('',#16370,.T.);
#16370=EDGE_LOOP('',(#16371,#16372,#16373));
#16371=ORIENTED_EDGE('',*,*,#16374,.T.);
#16372=ORIENTED_EDGE('',*,*,#16375,.T.);
#16373=ORIENTED_EDGE('',*,*,#16376,.T.);
#16374=EDGE_CURVE('',#769,#771,#16377,.F.);
#16375=EDGE_CURVE('',#771,#855,#16378,.T.);
#16376=EDGE_CURVE('',#855,#769,#16379,.T.);
#16377=LINE('',#768,#16380);
#16378=LINE('',#770,#16381);
#16379=LINE('',#854,#16382);
#16380=VECTOR('',#16383,1.0);
#16381=VECTOR('',#16384,1.0);
#16382=VECTOR('',#16385,1.0);
#16383=DIRECTION('',(-1,0,0));
#16384=DIRECTION('',(0.6532699301943853,0,-0.7571250876201521));
#16385=DIRECTION('',(0,0,1));
#16386=FACE_SURFACE('',(#16391),#16387,.T.);
#16387=PLANE('',#16388);
#16388=AXIS2_PLACEMENT_3D('',#754,#16389,#16390);
#16389=DIRECTION('',(-0.21032013721382947,-0.049258462938504916,-0.976390825290412));
#16390=DIRECTION('',(-0.2280363276488828,0.9736526245393741,0));
#16391=FACE_BOUND('',#16392,.T.);
#16392=EDGE_LOOP('',(#16393,#16394,#16395));
#16393=ORIENTED_EDGE('',*,*,#16396,.T.);
#16394=ORIENTED_EDGE('',*,*,#16397,.T.);
#16395=ORIENTED_EDGE('',*,*,#16398,.T.);
#16396=EDGE_CURVE('',#755,#57,#16399,.F.);
#16397=EDGE_CURVE('',#57,#883,#16400,.T.);
#16398=EDGE_CURVE('',#883,#755,#16401,.T.);
#16399=LINE('',#754,#16402);
#16400=LINE('',#56,#16403);
#16401=LINE('',#882,#16404);
#16402=VECTOR('',#16405,1.0);
#16403=VECTOR('',#16406,1.0);
#16404=VECTOR('',#16407,1.0);
#16405=DIRECTION('',(-0.2280363276488828,0.9736526245393741,0));
#16406=DIRECTION('',(0.8295751519686592,-0.5374270982984046,-0.15158225902371658));
#16407=DIRECTION('',(-0.3097876425487932,-0.9439045467609012,0.11434956549177999));
#16408=FACE_SURFACE('',(#16413),#16409,.T.);
#16409=PLANE('',#16410);
#16410=AXIS2_PLACEMENT_3D('',#534,#16411,#16412);
#16411=DIRECTION('',(-0.017431092442592337,0.9998480669663056,0));
#16412=DIRECTION('',(-0.1561263737534391,-0.002721866795102411,-0.9877333379307144));
#16413=FACE_BOUND('',#16414,.T.);
#16414=EDGE_LOOP('',(#16415,#16416,#16417));
#16415=ORIENTED_EDGE('',*,*,#16418,.T.);
#16416=ORIENTED_EDGE('',*,*,#16419,.T.);
#16417=ORIENTED_EDGE('',*,*,#16420,.T.);
#16418=EDGE_CURVE('',#535,#819,#16421,.F.);
#16419=EDGE_CURVE('',#819,#533,#16422,.T.);
#16420=EDGE_CURVE('',#533,#535,#16423,.T.);
#16421=LINE('',#534,#16424);
#16422=LINE('',#818,#16425);
#16423=LINE('',#532,#16426);
#16424=VECTOR('',#16427,1.0);
#16425=VECTOR('',#16428,1.0);
#16426=VECTOR('',#16429,1.0);
#16427=DIRECTION('',(-0.1561263737534391,-0.002721866795102411,-0.9877333379307144));
#16428=DIRECTION('',(0,0,1));
#16429=DIRECTION('',(0.9998468119363784,0.017431070562725384,0.0015844367130487703));
#16430=FACE_SURFACE('',(#16435),#16431,.T.);
#16431=PLANE('',#16432);
#16432=AXIS2_PLACEMENT_3D('',#638,#16433,#16434);
#16433=DIRECTION('',(-0.4815857891397059,-0.8763989546426255,0));
#16434=DIRECTION('',(0.12744683238275742,-0.07003269803240916,0.9893698631562934));
#16435=FACE_BOUND('',#16436,.T.);
#16436=EDGE_LOOP('',(#16437,#16438,#16439));
#16437=ORIENTED_EDGE('',*,*,#16440,.T.);
#16438=ORIENTED_EDGE('',*,*,#16441,.T.);
#16439=ORIENTED_EDGE('',*,*,#16442,.T.);
#16440=EDGE_CURVE('',#639,#133,#16443,.F.);
#16441=EDGE_CURVE('',#133,#885,#16444,.T.);
#16442=EDGE_CURVE('',#885,#639,#16445,.T.);
#16443=LINE('',#638,#16446);
#16444=LINE('',#132,#16447);
#16445=LINE('',#884,#16448);
#16446=VECTOR('',#16449,1.0);
#16447=VECTOR('',#16450,1.0);
#16448=VECTOR('',#16451,1.0);
#16449=DIRECTION('',(0.12744683238275742,-0.07003269803240916,0.9893698631562934));
#16450=DIRECTION('',(-0.8763989546426254,0.4815857891397059,0));
#16451=DIRECTION('',(0,0,-1));
#16452=FACE_SURFACE('',(#16457),#16453,.T.);
#16453=PLANE('',#16454);
#16454=AXIS2_PLACEMENT_3D('',#886,#16455,#16456);
#16455=DIRECTION('',(-0.6497449132188874,-0.5714064522316382,-0.5013244599002059));
#16456=DIRECTION('',(-0.6654956426346411,0.7463071230542944,0.011883926654453371));
#16457=FACE_BOUND('',#16458,.T.);
#16458=EDGE_LOOP('',(#16459,#16460,#16461));
#16459=ORIENTED_EDGE('',*,*,#16462,.T.);
#16460=ORIENTED_EDGE('',*,*,#16463,.T.);
#16461=ORIENTED_EDGE('',*,*,#16464,.T.);
#16462=EDGE_CURVE('',#887,#889,#16465,.F.);
#16463=EDGE_CURVE('',#889,#741,#16466,.T.);
#16464=EDGE_CURVE('',#741,#887,#16467,.T.);
#16465=LINE('',#886,#16468);
#16466=LINE('',#888,#16469);
#16467=LINE('',#740,#16470);
#16468=VECTOR('',#16471,1.0);
#16469=VECTOR('',#16472,1.0);
#16470=VECTOR('',#16473,1.0);
#16471=DIRECTION('',(-0.6654956426346411,0.7463071230542944,0.011883926654453371));
#16472=DIRECTION('',(-0.5065927991551382,0.8171983848671991,-0.2748645768639584));
#16473=DIRECTION('',(0.5680892666426259,-0.8032145967337383,0.1792230362406064));
#16474=FACE_SURFACE('',(#16479),#16475,.T.);
#16475=PLANE('',#16476);
#16476=AXIS2_PLACEMENT_3D('',#874,#16477,#16478);
#16477=DIRECTION('',(0.15963547885300103,0.9871760298403589,0));
#16478=DIRECTION('',(0.9871610735213507,-0.15963306027812219,0.005504633540546587));
#16479=FACE_BOUND('',#16480,.T.);
#16480=EDGE_LOOP('',(#16481,#16482,#16483));
#16481=ORIENTED_EDGE('',*,*,#16484,.T.);
#16482=ORIENTED_EDGE('',*,*,#16485,.T.);
#16483=ORIENTED_EDGE('',*,*,#16486,.T.);
#16484=EDGE_CURVE('',#875,#533,#16487,.F.);
#16485=EDGE_CURVE('',#533,#819,#16488,.T.);
#16486=EDGE_CURVE('',#819,#875,#16489,.T.);
#16487=LINE('',#874,#16490);
#16488=LINE('',#532,#16491);
#16489=LINE('',#818,#16492);
#16490=VECTOR('',#16493,1.0);
#16491=VECTOR('',#16494,1.0);
#16492=VECTOR('',#16495,1.0);
#16493=DIRECTION('',(0.9871610735213507,-0.15963306027812219,0.005504633540546587));
#16494=DIRECTION('',(0,0,-1));
#16495=DIRECTION('',(-0.13366289220540478,0.021614523810446873,0.9907911200690758));
#16496=FACE_SURFACE('',(#16501),#16497,.T.);
#16497=PLANE('',#16498);
#16498=AXIS2_PLACEMENT_3D('',#874,#16499,#16500);
#16499=DIRECTION('',(0.159635478853001,0.9871760298403588,0));
#16500=DIRECTION('',(0.13366289220540478,-0.021614523810446873,-0.9907911200690758));
#16501=FACE_BOUND('',#16502,.T.);
#16502=EDGE_LOOP('',(#16503,#16504,#16505));
#16503=ORIENTED_EDGE('',*,*,#16506,.T.);
#16504=ORIENTED_EDGE('',*,*,#16507,.T.);
#16505=ORIENTED_EDGE('',*,*,#16508,.T.);
#16506=EDGE_CURVE('',#875,#819,#16509,.F.);
#16507=EDGE_CURVE('',#819,#877,#16510,.T.);
#16508=EDGE_CURVE('',#877,#875,#16511,.T.);
#16509=LINE('',#874,#16512);
#16510=LINE('',#818,#16513);
#16511=LINE('',#876,#16514);
#16512=VECTOR('',#16515,1.0);
#16513=VECTOR('',#16516,1.0);
#16514=VECTOR('',#16517,1.0);
#16515=DIRECTION('',(0.13366289220540478,-0.021614523810446873,-0.9907911200690758));
#16516=DIRECTION('',(-0.9871693825943375,0.15963440393194378,0.003669761519183238));
#16517=DIRECTION('',(0,0,1));
#16518=FACE_SURFACE('',(#16523),#16519,.T.);
#16519=PLANE('',#16520);
#16520=AXIS2_PLACEMENT_3D('',#638,#16521,#16522);
#16521=DIRECTION('',(-0.279216802154239,-0.9602280861309778,0));
#16522=DIRECTION('',(0,0,1));
#16523=FACE_BOUND('',#16524,.T.);
#16524=EDGE_LOOP('',(#16525,#16526,#16527));
#16525=ORIENTED_EDGE('',*,*,#16528,.T.);
#16526=ORIENTED_EDGE('',*,*,#16529,.T.);
#16527=ORIENTED_EDGE('',*,*,#16530,.T.);
#16528=EDGE_CURVE('',#639,#885,#16531,.F.);
#16529=EDGE_CURVE('',#885,#891,#16532,.T.);
#16530=EDGE_CURVE('',#891,#639,#16533,.T.);
#16531=LINE('',#638,#16534);
#16532=LINE('',#884,#16535);
#16533=LINE('',#890,#16536);
#16534=VECTOR('',#16537,1.0);
#16535=VECTOR('',#16538,1.0);
#16536=VECTOR('',#16539,1.0);
#16537=DIRECTION('',(0,0,1));
#16538=DIRECTION('',(-0.9602280861309779,0.27921680215423905,0));
#16539=DIRECTION('',(0.139571219193207,-0.04058476320237513,-0.9893799835092323));
#16540=FACE_SURFACE('',(#16545),#16541,.T.);
#16541=PLANE('',#16542);
#16542=AXIS2_PLACEMENT_3D('',#546,#16543,#16544);
#16543=DIRECTION('',(0,1,0));
#16544=DIRECTION('',(0,0,-1));
#16545=FACE_BOUND('',#16546,.T.);
#16546=EDGE_LOOP('',(#16547,#16548,#16549));
#16547=ORIENTED_EDGE('',*,*,#16550,.T.);
#16548=ORIENTED_EDGE('',*,*,#16551,.T.);
#16549=ORIENTED_EDGE('',*,*,#16552,.T.);
#16550=EDGE_CURVE('',#547,#159,#16553,.F.);
#16551=EDGE_CURVE('',#159,#271,#16554,.T.);
#16552=EDGE_CURVE('',#271,#547,#16555,.T.);
#16553=LINE('',#546,#16556);
#16554=LINE('',#158,#16557);
#16555=LINE('',#270,#16558);
#16556=VECTOR('',#16559,1.0);
#16557=VECTOR('',#16560,1.0);
#16558=VECTOR('',#16561,1.0);
#16559=DIRECTION('',(0,0,-1));
#16560=DIRECTION('',(-0.9834670563125586,0,0.18108713137026275));
#16561=DIRECTION('',(0.9925436500321154,0,0.12188971564871884));
#16562=FACE_SURFACE('',(#16567),#16563,.T.);
#16563=PLANE('',#16564);
#16564=AXIS2_PLACEMENT_3D('',#740,#16565,#16566);
#16565=DIRECTION('',(-0.7910834499085191,-0.5930039000778662,-0.15011112474855332));
#16566=DIRECTION('',(0.5998001571961261,-0.8001498431090908,0));
#16567=FACE_BOUND('',#16568,.T.);
#16568=EDGE_LOOP('',(#16569,#16570,#16571));
#16569=ORIENTED_EDGE('',*,*,#16572,.T.);
#16570=ORIENTED_EDGE('',*,*,#16573,.T.);
#16571=ORIENTED_EDGE('',*,*,#16574,.T.);
#16572=EDGE_CURVE('',#741,#737,#16575,.F.);
#16573=EDGE_CURVE('',#737,#887,#16576,.T.);
#16574=EDGE_CURVE('',#887,#741,#16577,.T.);
#16575=LINE('',#740,#16578);
#16576=LINE('',#736,#16579);
#16577=LINE('',#886,#16580);
#16578=VECTOR('',#16581,1.0);
#16579=VECTOR('',#16582,1.0);
#16580=VECTOR('',#16583,1.0);
#16581=DIRECTION('',(0.5998001571961261,-0.8001498431090908,0));
#16582=DIRECTION('',(-0.5803904267289457,0.6501181141699672,0.49040125426988646));
#16583=DIRECTION('',(-0.5680892666426259,0.8032145967337383,-0.1792230362406064));
#16584=FACE_SURFACE('',(#16589),#16585,.T.);
#16585=PLANE('',#16586);
#16586=AXIS2_PLACEMENT_3D('',#436,#16587,#16588);
#16587=DIRECTION('',(0,-1,0));
#16588=DIRECTION('',(0,0,1));
#16589=FACE_BOUND('',#16590,.T.);
#16590=EDGE_LOOP('',(#16591,#16592,#16593));
#16591=ORIENTED_EDGE('',*,*,#16594,.T.);
#16592=ORIENTED_EDGE('',*,*,#16595,.T.);
#16593=ORIENTED_EDGE('',*,*,#16596,.T.);
#16594=EDGE_CURVE('',#437,#223,#16597,.F.);
#16595=EDGE_CURVE('',#223,#269,#16598,.T.);
#16596=EDGE_CURVE('',#269,#437,#16599,.T.);
#16597=LINE('',#436,#16600);
#16598=LINE('',#222,#16601);
#16599=LINE('',#268,#16602);
#16600=VECTOR('',#16603,1.0);
#16601=VECTOR('',#16604,1.0);
#16602=VECTOR('',#16605,1.0);
#16603=DIRECTION('',(0,0,1));
#16604=DIRECTION('',(-0.9908996426191596,0,-0.13460274238373407));
#16605=DIRECTION('',(0.9908704532910668,0,-0.13481744988967773));
#16606=FACE_SURFACE('',(#16611),#16607,.T.);
#16607=PLANE('',#16608);
#16608=AXIS2_PLACEMENT_3D('',#856,#16609,#16610);
#16609=DIRECTION('',(0,-1,0));
#16610=DIRECTION('',(0,0,-1));
#16611=FACE_BOUND('',#16612,.T.);
#16612=EDGE_LOOP('',(#16613,#16614,#16615));
#16613=ORIENTED_EDGE('',*,*,#16616,.T.);
#16614=ORIENTED_EDGE('',*,*,#16617,.T.);
#16615=ORIENTED_EDGE('',*,*,#16618,.T.);
#16616=EDGE_CURVE('',#857,#435,#16619,.F.);
#16617=EDGE_CURVE('',#435,#809,#16620,.T.);
#16618=EDGE_CURVE('',#809,#857,#16621,.T.);
#16619=LINE('',#856,#16622);
#16620=LINE('',#434,#16623);
#16621=LINE('',#808,#16624);
#16622=VECTOR('',#16625,1.0);
#16623=VECTOR('',#16626,1.0);
#16624=VECTOR('',#16627,1.0);
#16625=DIRECTION('',(0,0,-1));
#16626=DIRECTION('',(0.6508185919432559,0,0.7592332713869946));
#16627=DIRECTION('',(-1,0,0));
#16628=FACE_SURFACE('',(#16633),#16629,.T.);
#16629=PLANE('',#16630);
#16630=AXIS2_PLACEMENT_3D('',#576,#16631,#16632);
#16631=DIRECTION('',(-0.10875481571189154,-0.9940686043022747,0));
#16632=DIRECTION('',(0,0,1));
#16633=FACE_BOUND('',#16634,.T.);
#16634=EDGE_LOOP('',(#16635,#16636,#16637));
#16635=ORIENTED_EDGE('',*,*,#16638,.T.);
#16636=ORIENTED_EDGE('',*,*,#16639,.T.);
#16637=ORIENTED_EDGE('',*,*,#16640,.T.);
#16638=EDGE_CURVE('',#577,#891,#16641,.F.);
#16639=EDGE_CURVE('',#891,#561,#16642,.T.);
#16640=EDGE_CURVE('',#561,#577,#16643,.T.);
#16641=LINE('',#576,#16644);
#16642=LINE('',#890,#16645);
#16643=LINE('',#560,#16646);
#16644=VECTOR('',#16647,1.0);
#16645=VECTOR('',#16648,1.0);
#16646=VECTOR('',#16649,1.0);
#16647=DIRECTION('',(0,0,1));
#16648=DIRECTION('',(-0.9940686043022748,0.10875481571189154,0));
#16649=DIRECTION('',(0.1447630733685524,-0.015837620560538935,-0.9893395890005976));
#16650=FACE_SURFACE('',(#16655),#16651,.T.);
#16651=PLANE('',#16652);
#16652=AXIS2_PLACEMENT_3D('',#890,#16653,#16654);
#16653=DIRECTION('',(0,-0,1));
#16654=DIRECTION('',(0.881256340343774,0.4726386173429955,0));
#16655=FACE_BOUND('',#16656,.T.);
#16656=EDGE_LOOP('',(#16657,#16658,#16659));
#16657=ORIENTED_EDGE('',*,*,#16660,.T.);
#16658=ORIENTED_EDGE('',*,*,#16661,.T.);
#16659=ORIENTED_EDGE('',*,*,#16662,.T.);
#16660=EDGE_CURVE('',#891,#115,#16663,.F.);
#16661=EDGE_CURVE('',#115,#561,#16664,.T.);
#16662=EDGE_CURVE('',#561,#891,#16665,.T.);
#16663=LINE('',#890,#16666);
#16664=LINE('',#114,#16667);
#16665=LINE('',#560,#16668);
#16666=VECTOR('',#16669,1.0);
#16667=VECTOR('',#16670,1.0);
#16668=VECTOR('',#16671,1.0);
#16669=DIRECTION('',(0.881256340343774,0.4726386173429955,0));
#16670=DIRECTION('',(-0.8978035339375471,-0.4403962016744148,0));
#16671=DIRECTION('',(0.9940686043022748,-0.10875481571189154,0));
#16672=FACE_SURFACE('',(#16677),#16673,.T.);
#16673=PLANE('',#16674);
#16674=AXIS2_PLACEMENT_3D('',#884,#16675,#16676);
#16675=DIRECTION('',(0,-0,1));
#16676=DIRECTION('',(0.8567238865741833,0.5157753214077094,0));
#16677=FACE_BOUND('',#16678,.T.);
#16678=EDGE_LOOP('',(#16679,#16680,#16681));
#16679=ORIENTED_EDGE('',*,*,#16682,.T.);
#16680=ORIENTED_EDGE('',*,*,#16683,.T.);
#16681=ORIENTED_EDGE('',*,*,#16684,.T.);
#16682=EDGE_CURVE('',#885,#115,#16685,.F.);
#16683=EDGE_CURVE('',#115,#891,#16686,.T.);
#16684=EDGE_CURVE('',#891,#885,#16687,.T.);
#16685=LINE('',#884,#16688);
#16686=LINE('',#114,#16689);
#16687=LINE('',#890,#16690);
#16688=VECTOR('',#16691,1.0);
#16689=VECTOR('',#16692,1.0);
#16690=VECTOR('',#16693,1.0);
#16691=DIRECTION('',(0.8567238865741833,0.5157753214077094,0));
#16692=DIRECTION('',(-0.881256340343774,-0.4726386173429955,0));
#16693=DIRECTION('',(0.9602280861309779,-0.27921680215423905,0));
#16694=FACE_SURFACE('',(#16699),#16695,.T.);
#16695=PLANE('',#16696);
#16696=AXIS2_PLACEMENT_3D('',#132,#16697,#16698);
#16697=DIRECTION('',(0,-0,1));
#16698=DIRECTION('',(0.8222710746642432,0.5690960198160857,0));
#16699=FACE_BOUND('',#16700,.T.);
#16700=EDGE_LOOP('',(#16701,#16702,#16703));
#16701=ORIENTED_EDGE('',*,*,#16704,.T.);
#16702=ORIENTED_EDGE('',*,*,#16705,.T.);
#16703=ORIENTED_EDGE('',*,*,#16706,.T.);
#16704=EDGE_CURVE('',#133,#115,#16707,.F.);
#16705=EDGE_CURVE('',#115,#885,#16708,.T.);
#16706=EDGE_CURVE('',#885,#133,#16709,.T.);
#16707=LINE('',#132,#16710);
#16708=LINE('',#114,#16711);
#16709=LINE('',#884,#16712);
#16710=VECTOR('',#16713,1.0);
#16711=VECTOR('',#16714,1.0);
#16712=VECTOR('',#16715,1.0);
#16713=DIRECTION('',(0.8222710746642432,0.5690960198160857,0));
#16714=DIRECTION('',(-0.8567238865741833,-0.5157753214077094,0));
#16715=DIRECTION('',(0.8763989546426254,-0.4815857891397059,0));
#16716=FACE_SURFACE('',(#16721),#16717,.T.);
#16717=PLANE('',#16718);
#16718=AXIS2_PLACEMENT_3D('',#602,#16719,#16720);
#16719=DIRECTION('',(4.441740352701227E-05,8.985600662128024E-05,-0.9999999949764962));
#16720=DIRECTION('',(-0.10478021927528995,-0.9944953980837302,-9.401545082853074E-05));
#16721=FACE_BOUND('',#16722,.T.);
#16722=EDGE_LOOP('',(#16723,#16724,#16725));
#16723=ORIENTED_EDGE('',*,*,#16726,.T.);
#16724=ORIENTED_EDGE('',*,*,#16727,.T.);
#16725=ORIENTED_EDGE('',*,*,#16728,.T.);
#16726=EDGE_CURVE('',#603,#369,#16729,.F.);
#16727=EDGE_CURVE('',#369,#261,#16730,.T.);
#16728=EDGE_CURVE('',#261,#603,#16731,.T.);
#16729=LINE('',#602,#16732);
#16730=LINE('',#368,#16733);
#16731=LINE('',#260,#16734);
#16732=VECTOR('',#16735,1.0);
#16733=VECTOR('',#16736,1.0);
#16734=VECTOR('',#16737,1.0);
#16735=DIRECTION('',(-0.10478021927528995,-0.9944953980837302,-9.401545082853074E-05));
#16736=DIRECTION('',(-0.8964555226443504,0.44313372239138443,0));
#16737=DIRECTION('',(0.11341226576815405,0.9935480104545793,9.431373545328875E-05));
#16738=FACE_SURFACE('',(#16743),#16739,.T.);
#16739=PLANE('',#16740);
#16740=AXIS2_PLACEMENT_3D('',#856,#16741,#16742);
#16741=DIRECTION('',(-0.8922490884538183,0.45154353516945644,0));
#16742=DIRECTION('',(0.45154353516945644,0.8922490884538183,0));
#16743=FACE_BOUND('',#16744,.T.);
#16744=EDGE_LOOP('',(#16745,#16746,#16747));
#16745=ORIENTED_EDGE('',*,*,#16748,.T.);
#16746=ORIENTED_EDGE('',*,*,#16749,.T.);
#16747=ORIENTED_EDGE('',*,*,#16750,.T.);
#16748=EDGE_CURVE('',#857,#223,#16751,.F.);
#16749=EDGE_CURVE('',#223,#435,#16752,.T.);
#16750=EDGE_CURVE('',#435,#857,#16753,.T.);
#16751=LINE('',#856,#16754);
#16752=LINE('',#222,#16755);
#16753=LINE('',#434,#16756);
#16754=VECTOR('',#16757,1.0);
#16755=VECTOR('',#16758,1.0);
#16756=VECTOR('',#16759,1.0);
#16757=DIRECTION('',(0.45154353516945644,0.8922490884538183,0));
#16758=DIRECTION('',(-0.007810354874562314,-0.01543324502412331,-0.9998503954616206));
#16759=DIRECTION('',(0,0,1));
#16760=FACE_SURFACE('',(#16765),#16761,.T.);
#16761=PLANE('',#16762);
#16762=AXIS2_PLACEMENT_3D('',#784,#16763,#16764);
#16763=DIRECTION('',(0.5330588710022873,0.8460781524456041,0));
#16764=DIRECTION('',(0,0,-1));
#16765=FACE_BOUND('',#16766,.T.);
#16766=EDGE_LOOP('',(#16767,#16768,#16769));
#16767=ORIENTED_EDGE('',*,*,#16770,.T.);
#16768=ORIENTED_EDGE('',*,*,#16771,.T.);
#16769=ORIENTED_EDGE('',*,*,#16772,.T.);
#16770=EDGE_CURVE('',#785,#101,#16773,.F.);
#16771=EDGE_CURVE('',#101,#783,#16774,.T.);
#16772=EDGE_CURVE('',#783,#785,#16775,.T.);
#16773=LINE('',#784,#16776);
#16774=LINE('',#100,#16777);
#16775=LINE('',#782,#16778);
#16776=VECTOR('',#16779,1.0);
#16777=VECTOR('',#16780,1.0);
#16778=VECTOR('',#16781,1.0);
#16779=DIRECTION('',(0,0,-1));
#16780=DIRECTION('',(-0.04090213277905869,0.025769776299941094,0.9988307835482321));
#16781=DIRECTION('',(0.846078152445604,-0.5330588710022873,0));
#16782=FACE_SURFACE('',(#16787),#16783,.T.);
#16783=PLANE('',#16784);
#16784=AXIS2_PLACEMENT_3D('',#90,#16785,#16786);
#16785=DIRECTION('',(0.5330588710022873,0.8460781524456041,-0));
#16786=DIRECTION('',(0,0,1));
#16787=FACE_BOUND('',#16788,.T.);
#16788=EDGE_LOOP('',(#16789,#16790,#16791));
#16789=ORIENTED_EDGE('',*,*,#16792,.T.);
#16790=ORIENTED_EDGE('',*,*,#16793,.T.);
#16791=ORIENTED_EDGE('',*,*,#16794,.T.);
#16792=EDGE_CURVE('',#91,#783,#16795,.F.);
#16793=EDGE_CURVE('',#783,#101,#16796,.T.);
#16794=EDGE_CURVE('',#101,#91,#16797,.T.);
#16795=LINE('',#90,#16798);
#16796=LINE('',#782,#16799);
#16797=LINE('',#100,#16800);
#16798=VECTOR('',#16801,1.0);
#16799=VECTOR('',#16802,1.0);
#16800=VECTOR('',#16803,1.0);
#16801=DIRECTION('',(0,0,1));
#16802=DIRECTION('',(0.04090213277905869,-0.025769776299941094,-0.9988307835482321));
#16803=DIRECTION('',(-0.846078152445604,0.5330588710022873,0));
#16804=FACE_SURFACE('',(#16809),#16805,.T.);
#16805=PLANE('',#16806);
#16806=AXIS2_PLACEMENT_3D('',#132,#16807,#16808);
#16807=DIRECTION('',(-0.4815857891397059,-0.8763989546426255,-0));
#16808=DIRECTION('',(-0.12744683238275742,0.07003269803240916,-0.9893698631562934));
#16809=FACE_BOUND('',#16810,.T.);
#16810=EDGE_LOOP('',(#16811,#16812,#16813));
#16811=ORIENTED_EDGE('',*,*,#16814,.T.);
#16812=ORIENTED_EDGE('',*,*,#16815,.T.);
#16813=ORIENTED_EDGE('',*,*,#16816,.T.);
#16814=EDGE_CURVE('',#133,#639,#16817,.F.);
#16815=EDGE_CURVE('',#639,#129,#16818,.T.);
#16816=EDGE_CURVE('',#129,#133,#16819,.T.);
#16817=LINE('',#132,#16820);
#16818=LINE('',#638,#16821);
#16819=LINE('',#128,#16822);
#16820=VECTOR('',#16823,1.0);
#16821=VECTOR('',#16824,1.0);
#16822=VECTOR('',#16825,1.0);
#16823=DIRECTION('',(-0.12744683238275742,0.07003269803240916,-0.9893698631562934));
#16824=DIRECTION('',(0.8763989546426254,-0.4815857891397059,0));
#16825=DIRECTION('',(0,0,1));
#16826=FACE_SURFACE('',(#16831),#16827,.T.);
#16827=PLANE('',#16828);
#16828=AXIS2_PLACEMENT_3D('',#890,#16829,#16830);
#16829=DIRECTION('',(-0.279216802154239,-0.9602280861309778,-0));
#16830=DIRECTION('',(0,0,-1));
#16831=FACE_BOUND('',#16832,.T.);
#16832=EDGE_LOOP('',(#16833,#16834,#16835));
#16833=ORIENTED_EDGE('',*,*,#16836,.T.);
#16834=ORIENTED_EDGE('',*,*,#16837,.T.);
#16835=ORIENTED_EDGE('',*,*,#16838,.T.);
#16836=EDGE_CURVE('',#891,#577,#16839,.F.);
#16837=EDGE_CURVE('',#577,#639,#16840,.T.);
#16838=EDGE_CURVE('',#639,#891,#16841,.T.);
#16839=LINE('',#890,#16842);
#16840=LINE('',#576,#16843);
#16841=LINE('',#638,#16844);
#16842=VECTOR('',#16845,1.0);
#16843=VECTOR('',#16846,1.0);
#16844=VECTOR('',#16847,1.0);
#16845=DIRECTION('',(0,0,-1));
#16846=DIRECTION('',(0.9602280861309779,-0.27921680215423905,0));
#16847=DIRECTION('',(-0.139571219193207,0.04058476320237513,0.9893799835092323));
#16848=FACE_SURFACE('',(#16853),#16849,.T.);
#16849=PLANE('',#16850);
#16850=AXIS2_PLACEMENT_3D('',#888,#16851,#16852);
#16851=DIRECTION('',(-0.18224488999572833,-0.14703015310123585,-0.9721979912288814));
#16852=DIRECTION('',(0.6654956426346411,-0.7463071230542944,-0.011883926654453371));
#16853=FACE_BOUND('',#16854,.T.);
#16854=EDGE_LOOP('',(#16855,#16856,#16857));
#16855=ORIENTED_EDGE('',*,*,#16858,.T.);
#16856=ORIENTED_EDGE('',*,*,#16859,.T.);
#16857=ORIENTED_EDGE('',*,*,#16860,.T.);
#16858=EDGE_CURVE('',#889,#887,#16861,.F.);
#16859=EDGE_CURVE('',#887,#755,#16862,.T.);
#16860=EDGE_CURVE('',#755,#889,#16863,.T.);
#16861=LINE('',#888,#16864);
#16862=LINE('',#886,#16865);
#16863=LINE('',#754,#16866);
#16864=VECTOR('',#16867,1.0);
#16865=VECTOR('',#16868,1.0);
#16866=VECTOR('',#16869,1.0);
#16867=DIRECTION('',(0.6654956426346411,-0.7463071230542944,-0.011883926654453371));
#16868=DIRECTION('',(-0.8248398608364502,0.561044602951517,0.06977218266816759));
#16869=DIRECTION('',(0.9006158801470461,-0.42173019545026125,-0.10504607880566516));
#16870=FACE_SURFACE('',(#16875),#16871,.T.);
#16871=PLANE('',#16872);
#16872=AXIS2_PLACEMENT_3D('',#782,#16873,#16874);
#16873=DIRECTION('',(0.4360125575348591,0.8999405811896202,0));
#16874=DIRECTION('',(0,0,-1));
#16875=FACE_BOUND('',#16876,.T.);
#16876=EDGE_LOOP('',(#16877,#16878,#16879));
#16877=ORIENTED_EDGE('',*,*,#16880,.T.);
#16878=ORIENTED_EDGE('',*,*,#16881,.T.);
#16879=ORIENTED_EDGE('',*,*,#16882,.T.);
#16880=EDGE_CURVE('',#783,#91,#16883,.F.);
#16881=EDGE_CURVE('',#91,#841,#16884,.T.);
#16882=EDGE_CURVE('',#841,#783,#16885,.T.);
#16883=LINE('',#782,#16886);
#16884=LINE('',#90,#16887);
#16885=LINE('',#840,#16888);
#16886=VECTOR('',#16889,1.0);
#16887=VECTOR('',#16890,1.0);
#16888=VECTOR('',#16891,1.0);
#16889=DIRECTION('',(0,0,-1));
#16890=DIRECTION('',(-0.04668730638964307,0.02261955098908105,0.9986534190274081));
#16891=DIRECTION('',(0.8999405811896201,-0.43601255753485907,0));
#16892=FACE_SURFACE('',(#16897),#16893,.T.);
#16893=PLANE('',#16894);
#16894=AXIS2_PLACEMENT_3D('',#86,#16895,#16896);
#16895=DIRECTION('',(0.4360125575348591,0.8999405811896202,-0));
#16896=DIRECTION('',(0,0,1));
#16897=FACE_BOUND('',#16898,.T.);
#16898=EDGE_LOOP('',(#16899,#16900,#16901));
#16899=ORIENTED_EDGE('',*,*,#16902,.T.);
#16900=ORIENTED_EDGE('',*,*,#16903,.T.);
#16901=ORIENTED_EDGE('',*,*,#16904,.T.);
#16902=EDGE_CURVE('',#87,#841,#16905,.F.);
#16903=EDGE_CURVE('',#841,#91,#16906,.T.);
#16904=EDGE_CURVE('',#91,#87,#16907,.T.);
#16905=LINE('',#86,#16908);
#16906=LINE('',#840,#16909);
#16907=LINE('',#90,#16910);
#16908=VECTOR('',#16911,1.0);
#16909=VECTOR('',#16912,1.0);
#16910=VECTOR('',#16913,1.0);
#16911=DIRECTION('',(0,0,1));
#16912=DIRECTION('',(0.04668730638964307,-0.02261955098908105,-0.9986534190274081));
#16913=DIRECTION('',(-0.8999405811896201,0.43601255753485907,0));
#16914=FACE_SURFACE('',(#16919),#16915,.T.);
#16915=PLANE('',#16916);
#16916=AXIS2_PLACEMENT_3D('',#754,#16917,#16918);
#16917=DIRECTION('',(-0.16057607516717723,-0.11415293835022264,-0.9804001380813425));
#16918=DIRECTION('',(0.8248398608364502,-0.561044602951517,-0.06977218266816759));
#16919=FACE_BOUND('',#16920,.T.);
#16920=EDGE_LOOP('',(#16921,#16922,#16923));
#16921=ORIENTED_EDGE('',*,*,#16924,.T.);
#16922=ORIENTED_EDGE('',*,*,#16925,.T.);
#16923=ORIENTED_EDGE('',*,*,#16926,.T.);
#16924=EDGE_CURVE('',#755,#887,#16927,.F.);
#16925=EDGE_CURVE('',#887,#823,#16928,.T.);
#16926=EDGE_CURVE('',#823,#755,#16929,.T.);
#16927=LINE('',#754,#16930);
#16928=LINE('',#886,#16931);
#16929=LINE('',#822,#16932);
#16930=VECTOR('',#16933,1.0);
#16931=VECTOR('',#16934,1.0);
#16932=VECTOR('',#16935,1.0);
#16933=DIRECTION('',(0.8248398608364502,-0.561044602951517,-0.06977218266816759));
#16934=DIRECTION('',(-0.9788657011833657,-0.10902455117691257,0.17301903446577926));
#16935=DIRECTION('',(-0.5794075033916947,0.8150380021897158,0));
#16936=FACE_SURFACE('',(#16941),#16937,.T.);
#16937=PLANE('',#16938);
#16938=AXIS2_PLACEMENT_3D('',#842,#16939,#16940);
#16939=DIRECTION('',(0.3468419871195115,0.937923576828618,0));
#16940=DIRECTION('',(0.937923576828618,-0.3468419871195115,0));
#16941=FACE_BOUND('',#16942,.T.);
#16942=EDGE_LOOP('',(#16943,#16944,#16945));
#16943=ORIENTED_EDGE('',*,*,#16946,.T.);
#16944=ORIENTED_EDGE('',*,*,#16947,.T.);
#16945=ORIENTED_EDGE('',*,*,#16948,.T.);
#16946=EDGE_CURVE('',#843,#841,#16949,.F.);
#16947=EDGE_CURVE('',#841,#83,#16950,.T.);
#16948=EDGE_CURVE('',#83,#843,#16951,.T.);
#16949=LINE('',#842,#16952);
#16950=LINE('',#840,#16953);
#16951=LINE('',#82,#16954);
#16952=VECTOR('',#16955,1.0);
#16953=VECTOR('',#16956,1.0);
#16954=VECTOR('',#16957,1.0);
#16955=DIRECTION('',(0.937923576828618,-0.3468419871195115,0));
#16956=DIRECTION('',(-0.05157171968595505,0.0190711036346147,-0.9984871810568182));
#16957=DIRECTION('',(0,0,1));
#16958=FACE_SURFACE('',(#16963),#16959,.T.);
#16959=PLANE('',#16960);
#16960=AXIS2_PLACEMENT_3D('',#86,#16961,#16962);
#16961=DIRECTION('',(0.3468419871195115,0.937923576828618,-0));
#16962=DIRECTION('',(-0.937923576828618,0.3468419871195115,0));
#16963=FACE_BOUND('',#16964,.T.);
#16964=EDGE_LOOP('',(#16965,#16966,#16967));
#16965=ORIENTED_EDGE('',*,*,#16968,.T.);
#16966=ORIENTED_EDGE('',*,*,#16969,.T.);
#16967=ORIENTED_EDGE('',*,*,#16970,.T.);
#16968=EDGE_CURVE('',#87,#83,#16971,.F.);
#16969=EDGE_CURVE('',#83,#841,#16972,.T.);
#16970=EDGE_CURVE('',#841,#87,#16973,.T.);
#16971=LINE('',#86,#16974);
#16972=LINE('',#82,#16975);
#16973=LINE('',#840,#16976);
#16974=VECTOR('',#16977,1.0);
#16975=VECTOR('',#16978,1.0);
#16976=VECTOR('',#16979,1.0);
#16977=DIRECTION('',(-0.937923576828618,0.3468419871195115,0));
#16978=DIRECTION('',(0.05157171968595505,-0.0190711036346147,0.9984871810568182));
#16979=DIRECTION('',(0,0,-1));
#16980=FACE_SURFACE('',(#16985),#16981,.T.);
#16981=PLANE('',#16982);
#16982=AXIS2_PLACEMENT_3D('',#862,#16983,#16984);
#16983=DIRECTION('',(-0.9407181680145716,-0.339189066536389,0.00032482223026824496));
#16984=DIRECTION('',(0.30756856045902875,-0.8534237840965753,-0.4207961803004431));
#16985=FACE_BOUND('',#16986,.T.);
#16986=EDGE_LOOP('',(#16987,#16988,#16989));
#16987=ORIENTED_EDGE('',*,*,#16990,.T.);
#16988=ORIENTED_EDGE('',*,*,#16991,.T.);
#16989=ORIENTED_EDGE('',*,*,#16992,.T.);
#16990=EDGE_CURVE('',#863,#741,#16993,.F.);
#16991=EDGE_CURVE('',#741,#883,#16994,.T.);
#16992=EDGE_CURVE('',#883,#863,#16995,.T.);
#16993=LINE('',#862,#16996);
#16994=LINE('',#740,#16997);
#16995=LINE('',#882,#16998);
#16996=VECTOR('',#16999,1.0);
#16997=VECTOR('',#17000,1.0);
#16998=VECTOR('',#17001,1.0);
#16999=DIRECTION('',(0.30756856045902875,-0.8534237840965753,-0.4207961803004431));
#17000=DIRECTION('',(-0.09362662800903103,0.260587384111068,0.960899718893605));
#17001=DIRECTION('',(-0.33905026950771383,0.9403597699624301,0.027720349618144163));
#17002=FACE_SURFACE('',(#17007),#17003,.T.);
#17003=PLANE('',#17004);
#17004=AXIS2_PLACEMENT_3D('',#702,#17005,#17006);
#17005=DIRECTION('',(-0.07266432396321044,0.9972921307576771,0.011327045147878002));
#17006=DIRECTION('',(-0.9973559859750734,-0.07264860286034401,-0.0017938066030359818));
#17007=FACE_BOUND('',#17008,.T.);
#17008=EDGE_LOOP('',(#17009,#17010,#17011));
#17009=ORIENTED_EDGE('',*,*,#17012,.T.);
#17010=ORIENTED_EDGE('',*,*,#17013,.T.);
#17011=ORIENTED_EDGE('',*,*,#17014,.T.);
#17012=EDGE_CURVE('',#703,#219,#17015,.F.);
#17013=EDGE_CURVE('',#219,#763,#17016,.T.);
#17014=EDGE_CURVE('',#763,#703,#17017,.T.);
#17015=LINE('',#702,#17018);
#17016=LINE('',#218,#17019);
#17017=LINE('',#762,#17020);
#17018=VECTOR('',#17021,1.0);
#17019=VECTOR('',#17022,1.0);
#17020=VECTOR('',#17023,1.0);
#17021=DIRECTION('',(-0.9973559859750734,-0.07264860286034401,-0.0017938066030359818));
#17022=DIRECTION('',(0.08349791254976939,-0.005234188988436089,0.9964942056356696));
#17023=DIRECTION('',(0.19080987806823071,0.025048211093189453,-0.9813073817885087));
#17024=FACE_SURFACE('',(#17029),#17025,.T.);
#17025=PLANE('',#17026);
#17026=AXIS2_PLACEMENT_3D('',#596,#17027,#17028);
#17027=DIRECTION('',(0,1,0));
#17028=DIRECTION('',(0.9883755062523321,0,0.1520324262795484));
#17029=FACE_BOUND('',#17030,.T.);
#17030=EDGE_LOOP('',(#17031,#17032,#17033));
#17031=ORIENTED_EDGE('',*,*,#17034,.T.);
#17032=ORIENTED_EDGE('',*,*,#17035,.T.);
#17033=ORIENTED_EDGE('',*,*,#17036,.T.);
#17034=EDGE_CURVE('',#597,#271,#17037,.F.);
#17035=EDGE_CURVE('',#271,#159,#17038,.T.);
#17036=EDGE_CURVE('',#159,#597,#17039,.T.);
#17037=LINE('',#596,#17040);
#17038=LINE('',#270,#17041);
#17039=LINE('',#158,#17042);
#17040=VECTOR('',#17043,1.0);
#17041=VECTOR('',#17044,1.0);
#17042=VECTOR('',#17045,1.0);
#17043=DIRECTION('',(0.9883755062523321,0,0.1520324262795484));
#17044=DIRECTION('',(0.9834670563125586,0,-0.18108713137026275));
#17045=DIRECTION('',(-1,0,0));
#17046=FACE_SURFACE('',(#17051),#17047,.T.);
#17047=PLANE('',#17048);
#17048=AXIS2_PLACEMENT_3D('',#862,#17049,#17050);
#17049=DIRECTION('',(-0.20856306186597254,-0.04640047746733425,-0.9769075928233407));
#17050=DIRECTION('',(0.33905026950771383,-0.9403597699624301,-0.027720349618144163));
#17051=FACE_BOUND('',#17052,.T.);
#17052=EDGE_LOOP('',(#17053,#17054,#17055));
#17053=ORIENTED_EDGE('',*,*,#17056,.T.);
#17054=ORIENTED_EDGE('',*,*,#17057,.T.);
#17055=ORIENTED_EDGE('',*,*,#17058,.T.);
#17056=EDGE_CURVE('',#863,#883,#17059,.F.);
#17057=EDGE_CURVE('',#883,#57,#17060,.T.);
#17058=EDGE_CURVE('',#57,#863,#17061,.T.);
#17059=LINE('',#862,#17062);
#17060=LINE('',#882,#17063);
#17061=LINE('',#56,#17064);
#17062=VECTOR('',#17065,1.0);
#17063=VECTOR('',#17066,1.0);
#17064=VECTOR('',#17067,1.0);
#17065=DIRECTION('',(0.33905026950771383,-0.9403597699624301,-0.027720349618144163));
#17066=DIRECTION('',(-0.8295751519686592,0.5374270982984046,0.15158225902371658));
#17067=DIRECTION('',(0.49454349140832443,0.8567556791906921,-0.14627522442355267));
#17068=FACE_SURFACE('',(#17073),#17069,.T.);
#17069=PLANE('',#17070);
#17070=AXIS2_PLACEMENT_3D('',#702,#17071,#17072);
#17071=DIRECTION('',(-0.10283702158565758,0.9946835962595968,0.005393544610596404));
#17072=DIRECTION('',(-0.19080987806823071,-0.025048211093189453,0.9813073817885087));
#17073=FACE_BOUND('',#17074,.T.);
#17074=EDGE_LOOP('',(#17075,#17076,#17077));
#17075=ORIENTED_EDGE('',*,*,#17078,.T.);
#17076=ORIENTED_EDGE('',*,*,#17079,.T.);
#17077=ORIENTED_EDGE('',*,*,#17080,.T.);
#17078=EDGE_CURVE('',#703,#763,#17081,.F.);
#17079=EDGE_CURVE('',#763,#893,#17082,.T.);
#17080=EDGE_CURVE('',#893,#703,#17083,.T.);
#17081=LINE('',#702,#17084);
#17082=LINE('',#762,#17085);
#17083=LINE('',#892,#17086);
#17084=VECTOR('',#17087,1.0);
#17085=VECTOR('',#17088,1.0);
#17086=VECTOR('',#17089,1.0);
#17087=DIRECTION('',(-0.19080987806823071,-0.025048211093189453,0.9813073817885087));
#17088=DIRECTION('',(0.9946980644090408,0.10283851739940406,0));
#17089=DIRECTION('',(0.053972848668983504,0.010994213226904193,-0.998481877092457));
#17090=FACE_SURFACE('',(#17095),#17091,.T.);
#17091=PLANE('',#17092);
#17092=AXIS2_PLACEMENT_3D('',#226,#17093,#17094);
#17093=DIRECTION('',(0,-1,0));
#17094=DIRECTION('',(0,0,-1));
#17095=FACE_BOUND('',#17096,.T.);
#17096=EDGE_LOOP('',(#17097,#17098,#17099));
#17097=ORIENTED_EDGE('',*,*,#17100,.T.);
#17098=ORIENTED_EDGE('',*,*,#17101,.T.);
#17099=ORIENTED_EDGE('',*,*,#17102,.T.);
#17100=EDGE_CURVE('',#227,#269,#17103,.F.);
#17101=EDGE_CURVE('',#269,#223,#17104,.T.);
#17102=EDGE_CURVE('',#223,#227,#17105,.T.);
#17103=LINE('',#226,#17106);
#17104=LINE('',#268,#17107);
#17105=LINE('',#222,#17108);
#17106=VECTOR('',#17109,1.0);
#17107=VECTOR('',#17110,1.0);
#17108=VECTOR('',#17111,1.0);
#17109=DIRECTION('',(0,0,-1));
#17110=DIRECTION('',(0.9908996426191596,0,0.13460274238373407));
#17111=DIRECTION('',(-0.9987083265731219,0,-0.05081021977431821));
#17112=FACE_SURFACE('',(#17117),#17113,.T.);
#17113=PLANE('',#17114);
#17114=AXIS2_PLACEMENT_3D('',#882,#17115,#17116);
#17115=DIRECTION('',(-0.8568779166247019,-0.5125230969595592,0.05550055030261209));
#17116=DIRECTION('',(0.09362662800903103,-0.260587384111068,-0.960899718893605));
#17117=FACE_BOUND('',#17118,.T.);
#17118=EDGE_LOOP('',(#17119,#17120,#17121));
#17119=ORIENTED_EDGE('',*,*,#17122,.T.);
#17120=ORIENTED_EDGE('',*,*,#17123,.T.);
#17121=ORIENTED_EDGE('',*,*,#17124,.T.);
#17122=EDGE_CURVE('',#883,#741,#17125,.F.);
#17123=EDGE_CURVE('',#741,#889,#17126,.T.);
#17124=EDGE_CURVE('',#889,#883,#17127,.T.);
#17125=LINE('',#882,#17128);
#17126=LINE('',#740,#17129);
#17127=LINE('',#888,#17130);
#17128=VECTOR('',#17131,1.0);
#17129=VECTOR('',#17132,1.0);
#17130=VECTOR('',#17133,1.0);
#17131=DIRECTION('',(0.09362662800903103,-0.260587384111068,-0.960899718893605));
#17132=DIRECTION('',(0.5065927991551382,-0.8171983848671991,0.2748645768639584));
#17133=DIRECTION('',(-0.5125212516068633,0.8585372911135133,0.015352081904575902));
#17134=FACE_SURFACE('',(#17139),#17135,.T.);
#17135=PLANE('',#17136);
#17136=AXIS2_PLACEMENT_3D('',#842,#17137,#17138);
#17137=DIRECTION('',(0.2622385700748331,0.9650030737594087,0));
#17138=DIRECTION('',(0,0,-1));
#17139=FACE_BOUND('',#17140,.T.);
#17140=EDGE_LOOP('',(#17141,#17142,#17143));
#17141=ORIENTED_EDGE('',*,*,#17144,.T.);
#17142=ORIENTED_EDGE('',*,*,#17145,.T.);
#17143=ORIENTED_EDGE('',*,*,#17146,.T.);
#17144=EDGE_CURVE('',#843,#83,#17147,.F.);
#17145=EDGE_CURVE('',#83,#77,#17148,.T.);
#17146=EDGE_CURVE('',#77,#843,#17149,.T.);
#17147=LINE('',#842,#17150);
#17148=LINE('',#82,#17151);
#17149=LINE('',#76,#17152);
#17150=VECTOR('',#17153,1.0);
#17151=VECTOR('',#17154,1.0);
#17152=VECTOR('',#17155,1.0);
#17153=DIRECTION('',(0,0,-1));
#17154=DIRECTION('',(-0.9650030737594087,0.2622385700748331,0));
#17155=DIRECTION('',(0.055657090774662195,-0.015124755864675599,0.9983353795226005));
#17156=FACE_SURFACE('',(#17161),#17157,.T.);
#17157=PLANE('',#17158);
#17158=AXIS2_PLACEMENT_3D('',#220,#17159,#17160);
#17159=DIRECTION('',(0.3622845357243356,0.9320675486116886,0));
#17160=DIRECTION('',(-0.9320675486116887,0.3622845357243356,0));
#17161=FACE_BOUND('',#17162,.T.);
#17162=EDGE_LOOP('',(#17163,#17164,#17165));
#17163=ORIENTED_EDGE('',*,*,#17166,.T.);
#17164=ORIENTED_EDGE('',*,*,#17167,.T.);
#17165=ORIENTED_EDGE('',*,*,#17168,.T.);
#17166=EDGE_CURVE('',#221,#229,#17169,.F.);
#17167=EDGE_CURVE('',#229,#621,#17170,.T.);
#17168=EDGE_CURVE('',#621,#221,#17171,.T.);
#17169=LINE('',#220,#17172);
#17170=LINE('',#228,#17173);
#17171=LINE('',#620,#17174);
#17172=VECTOR('',#17175,1.0);
#17173=VECTOR('',#17176,1.0);
#17174=VECTOR('',#17177,1.0);
#17175=DIRECTION('',(-0.9320675486116887,0.3622845357243356,0));
#17176=DIRECTION('',(0,0,1));
#17177=DIRECTION('',(0.1356091716168351,-0.052709812558483005,-0.9893593018885735));
#17178=FACE_SURFACE('',(#17183),#17179,.T.);
#17179=PLANE('',#17180);
#17180=AXIS2_PLACEMENT_3D('',#220,#17181,#17182);
#17181=DIRECTION('',(0.3622845357243356,0.9320675486116886,-0));
#17182=DIRECTION('',(-0.1356091716168351,0.052709812558483005,0.9893593018885735));
#17183=FACE_BOUND('',#17184,.T.);
#17184=EDGE_LOOP('',(#17185,#17186,#17187));
#17185=ORIENTED_EDGE('',*,*,#17188,.T.);
#17186=ORIENTED_EDGE('',*,*,#17189,.T.);
#17187=ORIENTED_EDGE('',*,*,#17190,.T.);
#17188=EDGE_CURVE('',#221,#621,#17191,.F.);
#17189=EDGE_CURVE('',#621,#765,#17192,.T.);
#17190=EDGE_CURVE('',#765,#221,#17193,.T.);
#17191=LINE('',#220,#17194);
#17192=LINE('',#620,#17195);
#17193=LINE('',#764,#17196);
#17194=VECTOR('',#17197,1.0);
#17195=VECTOR('',#17198,1.0);
#17196=VECTOR('',#17199,1.0);
#17197=DIRECTION('',(-0.1356091716168351,0.052709812558483005,0.9893593018885735));
#17198=DIRECTION('',(0.9320675486116887,-0.3622845357243356,0));
#17199=DIRECTION('',(0,0,-1));
#17200=FACE_SURFACE('',(#17205),#17201,.T.);
#17201=PLANE('',#17202);
#17202=AXIS2_PLACEMENT_3D('',#882,#17203,#17204);
#17203=DIRECTION('',(-0.14823010180483953,-0.07085027576803081,-0.9864117169531803));
#17204=DIRECTION('',(0.5125212516068633,-0.8585372911135133,-0.015352081904575902));
#17205=FACE_BOUND('',#17206,.T.);
#17206=EDGE_LOOP('',(#17207,#17208,#17209));
#17207=ORIENTED_EDGE('',*,*,#17210,.T.);
#17208=ORIENTED_EDGE('',*,*,#17211,.T.);
#17209=ORIENTED_EDGE('',*,*,#17212,.T.);
#17210=EDGE_CURVE('',#883,#889,#17213,.F.);
#17211=EDGE_CURVE('',#889,#755,#17214,.T.);
#17212=EDGE_CURVE('',#755,#883,#17215,.T.);
#17213=LINE('',#882,#17216);
#17214=LINE('',#888,#17217);
#17215=LINE('',#754,#17218);
#17216=VECTOR('',#17219,1.0);
#17217=VECTOR('',#17220,1.0);
#17218=VECTOR('',#17221,1.0);
#17219=DIRECTION('',(0.5125212516068633,-0.8585372911135133,-0.015352081904575902));
#17220=DIRECTION('',(-0.9006158801470461,0.42173019545026125,0.10504607880566516));
#17221=DIRECTION('',(0.3097876425487932,0.9439045467609012,-0.11434956549177999));
#17222=FACE_SURFACE('',(#17227),#17223,.T.);
#17223=PLANE('',#17224);
#17224=AXIS2_PLACEMENT_3D('',#218,#17225,#17226);
#17225=DIRECTION('',(0.18025422428742563,0.9836200560310563,0));
#17226=DIRECTION('',(-0.9836200560310564,0.18025422428742566,0));
#17227=FACE_BOUND('',#17228,.T.);
#17228=EDGE_LOOP('',(#17229,#17230,#17231));
#17229=ORIENTED_EDGE('',*,*,#17232,.T.);
#17230=ORIENTED_EDGE('',*,*,#17233,.T.);
#17231=ORIENTED_EDGE('',*,*,#17234,.T.);
#17232=EDGE_CURVE('',#219,#221,#17235,.F.);
#17233=EDGE_CURVE('',#221,#765,#17236,.T.);
#17234=EDGE_CURVE('',#765,#219,#17237,.T.);
#17235=LINE('',#218,#17238);
#17236=LINE('',#220,#17239);
#17237=LINE('',#764,#17240);
#17238=VECTOR('',#17241,1.0);
#17239=VECTOR('',#17242,1.0);
#17240=VECTOR('',#17243,1.0);
#17241=DIRECTION('',(-0.9836200560310564,0.18025422428742566,0));
#17242=DIRECTION('',(0,0,1));
#17243=DIRECTION('',(0.10986383850699386,-0.02013320170312989,-0.9937427188048676));
#17244=FACE_SURFACE('',(#17249),#17245,.T.);
#17245=PLANE('',#17246);
#17246=AXIS2_PLACEMENT_3D('',#158,#17247,#17248);
#17247=DIRECTION('',(-0,-0.0009523808252009987,-0.9999995464852791));
#17248=DIRECTION('',(-0.9979394685557822,-0.06416239836952266,6.1107065618995E-05));
#17249=FACE_BOUND('',#17250,.T.);
#17250=EDGE_LOOP('',(#17251,#17252,#17253));
#17251=ORIENTED_EDGE('',*,*,#17254,.T.);
#17252=ORIENTED_EDGE('',*,*,#17255,.T.);
#17253=ORIENTED_EDGE('',*,*,#17256,.T.);
#17254=EDGE_CURVE('',#159,#603,#17257,.F.);
#17255=EDGE_CURVE('',#603,#597,#17258,.T.);
#17256=EDGE_CURVE('',#597,#159,#17259,.T.);
#17257=LINE('',#158,#17260);
#17258=LINE('',#602,#17261);
#17259=LINE('',#596,#17262);
#17260=VECTOR('',#17263,1.0);
#17261=VECTOR('',#17264,1.0);
#17262=VECTOR('',#17265,1.0);
#17263=DIRECTION('',(-0.9979394685557822,-0.06416239836952266,6.1107065618995E-05));
#17264=DIRECTION('',(-0.9985473513526848,0.05388120705090368,-5.131545170627827E-05));
#17265=DIRECTION('',(1,0,0));
#17266=FACE_SURFACE('',(#17271),#17267,.T.);
#17267=PLANE('',#17268);
#17268=AXIS2_PLACEMENT_3D('',#764,#17269,#17270);
#17269=DIRECTION('',(0.13015434400982276,0.9914773721033251,-0.005698012149640101));
#17270=DIRECTION('',(0.9914934678129542,-0.13015645694410355,0));
#17271=FACE_BOUND('',#17272,.T.);
#17272=EDGE_LOOP('',(#17273,#17274,#17275));
#17273=ORIENTED_EDGE('',*,*,#17276,.T.);
#17274=ORIENTED_EDGE('',*,*,#17277,.T.);
#17275=ORIENTED_EDGE('',*,*,#17278,.T.);
#17276=EDGE_CURVE('',#765,#763,#17279,.F.);
#17277=EDGE_CURVE('',#763,#219,#17280,.T.);
#17278=EDGE_CURVE('',#219,#765,#17281,.T.);
#17279=LINE('',#764,#17282);
#17280=LINE('',#762,#17283);
#17281=LINE('',#218,#17284);
#17282=VECTOR('',#17285,1.0);
#17283=VECTOR('',#17286,1.0);
#17284=VECTOR('',#17287,1.0);
#17285=DIRECTION('',(0.9914934678129542,-0.13015645694410355,0));
#17286=DIRECTION('',(-0.08349791254976939,0.005234188988436089,-0.9964942056356696));
#17287=DIRECTION('',(-0.10986383850699386,0.02013320170312989,0.9937427188048676));
#17288=FACE_SURFACE('',(#17293),#17289,.T.);
#17289=PLANE('',#17290);
#17290=AXIS2_PLACEMENT_3D('',#842,#17291,#17292);
#17291=DIRECTION('',(0.22296286690606135,0.9748241338019712,0.0023384050689413075));
#17292=DIRECTION('',(-0.055657090774662195,0.015124755864675599,-0.9983353795226005));
#17293=FACE_BOUND('',#17294,.T.);
#17294=EDGE_LOOP('',(#17295,#17296,#17297));
#17295=ORIENTED_EDGE('',*,*,#17298,.T.);
#17296=ORIENTED_EDGE('',*,*,#17299,.T.);
#17297=ORIENTED_EDGE('',*,*,#17300,.T.);
#17298=EDGE_CURVE('',#843,#77,#17301,.F.);
#17299=EDGE_CURVE('',#77,#813,#17302,.T.);
#17300=EDGE_CURVE('',#813,#843,#17303,.T.);
#17301=LINE('',#842,#17304);
#17302=LINE('',#76,#17305);
#17303=LINE('',#812,#17306);
#17304=VECTOR('',#17307,1.0);
#17305=VECTOR('',#17308,1.0);
#17306=VECTOR('',#17309,1.0);
#17307=DIRECTION('',(-0.055657090774662195,0.015124755864675599,-0.9983353795226005));
#17308=DIRECTION('',(-0.05869516758649897,0.011030309388664375,0.9982150116967702));
#17309=DIRECTION('',(0.9748267990494763,-0.22296347650445367,0));
#17310=FACE_SURFACE('',(#17315),#17311,.T.);
#17311=PLANE('',#17312);
#17312=AXIS2_PLACEMENT_3D('',#228,#17313,#17314);
#17313=DIRECTION('',(0.5184859526089817,0.855086145921659,-0));
#17314=DIRECTION('',(-0.8550861459216591,0.5184859526089817,0));
#17315=FACE_BOUND('',#17316,.T.);
#17316=EDGE_LOOP('',(#17317,#17318,#17319));
#17317=ORIENTED_EDGE('',*,*,#17320,.T.);
#17318=ORIENTED_EDGE('',*,*,#17321,.T.);
#17319=ORIENTED_EDGE('',*,*,#17322,.T.);
#17320=EDGE_CURVE('',#229,#233,#17323,.F.);
#17321=EDGE_CURVE('',#233,#621,#17324,.T.);
#17322=EDGE_CURVE('',#621,#229,#17325,.T.);
#17323=LINE('',#228,#17326);
#17324=LINE('',#232,#17327);
#17325=LINE('',#620,#17328);
#17326=VECTOR('',#17329,1.0);
#17327=VECTOR('',#17330,1.0);
#17328=VECTOR('',#17331,1.0);
#17329=DIRECTION('',(-0.8550861459216591,0.5184859526089817,0));
#17330=DIRECTION('',(0.12447423883630172,-0.0754756051260251,0.9893480666059765));
#17331=DIRECTION('',(0,0,-1));
#17332=FACE_SURFACE('',(#17337),#17333,.T.);
#17333=PLANE('',#17334);
#17334=AXIS2_PLACEMENT_3D('',#812,#17335,#17336);
#17335=DIRECTION('',(0.07260111772305225,0.9973585026200552,0.0022572011086773756));
#17336=DIRECTION('',(-0.060835830442493084,0.006687383715908593,-0.9981253832226733));
#17337=FACE_BOUND('',#17338,.T.);
#17338=EDGE_LOOP('',(#17339,#17340,#17341));
#17339=ORIENTED_EDGE('',*,*,#17342,.T.);
#17340=ORIENTED_EDGE('',*,*,#17343,.T.);
#17341=ORIENTED_EDGE('',*,*,#17344,.T.);
#17342=EDGE_CURVE('',#813,#81,#17345,.F.);
#17343=EDGE_CURVE('',#81,#811,#17346,.T.);
#17344=EDGE_CURVE('',#811,#813,#17347,.T.);
#17345=LINE('',#812,#17348);
#17346=LINE('',#80,#17349);
#17347=LINE('',#810,#17350);
#17348=VECTOR('',#17351,1.0);
#17349=VECTOR('',#17352,1.0);
#17350=VECTOR('',#17353,1.0);
#17351=DIRECTION('',(-0.060835830442493084,0.006687383715908593,-0.9981253832226733));
#17352=DIRECTION('',(-0.06188091621780071,0.0022456860872929942,0.9980810132960364));
#17353=DIRECTION('',(0.9973610433790289,-0.07260130267353983,0));
#17354=FACE_SURFACE('',(#17359),#17355,.T.);
#17355=PLANE('',#17356);
#17356=AXIS2_PLACEMENT_3D('',#114,#17357,#17358);
#17357=DIRECTION('',(-0,0,1));
#17358=DIRECTION('',(-0.6802272666540181,-0.7330012726458278,0));
#17359=FACE_BOUND('',#17360,.T.);
#17360=EDGE_LOOP('',(#17361,#17362,#17363));
#17361=ORIENTED_EDGE('',*,*,#17364,.T.);
#17362=ORIENTED_EDGE('',*,*,#17365,.T.);
#17363=ORIENTED_EDGE('',*,*,#17366,.T.);
#17364=EDGE_CURVE('',#115,#151,#17367,.F.);
#17365=EDGE_CURVE('',#151,#231,#17368,.T.);
#17366=EDGE_CURVE('',#231,#115,#17369,.T.);
#17367=LINE('',#114,#17370);
#17368=LINE('',#150,#17371);
#17369=LINE('',#230,#17372);
#17370=VECTOR('',#17373,1.0);
#17371=VECTOR('',#17374,1.0);
#17372=VECTOR('',#17375,1.0);
#17373=DIRECTION('',(-0.6802272666540181,-0.7330012726458278,0));
#17374=DIRECTION('',(0.6817073688381938,0.7316249471359673,0));
#17375=DIRECTION('',(-1,0,0));
#17376=FACE_SURFACE('',(#17381),#17377,.T.);
#17377=PLANE('',#17378);
#17378=AXIS2_PLACEMENT_3D('',#824,#17379,#17380);
#17379=DIRECTION('',(-0.15098579857331673,-0.1853475031171107,-0.9710044241492573));
#17380=DIRECTION('',(-0.7753130092246948,0.6315771827155793,0));
#17381=FACE_BOUND('',#17382,.T.);
#17382=EDGE_LOOP('',(#17383,#17384,#17385));
#17383=ORIENTED_EDGE('',*,*,#17386,.T.);
#17384=ORIENTED_EDGE('',*,*,#17387,.T.);
#17385=ORIENTED_EDGE('',*,*,#17388,.T.);
#17386=EDGE_CURVE('',#825,#823,#17389,.F.);
#17387=EDGE_CURVE('',#823,#887,#17390,.T.);
#17388=EDGE_CURVE('',#887,#825,#17391,.T.);
#17389=LINE('',#824,#17392);
#17390=LINE('',#822,#17393);
#17391=LINE('',#886,#17394);
#17392=VECTOR('',#17395,1.0);
#17393=VECTOR('',#17396,1.0);
#17394=VECTOR('',#17397,1.0);
#17395=DIRECTION('',(-0.7753130092246948,0.6315771827155793,0));
#17396=DIRECTION('',(0.9788657011833657,0.10902455117691257,-0.17301903446577926));
#17397=DIRECTION('',(0.4471633504736504,-0.8888300346745116,0.10013045217957363));
#17398=FACE_SURFACE('',(#17403),#17399,.T.);
#17399=PLANE('',#17400);
#17400=AXIS2_PLACEMENT_3D('',#824,#17401,#17402);
#17401=DIRECTION('',(-0.269773034929602,-0.24075287283100805,-0.9323414416663501));
#17402=DIRECTION('',(-0.4471633504736504,0.8888300346745116,-0.10013045217957363));
#17403=FACE_BOUND('',#17404,.T.);
#17404=EDGE_LOOP('',(#17405,#17406,#17407));
#17405=ORIENTED_EDGE('',*,*,#17408,.T.);
#17406=ORIENTED_EDGE('',*,*,#17409,.T.);
#17407=ORIENTED_EDGE('',*,*,#17410,.T.);
#17408=EDGE_CURVE('',#825,#887,#17411,.F.);
#17409=EDGE_CURVE('',#887,#895,#17412,.T.);
#17410=EDGE_CURVE('',#895,#825,#17413,.T.);
#17411=LINE('',#824,#17414);
#17412=LINE('',#886,#17415);
#17413=LINE('',#894,#17416);
#17414=VECTOR('',#17417,1.0);
#17415=VECTOR('',#17418,1.0);
#17416=VECTOR('',#17419,1.0);
#17417=DIRECTION('',(-0.4471633504736504,0.8888300346745116,-0.10013045217957363));
#17418=DIRECTION('',(0.5932076307957892,-0.8042428358730149,0.03603009454022295));
#17419=DIRECTION('',(-0.9365240365380958,-0.15956741489506185,0.3121873941883282));
#17420=FACE_SURFACE('',(#17425),#17421,.T.);
#17421=PLANE('',#17422);
#17422=AXIS2_PLACEMENT_3D('',#620,#17423,#17424);
#17423=DIRECTION('',(0.7502533520182232,0.6587036703666541,-0.05682765551136684));
#17424=DIRECTION('',(-0.1938931352952963,0.13703634058794917,-0.971404392332886));
#17425=FACE_BOUND('',#17426,.T.);
#17426=EDGE_LOOP('',(#17427,#17428,#17429));
#17427=ORIENTED_EDGE('',*,*,#17430,.T.);
#17428=ORIENTED_EDGE('',*,*,#17431,.T.);
#17429=ORIENTED_EDGE('',*,*,#17432,.T.);
#17430=EDGE_CURVE('',#621,#193,#17433,.F.);
#17431=EDGE_CURVE('',#193,#187,#17434,.T.);
#17432=EDGE_CURVE('',#187,#621,#17435,.T.);
#17433=LINE('',#620,#17436);
#17434=LINE('',#192,#17437);
#17435=LINE('',#186,#17438);
#17436=VECTOR('',#17439,1.0);
#17437=VECTOR('',#17440,1.0);
#17438=VECTOR('',#17441,1.0);
#17439=DIRECTION('',(-0.1938931352952963,0.13703634058794917,-0.971404392332886));
#17440=DIRECTION('',(-0.6597698564347751,0.7514677215556476,0));
#17441=DIRECTION('',(0.25025960857698043,-0.20337883289343936,0.9465765572027436));
#17442=FACE_SURFACE('',(#17447),#17443,.T.);
#17443=PLANE('',#17444);
#17444=AXIS2_PLACEMENT_3D('',#80,#17445,#17446);
#17445=DIRECTION('',(0,0.9999974687510278,-0.002249998119377422));
#17446=DIRECTION('',(-1,0,0));
#17447=FACE_BOUND('',#17448,.T.);
#17448=EDGE_LOOP('',(#17449,#17450,#17451));
#17449=ORIENTED_EDGE('',*,*,#17452,.T.);
#17450=ORIENTED_EDGE('',*,*,#17453,.T.);
#17451=ORIENTED_EDGE('',*,*,#17454,.T.);
#17452=EDGE_CURVE('',#81,#147,#17455,.F.);
#17453=EDGE_CURVE('',#147,#811,#17456,.T.);
#17454=EDGE_CURVE('',#811,#81,#17457,.T.);
#17455=LINE('',#80,#17458);
#17456=LINE('',#146,#17459);
#17457=LINE('',#810,#17460);
#17458=VECTOR('',#17461,1.0);
#17459=VECTOR('',#17462,1.0);
#17460=VECTOR('',#17463,1.0);
#17461=DIRECTION('',(-1,0,0));
#17462=DIRECTION('',(0.06188091621780071,0.0022456860872929942,0.9980810132960364));
#17463=DIRECTION('',(0.06188091621780071,-0.0022456860872929942,-0.9980810132960364));
#17464=FACE_SURFACE('',(#17469),#17465,.T.);
#17465=PLANE('',#17466);
#17466=AXIS2_PLACEMENT_3D('',#422,#17467,#17468);
#17467=DIRECTION('',(0,-0,1));
#17468=DIRECTION('',(0.9799615335739231,0.1991868286695803,0));
#17469=FACE_BOUND('',#17470,.T.);
#17470=EDGE_LOOP('',(#17471,#17472,#17473));
#17471=ORIENTED_EDGE('',*,*,#17474,.T.);
#17472=ORIENTED_EDGE('',*,*,#17475,.T.);
#17473=ORIENTED_EDGE('',*,*,#17476,.T.);
#17474=EDGE_CURVE('',#423,#399,#17477,.F.);
#17475=EDGE_CURVE('',#399,#95,#17478,.T.);
#17476=EDGE_CURVE('',#95,#423,#17479,.T.);
#17477=LINE('',#422,#17480);
#17478=LINE('',#398,#17481);
#17479=LINE('',#94,#17482);
#17480=VECTOR('',#17483,1.0);
#17481=VECTOR('',#17484,1.0);
#17482=VECTOR('',#17485,1.0);
#17483=DIRECTION('',(0.9799615335739231,0.1991868286695803,0));
#17484=DIRECTION('',(-0.807731298968537,0.5895508024475923,0));
#17485=DIRECTION('',(0.5192270068240856,-0.8546363644173474,0));
#17486=FACE_SURFACE('',(#17491),#17487,.T.);
#17487=PLANE('',#17488);
#17488=AXIS2_PLACEMENT_3D('',#620,#17489,#17490);
#17489=DIRECTION('',(0.6595493427377043,0.751222767104973,-0.025671359087700213));
#17490=DIRECTION('',(-0.12447423883630172,0.0754756051260251,-0.9893480666059765));
#17491=FACE_BOUND('',#17492,.T.);
#17492=EDGE_LOOP('',(#17493,#17494,#17495));
#17493=ORIENTED_EDGE('',*,*,#17496,.T.);
#17494=ORIENTED_EDGE('',*,*,#17497,.T.);
#17495=ORIENTED_EDGE('',*,*,#17498,.T.);
#17496=EDGE_CURVE('',#621,#233,#17499,.F.);
#17497=EDGE_CURVE('',#233,#193,#17500,.T.);
#17498=EDGE_CURVE('',#193,#621,#17501,.T.);
#17499=LINE('',#620,#17502);
#17500=LINE('',#232,#17503);
#17501=LINE('',#192,#17504);
#17502=VECTOR('',#17505,1.0);
#17503=VECTOR('',#17506,1.0);
#17504=VECTOR('',#17507,1.0);
#17505=DIRECTION('',(-0.12447423883630172,0.0754756051260251,-0.9893480666059765));
#17506=DIRECTION('',(-0.7514704244370121,0.6597667778817428,0));
#17507=DIRECTION('',(0.1938931352952963,-0.13703634058794917,0.971404392332886));
#17508=FACE_SURFACE('',(#17513),#17509,.T.);
#17509=PLANE('',#17510);
#17510=AXIS2_PLACEMENT_3D('',#146,#17511,#17512);
#17511=DIRECTION('',(-0.03626657301060837,0.9993421514586815,0));
#17512=DIRECTION('',(0,0,1));
#17513=FACE_BOUND('',#17514,.T.);
#17514=EDGE_LOOP('',(#17515,#17516,#17517));
#17515=ORIENTED_EDGE('',*,*,#17518,.T.);
#17516=ORIENTED_EDGE('',*,*,#17519,.T.);
#17517=ORIENTED_EDGE('',*,*,#17520,.T.);
#17518=EDGE_CURVE('',#147,#807,#17521,.F.);
#17519=EDGE_CURVE('',#807,#811,#17522,.T.);
#17520=EDGE_CURVE('',#811,#147,#17523,.T.);
#17521=LINE('',#146,#17524);
#17522=LINE('',#806,#17525);
#17523=LINE('',#810,#17526);
#17524=VECTOR('',#17527,1.0);
#17525=VECTOR('',#17528,1.0);
#17526=VECTOR('',#17529,1.0);
#17527=DIRECTION('',(0,0,1));
#17528=DIRECTION('',(0.9993421514586814,0.03626657301060837,0));
#17529=DIRECTION('',(-0.06188091621780071,-0.0022456860872929942,-0.9980810132960364));
#17530=FACE_SURFACE('',(#17535),#17531,.T.);
#17531=PLANE('',#17532);
#17532=AXIS2_PLACEMENT_3D('',#320,#17533,#17534);
#17533=DIRECTION('',(-0,0,1));
#17534=DIRECTION('',(0.6939082354430789,-0.7200634421940003,0));
#17535=FACE_BOUND('',#17536,.T.);
#17536=EDGE_LOOP('',(#17537,#17538,#17539));
#17537=ORIENTED_EDGE('',*,*,#17540,.T.);
#17538=ORIENTED_EDGE('',*,*,#17541,.T.);
#17539=ORIENTED_EDGE('',*,*,#17542,.T.);
#17540=EDGE_CURVE('',#321,#423,#17543,.F.);
#17541=EDGE_CURVE('',#423,#93,#17544,.T.);
#17542=EDGE_CURVE('',#93,#321,#17545,.T.);
#17543=LINE('',#320,#17546);
#17544=LINE('',#422,#17547);
#17545=LINE('',#92,#17548);
#17546=VECTOR('',#17549,1.0);
#17547=VECTOR('',#17550,1.0);
#17548=VECTOR('',#17551,1.0);
#17549=DIRECTION('',(0.6939082354430789,-0.7200634421940003,0));
#17550=DIRECTION('',(-0.6829530129710983,0.7304623070862034,0));
#17551=DIRECTION('',(-0.3458453586196983,-0.9382915260840909,0));
#17552=FACE_SURFACE('',(#17557),#17553,.T.);
#17553=PLANE('',#17554);
#17554=AXIS2_PLACEMENT_3D('',#640,#17555,#17556);
#17555=DIRECTION('',(-6.295420010140622E-05,9.643228030187959E-06,-0.9999999979718883));
#17556=DIRECTION('',(-0.15141242546129294,-0.9884706760526224,0));
#17557=FACE_BOUND('',#17558,.T.);
#17558=EDGE_LOOP('',(#17559,#17560,#17561));
#17559=ORIENTED_EDGE('',*,*,#17562,.T.);
#17560=ORIENTED_EDGE('',*,*,#17563,.T.);
#17561=ORIENTED_EDGE('',*,*,#17564,.T.);
#17562=EDGE_CURVE('',#641,#647,#17565,.F.);
#17563=EDGE_CURVE('',#647,#603,#17566,.T.);
#17564=EDGE_CURVE('',#603,#641,#17567,.T.);
#17565=LINE('',#640,#17568);
#17566=LINE('',#646,#17569);
#17567=LINE('',#602,#17570);
#17568=VECTOR('',#17571,1.0);
#17569=VECTOR('',#17572,1.0);
#17570=VECTOR('',#17573,1.0);
#17571=DIRECTION('',(-0.15141242546129294,-0.9884706760526224,0));
#17572=DIRECTION('',(-0.995685585091001,0.09279122587780446,6.357739664118702E-05));
#17573=DIRECTION('',(0.996507196861768,-0.0835069013041572,-6.353958969396292E-05));
#17574=FACE_SURFACE('',(#17579),#17575,.T.);
#17575=PLANE('',#17576);
#17576=AXIS2_PLACEMENT_3D('',#158,#17577,#17578);
#17577=DIRECTION('',(-0.12732093377098133,0.9918615729141267,0));
#17578=DIRECTION('',(0,0,1));
#17579=FACE_BOUND('',#17580,.T.);
#17580=EDGE_LOOP('',(#17581,#17582,#17583));
#17581=ORIENTED_EDGE('',*,*,#17584,.T.);
#17582=ORIENTED_EDGE('',*,*,#17585,.T.);
#17583=ORIENTED_EDGE('',*,*,#17586,.T.);
#17584=EDGE_CURVE('',#159,#547,#17587,.F.);
#17585=EDGE_CURVE('',#547,#807,#17588,.T.);
#17586=EDGE_CURVE('',#807,#159,#17589,.T.);
#17587=LINE('',#158,#17590);
#17588=LINE('',#546,#17591);
#17589=LINE('',#806,#17592);
#17590=VECTOR('',#17593,1.0);
#17591=VECTOR('',#17594,1.0);
#17592=VECTOR('',#17595,1.0);
#17593=DIRECTION('',(0,0,1));
#17594=DIRECTION('',(0.9918615729141267,0.12732093377098133,0));
#17595=DIRECTION('',(-0.07959249974608965,-0.01021694121999834,-0.9967751241359687));
#17596=FACE_SURFACE('',(#17601),#17597,.T.);
#17597=PLANE('',#17598);
#17598=AXIS2_PLACEMENT_3D('',#146,#17599,#17600);
#17599=DIRECTION('',(-0.12732093377098133,0.9918615729141267,0));
#17600=DIRECTION('',(-0.9918615729141267,-0.12732093377098133,0));
#17601=FACE_BOUND('',#17602,.T.);
#17602=EDGE_LOOP('',(#17603,#17604,#17605));
#17603=ORIENTED_EDGE('',*,*,#17606,.T.);
#17604=ORIENTED_EDGE('',*,*,#17607,.T.);
#17605=ORIENTED_EDGE('',*,*,#17608,.T.);
#17606=EDGE_CURVE('',#147,#159,#17609,.F.);
#17607=EDGE_CURVE('',#159,#807,#17610,.T.);
#17608=EDGE_CURVE('',#807,#147,#17611,.T.);
#17609=LINE('',#146,#17612);
#17610=LINE('',#158,#17613);
#17611=LINE('',#806,#17614);
#17612=VECTOR('',#17615,1.0);
#17613=VECTOR('',#17616,1.0);
#17614=VECTOR('',#17617,1.0);
#17615=DIRECTION('',(-0.9918615729141267,-0.12732093377098133,0));
#17616=DIRECTION('',(0.07959249974608965,0.01021694121999834,0.9967751241359687));
#17617=DIRECTION('',(0,0,-1));
#17618=FACE_SURFACE('',(#17623),#17619,.T.);
#17619=PLANE('',#17620);
#17620=AXIS2_PLACEMENT_3D('',#764,#17621,#17622);
#17621=DIRECTION('',(0,0,1));
#17622=DIRECTION('',(-0.9320675486116887,0.3622845357243356,0));
#17623=FACE_BOUND('',#17624,.T.);
#17624=EDGE_LOOP('',(#17625,#17626,#17627));
#17625=ORIENTED_EDGE('',*,*,#17628,.T.);
#17626=ORIENTED_EDGE('',*,*,#17629,.T.);
#17627=ORIENTED_EDGE('',*,*,#17630,.T.);
#17628=EDGE_CURVE('',#765,#621,#17631,.F.);
#17629=EDGE_CURVE('',#621,#553,#17632,.T.);
#17630=EDGE_CURVE('',#553,#765,#17633,.T.);
#17631=LINE('',#764,#17634);
#17632=LINE('',#620,#17635);
#17633=LINE('',#552,#17636);
#17634=VECTOR('',#17637,1.0);
#17635=VECTOR('',#17638,1.0);
#17636=VECTOR('',#17639,1.0);
#17637=DIRECTION('',(-0.9320675486116887,0.3622845357243356,0));
#17638=DIRECTION('',(0.01507870787381085,-0.9998863098216999,0));
#17639=DIRECTION('',(0.0006044997728445765,0.9999998172899957,0));
#17640=FACE_SURFACE('',(#17645),#17641,.T.);
#17641=PLANE('',#17642);
#17642=AXIS2_PLACEMENT_3D('',#280,#17643,#17644);
#17643=DIRECTION('',(0,0,1));
#17644=DIRECTION('',(0.23736542914420736,-0.9714204306309324,0));
#17645=FACE_BOUND('',#17646,.T.);
#17646=EDGE_LOOP('',(#17647,#17648,#17649));
#17647=ORIENTED_EDGE('',*,*,#17650,.T.);
#17648=ORIENTED_EDGE('',*,*,#17651,.T.);
#17649=ORIENTED_EDGE('',*,*,#17652,.T.);
#17650=EDGE_CURVE('',#281,#553,#17653,.F.);
#17651=EDGE_CURVE('',#553,#611,#17654,.T.);
#17652=EDGE_CURVE('',#611,#281,#17655,.T.);
#17653=LINE('',#280,#17656);
#17654=LINE('',#552,#17657);
#17655=LINE('',#610,#17658);
#17656=VECTOR('',#17659,1.0);
#17657=VECTOR('',#17660,1.0);
#17658=VECTOR('',#17661,1.0);
#17659=DIRECTION('',(0.23736542914420736,-0.9714204306309324,0));
#17660=DIRECTION('',(-0.05408161788436696,0.9985365184143289,0));
#17661=DIRECTION('',(-0.789912572772296,0.6132194773294896,0));
#17662=FACE_SURFACE('',(#17667),#17663,.T.);
#17663=PLANE('',#17664);
#17664=AXIS2_PLACEMENT_3D('',#614,#17665,#17666);
#17665=DIRECTION('',(0,0,1));
#17666=DIRECTION('',(-0.49997796457921734,0.8660381255667806,0));
#17667=FACE_BOUND('',#17668,.T.);
#17668=EDGE_LOOP('',(#17669,#17670,#17671));
#17669=ORIENTED_EDGE('',*,*,#17672,.T.);
#17670=ORIENTED_EDGE('',*,*,#17673,.T.);
#17671=ORIENTED_EDGE('',*,*,#17674,.T.);
#17672=EDGE_CURVE('',#615,#611,#17675,.F.);
#17673=EDGE_CURVE('',#611,#553,#17676,.T.);
#17674=EDGE_CURVE('',#553,#615,#17677,.T.);
#17675=LINE('',#614,#17678);
#17676=LINE('',#610,#17679);
#17677=LINE('',#552,#17680);
#17678=VECTOR('',#17681,1.0);
#17679=VECTOR('',#17682,1.0);
#17680=VECTOR('',#17683,1.0);
#17681=DIRECTION('',(-0.49997796457921734,0.8660381255667806,0));
#17682=DIRECTION('',(0.05408161788436696,-0.9985365184143289,0));
#17683=DIRECTION('',(-0.04419660732644238,0.9990228525418388,0));
#17684=FACE_SURFACE('',(#17689),#17685,.T.);
#17685=PLANE('',#17686);
#17686=AXIS2_PLACEMENT_3D('',#214,#17687,#17688);
#17687=DIRECTION('',(-1,0,0));
#17688=DIRECTION('',(0,0,1));
#17689=FACE_BOUND('',#17690,.T.);
#17690=EDGE_LOOP('',(#17691,#17692,#17693));
#17691=ORIENTED_EDGE('',*,*,#17694,.T.);
#17692=ORIENTED_EDGE('',*,*,#17695,.T.);
#17693=ORIENTED_EDGE('',*,*,#17696,.T.);
#17694=EDGE_CURVE('',#215,#845,#17697,.F.);
#17695=EDGE_CURVE('',#845,#521,#17698,.T.);
#17696=EDGE_CURVE('',#521,#215,#17699,.T.);
#17697=LINE('',#214,#17700);
#17698=LINE('',#844,#17701);
#17699=LINE('',#520,#17702);
#17700=VECTOR('',#17703,1.0);
#17701=VECTOR('',#17704,1.0);
#17702=VECTOR('',#17705,1.0);
#17703=DIRECTION('',(0,0,1));
#17704=DIRECTION('',(0,0.0002499506270907279,-0.9999999687623414));
#17705=DIRECTION('',(0,-1,0));
#17706=FACE_SURFACE('',(#17711),#17707,.T.);
#17707=PLANE('',#17708);
#17708=AXIS2_PLACEMENT_3D('',#92,#17709,#17710);
#17709=DIRECTION('',(-0.9940317998554663,0.10875403013925306,0.0085639829853118));
#17710=DIRECTION('',(0.10875801846705024,0.9940682539036848,0));
#17711=FACE_BOUND('',#17712,.T.);
#17712=EDGE_LOOP('',(#17713,#17714,#17715));
#17713=ORIENTED_EDGE('',*,*,#17716,.T.);
#17714=ORIENTED_EDGE('',*,*,#17717,.T.);
#17715=ORIENTED_EDGE('',*,*,#17718,.T.);
#17716=EDGE_CURVE('',#93,#97,#17719,.F.);
#17717=EDGE_CURVE('',#97,#343,#17720,.T.);
#17718=EDGE_CURVE('',#343,#93,#17721,.T.);
#17719=LINE('',#92,#17722);
#17720=LINE('',#96,#17723);
#17721=LINE('',#342,#17724);
#17722=VECTOR('',#17725,1.0);
#17723=VECTOR('',#17726,1.0);
#17724=VECTOR('',#17727,1.0);
#17725=DIRECTION('',(0.10875801846705024,0.9940682539036848,0));
#17726=DIRECTION('',(-0.003247830247920777,0.04896571069638893,-0.9987951795912305));
#17727=DIRECTION('',(-0.012519366985301268,-0.19170877636889772,0.9813720041418684));
#17728=FACE_SURFACE('',(#17733),#17729,.T.);
#17729=PLANE('',#17730);
#17730=AXIS2_PLACEMENT_3D('',#602,#17731,#17732);
#17731=DIRECTION('',(-6.200244425036233E-05,2.100075097894704E-05,-0.9999999978573327));
#17732=DIRECTION('',(0.9969939041132434,-0.07748000474957167,-6.344319737926351E-05));
#17733=FACE_BOUND('',#17734,.T.);
#17734=EDGE_LOOP('',(#17735,#17736,#17737));
#17735=ORIENTED_EDGE('',*,*,#17738,.T.);
#17736=ORIENTED_EDGE('',*,*,#17739,.T.);
#17737=ORIENTED_EDGE('',*,*,#17740,.T.);
#17738=EDGE_CURVE('',#603,#605,#17741,.F.);
#17739=EDGE_CURVE('',#605,#641,#17742,.T.);
#17740=EDGE_CURVE('',#641,#603,#17743,.T.);
#17741=LINE('',#602,#17744);
#17742=LINE('',#604,#17745);
#17743=LINE('',#640,#17746);
#17744=VECTOR('',#17747,1.0);
#17745=VECTOR('',#17748,1.0);
#17746=VECTOR('',#17749,1.0);
#17747=DIRECTION('',(0.9969939041132434,-0.07748000474957167,-6.344319737926351E-05));
#17748=DIRECTION('',(-0.3208059796913612,-0.9471449326234428,0));
#17749=DIRECTION('',(-0.996507196861768,0.0835069013041572,6.353958969396292E-05));
#17750=FACE_SURFACE('',(#17755),#17751,.T.);
#17751=PLANE('',#17752);
#17752=AXIS2_PLACEMENT_3D('',#704,#17753,#17754);
#17753=DIRECTION('',(-0.3608912562880789,0.9325621327820425,-0.009239569027850515));
#17754=DIRECTION('',(-0.19497997326380845,-0.08513598840728627,-0.9771052520091984));
#17755=FACE_BOUND('',#17756,.T.);
#17756=EDGE_LOOP('',(#17757,#17758,#17759));
#17757=ORIENTED_EDGE('',*,*,#17760,.T.);
#17758=ORIENTED_EDGE('',*,*,#17761,.T.);
#17759=ORIENTED_EDGE('',*,*,#17762,.T.);
#17760=EDGE_CURVE('',#705,#703,#17763,.F.);
#17761=EDGE_CURVE('',#703,#893,#17764,.T.);
#17762=EDGE_CURVE('',#893,#705,#17765,.T.);
#17763=LINE('',#704,#17766);
#17764=LINE('',#702,#17767);
#17765=LINE('',#892,#17768);
#17766=VECTOR('',#17769,1.0);
#17767=VECTOR('',#17770,1.0);
#17768=VECTOR('',#17771,1.0);
#17769=DIRECTION('',(-0.19497997326380845,-0.08513598840728627,-0.9771052520091984));
#17770=DIRECTION('',(-0.053972848668983504,-0.010994213226904193,0.998481877092457));
#17771=DIRECTION('',(0.932606500545443,0.3608901845939778,-0.0018411420660019448));
#17772=FACE_SURFACE('',(#17777),#17773,.T.);
#17773=PLANE('',#17774);
#17774=AXIS2_PLACEMENT_3D('',#896,#17775,#17776);
#17775=DIRECTION('',(-0.6375483952098692,-0.7704102871624698,0.00018220746757454675));
#17776=DIRECTION('',(-0.6834266647044793,0.5654564216281066,-0.4617218093294361));
#17777=FACE_BOUND('',#17778,.T.);
#17778=EDGE_LOOP('',(#17779,#17780,#17781));
#17779=ORIENTED_EDGE('',*,*,#17782,.T.);
#17780=ORIENTED_EDGE('',*,*,#17783,.T.);
#17781=ORIENTED_EDGE('',*,*,#17784,.T.);
#17782=EDGE_CURVE('',#897,#737,#17785,.F.);
#17783=EDGE_CURVE('',#737,#735,#17786,.T.);
#17784=EDGE_CURVE('',#735,#897,#17787,.T.);
#17785=LINE('',#896,#17788);
#17786=LINE('',#736,#17789);
#17787=LINE('',#734,#17790);
#17788=VECTOR('',#17791,1.0);
#17789=VECTOR('',#17792,1.0);
#17790=VECTOR('',#17793,1.0);
#17791=DIRECTION('',(-0.6834266647044793,0.5654564216281066,-0.4617218093294361));
#17792=DIRECTION('',(0.7704102999511119,-0.6375484057930328,0));
#17793=DIRECTION('',(-0.6906773724516693,0.5716706498195439,0.44289664180049776));
#17794=FACE_SURFACE('',(#17799),#17795,.T.);
#17795=PLANE('',#17796);
#17796=AXIS2_PLACEMENT_3D('',#502,#17797,#17798);
#17797=DIRECTION('',(-6.1033086510373785E-05,3.347421097712367E-05,-0.9999999975772199));
#17798=DIRECTION('',(-0.4808818005592045,-0.876785432070434,0));
#17799=FACE_BOUND('',#17800,.T.);
#17800=EDGE_LOOP('',(#17801,#17802,#17803));
#17801=ORIENTED_EDGE('',*,*,#17804,.T.);
#17802=ORIENTED_EDGE('',*,*,#17805,.T.);
#17803=ORIENTED_EDGE('',*,*,#17806,.T.);
#17804=EDGE_CURVE('',#503,#605,#17807,.F.);
#17805=EDGE_CURVE('',#605,#603,#17808,.T.);
#17806=EDGE_CURVE('',#603,#503,#17809,.T.);
#17807=LINE('',#502,#17810);
#17808=LINE('',#604,#17811);
#17809=LINE('',#602,#17812);
#17810=VECTOR('',#17813,1.0);
#17811=VECTOR('',#17814,1.0);
#17812=VECTOR('',#17815,1.0);
#17813=DIRECTION('',(-0.4808818005592045,-0.876785432070434,0));
#17814=DIRECTION('',(-0.9969939041132434,0.07748000474957167,6.344319737926351E-05));
#17815=DIRECTION('',(0.9976147056226472,-0.06902821981936298,-6.3198169979012E-05));
#17816=FACE_SURFACE('',(#17821),#17817,.T.);
#17817=PLANE('',#17818);
#17818=AXIS2_PLACEMENT_3D('',#434,#17819,#17820);
#17819=DIRECTION('',(-0,0,1));
#17820=DIRECTION('',(0.5909132615766696,-0.8067350973478361,0));
#17821=FACE_BOUND('',#17822,.T.);
#17822=EDGE_LOOP('',(#17823,#17824,#17825));
#17823=ORIENTED_EDGE('',*,*,#17826,.T.);
#17824=ORIENTED_EDGE('',*,*,#17827,.T.);
#17825=ORIENTED_EDGE('',*,*,#17828,.T.);
#17826=EDGE_CURVE('',#435,#443,#17829,.F.);
#17827=EDGE_CURVE('',#443,#521,#17830,.T.);
#17828=EDGE_CURVE('',#521,#435,#17831,.T.);
#17829=LINE('',#434,#17832);
#17830=LINE('',#442,#17833);
#17831=LINE('',#520,#17834);
#17832=VECTOR('',#17835,1.0);
#17833=VECTOR('',#17836,1.0);
#17834=VECTOR('',#17837,1.0);
#17835=DIRECTION('',(0.5909132615766696,-0.8067350973478361,0));
#17836=DIRECTION('',(0.9999999574700805,0.00029165019649390536,0));
#17837=DIRECTION('',(-1,0,0));
#17838=FACE_SURFACE('',(#17843),#17839,.T.);
#17839=PLANE('',#17840);
#17840=AXIS2_PLACEMENT_3D('',#442,#17841,#17842);
#17841=DIRECTION('',(-0,0,1));
#17842=DIRECTION('',(0.8869556593923235,-0.46185458563483867,0));
#17843=FACE_BOUND('',#17844,.T.);
#17844=EDGE_LOOP('',(#17845,#17846,#17847));
#17845=ORIENTED_EDGE('',*,*,#17848,.T.);
#17846=ORIENTED_EDGE('',*,*,#17849,.T.);
#17847=ORIENTED_EDGE('',*,*,#17850,.T.);
#17848=EDGE_CURVE('',#443,#517,#17851,.F.);
#17849=EDGE_CURVE('',#517,#521,#17852,.T.);
#17850=EDGE_CURVE('',#521,#443,#17853,.T.);
#17851=LINE('',#442,#17854);
#17852=LINE('',#516,#17855);
#17853=LINE('',#520,#17856);
#17854=VECTOR('',#17857,1.0);
#17855=VECTOR('',#17858,1.0);
#17856=VECTOR('',#17859,1.0);
#17857=DIRECTION('',(0.8869556593923235,-0.46185458563483867,0));
#17858=DIRECTION('',(0.8960271567265374,0.44399925045945415,0));
#17859=DIRECTION('',(-0.9999999574700805,-0.00029165019649390536,0));
#17860=FACE_SURFACE('',(#17865),#17861,.T.);
#17861=PLANE('',#17862);
#17862=AXIS2_PLACEMENT_3D('',#502,#17863,#17864);
#17863=DIRECTION('',(-6.0012819239169234E-05,4.821939203381734E-05,-0.9999999970366759));
#17864=DIRECTION('',(-0.9976147056226472,0.06902821981936298,6.3198169979012E-05));
#17865=FACE_BOUND('',#17866,.T.);
#17866=EDGE_LOOP('',(#17867,#17868,#17869));
#17867=ORIENTED_EDGE('',*,*,#17870,.T.);
#17868=ORIENTED_EDGE('',*,*,#17871,.T.);
#17869=ORIENTED_EDGE('',*,*,#17872,.T.);
#17870=EDGE_CURVE('',#503,#603,#17873,.F.);
#17871=EDGE_CURVE('',#603,#499,#17874,.T.);
#17872=EDGE_CURVE('',#499,#503,#17875,.T.);
#17873=LINE('',#502,#17876);
#17874=LINE('',#602,#17877);
#17875=LINE('',#498,#17878);
#17876=VECTOR('',#17879,1.0);
#17877=VECTOR('',#17880,1.0);
#17878=VECTOR('',#17881,1.0);
#17879=DIRECTION('',(-0.9976147056226472,0.06902821981936298,6.3198169979012E-05));
#17880=DIRECTION('',(0.9981092718523217,-0.06146444086344028,-6.286312946902964E-05));
#17881=DIRECTION('',(-0.6263501048838714,-0.77954188220516,0));
#17882=FACE_SURFACE('',(#17887),#17883,.T.);
#17883=PLANE('',#17884);
#17884=AXIS2_PLACEMENT_3D('',#886,#17885,#17886);
#17885=DIRECTION('',(-0.6849840771309085,-0.7154188451561115,0.13774138837914032));
#17886=DIRECTION('',(0.5803904267289457,-0.6501181141699672,-0.49040125426988646));
#17887=FACE_BOUND('',#17888,.T.);
#17888=EDGE_LOOP('',(#17889,#17890,#17891));
#17889=ORIENTED_EDGE('',*,*,#17892,.T.);
#17890=ORIENTED_EDGE('',*,*,#17893,.T.);
#17891=ORIENTED_EDGE('',*,*,#17894,.T.);
#17892=EDGE_CURVE('',#887,#737,#17895,.F.);
#17893=EDGE_CURVE('',#737,#897,#17896,.T.);
#17894=EDGE_CURVE('',#897,#887,#17897,.T.);
#17895=LINE('',#886,#17898);
#17896=LINE('',#736,#17899);
#17897=LINE('',#896,#17900);
#17898=VECTOR('',#17901,1.0);
#17899=VECTOR('',#17902,1.0);
#17900=VECTOR('',#17903,1.0);
#17901=DIRECTION('',(0.5803904267289457,-0.6501181141699672,-0.49040125426988646));
#17902=DIRECTION('',(0.6834266647044793,-0.5654564216281066,0.4617218093294361));
#17903=DIRECTION('',(-0.7233134742845594,0.6904328442338045,-0.010959266472667544));
#17904=FACE_SURFACE('',(#17909),#17905,.T.);
#17905=PLANE('',#17906);
#17906=AXIS2_PLACEMENT_3D('',#172,#17907,#17908);
#17907=DIRECTION('',(-5.885419410928927E-05,6.703408235979641E-05,-0.999999996021308));
#17908=DIRECTION('',(-0.7514680155052295,-0.6597695216305708,0));
#17909=FACE_BOUND('',#17910,.T.);
#17910=EDGE_LOOP('',(#17911,#17912,#17913));
#17911=ORIENTED_EDGE('',*,*,#17914,.T.);
#17912=ORIENTED_EDGE('',*,*,#17915,.T.);
#17913=ORIENTED_EDGE('',*,*,#17916,.T.);
#17914=EDGE_CURVE('',#173,#499,#17917,.F.);
#17915=EDGE_CURVE('',#499,#603,#17918,.T.);
#17916=EDGE_CURVE('',#603,#173,#17919,.T.);
#17917=LINE('',#172,#17920);
#17918=LINE('',#498,#17921);
#17919=LINE('',#602,#17922);
#17920=VECTOR('',#17923,1.0);
#17921=VECTOR('',#17924,1.0);
#17922=VECTOR('',#17925,1.0);
#17923=DIRECTION('',(-0.7514680155052295,-0.6597695216305708,0));
#17924=DIRECTION('',(-0.9981092718523217,0.06146444086344028,6.286312946902964E-05));
#17925=DIRECTION('',(0.9983659802722912,-0.05714337684821246,-6.258857927403693E-05));
#17926=FACE_SURFACE('',(#17931),#17927,.T.);
#17927=PLANE('',#17928);
#17928=AXIS2_PLACEMENT_3D('',#76,#17929,#17930);
#17929=DIRECTION('',(0.1466226720852754,0.9891897997155733,-0.002309149028955298));
#17930=DIRECTION('',(-0.9891924369898303,0.14662306299528952,0));
#17931=FACE_BOUND('',#17932,.T.);
#17932=EDGE_LOOP('',(#17933,#17934,#17935));
#17933=ORIENTED_EDGE('',*,*,#17936,.T.);
#17934=ORIENTED_EDGE('',*,*,#17937,.T.);
#17935=ORIENTED_EDGE('',*,*,#17938,.T.);
#17936=EDGE_CURVE('',#77,#81,#17939,.F.);
#17937=EDGE_CURVE('',#81,#813,#17940,.T.);
#17938=EDGE_CURVE('',#813,#77,#17941,.T.);
#17939=LINE('',#76,#17942);
#17940=LINE('',#80,#17943);
#17941=LINE('',#812,#17944);
#17942=VECTOR('',#17945,1.0);
#17943=VECTOR('',#17946,1.0);
#17944=VECTOR('',#17947,1.0);
#17945=DIRECTION('',(-0.9891924369898303,0.14662306299528952,0));
#17946=DIRECTION('',(0.060835830442493084,-0.006687383715908593,0.9981253832226733));
#17947=DIRECTION('',(0.05869516758649897,-0.011030309388664375,-0.9982150116967702));
#17948=FACE_SURFACE('',(#17953),#17949,.T.);
#17949=PLANE('',#17950);
#17950=AXIS2_PLACEMENT_3D('',#602,#17951,#17952);
#17951=DIRECTION('',(-4.225952595791649E-05,0.00010198658088530002,-0.9999999939064349));
#17952=DIRECTION('',(-0.15831314917000927,-0.9873889496859682,-9.40101849184271E-05));
#17953=FACE_BOUND('',#17954,.T.);
#17954=EDGE_LOOP('',(#17955,#17956,#17957));
#17955=ORIENTED_EDGE('',*,*,#17958,.T.);
#17956=ORIENTED_EDGE('',*,*,#17959,.T.);
#17957=ORIENTED_EDGE('',*,*,#17960,.T.);
#17958=EDGE_CURVE('',#603,#377,#17961,.F.);
#17959=EDGE_CURVE('',#377,#381,#17962,.T.);
#17960=EDGE_CURVE('',#381,#603,#17963,.T.);
#17961=LINE('',#602,#17964);
#17962=LINE('',#376,#17965);
#17963=LINE('',#380,#17966);
#17964=VECTOR('',#17967,1.0);
#17965=VECTOR('',#17968,1.0);
#17966=VECTOR('',#17969,1.0);
#17967=DIRECTION('',(-0.15831314917000927,-0.9873889496859682,-9.40101849184271E-05));
#17968=DIRECTION('',(-0.9238305218553012,-0.3828017331316067,0));
#17969=DIRECTION('',(0.17363131386236008,0.9848107220064366,9.309990190865693E-05));
#17970=FACE_SURFACE('',(#17975),#17971,.T.);
#17971=PLANE('',#17972);
#17972=AXIS2_PLACEMENT_3D('',#668,#17973,#17974);
#17973=DIRECTION('',(-0.5727162632596114,-0.8063440075957448,0.14766659477478633));
#17974=DIRECTION('',(-0.8176958119056187,0.5746892732046024,-0.03325354801486519));
#17975=FACE_BOUND('',#17976,.T.);
#17976=EDGE_LOOP('',(#17977,#17978,#17979));
#17977=ORIENTED_EDGE('',*,*,#17980,.T.);
#17978=ORIENTED_EDGE('',*,*,#17981,.T.);
#17979=ORIENTED_EDGE('',*,*,#17982,.T.);
#17980=EDGE_CURVE('',#669,#897,#17983,.F.);
#17981=EDGE_CURVE('',#897,#735,#17984,.T.);
#17982=EDGE_CURVE('',#735,#669,#17985,.T.);
#17983=LINE('',#668,#17986);
#17984=LINE('',#896,#17987);
#17985=LINE('',#734,#17988);
#17986=VECTOR('',#17989,1.0);
#17987=VECTOR('',#17990,1.0);
#17988=VECTOR('',#17991,1.0);
#17989=DIRECTION('',(-0.8176958119056187,0.5746892732046024,-0.03325354801486519));
#17990=DIRECTION('',(0.6906773724516693,-0.5716706498195439,-0.44289664180049776));
#17991=DIRECTION('',(0.7930796602646294,-0.4994389632178228,0.34869094409583723));
#17992=FACE_SURFACE('',(#17997),#17993,.T.);
#17993=PLANE('',#17994);
#17994=AXIS2_PLACEMENT_3D('',#886,#17995,#17996);
#17995=DIRECTION('',(-0.09231278175469064,-0.11241322885840063,-0.9893642485466815));
#17996=DIRECTION('',(0.7233134742845594,-0.6904328442338045,0.010959266472667544));
#17997=FACE_BOUND('',#17998,.T.);
#17998=EDGE_LOOP('',(#17999,#18000,#18001));
#17999=ORIENTED_EDGE('',*,*,#18002,.T.);
#18000=ORIENTED_EDGE('',*,*,#18003,.T.);
#18001=ORIENTED_EDGE('',*,*,#18004,.T.);
#18002=EDGE_CURVE('',#887,#897,#18005,.F.);
#18003=EDGE_CURVE('',#897,#895,#18006,.T.);
#18004=EDGE_CURVE('',#895,#887,#18007,.T.);
#18005=LINE('',#886,#18008);
#18006=LINE('',#896,#18009);
#18007=LINE('',#894,#18010);
#18008=VECTOR('',#18011,1.0);
#18009=VECTOR('',#18012,1.0);
#18010=VECTOR('',#18013,1.0);
#18011=DIRECTION('',(0.7233134742845594,-0.6904328442338045,0.010959266472667544));
#18012=DIRECTION('',(-0.9088744854104759,-0.3963454974308375,0.1298361137594032));
#18013=DIRECTION('',(-0.5932076307957892,0.8042428358730149,-0.03603009454022295));
#18014=FACE_SURFACE('',(#18019),#18015,.T.);
#18015=PLANE('',#18016);
#18016=AXIS2_PLACEMENT_3D('',#898,#18017,#18018);
#18017=DIRECTION('',(0,-0,1));
#18018=DIRECTION('',(0.7476107446189314,0.66413716544877,0));
#18019=FACE_BOUND('',#18020,.T.);
#18020=EDGE_LOOP('',(#18021,#18022,#18023));
#18021=ORIENTED_EDGE('',*,*,#18024,.T.);
#18022=ORIENTED_EDGE('',*,*,#18025,.T.);
#18023=ORIENTED_EDGE('',*,*,#18026,.T.);
#18024=EDGE_CURVE('',#899,#215,#18027,.F.);
#18025=EDGE_CURVE('',#215,#901,#18028,.T.);
#18026=EDGE_CURVE('',#901,#899,#18029,.T.);
#18027=LINE('',#898,#18030);
#18028=LINE('',#214,#18031);
#18029=LINE('',#900,#18032);
#18030=VECTOR('',#18033,1.0);
#18031=VECTOR('',#18034,1.0);
#18032=VECTOR('',#18035,1.0);
#18033=DIRECTION('',(0.7476107446189314,0.66413716544877,0));
#18034=DIRECTION('',(-0.785369101593794,-0.6190277653399375,0));
#18035=DIRECTION('',(0.7514680155052295,-0.6597695216305708,0));
#18036=FACE_SURFACE('',(#18041),#18037,.T.);
#18037=PLANE('',#18038);
#18038=AXIS2_PLACEMENT_3D('',#374,#18039,#18040);
#18039=DIRECTION('',(0,-0,1));
#18040=DIRECTION('',(0.6857980825633775,0.7277918589489683,0));
#18041=FACE_BOUND('',#18042,.T.);
#18042=EDGE_LOOP('',(#18043,#18044,#18045));
#18043=ORIENTED_EDGE('',*,*,#18046,.T.);
#18044=ORIENTED_EDGE('',*,*,#18047,.T.);
#18045=ORIENTED_EDGE('',*,*,#18048,.T.);
#18046=EDGE_CURVE('',#375,#215,#18049,.F.);
#18047=EDGE_CURVE('',#215,#899,#18050,.T.);
#18048=EDGE_CURVE('',#899,#375,#18051,.T.);
#18049=LINE('',#374,#18052);
#18050=LINE('',#214,#18053);
#18051=LINE('',#898,#18054);
#18052=VECTOR('',#18055,1.0);
#18053=VECTOR('',#18056,1.0);
#18054=VECTOR('',#18057,1.0);
#18055=DIRECTION('',(0.6857980825633775,0.7277918589489683,0));
#18056=DIRECTION('',(-0.7476107446189314,-0.66413716544877,0));
#18057=DIRECTION('',(0.6263501048838714,-0.77954188220516,0));
#18058=FACE_SURFACE('',(#18063),#18059,.T.);
#18059=PLANE('',#18060);
#18060=AXIS2_PLACEMENT_3D('',#214,#18061,#18062);
#18061=DIRECTION('',(0,-0,1));
#18062=DIRECTION('',(0,1,0));
#18063=FACE_BOUND('',#18064,.T.);
#18064=EDGE_LOOP('',(#18065,#18066,#18067));
#18065=ORIENTED_EDGE('',*,*,#18068,.T.);
#18066=ORIENTED_EDGE('',*,*,#18069,.T.);
#18067=ORIENTED_EDGE('',*,*,#18070,.T.);
#18068=EDGE_CURVE('',#215,#521,#18071,.F.);
#18069=EDGE_CURVE('',#521,#563,#18072,.T.);
#18070=EDGE_CURVE('',#563,#215,#18073,.T.);
#18071=LINE('',#214,#18074);
#18072=LINE('',#520,#18075);
#18073=LINE('',#562,#18076);
#18074=VECTOR('',#18077,1.0);
#18075=VECTOR('',#18078,1.0);
#18076=VECTOR('',#18079,1.0);
#18077=DIRECTION('',(0,1,0));
#18078=DIRECTION('',(-0.8323195987682325,-0.5542960269623881,0));
#18079=DIRECTION('',(0.8325887526567488,0.5538916581331398,0));
#18080=FACE_SURFACE('',(#18085),#18081,.T.);
#18081=PLANE('',#18082);
#18082=AXIS2_PLACEMENT_3D('',#900,#18083,#18084);
#18083=DIRECTION('',(0,-0,1));
#18084=DIRECTION('',(0.785369101593794,0.6190277653399375,0));
#18085=FACE_BOUND('',#18086,.T.);
#18086=EDGE_LOOP('',(#18087,#18088,#18089));
#18087=ORIENTED_EDGE('',*,*,#18090,.T.);
#18088=ORIENTED_EDGE('',*,*,#18091,.T.);
#18089=ORIENTED_EDGE('',*,*,#18092,.T.);
#18090=EDGE_CURVE('',#901,#215,#18093,.F.);
#18091=EDGE_CURVE('',#215,#563,#18094,.T.);
#18092=EDGE_CURVE('',#563,#901,#18095,.T.);
#18093=LINE('',#900,#18096);
#18094=LINE('',#214,#18097);
#18095=LINE('',#562,#18098);
#18096=VECTOR('',#18099,1.0);
#18097=VECTOR('',#18100,1.0);
#18098=VECTOR('',#18101,1.0);
#18099=DIRECTION('',(0.785369101593794,0.6190277653399375,0));
#18100=DIRECTION('',(-0.8325887526567488,-0.5538916581331398,0));
#18101=DIRECTION('',(0.8550861459216591,-0.5184859526089817,0));
#18102=FACE_SURFACE('',(#18107),#18103,.T.);
#18103=PLANE('',#18104);
#18104=AXIS2_PLACEMENT_3D('',#374,#18105,#18106);
#18105=DIRECTION('',(-0,0,1));
#18106=DIRECTION('',(0.4808818005592045,-0.876785432070434,0));
#18107=FACE_BOUND('',#18108,.T.);
#18108=EDGE_LOOP('',(#18109,#18110,#18111));
#18109=ORIENTED_EDGE('',*,*,#18112,.T.);
#18110=ORIENTED_EDGE('',*,*,#18113,.T.);
#18111=ORIENTED_EDGE('',*,*,#18114,.T.);
#18112=EDGE_CURVE('',#375,#217,#18115,.F.);
#18113=EDGE_CURVE('',#217,#215,#18116,.T.);
#18114=EDGE_CURVE('',#215,#375,#18117,.T.);
#18115=LINE('',#374,#18118);
#18116=LINE('',#216,#18119);
#18117=LINE('',#214,#18120);
#18118=VECTOR('',#18121,1.0);
#18119=VECTOR('',#18122,1.0);
#18120=VECTOR('',#18123,1.0);
#18121=DIRECTION('',(0.4808818005592045,-0.876785432070434,0));
#18122=DIRECTION('',(0.6237829515416979,0.7815976134597187,0));
#18123=DIRECTION('',(-0.6857980825633775,-0.7277918589489683,0));
#18124=FACE_SURFACE('',(#18129),#18125,.T.);
#18125=PLANE('',#18126);
#18126=AXIS2_PLACEMENT_3D('',#212,#18127,#18128);
#18127=DIRECTION('',(0,0,1));
#18128=DIRECTION('',(0.9759389749505105,0.2180438423174266,0));
#18129=FACE_BOUND('',#18130,.T.);
#18130=EDGE_LOOP('',(#18131,#18132,#18133));
#18131=ORIENTED_EDGE('',*,*,#18134,.T.);
#18132=ORIENTED_EDGE('',*,*,#18135,.T.);
#18133=ORIENTED_EDGE('',*,*,#18136,.T.);
#18134=EDGE_CURVE('',#213,#903,#18137,.F.);
#18135=EDGE_CURVE('',#903,#215,#18138,.T.);
#18136=EDGE_CURVE('',#215,#213,#18139,.T.);
#18137=LINE('',#212,#18140);
#18138=LINE('',#902,#18141);
#18139=LINE('',#214,#18142);
#18140=VECTOR('',#18143,1.0);
#18141=VECTOR('',#18144,1.0);
#18142=VECTOR('',#18145,1.0);
#18143=DIRECTION('',(0.9759389749505105,0.2180438423174266,0));
#18144=DIRECTION('',(0.0005113150571263634,0.9999998692784475,0));
#18145=DIRECTION('',(-0.3077239215406666,-0.9514756897113209,0));
#18146=FACE_SURFACE('',(#18151),#18147,.T.);
#18147=PLANE('',#18148);
#18148=AXIS2_PLACEMENT_3D('',#904,#18149,#18150);
#18149=DIRECTION('',(-0.48195410102306196,-0.8761964645597768,0));
#18150=DIRECTION('',(0,0,1));
#18151=FACE_BOUND('',#18152,.T.);
#18152=EDGE_LOOP('',(#18153,#18154,#18155));
#18153=ORIENTED_EDGE('',*,*,#18156,.T.);
#18154=ORIENTED_EDGE('',*,*,#18157,.T.);
#18155=ORIENTED_EDGE('',*,*,#18158,.T.);
#18156=EDGE_CURVE('',#905,#859,#18159,.F.);
#18157=EDGE_CURVE('',#859,#825,#18160,.T.);
#18158=EDGE_CURVE('',#825,#905,#18161,.T.);
#18159=LINE('',#904,#18162);
#18160=LINE('',#858,#18163);
#18161=LINE('',#824,#18164);
#18162=VECTOR('',#18165,1.0);
#18163=VECTOR('',#18166,1.0);
#18164=VECTOR('',#18167,1.0);
#18165=DIRECTION('',(0,0,1));
#18166=DIRECTION('',(-0.27974998271059454,0.1538771917965248,-0.9476612037106076));
#18167=DIRECTION('',(0.8761964645597768,-0.4819541010230619,0));
#18168=FACE_SURFACE('',(#18173),#18169,.T.);
#18169=PLANE('',#18170);
#18170=AXIS2_PLACEMENT_3D('',#84,#18171,#18172);
#18171=DIRECTION('',(-0.7795140315732745,-0.6263277273226386,0.00845296203933806));
#18172=DIRECTION('',(0.12642525389204415,-0.14410038540359482,0.9814538879157123));
#18173=FACE_BOUND('',#18174,.T.);
#18174=EDGE_LOOP('',(#18175,#18176,#18177));
#18175=ORIENTED_EDGE('',*,*,#18178,.T.);
#18176=ORIENTED_EDGE('',*,*,#18179,.T.);
#18177=ORIENTED_EDGE('',*,*,#18180,.T.);
#18178=EDGE_CURVE('',#85,#375,#18181,.F.);
#18179=EDGE_CURVE('',#375,#899,#18182,.T.);
#18180=EDGE_CURVE('',#899,#85,#18183,.T.);
#18181=LINE('',#84,#18184);
#18182=LINE('',#374,#18185);
#18183=LINE('',#898,#18186);
#18184=VECTOR('',#18187,1.0);
#18185=VECTOR('',#18188,1.0);
#18186=VECTOR('',#18189,1.0);
#18187=DIRECTION('',(0.12642525389204415,-0.14410038540359482,0.9814538879157123));
#18188=DIRECTION('',(-0.6263501048838714,0.77954188220516,0));
#18189=DIRECTION('',(-0.03672526207987908,0.032227522968762475,-0.9988056076576973));
#18190=FACE_SURFACE('',(#18195),#18191,.T.);
#18191=PLANE('',#18192);
#18192=AXIS2_PLACEMENT_3D('',#668,#18193,#18194);
#18193=DIRECTION('',(-0.5330587887096714,-0.846078021829666,0.0005556583278886343));
#18194=DIRECTION('',(-0.7930796602646294,0.4994389632178228,-0.34869094409583723));
#18195=FACE_BOUND('',#18196,.T.);
#18196=EDGE_LOOP('',(#18197,#18198,#18199));
#18197=ORIENTED_EDGE('',*,*,#18200,.T.);
#18198=ORIENTED_EDGE('',*,*,#18201,.T.);
#18199=ORIENTED_EDGE('',*,*,#18202,.T.);
#18200=EDGE_CURVE('',#669,#735,#18203,.F.);
#18201=EDGE_CURVE('',#735,#671,#18204,.T.);
#18202=EDGE_CURVE('',#671,#669,#18205,.T.);
#18203=LINE('',#668,#18206);
#18204=LINE('',#734,#18207);
#18205=LINE('',#670,#18208);
#18206=VECTOR('',#18209,1.0);
#18207=VECTOR('',#18210,1.0);
#18208=VECTOR('',#18211,1.0);
#18209=DIRECTION('',(-0.7930796602646294,0.4994389632178228,-0.34869094409583723));
#18210=DIRECTION('',(0.846078152445604,-0.5330588710022873,0));
#18211=DIRECTION('',(-0.5829101374615426,0.3677296572015983,0.7245623995619429));
#18212=FACE_SURFACE('',(#18217),#18213,.T.);
#18213=PLANE('',#18214);
#18214=AXIS2_PLACEMENT_3D('',#84,#18215,#18216);
#18215=DIRECTION('',(-0.6597695215809015,-0.7514680154486567,1.227052002825863E-05));
#18216=DIRECTION('',(0.03672526207987908,-0.032227522968762475,0.9988056076576973));
#18217=FACE_BOUND('',#18218,.T.);
#18218=EDGE_LOOP('',(#18219,#18220,#18221));
#18219=ORIENTED_EDGE('',*,*,#18222,.T.);
#18220=ORIENTED_EDGE('',*,*,#18223,.T.);
#18221=ORIENTED_EDGE('',*,*,#18224,.T.);
#18222=EDGE_CURVE('',#85,#899,#18225,.F.);
#18223=EDGE_CURVE('',#899,#901,#18226,.T.);
#18224=EDGE_CURVE('',#901,#85,#18227,.T.);
#18225=LINE('',#84,#18228);
#18226=LINE('',#898,#18229);
#18227=LINE('',#900,#18230);
#18228=VECTOR('',#18231,1.0);
#18229=VECTOR('',#18232,1.0);
#18230=VECTOR('',#18233,1.0);
#18231=DIRECTION('',(0.03672526207987908,-0.032227522968762475,0.9988056076576973));
#18232=DIRECTION('',(-0.7514680155052295,0.6597695216305708,0));
#18233=DIRECTION('',(0.03697240833236939,-0.03247712917720426,-0.9987884045695123));
#18234=FACE_SURFACE('',(#18239),#18235,.T.);
#18235=PLANE('',#18236);
#18236=AXIS2_PLACEMENT_3D('',#562,#18237,#18238);
#18237=DIRECTION('',(-0.5184667287438464,-0.8550544419561695,0.008611183233344146));
#18238=DIRECTION('',(0.15979619286473826,-0.1067764348217742,-0.9813582270061667));
#18239=FACE_BOUND('',#18240,.T.);
#18240=EDGE_LOOP('',(#18241,#18242,#18243));
#18241=ORIENTED_EDGE('',*,*,#18244,.T.);
#18242=ORIENTED_EDGE('',*,*,#18245,.T.);
#18243=ORIENTED_EDGE('',*,*,#18246,.T.);
#18244=EDGE_CURVE('',#563,#85,#18247,.F.);
#18245=EDGE_CURVE('',#85,#901,#18248,.T.);
#18246=EDGE_CURVE('',#901,#563,#18249,.T.);
#18247=LINE('',#562,#18250);
#18248=LINE('',#84,#18251);
#18249=LINE('',#900,#18252);
#18250=VECTOR('',#18253,1.0);
#18251=VECTOR('',#18254,1.0);
#18252=VECTOR('',#18255,1.0);
#18253=DIRECTION('',(0.15979619286473826,-0.1067764348217742,-0.9813582270061667));
#18254=DIRECTION('',(-0.03697240833236939,0.03247712917720426,0.9987884045695123));
#18255=DIRECTION('',(-0.8550861459216591,0.5184859526089817,0));
#18256=FACE_SURFACE('',(#18261),#18257,.T.);
#18257=PLANE('',#18258);
#18258=AXIS2_PLACEMENT_3D('',#562,#18259,#18260);
#18259=DIRECTION('',(-0.5555847381304773,-0.8314599201143066,-0));
#18260=DIRECTION('',(0,0,-1));
#18261=FACE_BOUND('',#18262,.T.);
#18262=EDGE_LOOP('',(#18263,#18264,#18265));
#18263=ORIENTED_EDGE('',*,*,#18266,.T.);
#18264=ORIENTED_EDGE('',*,*,#18267,.T.);
#18265=ORIENTED_EDGE('',*,*,#18268,.T.);
#18266=EDGE_CURVE('',#563,#79,#18269,.F.);
#18267=EDGE_CURVE('',#79,#85,#18270,.T.);
#18268=EDGE_CURVE('',#85,#563,#18271,.T.);
#18269=LINE('',#562,#18272);
#18270=LINE('',#78,#18273);
#18271=LINE('',#84,#18274);
#18272=VECTOR('',#18275,1.0);
#18273=VECTOR('',#18276,1.0);
#18274=VECTOR('',#18277,1.0);
#18275=DIRECTION('',(0,0,-1));
#18276=DIRECTION('',(0.8314599201143066,-0.5555847381304773,0));
#18277=DIRECTION('',(-0.15979619286473826,0.1067764348217742,0.9813582270061667));
#18278=FACE_SURFACE('',(#18283),#18279,.T.);
#18279=PLANE('',#18280);
#18280=AXIS2_PLACEMENT_3D('',#518,#18281,#18282);
#18281=DIRECTION('',(-0.3622831265496562,-0.9320680963413593,0));
#18282=DIRECTION('',(0.13560917330374125,-0.052709577214517855,-0.9893593141956782));
#18283=FACE_BOUND('',#18284,.T.);
#18284=EDGE_LOOP('',(#18285,#18286,#18287));
#18285=ORIENTED_EDGE('',*,*,#18288,.T.);
#18286=ORIENTED_EDGE('',*,*,#18289,.T.);
#18287=ORIENTED_EDGE('',*,*,#18290,.T.);
#18288=EDGE_CURVE('',#519,#79,#18291,.F.);
#18289=EDGE_CURVE('',#79,#563,#18292,.T.);
#18290=EDGE_CURVE('',#563,#519,#18293,.T.);
#18291=LINE('',#518,#18294);
#18292=LINE('',#78,#18295);
#18293=LINE('',#562,#18296);
#18294=VECTOR('',#18297,1.0);
#18295=VECTOR('',#18298,1.0);
#18296=VECTOR('',#18299,1.0);
#18297=DIRECTION('',(0.13560917330374125,-0.052709577214517855,-0.9893593141956782));
#18298=DIRECTION('',(0,0,1));
#18299=DIRECTION('',(-0.9320680963413595,0.3622831265496563,0));
#18300=FACE_SURFACE('',(#18305),#18301,.T.);
#18301=PLANE('',#18302);
#18302=AXIS2_PLACEMENT_3D('',#776,#18303,#18304);
#18303=DIRECTION('',(-1,-0,-0));
#18304=DIRECTION('',(0,0,-1));
#18305=FACE_BOUND('',#18306,.T.);
#18306=EDGE_LOOP('',(#18307,#18308,#18309));
#18307=ORIENTED_EDGE('',*,*,#18310,.T.);
#18308=ORIENTED_EDGE('',*,*,#18311,.T.);
#18309=ORIENTED_EDGE('',*,*,#18312,.T.);
#18310=EDGE_CURVE('',#777,#847,#18313,.F.);
#18311=EDGE_CURVE('',#847,#779,#18314,.T.);
#18312=EDGE_CURVE('',#779,#777,#18315,.T.);
#18313=LINE('',#776,#18316);
#18314=LINE('',#846,#18317);
#18315=LINE('',#778,#18318);
#18316=VECTOR('',#18319,1.0);
#18317=VECTOR('',#18320,1.0);
#18318=VECTOR('',#18321,1.0);
#18319=DIRECTION('',(0,0,-1));
#18320=DIRECTION('',(0,-0.9007823319404654,0.4342708722259612));
#18321=DIRECTION('',(0,1,0));
#18322=FACE_SURFACE('',(#18327),#18323,.T.);
#18323=PLANE('',#18324);
#18324=AXIS2_PLACEMENT_3D('',#214,#18325,#18326);
#18325=DIRECTION('',(-0,0,1));
#18326=DIRECTION('',(-0.0005113150571263634,-0.9999998692784475,0));
#18327=FACE_BOUND('',#18328,.T.);
#18328=EDGE_LOOP('',(#18329,#18330,#18331));
#18329=ORIENTED_EDGE('',*,*,#18332,.T.);
#18330=ORIENTED_EDGE('',*,*,#18333,.T.);
#18331=ORIENTED_EDGE('',*,*,#18334,.T.);
#18332=EDGE_CURVE('',#215,#903,#18335,.F.);
#18333=EDGE_CURVE('',#903,#847,#18336,.T.);
#18334=EDGE_CURVE('',#847,#215,#18337,.T.);
#18335=LINE('',#214,#18338);
#18336=LINE('',#902,#18339);
#18337=LINE('',#846,#18340);
#18338=VECTOR('',#18341,1.0);
#18339=VECTOR('',#18342,1.0);
#18340=VECTOR('',#18343,1.0);
#18341=DIRECTION('',(-0.0005113150571263634,-0.9999998692784475,0));
#18342=DIRECTION('',(0.2482836698548918,0.9686873692184631,0));
#18343=DIRECTION('',(-1,0,0));
#18344=FACE_SURFACE('',(#18349),#18345,.T.);
#18345=PLANE('',#18346);
#18346=AXIS2_PLACEMENT_3D('',#904,#18347,#18348);
#18347=DIRECTION('',(-0.16262364899215284,-0.318607759685081,-0.9338322356060166));
#18348=DIRECTION('',(-0.8333316971401241,0.5511055722689274,-0.04290606898445213));
#18349=FACE_BOUND('',#18350,.T.);
#18350=EDGE_LOOP('',(#18351,#18352,#18353));
#18351=ORIENTED_EDGE('',*,*,#18354,.T.);
#18352=ORIENTED_EDGE('',*,*,#18355,.T.);
#18353=ORIENTED_EDGE('',*,*,#18356,.T.);
#18354=EDGE_CURVE('',#905,#895,#18357,.F.);
#18355=EDGE_CURVE('',#895,#669,#18358,.T.);
#18356=EDGE_CURVE('',#669,#905,#18359,.T.);
#18357=LINE('',#904,#18360);
#18358=LINE('',#894,#18361);
#18359=LINE('',#668,#18362);
#18360=VECTOR('',#18363,1.0);
#18361=VECTOR('',#18364,1.0);
#18362=VECTOR('',#18365,1.0);
#18363=DIRECTION('',(-0.8333316971401241,0.5511055722689274,-0.04290606898445213));
#18364=DIRECTION('',(0.8708684899877773,-0.49125723706769076,0.0159499271166788));
#18365=DIRECTION('',(-0.9789197574091468,0.1706274883382185,0.11226027248055409));
#18366=FACE_SURFACE('',(#18371),#18367,.T.);
#18367=PLANE('',#18368);
#18368=AXIS2_PLACEMENT_3D('',#896,#18369,#18370);
#18369=DIRECTION('',(-0.07147594743662915,-0.15867994936781324,-0.9847394897162723));
#18370=DIRECTION('',(0.8176958119056187,-0.5746892732046024,0.03325354801486519));
#18371=FACE_BOUND('',#18372,.T.);
#18372=EDGE_LOOP('',(#18373,#18374,#18375));
#18373=ORIENTED_EDGE('',*,*,#18376,.T.);
#18374=ORIENTED_EDGE('',*,*,#18377,.T.);
#18375=ORIENTED_EDGE('',*,*,#18378,.T.);
#18376=EDGE_CURVE('',#897,#669,#18379,.F.);
#18377=EDGE_CURVE('',#669,#895,#18380,.T.);
#18378=EDGE_CURVE('',#895,#897,#18381,.T.);
#18379=LINE('',#896,#18382);
#18380=LINE('',#668,#18383);
#18381=LINE('',#894,#18384);
#18382=VECTOR('',#18385,1.0);
#18383=VECTOR('',#18386,1.0);
#18384=VECTOR('',#18387,1.0);
#18385=DIRECTION('',(0.8176958119056187,-0.5746892732046024,0.03325354801486519));
#18386=DIRECTION('',(-0.8708684899877773,0.49125723706769076,-0.0159499271166788));
#18387=DIRECTION('',(0.9088744854104759,0.3963454974308375,-0.1298361137594032));
#18388=FACE_SURFACE('',(#18393),#18389,.T.);
#18389=PLANE('',#18390);
#18390=AXIS2_PLACEMENT_3D('',#212,#18391,#18392);
#18391=DIRECTION('',(0.21804384231742657,-0.9759389749505105,0));
#18392=DIRECTION('',(0,0,-1));
#18393=FACE_BOUND('',#18394,.T.);
#18394=EDGE_LOOP('',(#18395,#18396,#18397));
#18395=ORIENTED_EDGE('',*,*,#18398,.T.);
#18396=ORIENTED_EDGE('',*,*,#18399,.T.);
#18397=ORIENTED_EDGE('',*,*,#18400,.T.);
#18398=EDGE_CURVE('',#213,#183,#18401,.F.);
#18399=EDGE_CURVE('',#183,#903,#18402,.T.);
#18400=EDGE_CURVE('',#903,#213,#18403,.T.);
#18401=LINE('',#212,#18404);
#18402=LINE('',#182,#18405);
#18403=LINE('',#902,#18406);
#18404=VECTOR('',#18407,1.0);
#18405=VECTOR('',#18408,1.0);
#18406=VECTOR('',#18409,1.0);
#18407=DIRECTION('',(0,0,-1));
#18408=DIRECTION('',(0.9758576500629272,0.21802567274799672,0.01290940883405816));
#18409=DIRECTION('',(-0.9759389749505105,-0.2180438423174266,0));
#18410=FACE_SURFACE('',(#18415),#18411,.T.);
#18411=PLANE('',#18412);
#18412=AXIS2_PLACEMENT_3D('',#180,#18413,#18414);
#18413=DIRECTION('',(0.21804384231742657,-0.9759389749505105,0));
#18414=DIRECTION('',(0,0,1));
#18415=FACE_BOUND('',#18416,.T.);
#18416=EDGE_LOOP('',(#18417,#18418,#18419));
#18417=ORIENTED_EDGE('',*,*,#18420,.T.);
#18418=ORIENTED_EDGE('',*,*,#18421,.T.);
#18419=ORIENTED_EDGE('',*,*,#18422,.T.);
#18420=EDGE_CURVE('',#181,#903,#18423,.F.);
#18421=EDGE_CURVE('',#903,#183,#18424,.T.);
#18422=EDGE_CURVE('',#183,#181,#18425,.T.);
#18423=LINE('',#180,#18426);
#18424=LINE('',#902,#18427);
#18425=LINE('',#182,#18428);
#18426=VECTOR('',#18429,1.0);
#18427=VECTOR('',#18430,1.0);
#18428=VECTOR('',#18431,1.0);
#18429=DIRECTION('',(0,0,1));
#18430=DIRECTION('',(-0.9758576500629272,-0.21802567274799672,-0.01290940883405816));
#18431=DIRECTION('',(0.9758515157064113,0.21802430221285135,-0.013387417155640105));
#18432=FACE_SURFACE('',(#18437),#18433,.T.);
#18433=PLANE('',#18434);
#18434=AXIS2_PLACEMENT_3D('',#322,#18435,#18436);
#18435=DIRECTION('',(0.01206034177620974,-0.0027559925971878123,0.9999234734023625));
#18436=DIRECTION('',(0.9126190541067086,0.4086916072553987,-0.009880902811753257));
#18437=FACE_BOUND('',#18438,.T.);
#18438=EDGE_LOOP('',(#18439,#18440,#18441));
#18439=ORIENTED_EDGE('',*,*,#18442,.T.);
#18440=ORIENTED_EDGE('',*,*,#18443,.T.);
#18441=ORIENTED_EDGE('',*,*,#18444,.T.);
#18442=EDGE_CURVE('',#323,#181,#18445,.F.);
#18443=EDGE_CURVE('',#181,#179,#18446,.T.);
#18444=EDGE_CURVE('',#179,#323,#18447,.T.);
#18445=LINE('',#322,#18448);
#18446=LINE('',#180,#18449);
#18447=LINE('',#178,#18450);
#18448=VECTOR('',#18451,1.0);
#18449=VECTOR('',#18452,1.0);
#18450=VECTOR('',#18453,1.0);
#18451=DIRECTION('',(0.9126190541067086,0.4086916072553987,-0.009880902811753257));
#18452=DIRECTION('',(-0.9592235949620901,-0.28244229426584727,0.010790981320003558));
#18453=DIRECTION('',(-0.322368670371148,-0.9466133340642533,0.001279114887848342));
#18454=FACE_SURFACE('',(#18459),#18455,.T.);
#18455=PLANE('',#18456);
#18456=AXIS2_PLACEMENT_3D('',#668,#18457,#18458);
#18457=DIRECTION('',(-0.1717129136441202,-0.985147032319464,0));
#18458=DIRECTION('',(-0.06318717062205913,0.011013638387455922,0.9979409207153743));
#18459=FACE_BOUND('',#18460,.T.);
#18460=EDGE_LOOP('',(#18461,#18462,#18463));
#18461=ORIENTED_EDGE('',*,*,#18464,.T.);
#18462=ORIENTED_EDGE('',*,*,#18465,.T.);
#18463=ORIENTED_EDGE('',*,*,#18466,.T.);
#18464=EDGE_CURVE('',#669,#859,#18467,.F.);
#18465=EDGE_CURVE('',#859,#905,#18468,.T.);
#18466=EDGE_CURVE('',#905,#669,#18469,.T.);
#18467=LINE('',#668,#18470);
#18468=LINE('',#858,#18471);
#18469=LINE('',#904,#18472);
#18470=VECTOR('',#18473,1.0);
#18471=VECTOR('',#18474,1.0);
#18472=VECTOR('',#18475,1.0);
#18473=DIRECTION('',(-0.06318717062205913,0.011013638387455922,0.9979409207153743));
#18474=DIRECTION('',(0,0,-1));
#18475=DIRECTION('',(0.9789197574091468,-0.1706274883382185,-0.11226027248055409));
#18476=FACE_SURFACE('',(#18481),#18477,.T.);
#18477=PLANE('',#18478);
#18478=AXIS2_PLACEMENT_3D('',#894,#18479,#18480);
#18479=DIRECTION('',(-0.22505709174153582,-0.40915561811684453,-0.8842742705859222));
#18480=DIRECTION('',(0.8333316971401241,-0.5511055722689274,0.04290606898445213));
#18481=FACE_BOUND('',#18482,.T.);
#18482=EDGE_LOOP('',(#18483,#18484,#18485));
#18483=ORIENTED_EDGE('',*,*,#18486,.T.);
#18484=ORIENTED_EDGE('',*,*,#18487,.T.);
#18485=ORIENTED_EDGE('',*,*,#18488,.T.);
#18486=EDGE_CURVE('',#895,#905,#18489,.F.);
#18487=EDGE_CURVE('',#905,#825,#18490,.T.);
#18488=EDGE_CURVE('',#825,#895,#18491,.T.);
#18489=LINE('',#894,#18492);
#18490=LINE('',#904,#18493);
#18491=LINE('',#824,#18494);
#18492=VECTOR('',#18495,1.0);
#18493=VECTOR('',#18496,1.0);
#18494=VECTOR('',#18497,1.0);
#18495=DIRECTION('',(0.8333316971401241,-0.5511055722689274,0.04290606898445213));
#18496=DIRECTION('',(-0.8761964645597768,0.4819541010230619,0));
#18497=DIRECTION('',(0.9365240365380958,0.15956741489506185,-0.3121873941883282));
#18498=FACE_SURFACE('',(#18503),#18499,.T.);
#18499=PLANE('',#18500);
#18500=AXIS2_PLACEMENT_3D('',#340,#18501,#18502);
#18501=DIRECTION('',(-5.356623368408248E-05,0.00010017958789062326,-0.9999999935473545));
#18502=DIRECTION('',(-0.881851252655609,-0.47152769610038103,0));
#18503=FACE_BOUND('',#18504,.T.);
#18504=EDGE_LOOP('',(#18505,#18506,#18507));
#18505=ORIENTED_EDGE('',*,*,#18508,.T.);
#18506=ORIENTED_EDGE('',*,*,#18509,.T.);
#18507=ORIENTED_EDGE('',*,*,#18510,.T.);
#18508=EDGE_CURVE('',#341,#189,#18511,.F.);
#18509=EDGE_CURVE('',#189,#603,#18512,.T.);
#18510=EDGE_CURVE('',#603,#341,#18513,.T.);
#18511=LINE('',#340,#18514);
#18512=LINE('',#188,#18515);
#18513=LINE('',#602,#18516);
#18514=VECTOR('',#18517,1.0);
#18515=VECTOR('',#18518,1.0);
#18516=VECTOR('',#18519,1.0);
#18517=DIRECTION('',(-0.881851252655609,-0.47152769610038103,0));
#18518=DIRECTION('',(-0.8439933600120327,0.5363536132685527,9.894123012954151E-05));
#18519=DIRECTION('',(0.9947818492460428,-0.10202484196222872,-6.350752403357082E-05));
#18520=FACE_SURFACE('',(#18525),#18521,.T.);
#18521=PLANE('',#18522);
#18522=AXIS2_PLACEMENT_3D('',#864,#18523,#18524);
#18523=DIRECTION('',(-0.010528720909497368,-0.00018779687922851937,0.9999445538470331));
#18524=DIRECTION('',(-0.49997251131198933,0.866026246956337,-0.005101716878090481));
#18525=FACE_BOUND('',#18526,.T.);
#18526=EDGE_LOOP('',(#18527,#18528,#18529));
#18527=ORIENTED_EDGE('',*,*,#18530,.T.);
#18528=ORIENTED_EDGE('',*,*,#18531,.T.);
#18529=ORIENTED_EDGE('',*,*,#18532,.T.);
#18530=EDGE_CURVE('',#865,#727,#18533,.F.);
#18531=EDGE_CURVE('',#727,#523,#18534,.T.);
#18532=EDGE_CURVE('',#523,#865,#18535,.T.);
#18533=LINE('',#864,#18536);
#18534=LINE('',#726,#18537);
#18535=LINE('',#522,#18538);
#18536=VECTOR('',#18539,1.0);
#18537=VECTOR('',#18540,1.0);
#18538=VECTOR('',#18541,1.0);
#18539=DIRECTION('',(-0.49997251131198933,0.866026246956337,-0.005101716878090481));
#18540=DIRECTION('',(-0.07706770903706237,-0.9970253611549122,-0.0009987180259945978));
#18541=DIRECTION('',(0.08954232251313483,0.995982377288942,0.0011298711525592226));
#18542=FACE_SURFACE('',(#18547),#18543,.T.);
#18543=PLANE('',#18544);
#18544=AXIS2_PLACEMENT_3D('',#188,#18545,#18546);
#18545=DIRECTION('',(-5.356623799990003E-05,0.0001001795810993549,-0.9999999935473548));
#18546=DIRECTION('',(-0.8818512235666215,-0.4715277505026109,0));
#18547=FACE_BOUND('',#18548,.T.);
#18548=EDGE_LOOP('',(#18549,#18550,#18551));
#18549=ORIENTED_EDGE('',*,*,#18552,.T.);
#18550=ORIENTED_EDGE('',*,*,#18553,.T.);
#18551=ORIENTED_EDGE('',*,*,#18554,.T.);
#18552=EDGE_CURVE('',#189,#369,#18555,.F.);
#18553=EDGE_CURVE('',#369,#603,#18556,.T.);
#18554=EDGE_CURVE('',#603,#189,#18557,.T.);
#18555=LINE('',#188,#18558);
#18556=LINE('',#368,#18559);
#18557=LINE('',#602,#18560);
#18558=VECTOR('',#18561,1.0);
#18559=VECTOR('',#18562,1.0);
#18560=VECTOR('',#18563,1.0);
#18561=DIRECTION('',(-0.8818512235666215,-0.4715277505026109,0));
#18562=DIRECTION('',(0.10478021927528995,0.9944953980837302,9.401545082853074E-05));
#18563=DIRECTION('',(0.8439933600120327,-0.5363536132685527,-9.894123012954151E-05));
#18564=FACE_SURFACE('',(#18569),#18565,.T.);
#18565=PLANE('',#18566);
#18566=AXIS2_PLACEMENT_3D('',#522,#18567,#18568);
#18567=DIRECTION('',(-0.007532984086052033,-0.000457154761117019,0.9999715221746487));
#18568=DIRECTION('',(0.10270222363741656,0.9947113874028429,0.0012284262458594276));
#18569=FACE_BOUND('',#18570,.T.);
#18570=EDGE_LOOP('',(#18571,#18572,#18573));
#18571=ORIENTED_EDGE('',*,*,#18574,.T.);
#18572=ORIENTED_EDGE('',*,*,#18575,.T.);
#18573=ORIENTED_EDGE('',*,*,#18576,.T.);
#18574=EDGE_CURVE('',#523,#869,#18577,.F.);
#18575=EDGE_CURVE('',#869,#865,#18578,.T.);
#18576=EDGE_CURVE('',#865,#523,#18579,.T.);
#18577=LINE('',#522,#18580);
#18578=LINE('',#868,#18581);
#18579=LINE('',#864,#18582);
#18580=VECTOR('',#18583,1.0);
#18581=VECTOR('',#18584,1.0);
#18582=VECTOR('',#18585,1.0);
#18583=DIRECTION('',(0.10270222363741656,0.9947113874028429,0.0012284262458594276));
#18584=DIRECTION('',(-0.6939175193095449,0.7200378348644618,-0.004898240396833378));
#18585=DIRECTION('',(-0.08954232251313483,-0.995982377288942,-0.0011298711525592226));
#18586=FACE_SURFACE('',(#18591),#18587,.T.);
#18587=PLANE('',#18588);
#18588=AXIS2_PLACEMENT_3D('',#380,#18589,#18590);
#18589=DIRECTION('',(4.3603664404974935E-05,8.684809986120045E-05,-0.9999999952780639));
#18590=DIRECTION('',(-0.8936866593291367,0.448691603372659,0));
#18591=FACE_BOUND('',#18592,.T.);
#18592=EDGE_LOOP('',(#18593,#18594,#18595));
#18593=ORIENTED_EDGE('',*,*,#18596,.T.);
#18594=ORIENTED_EDGE('',*,*,#18597,.T.);
#18595=ORIENTED_EDGE('',*,*,#18598,.T.);
#18596=EDGE_CURVE('',#381,#511,#18599,.F.);
#18597=EDGE_CURVE('',#511,#603,#18600,.T.);
#18598=EDGE_CURVE('',#603,#381,#18601,.T.);
#18599=LINE('',#380,#18602);
#18600=LINE('',#510,#18603);
#18601=LINE('',#602,#18604);
#18602=VECTOR('',#18605,1.0);
#18603=VECTOR('',#18606,1.0);
#18604=VECTOR('',#18607,1.0);
#18605=DIRECTION('',(-0.8936866593291367,0.448691603372659,0));
#18606=DIRECTION('',(0.6293835288204326,0.7770948234529259,9.49326374498325E-05));
#18607=DIRECTION('',(-0.17363131386236008,-0.9848107220064366,-9.309990190865693E-05));
#18608=FACE_SURFACE('',(#18613),#18609,.T.);
#18609=PLANE('',#18610);
#18610=AXIS2_PLACEMENT_3D('',#522,#18611,#18612);
#18611=DIRECTION('',(-0.012957880664193993,0,0.9999160431399691));
#18612=DIRECTION('',(0.07706770903706237,0.9970253611549122,0.0009987180259945978));
#18613=FACE_BOUND('',#18614,.T.);
#18614=EDGE_LOOP('',(#18615,#18616,#18617));
#18615=ORIENTED_EDGE('',*,*,#18618,.T.);
#18616=ORIENTED_EDGE('',*,*,#18619,.T.);
#18617=ORIENTED_EDGE('',*,*,#18620,.T.);
#18618=EDGE_CURVE('',#523,#727,#18621,.F.);
#18619=EDGE_CURVE('',#727,#747,#18622,.T.);
#18620=EDGE_CURVE('',#747,#523,#18623,.T.);
#18621=LINE('',#522,#18624);
#18622=LINE('',#726,#18625);
#18623=LINE('',#746,#18626);
#18624=VECTOR('',#18627,1.0);
#18625=VECTOR('',#18628,1.0);
#18626=VECTOR('',#18629,1.0);
#18627=DIRECTION('',(0.07706770903706237,0.9970253611549122,0.0009987180259945978));
#18628=DIRECTION('',(-0.7323096281589815,0.680905682772828,-0.009489977519638673));
#18629=DIRECTION('',(0,-1,0));
#18630=FACE_SURFACE('',(#18635),#18631,.T.);
#18631=PLANE('',#18632);
#18632=AXIS2_PLACEMENT_3D('',#728,#18633,#18634);
#18633=DIRECTION('',(-0.9970258583906234,0.07706774747221015,0));
#18634=DIRECTION('',(-0.07706773439358708,-0.9970256891924072,-0.0005825854829237383));
#18635=FACE_BOUND('',#18636,.T.);
#18636=EDGE_LOOP('',(#18637,#18638,#18639));
#18637=ORIENTED_EDGE('',*,*,#18640,.T.);
#18638=ORIENTED_EDGE('',*,*,#18641,.T.);
#18639=ORIENTED_EDGE('',*,*,#18642,.T.);
#18640=EDGE_CURVE('',#729,#719,#18643,.F.);
#18641=EDGE_CURVE('',#719,#907,#18644,.T.);
#18642=EDGE_CURVE('',#907,#729,#18645,.T.);
#18643=LINE('',#728,#18646);
#18644=LINE('',#718,#18647);
#18645=LINE('',#906,#18648);
#18646=VECTOR('',#18649,1.0);
#18647=VECTOR('',#18650,1.0);
#18648=VECTOR('',#18651,1.0);
#18649=DIRECTION('',(-0.07706773439358708,-0.9970256891924072,-0.0005825854829237383));
#18650=DIRECTION('',(0,0,1));
#18651=DIRECTION('',(0.0770677090370902,0.9970253611552725,-0.0009987176642783982));
#18652=FACE_SURFACE('',(#18657),#18653,.T.);
#18653=PLANE('',#18654);
#18654=AXIS2_PLACEMENT_3D('',#550,#18655,#18656);
#18655=DIRECTION('',(-1,0,0));
#18656=DIRECTION('',(0,0.9999989807649053,0.0014277496805946866));
#18657=FACE_BOUND('',#18658,.T.);
#18658=EDGE_LOOP('',(#18659,#18660,#18661));
#18659=ORIENTED_EDGE('',*,*,#18662,.T.);
#18660=ORIENTED_EDGE('',*,*,#18663,.T.);
#18661=ORIENTED_EDGE('',*,*,#18664,.T.);
#18662=EDGE_CURVE('',#551,#903,#18665,.F.);
#18663=EDGE_CURVE('',#903,#181,#18666,.T.);
#18664=EDGE_CURVE('',#181,#551,#18667,.T.);
#18665=LINE('',#550,#18668);
#18666=LINE('',#902,#18669);
#18667=LINE('',#180,#18670);
#18668=VECTOR('',#18671,1.0);
#18669=VECTOR('',#18672,1.0);
#18670=VECTOR('',#18673,1.0);
#18671=DIRECTION('',(0,0.9999989807649053,0.0014277496805946866));
#18672=DIRECTION('',(0,0,-1));
#18673=DIRECTION('',(0,-1,0));
#18674=FACE_SURFACE('',(#18679),#18675,.T.);
#18675=PLANE('',#18676);
#18676=AXIS2_PLACEMENT_3D('',#574,#18677,#18678);
#18677=DIRECTION('',(0,0,1));
#18678=DIRECTION('',(-0.2586153942636077,0.9659803713584861,0));
#18679=FACE_BOUND('',#18680,.T.);
#18680=EDGE_LOOP('',(#18681,#18682,#18683));
#18681=ORIENTED_EDGE('',*,*,#18684,.T.);
#18682=ORIENTED_EDGE('',*,*,#18685,.T.);
#18683=ORIENTED_EDGE('',*,*,#18686,.T.);
#18684=EDGE_CURVE('',#575,#583,#18687,.F.);
#18685=EDGE_CURVE('',#583,#525,#18688,.T.);
#18686=EDGE_CURVE('',#525,#575,#18689,.T.);
#18687=LINE('',#574,#18690);
#18688=LINE('',#582,#18691);
#18689=LINE('',#524,#18692);
#18690=VECTOR('',#18693,1.0);
#18691=VECTOR('',#18694,1.0);
#18692=VECTOR('',#18695,1.0);
#18693=DIRECTION('',(-0.2586153942636077,0.9659803713584861,0));
#18694=DIRECTION('',(0.03403406824056809,-0.9994206732897797,0));
#18695=DIRECTION('',(0,1,0));
#18696=FACE_SURFACE('',(#18701),#18697,.T.);
#18697=PLANE('',#18698);
#18698=AXIS2_PLACEMENT_3D('',#456,#18699,#18700);
#18699=DIRECTION('',(0,0,1));
#18700=DIRECTION('',(0.22967787245526922,0.9732667028643387,0));
#18701=FACE_BOUND('',#18702,.T.);
#18702=EDGE_LOOP('',(#18703,#18704,#18705));
#18703=ORIENTED_EDGE('',*,*,#18706,.T.);
#18704=ORIENTED_EDGE('',*,*,#18707,.T.);
#18705=ORIENTED_EDGE('',*,*,#18708,.T.);
#18706=EDGE_CURVE('',#457,#525,#18709,.F.);
#18707=EDGE_CURVE('',#525,#583,#18710,.T.);
#18708=EDGE_CURVE('',#583,#457,#18711,.T.);
#18709=LINE('',#456,#18712);
#18710=LINE('',#524,#18713);
#18711=LINE('',#582,#18714);
#18712=VECTOR('',#18715,1.0);
#18713=VECTOR('',#18716,1.0);
#18714=VECTOR('',#18717,1.0);
#18715=DIRECTION('',(0.22967787245526922,0.9732667028643387,0));
#18716=DIRECTION('',(-0.03403406824056809,0.9994206732897797,0));
#18717=DIRECTION('',(0,-1,0));
#18718=FACE_SURFACE('',(#18723),#18719,.T.);
#18719=PLANE('',#18720);
#18720=AXIS2_PLACEMENT_3D('',#550,#18721,#18722);
#18721=DIRECTION('',(0.010094469844418776,-0,0.9999490495413055));
#18722=DIRECTION('',(0,1,0));
#18723=FACE_BOUND('',#18724,.T.);
#18724=EDGE_LOOP('',(#18725,#18726,#18727));
#18725=ORIENTED_EDGE('',*,*,#18728,.T.);
#18726=ORIENTED_EDGE('',*,*,#18729,.T.);
#18727=ORIENTED_EDGE('',*,*,#18730,.T.);
#18728=EDGE_CURVE('',#551,#181,#18731,.F.);
#18729=EDGE_CURVE('',#181,#715,#18732,.T.);
#18730=EDGE_CURVE('',#715,#551,#18733,.T.);
#18731=LINE('',#550,#18734);
#18732=LINE('',#180,#18735);
#18733=LINE('',#714,#18736);
#18734=VECTOR('',#18737,1.0);
#18735=VECTOR('',#18738,1.0);
#18736=VECTOR('',#18739,1.0);
#18737=DIRECTION('',(0,1,0));
#18738=DIRECTION('',(-0.8693089332969954,-0.49419122440884955,0.008775659936549489));
#18739=DIRECTION('',(0.14030914967656002,-0.9901067297394034,-0.0014164186474858685));
#18740=FACE_SURFACE('',(#18745),#18741,.T.);
#18741=PLANE('',#18742);
#18742=AXIS2_PLACEMENT_3D('',#522,#18743,#18744);
#18743=DIRECTION('',(-0.006969305305390525,-0.0005153586293506031,0.9999755812963852));
#18744=DIRECTION('',(0.11663403883709712,0.993174076419261,0.0013247314046100254));
#18745=FACE_BOUND('',#18746,.T.);
#18746=EDGE_LOOP('',(#18747,#18748,#18749));
#18747=ORIENTED_EDGE('',*,*,#18750,.T.);
#18748=ORIENTED_EDGE('',*,*,#18751,.T.);
#18749=ORIENTED_EDGE('',*,*,#18752,.T.);
#18750=EDGE_CURVE('',#523,#873,#18753,.F.);
#18751=EDGE_CURVE('',#873,#869,#18754,.T.);
#18752=EDGE_CURVE('',#869,#523,#18755,.T.);
#18753=LINE('',#522,#18756);
#18754=LINE('',#872,#18757);
#18755=LINE('',#868,#18758);
#18756=VECTOR('',#18759,1.0);
#18757=VECTOR('',#18760,1.0);
#18758=VECTOR('',#18761,1.0);
#18759=DIRECTION('',(0.11663403883709712,0.993174076419261,0.0013247314046100254));
#18760=DIRECTION('',(-0.8078036540204346,0.5894275936969128,-0.0053261937536360675));
#18761=DIRECTION('',(-0.10270222363741656,-0.9947113874028429,-0.0012284262458594276));
#18762=FACE_SURFACE('',(#18767),#18763,.T.);
#18763=PLANE('',#18764);
#18764=AXIS2_PLACEMENT_3D('',#866,#18765,#18766);
#18765=DIRECTION('',(-0.007022547938110975,0.001127135056464832,-0.999974706373627));
#18766=DIRECTION('',(-0.10270229291366519,-0.9947120583705293,-0.0003999531730037117));
#18767=FACE_BOUND('',#18768,.T.);
#18768=EDGE_LOOP('',(#18769,#18770,#18771));
#18769=ORIENTED_EDGE('',*,*,#18772,.T.);
#18770=ORIENTED_EDGE('',*,*,#18773,.T.);
#18771=ORIENTED_EDGE('',*,*,#18774,.T.);
#18772=EDGE_CURVE('',#867,#719,#18775,.F.);
#18773=EDGE_CURVE('',#719,#729,#18776,.T.);
#18774=EDGE_CURVE('',#729,#867,#18777,.T.);
#18775=LINE('',#866,#18778);
#18776=LINE('',#718,#18779);
#18777=LINE('',#728,#18780);
#18778=VECTOR('',#18781,1.0);
#18779=VECTOR('',#18782,1.0);
#18780=VECTOR('',#18783,1.0);
#18781=DIRECTION('',(-0.10270229291366519,-0.9947120583705293,-0.0003999531730037117));
#18782=DIRECTION('',(0.07706773439358708,0.9970256891924072,0.0005825854829237383));
#18783=DIRECTION('',(0.5893222856642265,-0.8078822615648824,-0.005049264134780515));
#18784=FACE_SURFACE('',(#18789),#18785,.T.);
#18785=PLANE('',#18786);
#18786=AXIS2_PLACEMENT_3D('',#596,#18787,#18788);
#18787=DIRECTION('',(0,1,0));
#18788=DIRECTION('',(0,0,1));
#18789=FACE_BOUND('',#18790,.T.);
#18790=EDGE_LOOP('',(#18791,#18792,#18793));
#18791=ORIENTED_EDGE('',*,*,#18794,.T.);
#18792=ORIENTED_EDGE('',*,*,#18795,.T.);
#18793=ORIENTED_EDGE('',*,*,#18796,.T.);
#18794=EDGE_CURVE('',#597,#209,#18797,.F.);
#18795=EDGE_CURVE('',#209,#581,#18798,.T.);
#18796=EDGE_CURVE('',#581,#597,#18799,.T.);
#18797=LINE('',#596,#18800);
#18798=LINE('',#208,#18801);
#18799=LINE('',#580,#18802);
#18800=VECTOR('',#18803,1.0);
#18801=VECTOR('',#18804,1.0);
#18802=VECTOR('',#18805,1.0);
#18803=DIRECTION('',(0,0,1));
#18804=DIRECTION('',(0.9925059406844753,0,-0.12219638990585978));
#18805=DIRECTION('',(-0.9833845911736913,0,-0.18153442054374186));
#18806=FACE_SURFACE('',(#18811),#18807,.T.);
#18807=PLANE('',#18808);
#18808=AXIS2_PLACEMENT_3D('',#548,#18809,#18810);
#18809=DIRECTION('',(0,-0,1));
#18810=DIRECTION('',(1,0,0));
#18811=FACE_BOUND('',#18812,.T.);
#18812=EDGE_LOOP('',(#18813,#18814,#18815));
#18813=ORIENTED_EDGE('',*,*,#18816,.T.);
#18814=ORIENTED_EDGE('',*,*,#18817,.T.);
#18815=ORIENTED_EDGE('',*,*,#18818,.T.);
#18816=EDGE_CURVE('',#549,#223,#18819,.F.);
#18817=EDGE_CURVE('',#223,#209,#18820,.T.);
#18818=EDGE_CURVE('',#209,#549,#18821,.T.);
#18819=LINE('',#548,#18822);
#18820=LINE('',#222,#18823);
#18821=LINE('',#208,#18824);
#18822=VECTOR('',#18825,1.0);
#18823=VECTOR('',#18826,1.0);
#18824=VECTOR('',#18827,1.0);
#18825=DIRECTION('',(1,0,0));
#18826=DIRECTION('',(-0.9996733853960036,0.02555626206809856,0));
#18827=DIRECTION('',(0.8301831185973706,-0.5574907977679489,0));
#18828=FACE_SURFACE('',(#18833),#18829,.T.);
#18829=PLANE('',#18830);
#18830=AXIS2_PLACEMENT_3D('',#738,#18831,#18832);
#18831=DIRECTION('',(-0.012957875971885541,-0,-0.9999160432007765));
#18832=DIRECTION('',(0.7323096281828677,-0.6809056827950377,-0.009489974082859929));
#18833=FACE_BOUND('',#18834,.T.);
#18834=EDGE_LOOP('',(#18835,#18836,#18837));
#18835=ORIENTED_EDGE('',*,*,#18838,.T.);
#18836=ORIENTED_EDGE('',*,*,#18839,.T.);
#18837=ORIENTED_EDGE('',*,*,#18840,.T.);
#18838=EDGE_CURVE('',#739,#729,#18841,.F.);
#18839=EDGE_CURVE('',#729,#907,#18842,.T.);
#18840=EDGE_CURVE('',#907,#739,#18843,.T.);
#18841=LINE('',#738,#18844);
#18842=LINE('',#728,#18845);
#18843=LINE('',#906,#18846);
#18844=VECTOR('',#18847,1.0);
#18845=VECTOR('',#18848,1.0);
#18846=VECTOR('',#18849,1.0);
#18847=DIRECTION('',(0.7323096281828677,-0.6809056827950377,-0.009489974082859929));
#18848=DIRECTION('',(-0.0770677090370902,-0.9970253611552725,0.0009987176642783982));
#18849=DIRECTION('',(0,1,0));
#18850=FACE_SURFACE('',(#18855),#18851,.T.);
#18851=PLANE('',#18852);
#18852=AXIS2_PLACEMENT_3D('',#66,#18853,#18854);
#18853=DIRECTION('',(-1,0,0));
#18854=DIRECTION('',(0,-0.9999989052842571,0.0014796723581143578));
#18855=FACE_BOUND('',#18856,.T.);
#18856=EDGE_LOOP('',(#18857,#18858,#18859));
#18857=ORIENTED_EDGE('',*,*,#18860,.T.);
#18858=ORIENTED_EDGE('',*,*,#18861,.T.);
#18859=ORIENTED_EDGE('',*,*,#18862,.T.);
#18860=EDGE_CURVE('',#67,#837,#18863,.F.);
#18861=EDGE_CURVE('',#837,#167,#18864,.T.);
#18862=EDGE_CURVE('',#167,#67,#18865,.T.);
#18863=LINE('',#66,#18866);
#18864=LINE('',#836,#18867);
#18865=LINE('',#166,#18868);
#18866=VECTOR('',#18869,1.0);
#18867=VECTOR('',#18870,1.0);
#18868=VECTOR('',#18871,1.0);
#18869=DIRECTION('',(0,-0.9999989052842571,0.0014796723581143578));
#18870=DIRECTION('',(0,1,0));
#18871=DIRECTION('',(0,0,-1));
#18872=FACE_SURFACE('',(#18877),#18873,.T.);
#18873=PLANE('',#18874);
#18874=AXIS2_PLACEMENT_3D('',#702,#18875,#18876);
#18875=DIRECTION('',(0.001771354736082891,0.00037347468957875477,-0.9999983614081851));
#18876=DIRECTION('',(0.17580328067269038,-0.984425316284011,-5.6248057741765675E-05));
#18877=FACE_BOUND('',#18878,.T.);
#18878=EDGE_LOOP('',(#18879,#18880,#18881));
#18879=ORIENTED_EDGE('',*,*,#18882,.T.);
#18880=ORIENTED_EDGE('',*,*,#18883,.T.);
#18881=ORIENTED_EDGE('',*,*,#18884,.T.);
#18882=EDGE_CURVE('',#703,#73,#18885,.F.);
#18883=EDGE_CURVE('',#73,#219,#18886,.T.);
#18884=EDGE_CURVE('',#219,#703,#18887,.T.);
#18885=LINE('',#702,#18888);
#18886=LINE('',#72,#18889);
#18887=LINE('',#218,#18890);
#18888=VECTOR('',#18891,1.0);
#18889=VECTOR('',#18892,1.0);
#18890=VECTOR('',#18893,1.0);
#18891=DIRECTION('',(0.17580328067269038,-0.984425316284011,-5.6248057741765675E-05));
#18892=DIRECTION('',(-0.20630557518521317,0.9784876134359077,0));
#18893=DIRECTION('',(0.9973559859750734,0.07264860286034401,0.0017938066030359818));
#18894=FACE_SURFACE('',(#18899),#18895,.T.);
#18895=PLANE('',#18896);
#18896=AXIS2_PLACEMENT_3D('',#40,#18897,#18898);
#18897=DIRECTION('',(-0,0,1));
#18898=DIRECTION('',(0.0006121948971050517,-0.9999998126086864,0));
#18899=FACE_BOUND('',#18900,.T.);
#18900=EDGE_LOOP('',(#18901,#18902,#18903));
#18901=ORIENTED_EDGE('',*,*,#18904,.T.);
#18902=ORIENTED_EDGE('',*,*,#18905,.T.);
#18903=ORIENTED_EDGE('',*,*,#18906,.T.);
#18904=EDGE_CURVE('',#41,#257,#18907,.F.);
#18905=EDGE_CURVE('',#257,#329,#18908,.T.);
#18906=EDGE_CURVE('',#329,#41,#18909,.T.);
#18907=LINE('',#40,#18910);
#18908=LINE('',#256,#18911);
#18909=LINE('',#328,#18912);
#18910=VECTOR('',#18913,1.0);
#18911=VECTOR('',#18914,1.0);
#18912=VECTOR('',#18915,1.0);
#18913=DIRECTION('',(0.0006121948971050517,-0.9999998126086864,0));
#18914=DIRECTION('',(0.0033672091715802664,0.9999943309351282,0));
#18915=DIRECTION('',(-1,0,0));
#18916=FACE_SURFACE('',(#18921),#18917,.T.);
#18917=PLANE('',#18918);
#18918=AXIS2_PLACEMENT_3D('',#456,#18919,#18920);
#18919=DIRECTION('',(1,0,0));
#18920=DIRECTION('',(0,1,0));
#18921=FACE_BOUND('',#18922,.T.);
#18922=EDGE_LOOP('',(#18923,#18924,#18925));
#18923=ORIENTED_EDGE('',*,*,#18926,.T.);
#18924=ORIENTED_EDGE('',*,*,#18927,.T.);
#18925=ORIENTED_EDGE('',*,*,#18928,.T.);
#18926=EDGE_CURVE('',#457,#583,#18929,.F.);
#18927=EDGE_CURVE('',#583,#255,#18930,.T.);
#18928=EDGE_CURVE('',#255,#457,#18931,.T.);
#18929=LINE('',#456,#18932);
#18930=LINE('',#582,#18933);
#18931=LINE('',#254,#18934);
#18932=VECTOR('',#18935,1.0);
#18933=VECTOR('',#18936,1.0);
#18934=VECTOR('',#18937,1.0);
#18935=DIRECTION('',(0,1,0));
#18936=DIRECTION('',(0,0,1));
#18937=DIRECTION('',(0,-0.9532946779640974,-0.30204181327314256));
#18938=FACE_SURFACE('',(#18943),#18939,.T.);
#18939=PLANE('',#18940);
#18940=AXIS2_PLACEMENT_3D('',#908,#18941,#18942);
#18941=DIRECTION('',(-1,0,0));
#18942=DIRECTION('',(0,1,0));
#18943=FACE_BOUND('',#18944,.T.);
#18944=EDGE_LOOP('',(#18945,#18946,#18947));
#18945=ORIENTED_EDGE('',*,*,#18948,.T.);
#18946=ORIENTED_EDGE('',*,*,#18949,.T.);
#18947=ORIENTED_EDGE('',*,*,#18950,.T.);
#18948=EDGE_CURVE('',#909,#779,#18951,.F.);
#18949=EDGE_CURVE('',#779,#537,#18952,.T.);
#18950=EDGE_CURVE('',#537,#909,#18953,.T.);
#18951=LINE('',#908,#18954);
#18952=LINE('',#778,#18955);
#18953=LINE('',#536,#18956);
#18954=VECTOR('',#18957,1.0);
#18955=VECTOR('',#18958,1.0);
#18956=VECTOR('',#18959,1.0);
#18957=DIRECTION('',(0,1,0));
#18958=DIRECTION('',(0,-0.7343641885376151,-0.6787556545572864));
#18959=DIRECTION('',(0,0,1));
#18960=FACE_SURFACE('',(#18965),#18961,.T.);
#18961=PLANE('',#18962);
#18962=AXIS2_PLACEMENT_3D('',#536,#18963,#18964);
#18963=DIRECTION('',(0,-0,1));
#18964=DIRECTION('',(0,1,0));
#18965=FACE_BOUND('',#18966,.T.);
#18966=EDGE_LOOP('',(#18967,#18968,#18969));
#18967=ORIENTED_EDGE('',*,*,#18970,.T.);
#18968=ORIENTED_EDGE('',*,*,#18971,.T.);
#18969=ORIENTED_EDGE('',*,*,#18972,.T.);
#18970=EDGE_CURVE('',#537,#847,#18973,.F.);
#18971=EDGE_CURVE('',#847,#543,#18974,.T.);
#18972=EDGE_CURVE('',#543,#537,#18975,.T.);
#18973=LINE('',#536,#18976);
#18974=LINE('',#846,#18977);
#18975=LINE('',#542,#18978);
#18976=VECTOR('',#18979,1.0);
#18977=VECTOR('',#18980,1.0);
#18978=VECTOR('',#18981,1.0);
#18979=DIRECTION('',(0,1,0));
#18980=DIRECTION('',(-0.03384259470006275,-0.9994271753279311,0));
#18981=DIRECTION('',(0.2385376373599432,-0.9711332532473266,0));
#18982=FACE_SURFACE('',(#18987),#18983,.T.);
#18983=PLANE('',#18984);
#18984=AXIS2_PLACEMENT_3D('',#254,#18985,#18986);
#18985=DIRECTION('',(1,0,0));
#18986=DIRECTION('',(0,-1,0));
#18987=FACE_BOUND('',#18988,.T.);
#18988=EDGE_LOOP('',(#18989,#18990,#18991));
#18989=ORIENTED_EDGE('',*,*,#18992,.T.);
#18990=ORIENTED_EDGE('',*,*,#18993,.T.);
#18991=ORIENTED_EDGE('',*,*,#18994,.T.);
#18992=EDGE_CURVE('',#255,#245,#18995,.F.);
#18993=EDGE_CURVE('',#245,#457,#18996,.T.);
#18994=EDGE_CURVE('',#457,#255,#18997,.T.);
#18995=LINE('',#254,#18998);
#18996=LINE('',#244,#18999);
#18997=LINE('',#456,#19000);
#18998=VECTOR('',#19001,1.0);
#18999=VECTOR('',#19002,1.0);
#19000=VECTOR('',#19003,1.0);
#19001=DIRECTION('',(0,-1,0));
#19002=DIRECTION('',(0,0,-1));
#19003=DIRECTION('',(0,0.9532946779640974,0.30204181327314256));
#19004=FACE_SURFACE('',(#19009),#19005,.T.);
#19005=PLANE('',#19006);
#19006=AXIS2_PLACEMENT_3D('',#902,#19007,#19008);
#19007=DIRECTION('',(-0,0,1));
#19008=DIRECTION('',(0,-1,0));
#19009=FACE_BOUND('',#19010,.T.);
#19010=EDGE_LOOP('',(#19011,#19012,#19013));
#19011=ORIENTED_EDGE('',*,*,#19014,.T.);
#19012=ORIENTED_EDGE('',*,*,#19015,.T.);
#19013=ORIENTED_EDGE('',*,*,#19016,.T.);
#19014=EDGE_CURVE('',#903,#543,#19017,.F.);
#19015=EDGE_CURVE('',#543,#847,#19018,.T.);
#19016=EDGE_CURVE('',#847,#903,#19019,.T.);
#19017=LINE('',#902,#19020);
#19018=LINE('',#542,#19021);
#19019=LINE('',#846,#19022);
#19020=VECTOR('',#19023,1.0);
#19021=VECTOR('',#19024,1.0);
#19022=VECTOR('',#19025,1.0);
#19023=DIRECTION('',(0,-1,0));
#19024=DIRECTION('',(0.03384259470006275,0.9994271753279311,0));
#19025=DIRECTION('',(-0.2482836698548918,-0.9686873692184631,0));
#19026=FACE_SURFACE('',(#19031),#19027,.T.);
#19027=PLANE('',#19028);
#19028=AXIS2_PLACEMENT_3D('',#550,#19029,#19030);
#19029=DIRECTION('',(0.007022081326304349,-0.00016180868409543868,0.999975331791638));
#19030=DIRECTION('',(-0.19740672329283404,0.9803204572893436,0.0015448685376463457));
#19031=FACE_BOUND('',#19032,.T.);
#19032=EDGE_LOOP('',(#19033,#19034,#19035));
#19033=ORIENTED_EDGE('',*,*,#19036,.T.);
#19034=ORIENTED_EDGE('',*,*,#19037,.T.);
#19035=ORIENTED_EDGE('',*,*,#19038,.T.);
#19036=EDGE_CURVE('',#551,#763,#19039,.F.);
#19037=EDGE_CURVE('',#763,#553,#19040,.T.);
#19038=EDGE_CURVE('',#553,#551,#19041,.T.);
#19039=LINE('',#550,#19042);
#19040=LINE('',#762,#19043);
#19041=LINE('',#552,#19044);
#19042=VECTOR('',#19045,1.0);
#19043=VECTOR('',#19046,1.0);
#19044=VECTOR('',#19047,1.0);
#19045=DIRECTION('',(-0.19740672329283404,0.9803204572893436,0.0015448685376463457));
#19046=DIRECTION('',(-0.023036723117523986,-0.9997346194805932,0));
#19047=DIRECTION('',(0.9993807396618263,-0.03447909294028402,-0.007023485103298965));
#19048=FACE_SURFACE('',(#19053),#19049,.T.);
#19049=PLANE('',#19050);
#19050=AXIS2_PLACEMENT_3D('',#542,#19051,#19052);
#19051=DIRECTION('',(-1,0,0));
#19052=DIRECTION('',(0,1,0));
#19053=FACE_BOUND('',#19054,.T.);
#19054=EDGE_LOOP('',(#19055,#19056,#19057));
#19055=ORIENTED_EDGE('',*,*,#19058,.T.);
#19056=ORIENTED_EDGE('',*,*,#19059,.T.);
#19057=ORIENTED_EDGE('',*,*,#19060,.T.);
#19058=EDGE_CURVE('',#543,#903,#19061,.F.);
#19059=EDGE_CURVE('',#903,#551,#19062,.T.);
#19060=EDGE_CURVE('',#551,#543,#19063,.T.);
#19061=LINE('',#542,#19064);
#19062=LINE('',#902,#19065);
#19063=LINE('',#550,#19066);
#19064=VECTOR('',#19067,1.0);
#19065=VECTOR('',#19068,1.0);
#19066=VECTOR('',#19069,1.0);
#19067=DIRECTION('',(0,1,0));
#19068=DIRECTION('',(0,-0.9999989807649053,-0.0014277496805946866));
#19069=DIRECTION('',(0,0,1));
#19070=FACE_SURFACE('',(#19075),#19071,.T.);
#19071=PLANE('',#19072);
#19072=AXIS2_PLACEMENT_3D('',#704,#19073,#19074);
#19073=DIRECTION('',(0.0024104360024210522,-0.0011273588340065988,0.999996459423901));
#19074=DIRECTION('',(-0.932606500545443,-0.3608901845939778,0.0018411420660019448));
#19075=FACE_BOUND('',#19076,.T.);
#19076=EDGE_LOOP('',(#19077,#19078,#19079));
#19077=ORIENTED_EDGE('',*,*,#19080,.T.);
#19078=ORIENTED_EDGE('',*,*,#19081,.T.);
#19079=ORIENTED_EDGE('',*,*,#19082,.T.);
#19080=EDGE_CURVE('',#705,#893,#19083,.F.);
#19081=EDGE_CURVE('',#893,#551,#19084,.T.);
#19082=EDGE_CURVE('',#551,#705,#19085,.T.);
#19083=LINE('',#704,#19086);
#19084=LINE('',#892,#19087);
#19085=LINE('',#550,#19088);
#19086=VECTOR('',#19089,1.0);
#19087=VECTOR('',#19090,1.0);
#19088=VECTOR('',#19091,1.0);
#19089=DIRECTION('',(-0.932606500545443,-0.3608901845939778,0.0018411420660019448));
#19090=DIRECTION('',(0.18190177507773914,-0.9833154890270576,-0.001547017468054923));
#19091=DIRECTION('',(-0.152477231447814,0.9883058728977162,0.0014817172108756837));
#19092=FACE_SURFACE('',(#19097),#19093,.T.);
#19093=PLANE('',#19094);
#19094=AXIS2_PLACEMENT_3D('',#44,#19095,#19096);
#19095=DIRECTION('',(0.007316936699038782,0.0012420152304090098,-0.9999724595385163));
#19096=DIRECTION('',(0.033797337816816035,-0.9994282124505266,-0.000994039456467697));
#19097=FACE_BOUND('',#19098,.T.);
#19098=EDGE_LOOP('',(#19099,#19100,#19101));
#19099=ORIENTED_EDGE('',*,*,#19102,.T.);
#19100=ORIENTED_EDGE('',*,*,#19103,.T.);
#19101=ORIENTED_EDGE('',*,*,#19104,.T.);
#19102=EDGE_CURVE('',#45,#73,#19105,.F.);
#19103=EDGE_CURVE('',#73,#701,#19106,.T.);
#19104=EDGE_CURVE('',#701,#45,#19107,.T.);
#19105=LINE('',#44,#19108);
#19106=LINE('',#72,#19109);
#19107=LINE('',#700,#19110);
#19108=VECTOR('',#19111,1.0);
#19109=VECTOR('',#19112,1.0);
#19110=VECTOR('',#19113,1.0);
#19111=DIRECTION('',(0.033797337816816035,-0.9994282124505266,-0.000994039456467697));
#19112=DIRECTION('',(-0.1524773978754935,0.9883069516256777,0.00011182789774096624));
#19113=DIRECTION('',(0.8246126422350616,0.5656576804548735,0.006736379481783503));
#19114=FACE_SURFACE('',(#19119),#19115,.T.);
#19115=PLANE('',#19116);
#19116=AXIS2_PLACEMENT_3D('',#878,#19117,#19118);
#19117=DIRECTION('',(0,-1,0));
#19118=DIRECTION('',(0.9911319317428593,0,0.13288150315099598));
#19119=FACE_BOUND('',#19120,.T.);
#19120=EDGE_LOOP('',(#19121,#19122,#19123));
#19121=ORIENTED_EDGE('',*,*,#19124,.T.);
#19122=ORIENTED_EDGE('',*,*,#19125,.T.);
#19123=ORIENTED_EDGE('',*,*,#19126,.T.);
#19124=EDGE_CURVE('',#879,#579,#19127,.F.);
#19125=EDGE_CURVE('',#579,#549,#19128,.T.);
#19126=EDGE_CURVE('',#549,#879,#19129,.T.);
#19127=LINE('',#878,#19130);
#19128=LINE('',#578,#19131);
#19129=LINE('',#548,#19132);
#19130=VECTOR('',#19133,1.0);
#19131=VECTOR('',#19134,1.0);
#19132=VECTOR('',#19135,1.0);
#19133=DIRECTION('',(0.9911319317428593,0,0.13288150315099598));
#19134=DIRECTION('',(-0.9911602962334942,0,0.13266976735613897));
#19135=DIRECTION('',(0,0,-1));
#19136=FACE_SURFACE('',(#19141),#19137,.T.);
#19137=PLANE('',#19138);
#19138=AXIS2_PLACEMENT_3D('',#702,#19139,#19140);
#19139=DIRECTION('',(0.0023047464892523846,0.00046873022104196256,-0.9999972342139752));
#19140=DIRECTION('',(0.9164442051118259,0.4001558822493046,0.0022997430800624024));
#19141=FACE_BOUND('',#19142,.T.);
#19142=EDGE_LOOP('',(#19143,#19144,#19145));
#19143=ORIENTED_EDGE('',*,*,#19146,.T.);
#19144=ORIENTED_EDGE('',*,*,#19147,.T.);
#19145=ORIENTED_EDGE('',*,*,#19148,.T.);
#19146=EDGE_CURVE('',#703,#701,#19149,.F.);
#19147=EDGE_CURVE('',#701,#73,#19150,.T.);
#19148=EDGE_CURVE('',#73,#703,#19151,.T.);
#19149=LINE('',#702,#19152);
#19150=LINE('',#700,#19153);
#19151=LINE('',#72,#19154);
#19152=VECTOR('',#19155,1.0);
#19153=VECTOR('',#19156,1.0);
#19154=VECTOR('',#19157,1.0);
#19155=DIRECTION('',(0.9164442051118259,0.4001558822493046,0.0022997430800624024));
#19156=DIRECTION('',(0.1524773978754935,-0.9883069516256777,-0.00011182789774096624));
#19157=DIRECTION('',(-0.17580328067269038,0.984425316284011,5.6248057741765675E-05));
#19158=FACE_SURFACE('',(#19163),#19159,.T.);
#19159=PLANE('',#19160);
#19160=AXIS2_PLACEMENT_3D('',#892,#19161,#19162);
#19161=DIRECTION('',(0.0001596021579053275,-0.0015437402401218916,0.999998795695886));
#19162=DIRECTION('',(-0.9946980644090408,-0.10283851739940406,0));
#19163=FACE_BOUND('',#19164,.T.);
#19164=EDGE_LOOP('',(#19165,#19166,#19167));
#19165=ORIENTED_EDGE('',*,*,#19168,.T.);
#19166=ORIENTED_EDGE('',*,*,#19169,.T.);
#19167=ORIENTED_EDGE('',*,*,#19170,.T.);
#19168=EDGE_CURVE('',#893,#763,#19171,.F.);
#19169=EDGE_CURVE('',#763,#551,#19172,.T.);
#19170=EDGE_CURVE('',#551,#893,#19173,.T.);
#19171=LINE('',#892,#19174);
#19172=LINE('',#762,#19175);
#19173=LINE('',#550,#19176);
#19174=VECTOR('',#19177,1.0);
#19175=VECTOR('',#19178,1.0);
#19176=VECTOR('',#19179,1.0);
#19177=DIRECTION('',(-0.9946980644090408,-0.10283851739940406,0));
#19178=DIRECTION('',(0.19740672329283404,-0.9803204572893436,-0.0015448685376463457));
#19179=DIRECTION('',(-0.18190177507773914,0.9833154890270576,0.001547017468054923));
#19180=FACE_SURFACE('',(#19185),#19181,.T.);
#19181=PLANE('',#19182);
#19182=AXIS2_PLACEMENT_3D('',#66,#19183,#19184);
#19183=DIRECTION('',(-1,0,0));
#19184=DIRECTION('',(0,-1,0));
#19185=FACE_BOUND('',#19186,.T.);
#19186=EDGE_LOOP('',(#19187,#19188,#19189));
#19187=ORIENTED_EDGE('',*,*,#19190,.T.);
#19188=ORIENTED_EDGE('',*,*,#19191,.T.);
#19189=ORIENTED_EDGE('',*,*,#19192,.T.);
#19190=EDGE_CURVE('',#67,#73,#19193,.F.);
#19191=EDGE_CURVE('',#73,#837,#19194,.T.);
#19192=EDGE_CURVE('',#837,#67,#19195,.T.);
#19193=LINE('',#66,#19196);
#19194=LINE('',#72,#19197);
#19195=LINE('',#836,#19198);
#19196=VECTOR('',#19199,1.0);
#19197=VECTOR('',#19200,1.0);
#19198=VECTOR('',#19201,1.0);
#19199=DIRECTION('',(0,-1,0));
#19200=DIRECTION('',(0,0,1));
#19201=DIRECTION('',(0,0.9999989052842571,-0.0014796723581143578));
#19202=FACE_SURFACE('',(#19207),#19203,.T.);
#19203=PLANE('',#19204);
#19204=AXIS2_PLACEMENT_3D('',#72,#19205,#19206);
#19205=DIRECTION('',(0.9994287062256174,0.033797354514647195,-0));
#19206=DIRECTION('',(-0.033797337816816035,0.9994282124505266,0.000994039456467697));
#19207=FACE_BOUND('',#19208,.T.);
#19208=EDGE_LOOP('',(#19209,#19210,#19211));
#19209=ORIENTED_EDGE('',*,*,#19212,.T.);
#19210=ORIENTED_EDGE('',*,*,#19213,.T.);
#19211=ORIENTED_EDGE('',*,*,#19214,.T.);
#19212=EDGE_CURVE('',#73,#45,#19215,.F.);
#19213=EDGE_CURVE('',#45,#837,#19216,.T.);
#19214=EDGE_CURVE('',#837,#73,#19217,.T.);
#19215=LINE('',#72,#19218);
#19216=LINE('',#44,#19219);
#19217=LINE('',#836,#19220);
#19218=VECTOR('',#19221,1.0);
#19219=VECTOR('',#19222,1.0);
#19220=VECTOR('',#19223,1.0);
#19221=DIRECTION('',(-0.033797337816816035,0.9994282124505266,0.000994039456467697));
#19222=DIRECTION('',(0.033797350340186265,-0.9994285827817517,0.0004970199611259073));
#19223=DIRECTION('',(0,0,-1));
#19224=FACE_SURFACE('',(#19229),#19225,.T.);
#19225=PLANE('',#19226);
#19226=AXIS2_PLACEMENT_3D('',#206,#19227,#19228);
#19227=DIRECTION('',(0,1,0));
#19228=DIRECTION('',(0,0,-1));
#19229=FACE_BOUND('',#19230,.T.);
#19230=EDGE_LOOP('',(#19231,#19232,#19233));
#19231=ORIENTED_EDGE('',*,*,#19234,.T.);
#19232=ORIENTED_EDGE('',*,*,#19235,.T.);
#19233=ORIENTED_EDGE('',*,*,#19236,.T.);
#19234=EDGE_CURVE('',#207,#581,#19237,.F.);
#19235=EDGE_CURVE('',#581,#209,#19238,.T.);
#19236=EDGE_CURVE('',#209,#207,#19239,.T.);
#19237=LINE('',#206,#19240);
#19238=LINE('',#580,#19241);
#19239=LINE('',#208,#19242);
#19240=VECTOR('',#19243,1.0);
#19241=VECTOR('',#19244,1.0);
#19242=VECTOR('',#19245,1.0);
#19243=DIRECTION('',(0,0,-1));
#19244=DIRECTION('',(-0.9925059406844753,0,0.12219638990585978));
#19245=DIRECTION('',(0.9989385367855381,0,-0.046062997348937935));
#19246=FACE_SURFACE('',(#19251),#19247,.T.);
#19247=PLANE('',#19248);
#19248=AXIS2_PLACEMENT_3D('',#692,#19249,#19250);
#19249=DIRECTION('',(1,0,-0));
#19250=DIRECTION('',(0,0,1));
#19251=FACE_BOUND('',#19252,.T.);
#19252=EDGE_LOOP('',(#19253,#19254,#19255));
#19253=ORIENTED_EDGE('',*,*,#19256,.T.);
#19254=ORIENTED_EDGE('',*,*,#19257,.T.);
#19255=ORIENTED_EDGE('',*,*,#19258,.T.);
#19256=EDGE_CURVE('',#693,#739,#19259,.F.);
#19257=EDGE_CURVE('',#739,#719,#19260,.T.);
#19258=EDGE_CURVE('',#719,#693,#19261,.T.);
#19259=LINE('',#692,#19262);
#19260=LINE('',#738,#19263);
#19261=LINE('',#718,#19264);
#19262=VECTOR('',#19265,1.0);
#19263=VECTOR('',#19266,1.0);
#19264=VECTOR('',#19267,1.0);
#19265=DIRECTION('',(0,0,1));
#19266=DIRECTION('',(0,-0.9999989052842571,-0.0014796723581143578));
#19267=DIRECTION('',(0,1,0));
#19268=FACE_SURFACE('',(#19273),#19269,.T.);
#19269=PLANE('',#19270);
#19270=AXIS2_PLACEMENT_3D('',#718,#19271,#19272);
#19271=DIRECTION('',(-0.0017752114475545703,0.0003758140662657252,-0.999998353692697));
#19272=DIRECTION('',(0.1916641523924568,0.9814605707156999,2.860233763545086E-05));
#19273=FACE_BOUND('',#19274,.T.);
#19274=EDGE_LOOP('',(#19275,#19276,#19277));
#19275=ORIENTED_EDGE('',*,*,#19278,.T.);
#19276=ORIENTED_EDGE('',*,*,#19279,.T.);
#19277=ORIENTED_EDGE('',*,*,#19280,.T.);
#19278=EDGE_CURVE('',#719,#827,#19281,.F.);
#19279=EDGE_CURVE('',#827,#717,#19282,.T.);
#19280=EDGE_CURVE('',#717,#719,#19283,.T.);
#19281=LINE('',#718,#19284);
#19282=LINE('',#826,#19285);
#19283=LINE('',#716,#19286);
#19284=VECTOR('',#19287,1.0);
#19285=VECTOR('',#19288,1.0);
#19286=VECTOR('',#19289,1.0);
#19287=DIRECTION('',(0.1916641523924568,0.9814605707156999,2.860233763545086E-05));
#19288=DIRECTION('',(0.8678278481242052,0.4968631532976468,-0.0013538519973347696));
#19289=DIRECTION('',(-0.20711080644736804,-0.9783174913353644,0));
#19290=FACE_SURFACE('',(#19295),#19291,.T.);
#19291=PLANE('',#19292);
#19292=AXIS2_PLACEMENT_3D('',#714,#19293,#19294);
#19293=DIRECTION('',(0.005463434202110313,-0.0006563205522261371,0.9999848599504154));
#19294=DIRECTION('',(-0.8023829300866905,-0.5967961933074423,0.00399213717742193));
#19295=FACE_BOUND('',#19296,.T.);
#19296=EDGE_LOOP('',(#19297,#19298,#19299));
#19297=ORIENTED_EDGE('',*,*,#19300,.T.);
#19298=ORIENTED_EDGE('',*,*,#19301,.T.);
#19299=ORIENTED_EDGE('',*,*,#19302,.T.);
#19300=EDGE_CURVE('',#715,#705,#19303,.F.);
#19301=EDGE_CURVE('',#705,#551,#19304,.T.);
#19302=EDGE_CURVE('',#551,#715,#19305,.T.);
#19303=LINE('',#714,#19306);
#19304=LINE('',#704,#19307);
#19305=LINE('',#550,#19308);
#19306=VECTOR('',#19309,1.0);
#19307=VECTOR('',#19310,1.0);
#19308=VECTOR('',#19311,1.0);
#19309=DIRECTION('',(-0.8023829300866905,-0.5967961933074423,0.00399213717742193));
#19310=DIRECTION('',(0.152477231447814,-0.9883058728977162,-0.0014817172108756837));
#19311=DIRECTION('',(-0.14030914967656002,0.9901067297394034,0.0014164186474858685));
#19312=FACE_SURFACE('',(#19317),#19313,.T.);
#19313=PLANE('',#19314);
#19314=AXIS2_PLACEMENT_3D('',#718,#19315,#19316);
#19315=DIRECTION('',(-0.002796261731227311,0.0005752094098420434,-0.99999592501893));
#19316=DIRECTION('',(0.17166781637027015,0.9851548879824575,8.664256938668011E-05));
#19317=FACE_BOUND('',#19318,.T.);
#19318=EDGE_LOOP('',(#19319,#19320,#19321));
#19319=ORIENTED_EDGE('',*,*,#19322,.T.);
#19320=ORIENTED_EDGE('',*,*,#19323,.T.);
#19321=ORIENTED_EDGE('',*,*,#19324,.T.);
#19322=EDGE_CURVE('',#719,#821,#19325,.F.);
#19323=EDGE_CURVE('',#821,#827,#19326,.T.);
#19324=EDGE_CURVE('',#827,#719,#19327,.T.);
#19325=LINE('',#718,#19328);
#19326=LINE('',#820,#19329);
#19327=LINE('',#826,#19330);
#19328=VECTOR('',#19331,1.0);
#19329=VECTOR('',#19332,1.0);
#19330=VECTOR('',#19333,1.0);
#19331=DIRECTION('',(0.17166781637027015,0.9851548879824575,8.664256938668011E-05));
#19332=DIRECTION('',(0.965870488949815,0.2590129082406277,-0.0025518504222237803));
#19333=DIRECTION('',(-0.1916641523924568,-0.9814605707156999,-2.860233763545086E-05));
#19334=FACE_SURFACE('',(#19339),#19335,.T.);
#19335=PLANE('',#19336);
#19336=AXIS2_PLACEMENT_3D('',#718,#19337,#19338);
#19337=DIRECTION('',(-0.0031807679029985055,0.0006422112920827867,-0.9999947351262424));
#19338=DIRECTION('',(0.15394915082704205,0.9880787610153045,0.0001448795829193806));
#19339=FACE_BOUND('',#19340,.T.);
#19340=EDGE_LOOP('',(#19341,#19342,#19343));
#19341=ORIENTED_EDGE('',*,*,#19344,.T.);
#19342=ORIENTED_EDGE('',*,*,#19345,.T.);
#19343=ORIENTED_EDGE('',*,*,#19346,.T.);
#19344=EDGE_CURVE('',#719,#819,#19347,.F.);
#19345=EDGE_CURVE('',#819,#821,#19348,.T.);
#19346=EDGE_CURVE('',#821,#719,#19349,.T.);
#19347=LINE('',#718,#19350);
#19348=LINE('',#818,#19351);
#19349=LINE('',#820,#19352);
#19350=VECTOR('',#19353,1.0);
#19351=VECTOR('',#19354,1.0);
#19352=VECTOR('',#19355,1.0);
#19353=DIRECTION('',(0.15394915082704205,0.9880787610153045,0.0001448795829193806));
#19354=DIRECTION('',(0.9998430461478665,0.01743100491094304,-0.003169090965901091));
#19355=DIRECTION('',(-0.17166781637027015,-0.9851548879824575,-8.664256938668011E-05));
#19356=FACE_SURFACE('',(#19361),#19357,.T.);
#19357=PLANE('',#19358);
#19358=AXIS2_PLACEMENT_3D('',#828,#19359,#19360);
#19359=DIRECTION('',(-0.0031857001858520695,-0.0009432765203944009,0.9999944807566349));
#19360=DIRECTION('',(-0.20036442686738237,-0.9797201922871966,-0.0015624566694289696));
#19361=FACE_BOUND('',#19362,.T.);
#19362=EDGE_LOOP('',(#19363,#19364,#19365));
#19363=ORIENTED_EDGE('',*,*,#19366,.T.);
#19364=ORIENTED_EDGE('',*,*,#19367,.T.);
#19365=ORIENTED_EDGE('',*,*,#19368,.T.);
#19366=EDGE_CURVE('',#829,#523,#19369,.F.);
#19367=EDGE_CURVE('',#523,#761,#19370,.T.);
#19368=EDGE_CURVE('',#761,#829,#19371,.T.);
#19369=LINE('',#828,#19372);
#19370=LINE('',#522,#19373);
#19371=LINE('',#760,#19374);
#19372=VECTOR('',#19375,1.0);
#19373=VECTOR('',#19376,1.0);
#19374=VECTOR('',#19377,1.0);
#19375=DIRECTION('',(-0.20036442686738237,-0.9797201922871966,-0.0015624566694289696));
#19376=DIRECTION('',(0.9554747845966108,-0.295059803669828,0.002765548477687545));
#19377=DIRECTION('',(-0.2839127220728721,0.9588501271028608,0));
#19378=FACE_SURFACE('',(#19383),#19379,.T.);
#19379=PLANE('',#19380);
#19380=AXIS2_PLACEMENT_3D('',#910,#19381,#19382);
#19381=DIRECTION('',(0,-0,1));
#19382=DIRECTION('',(0.338156382490001,0.9410899324619705,0));
#19383=FACE_BOUND('',#19384,.T.);
#19384=EDGE_LOOP('',(#19385,#19386,#19387));
#19385=ORIENTED_EDGE('',*,*,#19388,.T.);
#19386=ORIENTED_EDGE('',*,*,#19389,.T.);
#19387=ORIENTED_EDGE('',*,*,#19390,.T.);
#19388=EDGE_CURVE('',#911,#913,#19391,.F.);
#19389=EDGE_CURVE('',#913,#909,#19392,.T.);
#19390=EDGE_CURVE('',#909,#911,#19393,.T.);
#19391=LINE('',#910,#19394);
#19392=LINE('',#912,#19395);
#19393=LINE('',#908,#19396);
#19394=VECTOR('',#19397,1.0);
#19395=VECTOR('',#19398,1.0);
#19396=VECTOR('',#19399,1.0);
#19397=DIRECTION('',(0.338156382490001,0.9410899324619705,0));
#19398=DIRECTION('',(-0.9885510053880462,-0.15088707614067856,0));
#19399=DIRECTION('',(0.9989574989452843,0.045649921149793375,0));
#19400=FACE_SURFACE('',(#19405),#19401,.T.);
#19401=PLANE('',#19402);
#19402=AXIS2_PLACEMENT_3D('',#828,#19403,#19404);
#19403=DIRECTION('',(-0.00038783224907849097,-0.0015154806270901142,0.9999987764515591));
#19404=DIRECTION('',(-0.9470481744605572,-0.3210903706130315,-0.0008539031044877633));
#19405=FACE_BOUND('',#19406,.T.);
#19406=EDGE_LOOP('',(#19407,#19408,#19409));
#19407=ORIENTED_EDGE('',*,*,#19410,.T.);
#19408=ORIENTED_EDGE('',*,*,#19411,.T.);
#19409=ORIENTED_EDGE('',*,*,#19412,.T.);
#19410=EDGE_CURVE('',#829,#535,#19413,.F.);
#19411=EDGE_CURVE('',#535,#523,#19414,.T.);
#19412=EDGE_CURVE('',#523,#829,#19415,.T.);
#19413=LINE('',#828,#19416);
#19414=LINE('',#534,#19417);
#19415=LINE('',#522,#19418);
#19416=VECTOR('',#19419,1.0);
#19417=VECTOR('',#19420,1.0);
#19418=VECTOR('',#19421,1.0);
#19419=DIRECTION('',(-0.9470481744605572,-0.3210903706130315,-0.0008539031044877633));
#19420=DIRECTION('',(-0.17166760824651292,-0.9851536936168444,-0.0015595614801817855));
#19421=DIRECTION('',(0.20036442686738237,0.9797201922871966,0.0015624566694289696));
#19422=FACE_SURFACE('',(#19427),#19423,.T.);
#19423=PLANE('',#19424);
#19424=AXIS2_PLACEMENT_3D('',#522,#19425,#19426);
#19425=DIRECTION('',(1,0,0));
#19426=DIRECTION('',(0,1,0));
#19427=FACE_BOUND('',#19428,.T.);
#19428=EDGE_LOOP('',(#19429,#19430,#19431));
#19429=ORIENTED_EDGE('',*,*,#19432,.T.);
#19430=ORIENTED_EDGE('',*,*,#19433,.T.);
#19431=ORIENTED_EDGE('',*,*,#19434,.T.);
#19432=EDGE_CURVE('',#523,#747,#19435,.F.);
#19433=EDGE_CURVE('',#747,#525,#19436,.T.);
#19434=EDGE_CURVE('',#525,#523,#19437,.T.);
#19435=LINE('',#522,#19438);
#19436=LINE('',#746,#19439);
#19437=LINE('',#524,#19440);
#19438=VECTOR('',#19441,1.0);
#19439=VECTOR('',#19442,1.0);
#19440=VECTOR('',#19443,1.0);
#19441=DIRECTION('',(0,1,0));
#19442=DIRECTION('',(0,-0.9999989807649053,0.0014277496805946866));
#19443=DIRECTION('',(0,0,-1));
#19444=FACE_SURFACE('',(#19449),#19445,.T.);
#19445=PLANE('',#19446);
#19446=AXIS2_PLACEMENT_3D('',#522,#19447,#19448);
#19447=DIRECTION('',(-0.005684250916767166,-0.0006685824149683093,0.9999836210103991));
#19448=DIRECTION('',(0.15394897090278623,0.9880776062227328,0.001535721044693046));
#19449=FACE_BOUND('',#19450,.T.);
#19450=EDGE_LOOP('',(#19451,#19452,#19453));
#19451=ORIENTED_EDGE('',*,*,#19454,.T.);
#19452=ORIENTED_EDGE('',*,*,#19455,.T.);
#19453=ORIENTED_EDGE('',*,*,#19456,.T.);
#19454=EDGE_CURVE('',#523,#533,#19457,.F.);
#19455=EDGE_CURVE('',#533,#875,#19458,.T.);
#19456=EDGE_CURVE('',#875,#523,#19459,.T.);
#19457=LINE('',#522,#19460);
#19458=LINE('',#532,#19461);
#19459=LINE('',#874,#19462);
#19460=VECTOR('',#19463,1.0);
#19461=VECTOR('',#19464,1.0);
#19462=VECTOR('',#19465,1.0);
#19463=DIRECTION('',(0.15394897090278623,0.9880776062227328,0.001535721044693046));
#19464=DIRECTION('',(-0.9871610735213507,0.15963306027812219,-0.005504633540546587));
#19465=DIRECTION('',(-0.1383300834463032,-0.9903851220194023,-0.0014484807049249464));
#19466=FACE_SURFACE('',(#19471),#19467,.T.);
#19467=PLANE('',#19468);
#19468=AXIS2_PLACEMENT_3D('',#778,#19469,#19470);
#19469=DIRECTION('',(0,0,1));
#19470=DIRECTION('',(0,-1,0));
#19471=FACE_BOUND('',#19472,.T.);
#19472=EDGE_LOOP('',(#19473,#19474,#19475));
#19473=ORIENTED_EDGE('',*,*,#19476,.T.);
#19474=ORIENTED_EDGE('',*,*,#19477,.T.);
#19475=ORIENTED_EDGE('',*,*,#19478,.T.);
#19476=EDGE_CURVE('',#779,#909,#19479,.F.);
#19477=EDGE_CURVE('',#909,#913,#19480,.T.);
#19478=EDGE_CURVE('',#913,#779,#19481,.T.);
#19479=LINE('',#778,#19482);
#19480=LINE('',#908,#19483);
#19481=LINE('',#912,#19484);
#19482=VECTOR('',#19485,1.0);
#19483=VECTOR('',#19486,1.0);
#19484=VECTOR('',#19487,1.0);
#19485=DIRECTION('',(0,-1,0));
#19486=DIRECTION('',(0.9885510053880462,0.15088707614067856,0));
#19487=DIRECTION('',(-0.19275847232965046,0.9812462337992128,0));
#19488=FACE_SURFACE('',(#19493),#19489,.T.);
#19489=PLANE('',#19490);
#19490=AXIS2_PLACEMENT_3D('',#522,#19491,#19492);
#19491=DIRECTION('',(-0.005787761103370907,-0.0006541239799520902,0.99998303682774));
#19492=DIRECTION('',(0.1383300834463032,0.9903851220194023,0.0014484807049249464));
#19493=FACE_BOUND('',#19494,.T.);
#19494=EDGE_LOOP('',(#19495,#19496,#19497));
#19495=ORIENTED_EDGE('',*,*,#19498,.T.);
#19496=ORIENTED_EDGE('',*,*,#19499,.T.);
#19497=ORIENTED_EDGE('',*,*,#19500,.T.);
#19498=EDGE_CURVE('',#523,#875,#19501,.F.);
#19499=EDGE_CURVE('',#875,#873,#19502,.T.);
#19500=EDGE_CURVE('',#873,#523,#19503,.T.);
#19501=LINE('',#522,#19504);
#19502=LINE('',#874,#19505);
#19503=LINE('',#872,#19506);
#19504=VECTOR('',#19507,1.0);
#19505=VECTOR('',#19508,1.0);
#19506=VECTOR('',#19509,1.0);
#19507=DIRECTION('',(0.1383300834463032,0.9903851220194023,0.0014484807049249464));
#19508=DIRECTION('',(-0.9240044552075936,0.3823477189220147,-0.005097900710132974));
#19509=DIRECTION('',(-0.11663403883709712,-0.993174076419261,-0.0013247314046100254));
#19510=FACE_SURFACE('',(#19515),#19511,.T.);
#19511=PLANE('',#19512);
#19512=AXIS2_PLACEMENT_3D('',#574,#19513,#19514);
#19513=DIRECTION('',(1,0,0));
#19514=DIRECTION('',(0,-1,0));
#19515=FACE_BOUND('',#19516,.T.);
#19516=EDGE_LOOP('',(#19517,#19518,#19519));
#19517=ORIENTED_EDGE('',*,*,#19520,.T.);
#19518=ORIENTED_EDGE('',*,*,#19521,.T.);
#19519=ORIENTED_EDGE('',*,*,#19522,.T.);
#19520=EDGE_CURVE('',#575,#525,#19523,.F.);
#19521=EDGE_CURVE('',#525,#747,#19524,.T.);
#19522=EDGE_CURVE('',#747,#575,#19525,.T.);
#19523=LINE('',#574,#19526);
#19524=LINE('',#524,#19527);
#19525=LINE('',#746,#19528);
#19526=VECTOR('',#19529,1.0);
#19527=VECTOR('',#19530,1.0);
#19528=VECTOR('',#19531,1.0);
#19529=DIRECTION('',(0,-1,0));
#19530=DIRECTION('',(0,0.9999989807649053,-0.0014277496805946866));
#19531=DIRECTION('',(0,0,1));
#19532=FACE_SURFACE('',(#19537),#19533,.T.);
#19533=PLANE('',#19534);
#19534=AXIS2_PLACEMENT_3D('',#766,#19535,#19536);
#19535=DIRECTION('',(0,0,1));
#19536=DIRECTION('',(-0.10799089217399951,-0.994151883369671,0));
#19537=FACE_BOUND('',#19538,.T.);
#19538=EDGE_LOOP('',(#19539,#19540,#19541));
#19539=ORIENTED_EDGE('',*,*,#19542,.T.);
#19540=ORIENTED_EDGE('',*,*,#19543,.T.);
#19541=ORIENTED_EDGE('',*,*,#19544,.T.);
#19542=EDGE_CURVE('',#767,#779,#19545,.F.);
#19543=EDGE_CURVE('',#779,#135,#19546,.T.);
#19544=EDGE_CURVE('',#135,#767,#19547,.T.);
#19545=LINE('',#766,#19548);
#19546=LINE('',#778,#19549);
#19547=LINE('',#134,#19550);
#19548=VECTOR('',#19551,1.0);
#19549=VECTOR('',#19552,1.0);
#19550=VECTOR('',#19553,1.0);
#19551=DIRECTION('',(-0.10799089217399951,-0.994151883369671,0));
#19552=DIRECTION('',(0.20368221695888228,-0.9790370547097362,0));
#19553=DIRECTION('',(0,1,0));
#19554=FACE_SURFACE('',(#19559),#19555,.T.);
#19555=PLANE('',#19556);
#19556=AXIS2_PLACEMENT_3D('',#718,#19557,#19558);
#19557=DIRECTION('',(-0.005135633220884131,0.0009220628314955226,-0.9999863874431268));
#19558=DIRECTION('',(0.11663413532630994,0.9931748980540581,0.00031678383083702283));
#19559=FACE_BOUND('',#19560,.T.);
#19560=EDGE_LOOP('',(#19561,#19562,#19563));
#19561=ORIENTED_EDGE('',*,*,#19564,.T.);
#19562=ORIENTED_EDGE('',*,*,#19565,.T.);
#19563=ORIENTED_EDGE('',*,*,#19566,.T.);
#19564=EDGE_CURVE('',#719,#871,#19567,.F.);
#19565=EDGE_CURVE('',#871,#877,#19568,.T.);
#19566=EDGE_CURVE('',#877,#719,#19569,.T.);
#19567=LINE('',#718,#19570);
#19568=LINE('',#870,#19571);
#19569=LINE('',#876,#19572);
#19570=VECTOR('',#19573,1.0);
#19571=VECTOR('',#19574,1.0);
#19572=VECTOR('',#19575,1.0);
#19573=DIRECTION('',(0.11663413532630994,0.9931748980540581,0.00031678383083702283));
#19574=DIRECTION('',(0.9240044549000773,-0.38234771879476626,-0.005097965991389521));
#19575=DIRECTION('',(-0.1383302257171864,-0.9903861406189901,-0.00020278770690667952));
#19576=FACE_SURFACE('',(#19581),#19577,.T.);
#19577=PLANE('',#19578);
#19578=AXIS2_PLACEMENT_3D('',#54,#19579,#19580);
#19579=DIRECTION('',(0,-0,1));
#19580=DIRECTION('',(0.6660182937207187,0.7459354076790714,0));
#19581=FACE_BOUND('',#19582,.T.);
#19582=EDGE_LOOP('',(#19583,#19584,#19585));
#19583=ORIENTED_EDGE('',*,*,#19586,.T.);
#19584=ORIENTED_EDGE('',*,*,#19587,.T.);
#19585=ORIENTED_EDGE('',*,*,#19588,.T.);
#19586=EDGE_CURVE('',#55,#915,#19589,.F.);
#19587=EDGE_CURVE('',#915,#909,#19590,.T.);
#19588=EDGE_CURVE('',#909,#55,#19591,.T.);
#19589=LINE('',#54,#19592);
#19590=LINE('',#914,#19593);
#19591=LINE('',#908,#19594);
#19592=VECTOR('',#19595,1.0);
#19593=VECTOR('',#19596,1.0);
#19594=VECTOR('',#19597,1.0);
#19595=DIRECTION('',(0.6660182937207187,0.7459354076790714,0));
#19596=DIRECTION('',(-0.9838301206480122,0.17910414206745134,0));
#19597=DIRECTION('',(0.8929769263295209,-0.4501024428317196,0));
#19598=FACE_SURFACE('',(#19603),#19599,.T.);
#19599=PLANE('',#19600);
#19600=AXIS2_PLACEMENT_3D('',#914,#19601,#19602);
#19601=DIRECTION('',(0,-0,1));
#19602=DIRECTION('',(0.5231482973396346,0.8522416670115591,0));
#19603=FACE_BOUND('',#19604,.T.);
#19604=EDGE_LOOP('',(#19605,#19606,#19607));
#19605=ORIENTED_EDGE('',*,*,#19608,.T.);
#19606=ORIENTED_EDGE('',*,*,#19609,.T.);
#19607=ORIENTED_EDGE('',*,*,#19610,.T.);
#19608=EDGE_CURVE('',#915,#911,#19611,.F.);
#19609=EDGE_CURVE('',#911,#909,#19612,.T.);
#19610=EDGE_CURVE('',#909,#915,#19613,.T.);
#19611=LINE('',#914,#19614);
#19612=LINE('',#910,#19615);
#19613=LINE('',#908,#19616);
#19614=VECTOR('',#19617,1.0);
#19615=VECTOR('',#19618,1.0);
#19616=VECTOR('',#19619,1.0);
#19617=DIRECTION('',(0.5231482973396346,0.8522416670115591,0));
#19618=DIRECTION('',(-0.9989574989452843,-0.045649921149793375,0));
#19619=DIRECTION('',(0.9838301206480122,-0.17910414206745134,0));
#19620=FACE_SURFACE('',(#19625),#19621,.T.);
#19621=PLANE('',#19622);
#19622=AXIS2_PLACEMENT_3D('',#912,#19623,#19624);
#19623=DIRECTION('',(0,-0,1));
#19624=DIRECTION('',(1,0,0));
#19625=FACE_BOUND('',#19626,.T.);
#19626=EDGE_LOOP('',(#19627,#19628,#19629));
#19627=ORIENTED_EDGE('',*,*,#19630,.T.);
#19628=ORIENTED_EDGE('',*,*,#19631,.T.);
#19629=ORIENTED_EDGE('',*,*,#19632,.T.);
#19630=EDGE_CURVE('',#913,#135,#19633,.F.);
#19631=EDGE_CURVE('',#135,#779,#19634,.T.);
#19632=EDGE_CURVE('',#779,#913,#19635,.T.);
#19633=LINE('',#912,#19636);
#19634=LINE('',#134,#19637);
#19635=LINE('',#778,#19638);
#19636=VECTOR('',#19639,1.0);
#19637=VECTOR('',#19640,1.0);
#19638=VECTOR('',#19641,1.0);
#19639=DIRECTION('',(1,0,0));
#19640=DIRECTION('',(-0.20368221695888228,0.9790370547097362,0));
#19641=DIRECTION('',(0.19275847232965046,-0.9812462337992128,0));
#19642=FACE_SURFACE('',(#19647),#19643,.T.);
#19643=PLANE('',#19644);
#19644=AXIS2_PLACEMENT_3D('',#718,#19645,#19646);
#19645=DIRECTION('',(1,0,0));
#19646=DIRECTION('',(0,0.9999989052842571,0.0014796723581143578));
#19647=FACE_BOUND('',#19648,.T.);
#19648=EDGE_LOOP('',(#19649,#19650,#19651));
#19649=ORIENTED_EDGE('',*,*,#19652,.T.);
#19650=ORIENTED_EDGE('',*,*,#19653,.T.);
#19651=ORIENTED_EDGE('',*,*,#19654,.T.);
#19652=EDGE_CURVE('',#719,#739,#19655,.F.);
#19653=EDGE_CURVE('',#739,#907,#19656,.T.);
#19654=EDGE_CURVE('',#907,#719,#19657,.T.);
#19655=LINE('',#718,#19658);
#19656=LINE('',#738,#19659);
#19657=LINE('',#906,#19660);
#19658=VECTOR('',#19661,1.0);
#19659=VECTOR('',#19662,1.0);
#19660=VECTOR('',#19663,1.0);
#19661=DIRECTION('',(0,0.9999989052842571,0.0014796723581143578));
#19662=DIRECTION('',(0,-1,0));
#19663=DIRECTION('',(0,0,-1));
#19664=FACE_SURFACE('',(#19669),#19665,.T.);
#19665=PLANE('',#19666);
#19666=AXIS2_PLACEMENT_3D('',#602,#19667,#19668);
#19667=DIRECTION('',(4.8723134255771676E-05,3.7364542750317085E-05,-0.9999999981149735));
#19668=DIRECTION('',(-0.9978810582745767,-0.06506451360462424,-5.105099866994478E-05));
#19669=FACE_BOUND('',#19670,.T.);
#19670=EDGE_LOOP('',(#19671,#19672,#19673));
#19671=ORIENTED_EDGE('',*,*,#19674,.T.);
#19672=ORIENTED_EDGE('',*,*,#19675,.T.);
#19673=ORIENTED_EDGE('',*,*,#19676,.T.);
#19674=EDGE_CURVE('',#603,#273,#19677,.F.);
#19675=EDGE_CURVE('',#273,#131,#19678,.T.);
#19676=EDGE_CURVE('',#131,#603,#19679,.T.);
#19677=LINE('',#602,#19680);
#19678=LINE('',#272,#19681);
#19679=LINE('',#130,#19682);
#19680=VECTOR('',#19683,1.0);
#19681=VECTOR('',#19684,1.0);
#19682=VECTOR('',#19685,1.0);
#19683=DIRECTION('',(-0.9978810582745767,-0.06506451360462424,-5.105099866994478E-05));
#19684=DIRECTION('',(-0.6085355464556188,0.7935266149915586,0));
#19685=DIRECTION('',(0.9983851006926431,0.056808345668975226,5.0767069256030256E-05));
#19686=FACE_SURFACE('',(#19691),#19687,.T.);
#19687=PLANE('',#19688);
#19688=AXIS2_PLACEMENT_3D('',#274,#19689,#19690);
#19689=DIRECTION('',(0.4360125575348591,-0.8999405811896202,0));
#19690=DIRECTION('',(0.04668730638964307,0.02261955098908105,0.9986534190274081));
#19691=FACE_BOUND('',#19692,.T.);
#19692=EDGE_LOOP('',(#19693,#19694,#19695));
#19693=ORIENTED_EDGE('',*,*,#19696,.T.);
#19694=ORIENTED_EDGE('',*,*,#19697,.T.);
#19695=ORIENTED_EDGE('',*,*,#19698,.T.);
#19696=EDGE_CURVE('',#275,#495,#19699,.F.);
#19697=EDGE_CURVE('',#495,#917,#19700,.T.);
#19698=EDGE_CURVE('',#917,#275,#19701,.T.);
#19699=LINE('',#274,#19702);
#19700=LINE('',#494,#19703);
#19701=LINE('',#916,#19704);
#19702=VECTOR('',#19705,1.0);
#19703=VECTOR('',#19706,1.0);
#19704=VECTOR('',#19707,1.0);
#19705=DIRECTION('',(0.04668730638964307,0.02261955098908105,0.9986534190274081));
#19706=DIRECTION('',(-0.8999405811896201,-0.43601255753485907,0));
#19707=DIRECTION('',(0,0,-1));
#19708=FACE_SURFACE('',(#19713),#19709,.T.);
#19709=PLANE('',#19710);
#19710=AXIS2_PLACEMENT_3D('',#866,#19711,#19712);
#19711=DIRECTION('',(-0.005858523205596721,0.0010069545899159939,-0.9999823317180676));
#19712=DIRECTION('',(0.8078036541769427,-0.5894275938111114,-0.005326157378622868));
#19713=FACE_BOUND('',#19714,.T.);
#19714=EDGE_LOOP('',(#19715,#19716,#19717));
#19715=ORIENTED_EDGE('',*,*,#19718,.T.);
#19716=ORIENTED_EDGE('',*,*,#19719,.T.);
#19717=ORIENTED_EDGE('',*,*,#19720,.T.);
#19718=EDGE_CURVE('',#867,#871,#19721,.F.);
#19719=EDGE_CURVE('',#871,#719,#19722,.T.);
#19720=EDGE_CURVE('',#719,#867,#19723,.T.);
#19721=LINE('',#866,#19724);
#19722=LINE('',#870,#19725);
#19723=LINE('',#718,#19726);
#19724=VECTOR('',#19727,1.0);
#19725=VECTOR('',#19728,1.0);
#19726=VECTOR('',#19729,1.0);
#19727=DIRECTION('',(0.8078036541769427,-0.5894275938111114,-0.005326157378622868));
#19728=DIRECTION('',(-0.11663413532630994,-0.9931748980540581,-0.00031678383083702283));
#19729=DIRECTION('',(0.10270229291366519,0.9947120583705293,0.0003999531730037117));
#19730=FACE_SURFACE('',(#19735),#19731,.T.);
#19731=PLANE('',#19732);
#19732=AXIS2_PLACEMENT_3D('',#876,#19733,#19734);
#19733=DIRECTION('',(-0.0036029453769282783,0.0007079890947000143,-0.9999932587453041));
#19734=DIRECTION('',(0.9871693825943375,-0.15963440393194378,-0.003669761519183238));
#19735=FACE_BOUND('',#19736,.T.);
#19736=EDGE_LOOP('',(#19737,#19738,#19739));
#19737=ORIENTED_EDGE('',*,*,#19740,.T.);
#19738=ORIENTED_EDGE('',*,*,#19741,.T.);
#19739=ORIENTED_EDGE('',*,*,#19742,.T.);
#19740=EDGE_CURVE('',#877,#819,#19743,.F.);
#19741=EDGE_CURVE('',#819,#719,#19744,.T.);
#19742=EDGE_CURVE('',#719,#877,#19745,.T.);
#19743=LINE('',#876,#19746);
#19744=LINE('',#818,#19747);
#19745=LINE('',#718,#19748);
#19746=VECTOR('',#19749,1.0);
#19747=VECTOR('',#19750,1.0);
#19748=VECTOR('',#19751,1.0);
#19749=DIRECTION('',(0.9871693825943375,-0.15963440393194378,-0.003669761519183238));
#19750=DIRECTION('',(-0.15394915082704205,-0.9880787610153045,-0.0001448795829193806));
#19751=DIRECTION('',(0.1383302257171864,0.9903861406189901,0.00020278770690667952));
#19752=FACE_SURFACE('',(#19757),#19753,.T.);
#19753=PLANE('',#19754);
#19754=AXIS2_PLACEMENT_3D('',#916,#19755,#19756);
#19755=DIRECTION('',(0.3468419871195115,-0.937923576828618,0));
#19756=DIRECTION('',(-0.937923576828618,-0.3468419871195115,0));
#19757=FACE_BOUND('',#19758,.T.);
#19758=EDGE_LOOP('',(#19759,#19760,#19761));
#19759=ORIENTED_EDGE('',*,*,#19762,.T.);
#19760=ORIENTED_EDGE('',*,*,#19763,.T.);
#19761=ORIENTED_EDGE('',*,*,#19764,.T.);
#19762=EDGE_CURVE('',#917,#509,#19765,.F.);
#19763=EDGE_CURVE('',#509,#275,#19766,.T.);
#19764=EDGE_CURVE('',#275,#917,#19767,.T.);
#19765=LINE('',#916,#19768);
#19766=LINE('',#508,#19769);
#19767=LINE('',#274,#19770);
#19768=VECTOR('',#19771,1.0);
#19769=VECTOR('',#19772,1.0);
#19770=VECTOR('',#19773,1.0);
#19771=DIRECTION('',(-0.937923576828618,-0.3468419871195115,0));
#19772=DIRECTION('',(0.05157171968595505,0.0190711036346147,-0.9984871810568182));
#19773=DIRECTION('',(0,0,1));
#19774=FACE_SURFACE('',(#19779),#19775,.T.);
#19775=PLANE('',#19776);
#19776=AXIS2_PLACEMENT_3D('',#306,#19777,#19778);
#19777=DIRECTION('',(0.015550453813243985,-0.9998790843828078,0));
#19778=DIRECTION('',(0,0,1));
#19779=FACE_BOUND('',#19780,.T.);
#19780=EDGE_LOOP('',(#19781,#19782,#19783));
#19781=ORIENTED_EDGE('',*,*,#19784,.T.);
#19782=ORIENTED_EDGE('',*,*,#19785,.T.);
#19783=ORIENTED_EDGE('',*,*,#19786,.T.);
#19784=EDGE_CURVE('',#307,#531,#19787,.F.);
#19785=EDGE_CURVE('',#531,#569,#19788,.T.);
#19786=EDGE_CURVE('',#569,#307,#19789,.T.);
#19787=LINE('',#306,#19790);
#19788=LINE('',#530,#19791);
#19789=LINE('',#568,#19792);
#19790=VECTOR('',#19793,1.0);
#19791=VECTOR('',#19794,1.0);
#19792=VECTOR('',#19795,1.0);
#19793=DIRECTION('',(0,0,1));
#19794=DIRECTION('',(-0.9998790843828079,-0.015550453813243987,0));
#19795=DIRECTION('',(0.21056925695992895,0.003274843484565624,-0.9775734567916087));
#19796=FACE_SURFACE('',(#19801),#19797,.T.);
#19797=PLANE('',#19798);
#19798=AXIS2_PLACEMENT_3D('',#568,#19799,#19800);
#19799=DIRECTION('',(0.07259581388455458,-0.9972856410913613,0.012296254691227247));
#19800=DIRECTION('',(0.0920559501105352,-0.005576109739645873,-0.9957382231537656));
#19801=FACE_BOUND('',#19802,.T.);
#19802=EDGE_LOOP('',(#19803,#19804,#19805));
#19803=ORIENTED_EDGE('',*,*,#19806,.T.);
#19804=ORIENTED_EDGE('',*,*,#19807,.T.);
#19805=ORIENTED_EDGE('',*,*,#19808,.T.);
#19806=EDGE_CURVE('',#569,#309,#19809,.F.);
#19807=EDGE_CURVE('',#309,#307,#19810,.T.);
#19808=EDGE_CURVE('',#307,#569,#19811,.T.);
#19809=LINE('',#568,#19812);
#19810=LINE('',#308,#19813);
#19811=LINE('',#306,#19814);
#19812=VECTOR('',#19815,1.0);
#19813=VECTOR('',#19816,1.0);
#19814=VECTOR('',#19817,1.0);
#19815=DIRECTION('',(0.0920559501105352,-0.005576109739645873,-0.9957382231537656));
#19816=DIRECTION('',(0.9973610433790289,0.07260130267353983,0));
#19817=DIRECTION('',(-0.21056925695992895,-0.003274843484565624,0.9775734567916087));
#19818=FACE_SURFACE('',(#19823),#19819,.T.);
#19819=PLANE('',#19820);
#19820=AXIS2_PLACEMENT_3D('',#508,#19821,#19822);
#19821=DIRECTION('',(0,0,1));
#19822=DIRECTION('',(0.937923576828618,0.3468419871195115,0));
#19823=FACE_BOUND('',#19824,.T.);
#19824=EDGE_LOOP('',(#19825,#19826,#19827));
#19825=ORIENTED_EDGE('',*,*,#19828,.T.);
#19826=ORIENTED_EDGE('',*,*,#19829,.T.);
#19827=ORIENTED_EDGE('',*,*,#19830,.T.);
#19828=EDGE_CURVE('',#509,#917,#19831,.F.);
#19829=EDGE_CURVE('',#917,#909,#19832,.T.);
#19830=EDGE_CURVE('',#909,#509,#19833,.T.);
#19831=LINE('',#508,#19834);
#19832=LINE('',#916,#19835);
#19833=LINE('',#908,#19836);
#19834=VECTOR('',#19837,1.0);
#19835=VECTOR('',#19838,1.0);
#19836=VECTOR('',#19839,1.0);
#19837=DIRECTION('',(0.937923576828618,0.3468419871195115,0));
#19838=DIRECTION('',(0.08239498786235469,0.9965997521448429,0));
#19839=DIRECTION('',(-0.3807492513885368,-0.924678326536893,0));
#19840=FACE_SURFACE('',(#19845),#19841,.T.);
#19841=PLANE('',#19842);
#19842=AXIS2_PLACEMENT_3D('',#530,#19843,#19844);
#19843=DIRECTION('',(0,0,1));
#19844=DIRECTION('',(0.9748267990494763,0.22296347650445367,0));
#19845=FACE_BOUND('',#19846,.T.);
#19846=EDGE_LOOP('',(#19847,#19848,#19849));
#19847=ORIENTED_EDGE('',*,*,#19850,.T.);
#19848=ORIENTED_EDGE('',*,*,#19851,.T.);
#19849=ORIENTED_EDGE('',*,*,#19852,.T.);
#19850=EDGE_CURVE('',#531,#509,#19853,.F.);
#19851=EDGE_CURVE('',#509,#909,#19854,.T.);
#19852=EDGE_CURVE('',#909,#531,#19855,.T.);
#19853=LINE('',#530,#19856);
#19854=LINE('',#508,#19857);
#19855=LINE('',#908,#19858);
#19856=VECTOR('',#19859,1.0);
#19857=VECTOR('',#19860,1.0);
#19858=VECTOR('',#19861,1.0);
#19859=DIRECTION('',(0.9748267990494763,0.22296347650445367,0));
#19860=DIRECTION('',(0.3807492513885368,0.924678326536893,0));
#19861=DIRECTION('',(-0.7048157484480172,-0.7093904148913075,0));
#19862=FACE_SURFACE('',(#19867),#19863,.T.);
#19863=PLANE('',#19864);
#19864=AXIS2_PLACEMENT_3D('',#494,#19865,#19866);
#19865=DIRECTION('',(0,0,1));
#19866=DIRECTION('',(-0.30807418028342853,0.9513623386715986,0));
#19867=FACE_BOUND('',#19868,.T.);
#19868=EDGE_LOOP('',(#19869,#19870,#19871));
#19869=ORIENTED_EDGE('',*,*,#19872,.T.);
#19870=ORIENTED_EDGE('',*,*,#19873,.T.);
#19871=ORIENTED_EDGE('',*,*,#19874,.T.);
#19872=EDGE_CURVE('',#495,#909,#19875,.F.);
#19873=EDGE_CURVE('',#909,#917,#19876,.T.);
#19874=EDGE_CURVE('',#917,#495,#19877,.T.);
#19875=LINE('',#494,#19878);
#19876=LINE('',#908,#19879);
#19877=LINE('',#916,#19880);
#19878=VECTOR('',#19881,1.0);
#19879=VECTOR('',#19882,1.0);
#19880=VECTOR('',#19883,1.0);
#19881=DIRECTION('',(-0.30807418028342853,0.9513623386715986,0));
#19882=DIRECTION('',(-0.08239498786235469,-0.9965997521448429,0));
#19883=DIRECTION('',(0.8999405811896201,0.43601255753485907,0));
#19884=FACE_SURFACE('',(#19889),#19885,.T.);
#19885=PLANE('',#19886);
#19886=AXIS2_PLACEMENT_3D('',#918,#19887,#19888);
#19887=DIRECTION('',(0,-0,1));
#19888=DIRECTION('',(0.7704102999511119,0.6375484057930328,0));
#19889=FACE_BOUND('',#19890,.T.);
#19890=EDGE_LOOP('',(#19891,#19892,#19893));
#19891=ORIENTED_EDGE('',*,*,#19894,.T.);
#19892=ORIENTED_EDGE('',*,*,#19895,.T.);
#19893=ORIENTED_EDGE('',*,*,#19896,.T.);
#19894=EDGE_CURVE('',#919,#55,#19897,.F.);
#19895=EDGE_CURVE('',#55,#909,#19898,.T.);
#19896=EDGE_CURVE('',#909,#919,#19899,.T.);
#19897=LINE('',#918,#19900);
#19898=LINE('',#54,#19901);
#19899=LINE('',#908,#19902);
#19900=VECTOR('',#19903,1.0);
#19901=VECTOR('',#19904,1.0);
#19902=VECTOR('',#19905,1.0);
#19903=DIRECTION('',(0.7704102999511119,0.6375484057930328,0));
#19904=DIRECTION('',(-0.8929769263295209,0.4501024428317196,0));
#19905=DIRECTION('',(0.6716703863554443,-0.7408501144584702,0));
#19906=FACE_SURFACE('',(#19911),#19907,.T.);
#19907=PLANE('',#19908);
#19908=AXIS2_PLACEMENT_3D('',#494,#19909,#19910);
#19909=DIRECTION('',(0,-0,1));
#19910=DIRECTION('',(0.846078152445604,0.5330588710022873,0));
#19911=FACE_BOUND('',#19912,.T.);
#19912=EDGE_LOOP('',(#19913,#19914,#19915));
#19913=ORIENTED_EDGE('',*,*,#19916,.T.);
#19914=ORIENTED_EDGE('',*,*,#19917,.T.);
#19915=ORIENTED_EDGE('',*,*,#19918,.T.);
#19916=EDGE_CURVE('',#495,#919,#19919,.F.);
#19917=EDGE_CURVE('',#919,#909,#19920,.T.);
#19918=EDGE_CURVE('',#909,#495,#19921,.T.);
#19919=LINE('',#494,#19922);
#19920=LINE('',#918,#19923);
#19921=LINE('',#908,#19924);
#19922=VECTOR('',#19925,1.0);
#19923=VECTOR('',#19926,1.0);
#19924=VECTOR('',#19927,1.0);
#19925=DIRECTION('',(0.846078152445604,0.5330588710022873,0));
#19926=DIRECTION('',(-0.6716703863554443,0.7408501144584702,0));
#19927=DIRECTION('',(0.30807418028342853,-0.9513623386715986,0));
#19928=FACE_SURFACE('',(#19933),#19929,.T.);
#19929=PLANE('',#19930);
#19930=AXIS2_PLACEMENT_3D('',#540,#19931,#19932);
#19931=DIRECTION('',(0,1,0));
#19932=DIRECTION('',(0.4138673055289767,0,0.9103372196138003));
#19933=FACE_BOUND('',#19934,.T.);
#19934=EDGE_LOOP('',(#19935,#19936,#19937));
#19935=ORIENTED_EDGE('',*,*,#19938,.T.);
#19936=ORIENTED_EDGE('',*,*,#19939,.T.);
#19937=ORIENTED_EDGE('',*,*,#19940,.T.);
#19938=EDGE_CURVE('',#541,#909,#19941,.F.);
#19939=EDGE_CURVE('',#909,#537,#19942,.T.);
#19940=EDGE_CURVE('',#537,#541,#19943,.T.);
#19941=LINE('',#540,#19944);
#19942=LINE('',#908,#19945);
#19943=LINE('',#536,#19946);
#19944=VECTOR('',#19947,1.0);
#19945=VECTOR('',#19948,1.0);
#19946=VECTOR('',#19949,1.0);
#19947=DIRECTION('',(0.4138673055289767,0,0.9103372196138003));
#19948=DIRECTION('',(0,0,-1));
#19949=DIRECTION('',(-1,0,0));
#19950=FACE_SURFACE('',(#19955),#19951,.T.);
#19951=PLANE('',#19952);
#19952=AXIS2_PLACEMENT_3D('',#846,#19953,#19954);
#19953=DIRECTION('',(-1,0,0));
#19954=DIRECTION('',(0,-1,0));
#19955=FACE_BOUND('',#19956,.T.);
#19956=EDGE_LOOP('',(#19957,#19958,#19959));
#19957=ORIENTED_EDGE('',*,*,#19960,.T.);
#19958=ORIENTED_EDGE('',*,*,#19961,.T.);
#19959=ORIENTED_EDGE('',*,*,#19962,.T.);
#19960=EDGE_CURVE('',#847,#537,#19963,.F.);
#19961=EDGE_CURVE('',#537,#779,#19964,.T.);
#19962=EDGE_CURVE('',#779,#847,#19965,.T.);
#19963=LINE('',#846,#19966);
#19964=LINE('',#536,#19967);
#19965=LINE('',#778,#19968);
#19966=VECTOR('',#19969,1.0);
#19967=VECTOR('',#19970,1.0);
#19968=VECTOR('',#19971,1.0);
#19969=DIRECTION('',(0,-1,0));
#19970=DIRECTION('',(0,0.7343641885376151,0.6787556545572864));
#19971=DIRECTION('',(0,0.9007823319404654,-0.4342708722259612));
#19972=FACE_SURFACE('',(#19977),#19973,.T.);
#19973=PLANE('',#19974);
#19974=AXIS2_PLACEMENT_3D('',#94,#19975,#19976);
#19975=DIRECTION('',(-0,0.012141851751439333,0.9999262850010725));
#19976=DIRECTION('',(1,0,0));
#19977=FACE_BOUND('',#19978,.T.);
#19978=EDGE_LOOP('',(#19979,#19980,#19981));
#19979=ORIENTED_EDGE('',*,*,#19982,.T.);
#19980=ORIENTED_EDGE('',*,*,#19983,.T.);
#19981=ORIENTED_EDGE('',*,*,#19984,.T.);
#19982=EDGE_CURVE('',#95,#281,#19985,.F.);
#19983=EDGE_CURVE('',#281,#879,#19986,.T.);
#19984=EDGE_CURVE('',#879,#95,#19987,.T.);
#19985=LINE('',#94,#19988);
#19986=LINE('',#280,#19989);
#19987=LINE('',#878,#19990);
#19988=VECTOR('',#19991,1.0);
#19989=VECTOR('',#19992,1.0);
#19990=VECTOR('',#19993,1.0);
#19991=DIRECTION('',(1,0,0));
#19992=DIRECTION('',(-0.9999526319898289,0.009732410314415291,-0.0001181781947273071));
#19993=DIRECTION('',(0.9666779921182094,-0.255976558073436,0.0031082585452466907));
#19994=FACE_SURFACE('',(#19999),#19995,.T.);
#19995=PLANE('',#19996);
#19996=AXIS2_PLACEMENT_3D('',#878,#19997,#19998);
#19997=DIRECTION('',(0,-1,0));
#19998=DIRECTION('',(1,0,0));
#19999=FACE_BOUND('',#20000,.T.);
#20000=EDGE_LOOP('',(#20001,#20002,#20003));
#20001=ORIENTED_EDGE('',*,*,#20004,.T.);
#20002=ORIENTED_EDGE('',*,*,#20005,.T.);
#20003=ORIENTED_EDGE('',*,*,#20006,.T.);
#20004=EDGE_CURVE('',#879,#437,#20007,.F.);
#20005=EDGE_CURVE('',#437,#579,#20008,.T.);
#20006=EDGE_CURVE('',#579,#879,#20009,.T.);
#20007=LINE('',#878,#20010);
#20008=LINE('',#436,#20011);
#20009=LINE('',#578,#20012);
#20010=VECTOR('',#20013,1.0);
#20011=VECTOR('',#20014,1.0);
#20012=VECTOR('',#20015,1.0);
#20013=DIRECTION('',(1,0,0));
#20014=DIRECTION('',(-0.9938464320776168,0,0.11076673438623488));
#20015=DIRECTION('',(-0.9911319317428593,0,-0.13288150315099598));
#20016=FACE_SURFACE('',(#20021),#20017,.T.);
#20017=PLANE('',#20018);
#20018=AXIS2_PLACEMENT_3D('',#568,#20019,#20020);
#20019=DIRECTION('',(0,0,1));
#20020=DIRECTION('',(0.9998790843828079,0.015550453813243987,0));
#20021=FACE_BOUND('',#20022,.T.);
#20022=EDGE_LOOP('',(#20023,#20024,#20025));
#20023=ORIENTED_EDGE('',*,*,#20026,.T.);
#20024=ORIENTED_EDGE('',*,*,#20027,.T.);
#20025=ORIENTED_EDGE('',*,*,#20028,.T.);
#20026=EDGE_CURVE('',#569,#531,#20029,.F.);
#20027=EDGE_CURVE('',#531,#909,#20030,.T.);
#20028=EDGE_CURVE('',#909,#569,#20031,.T.);
#20029=LINE('',#568,#20032);
#20030=LINE('',#530,#20033);
#20031=LINE('',#908,#20034);
#20032=VECTOR('',#20035,1.0);
#20033=VECTOR('',#20036,1.0);
#20034=VECTOR('',#20037,1.0);
#20035=DIRECTION('',(0.9998790843828079,0.015550453813243987,0));
#20036=DIRECTION('',(0.7048157484480172,0.7093904148913075,0));
#20037=DIRECTION('',(-0.907519036244239,-0.4200109508742927,0));
#20038=FACE_SURFACE('',(#20043),#20039,.T.);
#20039=PLANE('',#20040);
#20040=AXIS2_PLACEMENT_3D('',#568,#20041,#20042);
#20041=DIRECTION('',(0,-0,1));
#20042=DIRECTION('',(0.907519036244239,0.4200109508742927,0));
#20043=FACE_BOUND('',#20044,.T.);
#20044=EDGE_LOOP('',(#20045,#20046,#20047));
#20045=ORIENTED_EDGE('',*,*,#20048,.T.);
#20046=ORIENTED_EDGE('',*,*,#20049,.T.);
#20047=ORIENTED_EDGE('',*,*,#20050,.T.);
#20048=EDGE_CURVE('',#569,#909,#20051,.F.);
#20049=EDGE_CURVE('',#909,#237,#20052,.T.);
#20050=EDGE_CURVE('',#237,#569,#20053,.T.);
#20051=LINE('',#568,#20054);
#20052=LINE('',#908,#20055);
#20053=LINE('',#236,#20056);
#20054=VECTOR('',#20057,1.0);
#20055=VECTOR('',#20058,1.0);
#20056=VECTOR('',#20059,1.0);
#20057=DIRECTION('',(0.907519036244239,0.4200109508742927,0));
#20058=DIRECTION('',(-0.9299205029757023,-0.36776059895727914,0));
#20059=DIRECTION('',(0.9903856546410043,-0.13833385370656517,0));
#20060=FACE_SURFACE('',(#20065),#20061,.T.);
#20061=PLANE('',#20062);
#20062=AXIS2_PLACEMENT_3D('',#224,#20063,#20064);
#20063=DIRECTION('',(-0,-1,-0));
#20064=DIRECTION('',(-0.9987457479838581,0,0.05006926087095621));
#20065=FACE_BOUND('',#20066,.T.);
#20066=EDGE_LOOP('',(#20067,#20068,#20069));
#20067=ORIENTED_EDGE('',*,*,#20070,.T.);
#20068=ORIENTED_EDGE('',*,*,#20071,.T.);
#20069=ORIENTED_EDGE('',*,*,#20072,.T.);
#20070=EDGE_CURVE('',#225,#549,#20073,.F.);
#20071=EDGE_CURVE('',#549,#579,#20074,.T.);
#20072=EDGE_CURVE('',#579,#225,#20075,.T.);
#20073=LINE('',#224,#20076);
#20074=LINE('',#548,#20077);
#20075=LINE('',#578,#20078);
#20076=VECTOR('',#20079,1.0);
#20077=VECTOR('',#20080,1.0);
#20078=VECTOR('',#20081,1.0);
#20079=DIRECTION('',(-0.9987457479838581,0,0.05006926087095621));
#20080=DIRECTION('',(0.9911602962334942,0,-0.13266976735613897));
#20081=DIRECTION('',(0,0,1));
#20082=FACE_SURFACE('',(#20087),#20083,.T.);
#20083=PLANE('',#20084);
#20084=AXIS2_PLACEMENT_3D('',#244,#20085,#20086);
#20085=DIRECTION('',(-0,1,0));
#20086=DIRECTION('',(1,0,0));
#20087=FACE_BOUND('',#20088,.T.);
#20088=EDGE_LOOP('',(#20089,#20090,#20091));
#20089=ORIENTED_EDGE('',*,*,#20092,.T.);
#20090=ORIENTED_EDGE('',*,*,#20093,.T.);
#20091=ORIENTED_EDGE('',*,*,#20094,.T.);
#20092=EDGE_CURVE('',#245,#909,#20095,.F.);
#20093=EDGE_CURVE('',#909,#541,#20096,.T.);
#20094=EDGE_CURVE('',#541,#245,#20097,.T.);
#20095=LINE('',#244,#20098);
#20096=LINE('',#908,#20099);
#20097=LINE('',#540,#20100);
#20098=VECTOR('',#20101,1.0);
#20099=VECTOR('',#20102,1.0);
#20100=VECTOR('',#20103,1.0);
#20101=DIRECTION('',(1,0,0));
#20102=DIRECTION('',(-0.4138673055289767,0,-0.9103372196138003));
#20103=DIRECTION('',(-0.9946948560079407,0,0.10286954569425245));
#20104=FACE_SURFACE('',(#20109),#20105,.T.);
#20105=PLANE('',#20106);
#20106=AXIS2_PLACEMENT_3D('',#310,#20107,#20108);
#20107=DIRECTION('',(-0.12732091421693995,-0.9918614205833067,-0.000554221460468805));
#20108=DIRECTION('',(-0.030435780432742105,0.0033484010224525884,0.9995311158138314));
#20109=FACE_BOUND('',#20110,.T.);
#20110=EDGE_LOOP('',(#20111,#20112,#20113));
#20111=ORIENTED_EDGE('',*,*,#20114,.T.);
#20112=ORIENTED_EDGE('',*,*,#20115,.T.);
#20113=ORIENTED_EDGE('',*,*,#20116,.T.);
#20114=EDGE_CURVE('',#311,#569,#20117,.F.);
#20115=EDGE_CURVE('',#569,#357,#20118,.T.);
#20116=EDGE_CURVE('',#357,#311,#20119,.T.);
#20117=LINE('',#310,#20120);
#20118=LINE('',#568,#20121);
#20119=LINE('',#356,#20122);
#20120=VECTOR('',#20123,1.0);
#20121=VECTOR('',#20124,1.0);
#20122=VECTOR('',#20125,1.0);
#20123=DIRECTION('',(-0.030435780432742105,0.0033484010224525884,0.9995311158138314));
#20124=DIRECTION('',(-0.04933860987580142,0.006891456887184426,-0.9987583338313105));
#20125=DIRECTION('',(0.9918615729141267,-0.12732093377098133,0));
#20126=FACE_SURFACE('',(#20131),#20127,.T.);
#20127=PLANE('',#20128);
#20128=AXIS2_PLACEMENT_3D('',#308,#20129,#20130);
#20129=DIRECTION('',(-0.03626648174499262,-0.9993396365925326,0.0022434431004775724));
#20130=DIRECTION('',(-0.0920559501105352,0.005576109739645873,0.9957382231537656));
#20131=FACE_BOUND('',#20132,.T.);
#20132=EDGE_LOOP('',(#20133,#20134,#20135));
#20133=ORIENTED_EDGE('',*,*,#20136,.T.);
#20134=ORIENTED_EDGE('',*,*,#20137,.T.);
#20135=ORIENTED_EDGE('',*,*,#20138,.T.);
#20136=EDGE_CURVE('',#309,#569,#20139,.F.);
#20137=EDGE_CURVE('',#569,#311,#20140,.T.);
#20138=EDGE_CURVE('',#311,#309,#20141,.T.);
#20139=LINE('',#308,#20142);
#20140=LINE('',#568,#20143);
#20141=LINE('',#310,#20144);
#20142=VECTOR('',#20145,1.0);
#20143=VECTOR('',#20146,1.0);
#20144=VECTOR('',#20147,1.0);
#20145=DIRECTION('',(-0.0920559501105352,0.005576109739645873,0.9957382231537656));
#20146=DIRECTION('',(0.030435780432742105,-0.0033484010224525884,-0.9995311158138314));
#20147=DIRECTION('',(0.9993421514586814,-0.03626657301060837,0));
#20148=FACE_SURFACE('',(#20153),#20149,.T.);
#20149=PLANE('',#20150);
#20150=AXIS2_PLACEMENT_3D('',#918,#20151,#20152);
#20151=DIRECTION('',(0.5330588710022873,-0.8460781524456041,0));
#20152=DIRECTION('',(-0.846078152445604,-0.5330588710022873,0));
#20153=FACE_BOUND('',#20154,.T.);
#20154=EDGE_LOOP('',(#20155,#20156,#20157));
#20155=ORIENTED_EDGE('',*,*,#20158,.T.);
#20156=ORIENTED_EDGE('',*,*,#20159,.T.);
#20157=ORIENTED_EDGE('',*,*,#20160,.T.);
#20158=EDGE_CURVE('',#919,#495,#20161,.F.);
#20159=EDGE_CURVE('',#495,#201,#20162,.T.);
#20160=EDGE_CURVE('',#201,#919,#20163,.T.);
#20161=LINE('',#918,#20164);
#20162=LINE('',#494,#20165);
#20163=LINE('',#200,#20166);
#20164=VECTOR('',#20167,1.0);
#20165=VECTOR('',#20168,1.0);
#20166=VECTOR('',#20169,1.0);
#20167=DIRECTION('',(-0.846078152445604,-0.5330588710022873,0));
#20168=DIRECTION('',(0.04090213277905869,0.025769776299941094,-0.9988307835482321));
#20169=DIRECTION('',(0,0,1));
#20170=FACE_SURFACE('',(#20175),#20171,.T.);
#20171=PLANE('',#20172);
#20172=AXIS2_PLACEMENT_3D('',#914,#20173,#20174);
#20173=DIRECTION('',(0.8524497449991525,-0.5228091738396333,0));
#20174=DIRECTION('',(0,0,-1));
#20175=FACE_BOUND('',#20176,.T.);
#20176=EDGE_LOOP('',(#20177,#20178,#20179));
#20177=ORIENTED_EDGE('',*,*,#20180,.T.);
#20178=ORIENTED_EDGE('',*,*,#20181,.T.);
#20179=ORIENTED_EDGE('',*,*,#20182,.T.);
#20180=EDGE_CURVE('',#915,#53,#20183,.F.);
#20181=EDGE_CURVE('',#53,#107,#20184,.T.);
#20182=EDGE_CURVE('',#107,#915,#20185,.T.);
#20183=LINE('',#914,#20186);
#20184=LINE('',#52,#20187);
#20185=LINE('',#106,#20188);
#20186=VECTOR('',#20189,1.0);
#20187=VECTOR('',#20190,1.0);
#20188=VECTOR('',#20191,1.0);
#20189=DIRECTION('',(0,0,-1));
#20190=DIRECTION('',(0.5228036436087188,0.8524407278583509,0.004599534516954154));
#20191=DIRECTION('',(-0.02098294362597411,-0.034213066331502166,0.9991942664812411));
#20192=FACE_SURFACE('',(#20197),#20193,.T.);
#20193=PLANE('',#20194);
#20194=AXIS2_PLACEMENT_3D('',#106,#20195,#20196);
#20195=DIRECTION('',(0.8522416669027253,-0.5231482972728271,-1.5981420247524996E-05));
#20196=DIRECTION('',(0.0035721729849289554,0.005788747902678341,0.999976864721322));
#20197=FACE_BOUND('',#20198,.T.);
#20198=EDGE_LOOP('',(#20199,#20200,#20201));
#20199=ORIENTED_EDGE('',*,*,#20202,.T.);
#20200=ORIENTED_EDGE('',*,*,#20203,.T.);
#20201=ORIENTED_EDGE('',*,*,#20204,.T.);
#20202=EDGE_CURVE('',#107,#911,#20205,.F.);
#20203=EDGE_CURVE('',#911,#915,#20206,.T.);
#20204=EDGE_CURVE('',#915,#107,#20207,.T.);
#20205=LINE('',#106,#20208);
#20206=LINE('',#910,#20209);
#20207=LINE('',#914,#20210);
#20208=VECTOR('',#20211,1.0);
#20209=VECTOR('',#20212,1.0);
#20210=VECTOR('',#20213,1.0);
#20211=DIRECTION('',(0.0035721729849289554,0.005788747902678341,0.999976864721322));
#20212=DIRECTION('',(-0.5231482973396346,-0.8522416670115591,0));
#20213=DIRECTION('',(0.02098294362597411,0.034213066331502166,-0.9991942664812411));
#20214=FACE_SURFACE('',(#20219),#20215,.T.);
#20215=PLANE('',#20216);
#20216=AXIS2_PLACEMENT_3D('',#134,#20217,#20218);
#20217=DIRECTION('',(-0,-1,0));
#20218=DIRECTION('',(-1,0,0));
#20219=FACE_BOUND('',#20220,.T.);
#20220=EDGE_LOOP('',(#20221,#20222,#20223));
#20221=ORIENTED_EDGE('',*,*,#20224,.T.);
#20222=ORIENTED_EDGE('',*,*,#20225,.T.);
#20223=ORIENTED_EDGE('',*,*,#20226,.T.);
#20224=EDGE_CURVE('',#135,#913,#20227,.F.);
#20225=EDGE_CURVE('',#913,#137,#20228,.T.);
#20226=EDGE_CURVE('',#137,#135,#20229,.T.);
#20227=LINE('',#134,#20230);
#20228=LINE('',#912,#20231);
#20229=LINE('',#136,#20232);
#20230=VECTOR('',#20233,1.0);
#20231=VECTOR('',#20234,1.0);
#20232=VECTOR('',#20235,1.0);
#20233=DIRECTION('',(-1,0,0));
#20234=DIRECTION('',(0,0,-1));
#20235=DIRECTION('',(0.01200281004232663,0,0.9999279636809283));
#20236=FACE_SURFACE('',(#20241),#20237,.T.);
#20237=PLANE('',#20238);
#20238=AXIS2_PLACEMENT_3D('',#136,#20239,#20240);
#20239=DIRECTION('',(0.9243370261579713,-0.381577072258591,0));
#20240=DIRECTION('',(0,0,1));
#20241=FACE_BOUND('',#20242,.T.);
#20242=EDGE_LOOP('',(#20243,#20244,#20245));
#20243=ORIENTED_EDGE('',*,*,#20246,.T.);
#20244=ORIENTED_EDGE('',*,*,#20247,.T.);
#20245=ORIENTED_EDGE('',*,*,#20248,.T.);
#20246=EDGE_CURVE('',#137,#913,#20249,.F.);
#20247=EDGE_CURVE('',#913,#107,#20250,.T.);
#20248=EDGE_CURVE('',#107,#137,#20251,.T.);
#20249=LINE('',#136,#20252);
#20250=LINE('',#912,#20253);
#20251=LINE('',#106,#20254);
#20252=VECTOR('',#20255,1.0);
#20253=VECTOR('',#20256,1.0);
#20254=VECTOR('',#20257,1.0);
#20255=DIRECTION('',(0,0,1));
#20256=DIRECTION('',(-0.011511206865434293,-0.027884890091808175,-0.9995448589338395));
#20257=DIRECTION('',(0.3815381551595125,0.9242427528951256,-0.014281802348286594));
#20258=FACE_SURFACE('',(#20263),#20259,.T.);
#20259=PLANE('',#20260);
#20260=AXIS2_PLACEMENT_3D('',#106,#20261,#20262);
#20261=DIRECTION('',(0.9410890045654573,-0.3381560490743333,-0.0014042650867294873));
#20262=DIRECTION('',(0.011511206865434293,0.027884890091808175,0.9995448589338395));
#20263=FACE_BOUND('',#20264,.T.);
#20264=EDGE_LOOP('',(#20265,#20266,#20267));
#20265=ORIENTED_EDGE('',*,*,#20268,.T.);
#20266=ORIENTED_EDGE('',*,*,#20269,.T.);
#20267=ORIENTED_EDGE('',*,*,#20270,.T.);
#20268=EDGE_CURVE('',#107,#913,#20271,.F.);
#20269=EDGE_CURVE('',#913,#911,#20272,.T.);
#20270=EDGE_CURVE('',#911,#107,#20273,.T.);
#20271=LINE('',#106,#20274);
#20272=LINE('',#912,#20275);
#20273=LINE('',#910,#20276);
#20274=VECTOR('',#20277,1.0);
#20275=VECTOR('',#20278,1.0);
#20276=VECTOR('',#20279,1.0);
#20277=DIRECTION('',(0.011511206865434293,0.027884890091808175,0.9995448589338395));
#20278=DIRECTION('',(-0.338156382490001,-0.9410899324619705,0));
#20279=DIRECTION('',(-0.0035721729849289554,-0.005788747902678341,-0.999976864721322));
#20280=FACE_SURFACE('',(#20285),#20281,.T.);
#20281=PLANE('',#20282);
#20282=AXIS2_PLACEMENT_3D('',#918,#20283,#20284);
#20283=DIRECTION('',(0.6380787370991134,-0.7699711197583975,0));
#20284=DIRECTION('',(0,0,-1));
#20285=FACE_BOUND('',#20286,.T.);
#20286=EDGE_LOOP('',(#20287,#20288,#20289));
#20287=ORIENTED_EDGE('',*,*,#20290,.T.);
#20288=ORIENTED_EDGE('',*,*,#20291,.T.);
#20289=ORIENTED_EDGE('',*,*,#20292,.T.);
#20290=EDGE_CURVE('',#919,#201,#20293,.F.);
#20291=EDGE_CURVE('',#201,#169,#20294,.T.);
#20292=EDGE_CURVE('',#169,#919,#20295,.T.);
#20293=LINE('',#918,#20296);
#20294=LINE('',#200,#20297);
#20295=LINE('',#168,#20298);
#20296=VECTOR('',#20299,1.0);
#20297=VECTOR('',#20300,1.0);
#20298=VECTOR('',#20301,1.0);
#20299=DIRECTION('',(0,0,-1));
#20300=DIRECTION('',(0.11516306904703806,0.09543618425720912,0.9887514360354128));
#20301=DIRECTION('',(-0.026501948308024034,-0.021962290887424595,0.9994074767155061));
#20302=FACE_SURFACE('',(#20307),#20303,.T.);
#20303=PLANE('',#20304);
#20304=AXIS2_PLACEMENT_3D('',#602,#20305,#20306);
#20305=DIRECTION('',(4.956200955439874E-05,2.4498885171908114E-05,-0.999999998471706));
#20306=DIRECTION('',(-0.9975686737106757,-0.06969030502817124,-5.1148842996268276E-05));
#20307=FACE_BOUND('',#20308,.T.);
#20308=EDGE_LOOP('',(#20309,#20310,#20311));
#20309=ORIENTED_EDGE('',*,*,#20312,.T.);
#20310=ORIENTED_EDGE('',*,*,#20313,.T.);
#20311=ORIENTED_EDGE('',*,*,#20314,.T.);
#20312=EDGE_CURVE('',#603,#155,#20315,.F.);
#20313=EDGE_CURVE('',#155,#273,#20316,.T.);
#20314=EDGE_CURVE('',#273,#603,#20317,.T.);
#20315=LINE('',#602,#20318);
#20316=LINE('',#154,#20319);
#20317=LINE('',#272,#20320);
#20318=VECTOR('',#20321,1.0);
#20319=VECTOR('',#20322,1.0);
#20320=VECTOR('',#20323,1.0);
#20321=DIRECTION('',(-0.9975686737106757,-0.06969030502817124,-5.1148842996268276E-05));
#20322=DIRECTION('',(-0.4431266386060272,0.8964590242491418,-9.58083279023626E-19));
#20323=DIRECTION('',(0.9978810582745767,0.06506451360462424,5.105099866994478E-05));
#20324=FACE_SURFACE('',(#20329),#20325,.T.);
#20325=PLANE('',#20326);
#20326=AXIS2_PLACEMENT_3D('',#918,#20327,#20328);
#20327=DIRECTION('',(0.6375484050793344,-0.7704102990886822,-4.731684999579666E-05));
#20328=DIRECTION('',(0.04233704112147526,0.03509708829443763,-0.9984867396927868));
#20329=FACE_BOUND('',#20330,.T.);
#20330=EDGE_LOOP('',(#20331,#20332,#20333));
#20331=ORIENTED_EDGE('',*,*,#20334,.T.);
#20332=ORIENTED_EDGE('',*,*,#20335,.T.);
#20333=ORIENTED_EDGE('',*,*,#20336,.T.);
#20334=EDGE_CURVE('',#919,#51,#20337,.F.);
#20335=EDGE_CURVE('',#51,#55,#20338,.T.);
#20336=EDGE_CURVE('',#55,#919,#20339,.T.);
#20337=LINE('',#918,#20340);
#20338=LINE('',#50,#20341);
#20339=LINE('',#54,#20342);
#20340=VECTOR('',#20343,1.0);
#20341=VECTOR('',#20344,1.0);
#20342=VECTOR('',#20345,1.0);
#20343=DIRECTION('',(0.04233704112147526,0.03509708829443763,-0.9984867396927868));
#20344=DIRECTION('',(0,-6.141772762192419E-05,0.9999999981139313));
#20345=DIRECTION('',(-0.7704102999511119,-0.6375484057930328,0));
#20346=FACE_SURFACE('',(#20351),#20347,.T.);
#20347=PLANE('',#20348);
#20348=AXIS2_PLACEMENT_3D('',#342,#20349,#20350);
#20349=DIRECTION('',(5.0775080871113735E-05,7.77767471774284E-06,-0.9999999986806996));
#20350=DIRECTION('',(-0.15141291113373911,0.9884706016579383,6.400334743016018E-19));
#20351=FACE_BOUND('',#20352,.T.);
#20352=EDGE_LOOP('',(#20353,#20354,#20355));
#20353=ORIENTED_EDGE('',*,*,#20356,.T.);
#20354=ORIENTED_EDGE('',*,*,#20357,.T.);
#20355=ORIENTED_EDGE('',*,*,#20358,.T.);
#20356=EDGE_CURVE('',#343,#297,#20359,.F.);
#20357=EDGE_CURVE('',#297,#603,#20360,.T.);
#20358=EDGE_CURVE('',#603,#343,#20361,.T.);
#20359=LINE('',#342,#20362);
#20360=LINE('',#296,#20363);
#20361=LINE('',#602,#20364);
#20362=VECTOR('',#20365,1.0);
#20363=VECTOR('',#20366,1.0);
#20364=VECTOR('',#20367,1.0);
#20365=DIRECTION('',(-0.15141291113373911,0.9884706016579383,6.400334743016018E-19));
#20366=DIRECTION('',(0.9972179209817703,0.07454136737386102,5.121357915998906E-05));
#20367=DIRECTION('',(-0.9966302261116675,-0.08202554342928405,-5.1241948392358874E-05));
#20368=FACE_SURFACE('',(#20373),#20369,.T.);
#20369=PLANE('',#20370);
#20370=AXIS2_PLACEMENT_3D('',#168,#20371,#20372);
#20371=DIRECTION('',(0.6384291283489031,-0.769680614170539,1.5675507117441472E-05));
#20372=DIRECTION('',(0.7685727452643668,0.637511273311239,0.05362193243326375));
#20373=FACE_BOUND('',#20374,.T.);
#20374=EDGE_LOOP('',(#20375,#20376,#20377));
#20375=ORIENTED_EDGE('',*,*,#20378,.T.);
#20376=ORIENTED_EDGE('',*,*,#20379,.T.);
#20377=ORIENTED_EDGE('',*,*,#20380,.T.);
#20378=EDGE_CURVE('',#169,#51,#20381,.F.);
#20379=EDGE_CURVE('',#51,#919,#20382,.T.);
#20380=EDGE_CURVE('',#919,#169,#20383,.T.);
#20381=LINE('',#168,#20384);
#20382=LINE('',#50,#20385);
#20383=LINE('',#918,#20386);
#20384=VECTOR('',#20387,1.0);
#20385=VECTOR('',#20388,1.0);
#20386=VECTOR('',#20389,1.0);
#20387=DIRECTION('',(0.7685727452643668,0.637511273311239,0.05362193243326375));
#20388=DIRECTION('',(-0.04233704112147526,-0.03509708829443763,0.9984867396927868));
#20389=DIRECTION('',(0.026501948308024034,0.021962290887424595,-0.9994074767155061));
#20390=FACE_SURFACE('',(#20395),#20391,.T.);
#20391=PLANE('',#20392);
#20392=AXIS2_PLACEMENT_3D('',#602,#20393,#20394);
#20393=DIRECTION('',(5.1508936037327884E-05,-1.1388433578036567E-06,-0.9999999986727663));
#20394=DIRECTION('',(-0.9959881262485063,-0.08948547228746488,-5.1200378821092724E-05));
#20395=FACE_BOUND('',#20396,.T.);
#20396=EDGE_LOOP('',(#20397,#20398,#20399));
#20397=ORIENTED_EDGE('',*,*,#20400,.T.);
#20398=ORIENTED_EDGE('',*,*,#20401,.T.);
#20399=ORIENTED_EDGE('',*,*,#20402,.T.);
#20400=EDGE_CURVE('',#603,#319,#20403,.F.);
#20401=EDGE_CURVE('',#319,#343,#20404,.T.);
#20402=EDGE_CURVE('',#343,#603,#20405,.T.);
#20403=LINE('',#602,#20406);
#20404=LINE('',#318,#20407);
#20405=LINE('',#342,#20408);
#20406=VECTOR('',#20409,1.0);
#20407=VECTOR('',#20410,1.0);
#20408=VECTOR('',#20411,1.0);
#20409=DIRECTION('',(-0.9959881262485063,-0.08948547228746488,-5.1200378821092724E-05));
#20410=DIRECTION('',(0.02210422489410095,0.9997556717727742,4.645958857548408E-21));
#20411=DIRECTION('',(0.9966302261116675,0.08202554342928405,5.1241948392358874E-05));
#20412=FACE_SURFACE('',(#20417),#20413,.T.);
#20413=PLANE('',#20414);
#20414=AXIS2_PLACEMENT_3D('',#914,#20415,#20416);
#20415=DIRECTION('',(0.7459354076790714,-0.6660182937207186,0));
#20416=DIRECTION('',(-0.6660182937207187,-0.7459354076790714,0));
#20417=FACE_BOUND('',#20418,.T.);
#20418=EDGE_LOOP('',(#20419,#20420,#20421));
#20419=ORIENTED_EDGE('',*,*,#20422,.T.);
#20420=ORIENTED_EDGE('',*,*,#20423,.T.);
#20421=ORIENTED_EDGE('',*,*,#20424,.T.);
#20422=EDGE_CURVE('',#915,#55,#20425,.F.);
#20423=EDGE_CURVE('',#55,#53,#20426,.T.);
#20424=EDGE_CURVE('',#53,#915,#20427,.T.);
#20425=LINE('',#914,#20428);
#20426=LINE('',#54,#20429);
#20427=LINE('',#52,#20430);
#20428=VECTOR('',#20431,1.0);
#20429=VECTOR('',#20432,1.0);
#20430=VECTOR('',#20433,1.0);
#20431=DIRECTION('',(-0.6660182937207187,-0.7459354076790714,0));
#20432=DIRECTION('',(0.033821404661419634,0.037879715185381975,-0.9987097875580286));
#20433=DIRECTION('',(0,0,1));
#20434=FACE_SURFACE('',(#20439),#20435,.T.);
#20435=PLANE('',#20436);
#20436=AXIS2_PLACEMENT_3D('',#436,#20437,#20438);
#20437=DIRECTION('',(0,0.012141851751439333,0.9999262850010724));
#20438=DIRECTION('',(-1,0,0));
#20439=FACE_BOUND('',#20440,.T.);
#20440=EDGE_LOOP('',(#20441,#20442,#20443));
#20441=ORIENTED_EDGE('',*,*,#20444,.T.);
#20442=ORIENTED_EDGE('',*,*,#20445,.T.);
#20443=ORIENTED_EDGE('',*,*,#20446,.T.);
#20444=EDGE_CURVE('',#437,#879,#20447,.F.);
#20445=EDGE_CURVE('',#879,#281,#20448,.T.);
#20446=EDGE_CURVE('',#281,#437,#20449,.T.);
#20447=LINE('',#436,#20450);
#20448=LINE('',#878,#20451);
#20449=LINE('',#280,#20452);
#20450=VECTOR('',#20453,1.0);
#20451=VECTOR('',#20454,1.0);
#20452=VECTOR('',#20455,1.0);
#20453=DIRECTION('',(-1,0,0));
#20454=DIRECTION('',(0.9999526319898289,-0.009732410314415291,0.0001181781947273071));
#20455=DIRECTION('',(0.9681387360973089,0.2503959725287558,-0.003040494907680487));
#20456=FACE_SURFACE('',(#20461),#20457,.T.);
#20457=PLANE('',#20458);
#20458=AXIS2_PLACEMENT_3D('',#318,#20459,#20460);
#20459=DIRECTION('',(4.360366801911211E-05,8.684809693404364E-05,-0.999999995278064));
#20460=DIRECTION('',(0.9959881262485063,0.08948547228746488,5.1200378821092724E-05));
#20461=FACE_BOUND('',#20462,.T.);
#20462=EDGE_LOOP('',(#20463,#20464,#20465));
#20463=ORIENTED_EDGE('',*,*,#20466,.T.);
#20464=ORIENTED_EDGE('',*,*,#20467,.T.);
#20465=ORIENTED_EDGE('',*,*,#20468,.T.);
#20466=EDGE_CURVE('',#319,#603,#20469,.F.);
#20467=EDGE_CURVE('',#603,#511,#20470,.T.);
#20468=EDGE_CURVE('',#511,#319,#20471,.T.);
#20469=LINE('',#318,#20472);
#20470=LINE('',#602,#20473);
#20471=LINE('',#510,#20474);
#20472=VECTOR('',#20475,1.0);
#20473=VECTOR('',#20476,1.0);
#20474=VECTOR('',#20477,1.0);
#20475=DIRECTION('',(0.9959881262485063,0.08948547228746488,5.1200378821092724E-05));
#20476=DIRECTION('',(-0.6293835288204326,-0.7770948234529259,-9.49326374498325E-05));
#20477=DIRECTION('',(-0.8936866383521049,0.4486916451539008,-4.760984359625236E-23));
#20478=FACE_SURFACE('',(#20483),#20479,.T.);
#20479=PLANE('',#20480);
#20480=AXIS2_PLACEMENT_3D('',#908,#20481,#20482);
#20481=DIRECTION('',(0,0,1));
#20482=DIRECTION('',(-1,0,0));
#20483=FACE_BOUND('',#20484,.T.);
#20484=EDGE_LOOP('',(#20485,#20486,#20487));
#20485=ORIENTED_EDGE('',*,*,#20488,.T.);
#20486=ORIENTED_EDGE('',*,*,#20489,.T.);
#20487=ORIENTED_EDGE('',*,*,#20490,.T.);
#20488=EDGE_CURVE('',#909,#245,#20491,.F.);
#20489=EDGE_CURVE('',#245,#237,#20492,.T.);
#20490=EDGE_CURVE('',#237,#909,#20493,.T.);
#20491=LINE('',#908,#20494);
#20492=LINE('',#244,#20495);
#20493=LINE('',#236,#20496);
#20494=VECTOR('',#20497,1.0);
#20495=VECTOR('',#20498,1.0);
#20496=VECTOR('',#20499,1.0);
#20497=DIRECTION('',(-1,0,0));
#20498=DIRECTION('',(0.99973961346143,-0.02281896746109519,0));
#20499=DIRECTION('',(0.9299205029757023,0.36776059895727914,0));
#20500=FACE_SURFACE('',(#20505),#20501,.T.);
#20501=PLANE('',#20502);
#20502=AXIS2_PLACEMENT_3D('',#540,#20503,#20504);
#20503=DIRECTION('',(0,1,0));
#20504=DIRECTION('',(-1,0,0));
#20505=FACE_BOUND('',#20506,.T.);
#20506=EDGE_LOOP('',(#20507,#20508,#20509));
#20507=ORIENTED_EDGE('',*,*,#20510,.T.);
#20508=ORIENTED_EDGE('',*,*,#20511,.T.);
#20509=ORIENTED_EDGE('',*,*,#20512,.T.);
#20510=EDGE_CURVE('',#541,#457,#20513,.F.);
#20511=EDGE_CURVE('',#457,#245,#20514,.T.);
#20512=EDGE_CURVE('',#245,#541,#20515,.T.);
#20513=LINE('',#540,#20516);
#20514=LINE('',#456,#20517);
#20515=LINE('',#244,#20518);
#20516=VECTOR('',#20519,1.0);
#20517=VECTOR('',#20520,1.0);
#20518=VECTOR('',#20521,1.0);
#20519=DIRECTION('',(-1,0,0));
#20520=DIRECTION('',(0,0,1));
#20521=DIRECTION('',(0.9946948560079407,0,-0.10286954569425245));
#20522=FACE_SURFACE('',(#20527),#20523,.T.);
#20523=PLANE('',#20524);
#20524=AXIS2_PLACEMENT_3D('',#450,#20525,#20526);
#20525=DIRECTION('',(-0,1,0));
#20526=DIRECTION('',(1,0,0));
#20527=FACE_BOUND('',#20528,.T.);
#20528=EDGE_LOOP('',(#20529,#20530,#20531));
#20529=ORIENTED_EDGE('',*,*,#20532,.T.);
#20530=ORIENTED_EDGE('',*,*,#20533,.T.);
#20531=ORIENTED_EDGE('',*,*,#20534,.T.);
#20532=EDGE_CURVE('',#451,#593,#20535,.F.);
#20533=EDGE_CURVE('',#593,#545,#20536,.T.);
#20534=EDGE_CURVE('',#545,#451,#20537,.T.);
#20535=LINE('',#450,#20538);
#20536=LINE('',#592,#20539);
#20537=LINE('',#544,#20540);
#20538=VECTOR('',#20541,1.0);
#20539=VECTOR('',#20542,1.0);
#20540=VECTOR('',#20543,1.0);
#20541=DIRECTION('',(1,0,0));
#20542=DIRECTION('',(0,0,-1));
#20543=DIRECTION('',(-0.999999999885189,0,1.5153286219253507E-05));
#20544=FACE_SURFACE('',(#20549),#20545,.T.);
#20545=PLANE('',#20546);
#20546=AXIS2_PLACEMENT_3D('',#540,#20547,#20548);
#20547=DIRECTION('',(0,0,1));
#20548=DIRECTION('',(-0.9999998690976571,0.0005116685142768923,0));
#20549=FACE_BOUND('',#20550,.T.);
#20550=EDGE_LOOP('',(#20551,#20552,#20553));
#20551=ORIENTED_EDGE('',*,*,#20554,.T.);
#20552=ORIENTED_EDGE('',*,*,#20555,.T.);
#20553=ORIENTED_EDGE('',*,*,#20556,.T.);
#20554=EDGE_CURVE('',#541,#593,#20557,.F.);
#20555=EDGE_CURVE('',#593,#451,#20558,.T.);
#20556=EDGE_CURVE('',#451,#541,#20559,.T.);
#20557=LINE('',#540,#20560);
#20558=LINE('',#592,#20561);
#20559=LINE('',#450,#20562);
#20560=VECTOR('',#20563,1.0);
#20561=VECTOR('',#20564,1.0);
#20562=VECTOR('',#20565,1.0);
#20563=DIRECTION('',(-0.9999998690976571,0.0005116685142768923,0));
#20564=DIRECTION('',(-1,0,0));
#20565=DIRECTION('',(0.9999999995906805,-2.8611866820774028E-05,0));
#20566=FACE_SURFACE('',(#20571),#20567,.T.);
#20567=PLANE('',#20568);
#20568=AXIS2_PLACEMENT_3D('',#258,#20569,#20570);
#20569=DIRECTION('',(0,-0,1));
#20570=DIRECTION('',(0.8177431323002222,0.5755833298279419,0));
#20571=FACE_BOUND('',#20572,.T.);
#20572=EDGE_LOOP('',(#20573,#20574,#20575));
#20573=ORIENTED_EDGE('',*,*,#20576,.T.);
#20574=ORIENTED_EDGE('',*,*,#20577,.T.);
#20575=ORIENTED_EDGE('',*,*,#20578,.T.);
#20576=EDGE_CURVE('',#259,#281,#20579,.F.);
#20577=EDGE_CURVE('',#281,#291,#20580,.T.);
#20578=EDGE_CURVE('',#291,#259,#20581,.T.);
#20579=LINE('',#258,#20582);
#20580=LINE('',#280,#20583);
#20581=LINE('',#290,#20584);
#20582=VECTOR('',#20585,1.0);
#20583=VECTOR('',#20586,1.0);
#20584=VECTOR('',#20587,1.0);
#20585=DIRECTION('',(0.8177431323002222,0.5755833298279419,0));
#20586=DIRECTION('',(-0.821367843655444,-0.5703988651889186,0));
#20587=DIRECTION('',(0.9597714246115755,-0.28078250034335595,0));
#20588=FACE_SURFACE('',(#20593),#20589,.T.);
#20589=PLANE('',#20590);
#20590=AXIS2_PLACEMENT_3D('',#282,#20591,#20592);
#20591=DIRECTION('',(0,-0,1));
#20592=DIRECTION('',(0.8177395357296887,0.5755884395161122,0));
#20593=FACE_BOUND('',#20594,.T.);
#20594=EDGE_LOOP('',(#20595,#20596,#20597));
#20595=ORIENTED_EDGE('',*,*,#20598,.T.);
#20596=ORIENTED_EDGE('',*,*,#20599,.T.);
#20597=ORIENTED_EDGE('',*,*,#20600,.T.);
#20598=EDGE_CURVE('',#283,#281,#20601,.F.);
#20599=EDGE_CURVE('',#281,#263,#20602,.T.);
#20600=EDGE_CURVE('',#263,#283,#20603,.T.);
#20601=LINE('',#282,#20604);
#20602=LINE('',#280,#20605);
#20603=LINE('',#262,#20606);
#20604=VECTOR('',#20607,1.0);
#20605=VECTOR('',#20608,1.0);
#20606=VECTOR('',#20609,1.0);
#20607=DIRECTION('',(0.8177395357296887,0.5755884395161122,0));
#20608=DIRECTION('',(-0.8177417544585045,-0.5755852873511681,0));
#20609=DIRECTION('',(0.807331712548645,-0.5900978782484072,0));
#20610=FACE_SURFACE('',(#20615),#20611,.T.);
#20611=PLANE('',#20612);
#20612=AXIS2_PLACEMENT_3D('',#94,#20613,#20614);
#20613=DIRECTION('',(-0,0,1));
#20614=DIRECTION('',(0.8317940311450744,-0.5550843987642121,0));
#20615=FACE_BOUND('',#20616,.T.);
#20616=EDGE_LOOP('',(#20617,#20618,#20619));
#20617=ORIENTED_EDGE('',*,*,#20620,.T.);
#20618=ORIENTED_EDGE('',*,*,#20621,.T.);
#20619=ORIENTED_EDGE('',*,*,#20622,.T.);
#20620=EDGE_CURVE('',#95,#289,#20623,.F.);
#20621=EDGE_CURVE('',#289,#281,#20624,.T.);
#20622=EDGE_CURVE('',#281,#95,#20625,.T.);
#20623=LINE('',#94,#20626);
#20624=LINE('',#288,#20627);
#20625=LINE('',#280,#20628);
#20626=VECTOR('',#20629,1.0);
#20627=VECTOR('',#20630,1.0);
#20628=VECTOR('',#20631,1.0);
#20629=DIRECTION('',(0.8317940311450744,-0.5550843987642121,0));
#20630=DIRECTION('',(0.8243642483154268,0.5660597018860655,0));
#20631=DIRECTION('',(-1,0,0));
#20632=FACE_SURFACE('',(#20637),#20633,.T.);
#20633=PLANE('',#20634);
#20634=AXIS2_PLACEMENT_3D('',#350,#20635,#20636);
#20635=DIRECTION('',(0,-0,1));
#20636=DIRECTION('',(0.8056831701548507,0.5923467137827558,0));
#20637=FACE_BOUND('',#20638,.T.);
#20638=EDGE_LOOP('',(#20639,#20640,#20641));
#20639=ORIENTED_EDGE('',*,*,#20642,.T.);
#20640=ORIENTED_EDGE('',*,*,#20643,.T.);
#20641=ORIENTED_EDGE('',*,*,#20644,.T.);
#20642=EDGE_CURVE('',#351,#281,#20645,.F.);
#20643=EDGE_CURVE('',#281,#279,#20646,.T.);
#20644=EDGE_CURVE('',#279,#351,#20647,.T.);
#20645=LINE('',#350,#20648);
#20646=LINE('',#280,#20649);
#20647=LINE('',#278,#20650);
#20648=VECTOR('',#20651,1.0);
#20649=VECTOR('',#20652,1.0);
#20650=VECTOR('',#20653,1.0);
#20651=DIRECTION('',(0.8056831701548507,0.5923467137827558,0));
#20652=DIRECTION('',(-0.8104584179977007,-0.5857961699231775,0));
#20653=DIRECTION('',(0.6907580996229558,-0.7230859200712477,0));
#20654=FACE_SURFACE('',(#20659),#20655,.T.);
#20655=PLANE('',#20656);
#20656=AXIS2_PLACEMENT_3D('',#350,#20657,#20658);
#20657=DIRECTION('',(-0,0,1));
#20658=DIRECTION('',(0.518491110047325,-0.8550830186606987,0));
#20659=FACE_BOUND('',#20660,.T.);
#20660=EDGE_LOOP('',(#20661,#20662,#20663));
#20661=ORIENTED_EDGE('',*,*,#20664,.T.);
#20662=ORIENTED_EDGE('',*,*,#20665,.T.);
#20663=ORIENTED_EDGE('',*,*,#20666,.T.);
#20664=EDGE_CURVE('',#351,#349,#20667,.F.);
#20665=EDGE_CURVE('',#349,#281,#20668,.T.);
#20666=EDGE_CURVE('',#281,#351,#20669,.T.);
#20667=LINE('',#350,#20670);
#20668=LINE('',#348,#20671);
#20669=LINE('',#280,#20672);
#20670=VECTOR('',#20673,1.0);
#20671=VECTOR('',#20674,1.0);
#20672=VECTOR('',#20675,1.0);
#20673=DIRECTION('',(0.518491110047325,-0.8550830186606987,0));
#20674=DIRECTION('',(0.8008283084066583,0.5988939976778278,0));
#20675=DIRECTION('',(-0.8056831701548507,-0.5923467137827558,0));
ENDSEC;
END-ISO-10303-21;
