# Object Export From Tinkercad Server 2015

mtllib obj.mtl

o obj_0
v -84 		24.35 		23.709
v -84 		24.35 		20.291
v 0 		17.097 		24.512
v -0.388 		17.097 		24.512
v 65.085 		-16 		24
v 60.083 		-10.998 		24
v 74.929 		-25.387 		23.986
v 75.231 		26.028 		20.032
v -83.398 		24.35 		20.201
v -83.848 		24.35 		20.246
v 74.421 		26.142 		20.032
v 55.08 		-16 		24
v -84 		-24.35 		23.709
v 0 		17.097 		24.25
v -0.5 		17.097 		24.25
v 60.083 		-21.003 		24
v 59.43 		-20.96 		24
v 75.383 		-25.256 		23.986
v 58.788 		-20.832 		24
v 0 		16.896 		24.25
v -84 		-24.35 		20.291
v -0.5 		16.896 		24.25
v 58.168 		-20.622 		24
v -0.5 		17.001 		24.25
v 57.581 		-20.332 		24
v -0.5 		17.408 		24.25
v 72.694 		-28.5 		23.709
v 61.377 		-20.832 		24
v -82.659 		24.35 		20.159
v 72.694 		-28.5 		20.291
v 75.771 		-25.103 		23.986
v 60.736 		-20.96 		24
v 65.042 		-16.653 		24
v 64.915 		-17.295 		24
v 64.704 		-17.914 		24
v 64.415 		-18.501 		24
v 64.051 		-19.045 		24
v -0.5 		17.097 		24
v 63.62 		-19.537 		24
v 0 		17.097 		24
v 63.128 		-19.969 		24
v -0.5 		17.408 		24
v 62.584 		-20.332 		24
v 61.997 		-20.622 		24
v -0.5 		17.001 		24
v -62.001 		-21.832 		20
v -62.545 		-21.469 		20
v -63.037 		-21.037 		20
v 57.344 		-24.35 		24
v -0.5 		16.384 		24.75
v -63.469 		-20.545 		20
v -0.5 		16.711 		24.75
v 57.037 		-19.969 		24
v -63.832 		-20.001 		20
v 56.545 		-19.537 		24
v 56.114 		-19.045 		24
v -64.122 		-19.414 		20
v 55.75 		-18.501 		24
v -64.332 		-18.795 		20
v 55.461 		-17.914 		24
v 55.251 		-17.295 		24
v 55.123 		-16.653 		24
v -0.3795 		16.384 		24.75
v -0.512 		16.7144 		24.75
v 48 		-6.307 		24
v 47.347 		-6.265 		24
v 46.705 		-6.137 		24
v 46.086 		-5.927 		24
v 45.499 		-5.637 		24
v 44.955 		-5.274 		24
v 44.463 		-4.842 		24
v -0.383 		16.677 		25
v 44.031 		-4.35 		24
v 73.826 		-24.875 		23.996
v 48.653 		-6.265 		24
v 74.055 		-24.809 		23.996
v 43.668 		-3.806 		24
v 43.378 		-3.219 		24
v 74.252 		-24.731 		23.996
v 43.168 		-2.6 		24
v 43.04 		-1.958 		24
v 42.998 		-1.305 		24
v -73.448 		14.448 		23.9964
v -73.619 		14.4593 		23.996
v 74.409 		-24.644 		23.996
v 43.04 		-0.652 		24
v 43.168 		-0.01 		24
v -71.694 		15.02 		24
v -71.947 		14.85 		23.9995
v -0.383 		16.677 		24.25
v 73.869 		-25.569 		23.986
v -0.5 		16.711 		24.25
v 32.768 		-12.503 		24
v 74.421 		-25.492 		23.986
v 19.195 		0.305 		24
v 19.933 		0.952 		24
v 20.749 		1.497 		24
v 21.629 		1.931 		24
v 22.558 		2.247 		24
v 0 		16.384 		24.25
v 16.384 		-24.35 		24
v 23.521 		2.438 		24
v 24.5 		2.503 		24
v 24.576 		-24.35 		20
v 25.479 		2.438 		24
v 26.442 		2.247 		24
v 27.371 		1.931 		24
v 28.251 		1.497 		24
v 29.067 		0.952 		24
v 29.805 		0.305 		24
v -64.46 		-18.153 		20
v 75.771 		25.103 		20.014
v 75.383 		25.256 		20.014
v -0.702 		16.769 		25
v -0.702 		16.769 		24.75
v -0.926 		16.8 		24.75
v -0.903 		16.799 		25
v 74.929 		25.387 		20.014
v -1.988 		16.4 		24.75
v -1.972 		16.416 		25
v -1.75 		16.586 		24.75
v -1.75 		16.586 		25
v -1.263 		16.773 		25
v -1.552 		16.685 		25
v -1.552 		16.685 		24.75
v -1.117 		16.795 		25
v -1.117 		16.793 		24.75
v 7.501 		19.001 		24
v 74.421 		-26.142 		23.968
v -1.263 		16.773 		24.75
v 75.231 		-26.028 		23.968
v -4.247 		22.007 		24.25
v -4.247 		22.007 		25
v -4.943 		21.605 		24.25
v -4.943 		21.605 		25
v -72.299 		14.677 		23.9987
v -6.215 		20.639 		24.25
v -5.602 		21.147 		24.25
v -72.671 		14.55 		23.998
v -5.602 		21.147 		25
v 74.421 		25.492 		20.014
v -6.215 		20.639 		25
v -73.056 		14.474 		23.9972
v 8.501 		14.001 		24
v -73.619 		2.67 		23.996
v -73.084 		3.027 		23.9971
v -7.784 		18.819 		24.25
v -7.308 		19.473 		24.25
v -6.785 		20.079 		24.25
v -6.785 		20.079 		25
v -72.497 		3.317 		23.9983
v -7.308 		19.473 		25
v -71.877 		3.527 		23.9996
v -7.784 		18.819 		25
v 73.869 		25.569 		20.014
v -71.694 		3.5635 		24
v 7.501 		15.001 		24
v -73.84 		14.474 		23.9948
v -7.08 		16.779 		25
v -7.08 		16.779 		24.75
v -6.42 		16.521 		24.75
v -74.225 		14.55 		23.9928
v -6.323 		16.425 		24.75
v -6.323 		16.425 		25
v -6.42 		16.521 		25
v 74.409 		24.644 		20.004
v -6.555 		16.619 		24.75
v -74.597 		14.677 		23.9908
v -6.555 		16.619 		25
v -6.705 		16.681 		24.75
v -74.95 		14.85 		23.9889
v -6.645 		16.662 		25
v -75.276 		15.069 		23.9872
v 74.252 		24.731 		20.004
v -75.497 		15.263 		23.986
v 74.929 		-26.67 		23.944
v -64.503 		-17.5 		20
v -64.46 		-16.847 		20
v -7.425 		16.837 		25
v -7.605 		16.843 		25
v -7.605 		16.843 		24.75
v -7.425 		16.837 		24.75
v -75.204 		0.609 		23.9876
v 75.383 		-27.141 		23.915
v -60.153 		-22.46 		20
v -7.745 		16.807 		25
v -7.745 		16.807 		24.75
v -59.5 		-22.503 		20
v -74.915 		1.196 		23.9891
v -60.795 		-22.332 		20
v -7.851 		16.711 		25
v -7.851 		16.711 		24.75
v -74.551 		1.74 		23.991
v 0 		15.001 		24
v -7.928 		16.539 		25
v -61.414 		-22.122 		20
v -7.928 		16.539 		24.75
v -57.586 		-22.122 		20
v -58.205 		-22.332 		20
v -58.847 		-22.46 		20
v -8.501 		17.001 		24.25
v -8.501 		17.001 		24
v -62.001 		-21.832 		24
v 75.771 		-27.543 		23.88
v -62.545 		-21.469 		24
v -8.208 		18.119 		24.25
v -63.037 		-21.037 		24
v -8.208 		18.119 		25
v -63.469 		-20.545 		24
v 9.103 		16.047 		24.25
v -63.832 		-20.001 		24
v 9.283 		15.438 		24.25
v -64.122 		-19.414 		24
v 9.359 		15.115 		24.25
v 9.426 		14.673 		24.25
v -64.332 		-18.795 		24
v 74.055 		24.809 		20.004
v -64.46 		-18.153 		24
v 9.336 		15.221 		25
v -64.503 		-17.5 		24
v 9.103 		16.047 		25
v -64.46 		-16.847 		24
v 9.438 		14.551 		25
v 9.396 		14.899 		25
v -60.153 		-22.46 		24
v -59.5 		-22.503 		24
v 73.826 		24.875 		20.004
v -60.795 		-22.332 		24
v -61.414 		-22.122 		24
v 8.501 		14.001 		24.25
v -57.586 		-22.122 		24
v -58.205 		-22.332 		24
v 0.5 		14.001 		24
v 9.46 		14.292 		24.25
v 9.499 		13.485 		24.25
v 9.501 		12.575 		24.25
v -58.847 		-22.46 		24
v 9.501 		12.575 		25
v 9.499 		13.485 		25
v 8.501 		8.001 		24
v 8.501 		8.451 		24.25
v 8.584 		8.605 		24.25
v 9.443 		11.709 		24.25
v 9.325 		10.883 		24.25
v 9.142 		10.093 		24.25
v 8.896 		9.335 		24.25
v -74.12 		2.232 		23.9933
v 9.443 		11.709 		25
v 73.826 		-26.759 		23.944
v 9.142 		10.093 		25
v 8.896 		9.335 		25
v 9.325 		10.883 		25
v -75.497 		3.698 		23.986
v -73.628 		2.664 		23.996
v 8.501 		8.451 		24.75
v 8.584 		8.605 		25
v 74.055 		-27.248 		23.915
v 0.5 		8.001 		24
v 24.5 		-12.503 		24
v 23.521 		-12.438 		24
v 22.558 		-12.247 		24
v 7.739 		16.143 		24.25
v 21.629 		-11.931 		24
v 74.252 		-27.666 		23.88
v 20.749 		-11.497 		24
v 78.281 		24.35 		23.968
v 19.933 		-10.952 		24
v -75.571 		15.328 		23.9853
v 7.792 		16.3 		24.25
v 19.195 		-10.305 		24
v -75.83 		15.623 		23.9826
v 18.548 		-9.567 		24
v 18.003 		-8.751 		24
v -76.049 		15.949 		23.9804
v 79.927 		24.35 		23.944
v -76.222 		16.302 		23.9787
v 17.569 		-7.871 		24
v 7.722 		16.105 		25
v 17.253 		-6.942 		24
v 7.792 		16.3 		25
v 81.396 		24.35 		23.915
v 74.409 		-28.002 		23.841
v 7.501 		16.33 		24.75
v 7.466 		16.323 		25
v 7.424 		16.33 		24.75
v 7.424 		16.33 		25
v 7.394 		16.355 		24.75
v 7.394 		16.356 		25
v 7.545 		16.343 		25
v -77.281 		16.384 		23.968
v 74.525 		-28.248 		23.799
v 81.396 		24.35 		20.085
v 79.927 		24.35 		20.056
v 17.062 		-5.979 		24
v 16.998 		-5 		24
v 17.062 		-4.021 		24
v 74.596 		-28.398 		23.754
v 17.253 		-3.058 		24
v 17.569 		-2.129 		24
v 18.003 		-1.249 		24
v 18.548 		-0.433 		24
v 30.997 		-8.751 		24
v 30.452 		-9.567 		24
v 29.805 		-10.305 		24
v 29.067 		-10.952 		24
v 78.281 		24.35 		20.032
v 28.251 		-11.497 		24
v 27.371 		-11.931 		24
v 26.442 		-12.247 		24
v 25.479 		-12.438 		24
v 30.452 		-0.433 		24
v 30.997 		-1.249 		24
v 7.435 		15.897 		25
v 31.431 		-2.129 		24
v 31.747 		-3.058 		24
v 74.619 		-28.449 		23.709
v 7.662 		16.005 		25
v 31.938 		-4.021 		24
v -77.281 		16.384 		20.032
v 32.002 		-5 		24
v 7.519 		15.879 		25
v 7.577 		15.909 		25
v 31.938 		-5.979 		24
v -75.571 		15.328 		20.0147
v -75.497 		15.263 		20.014
v 31.747 		-6.942 		24
v -75.83 		15.623 		20.0174
v 31.431 		-7.871 		24
v -76.049 		15.949 		20.0196
v -76.222 		16.302 		20.0213
v 7.442 		15.901 		25
v 76.497 		24.35 		23.986
v 1.38 		-23.863 		24
v 0.988 		-23.837 		24
v 76.45 		24.55 		23.986
v 0.603 		-23.76 		24
v -75.497 		3.698 		20.014
v 0.231 		-23.634 		24
v 3.98 		-22.361 		24
v 3.762 		-22.688 		24
v 3.503 		-22.983 		24
v 74.929 		-25.387 		20.014
v -73.84 		14.474 		20.0052
v 3.208 		-23.242 		24
v 2.881 		-23.46 		24
v -74.225 		14.55 		20.0072
v -71.694 		-28.5 		23.709
v 2.529 		-23.634 		24
v 2.157 		-23.76 		24
v -74.597 		14.677 		20.0092
v 1.772 		-23.837 		24
v -71.694 		-28.5 		20.291
v 75.383 		-25.256 		20.014
v -74.95 		14.85 		20.0111
v 4.383 		-20.86 		24
v -75.276 		15.069 		20.0128
v 4.357 		-21.252 		24
v 4.28 		-21.637 		24
v 7.4257 		15.872 		24.75
v 70.372 		16.515 		20
v 7.435 		15.897 		24.75
v 4.154 		-22.009 		24
v 76.497 		24.35 		20.014
v 70.198 		16.867 		20
v 7.435 		15.897 		24.704
v 70.072 		17.239 		20
v 0.231 		-18.086 		24
v 76.45 		24.55 		20.014
v 0.603 		-17.96 		24
v 69.995 		17.624 		20
v -73.619 		14.4593 		20.004
v 0.988 		-17.883 		24
v 7.501 		15.884 		24.75
v 1.38 		-17.858 		24
v 69.97 		18.016 		20
v -75.204 		0.609 		20.0124
v 1.772 		-17.883 		24
v 7.442 		15.901 		24.75
v -74.915 		1.196 		20.0109
v 2.157 		-17.96 		24
v 69.995 		18.408 		20
v -74.551 		1.74 		20.009
v 2.529 		-18.086 		24
v 7.501 		15.884 		24.704
v 70.072 		18.793 		20
v 2.881 		-18.26 		24
v -74.12 		2.232 		20.0067
v 3.208 		-18.478 		24
v 70.198 		19.165 		20
v 3.503 		-18.737 		24
v 3.762 		-19.032 		24
v 70.372 		19.518 		20
v 3.98 		-19.359 		24
v -73.628 		2.664 		20.004
v 70.59 		19.844 		20
v -73.619 		2.67 		20.004
v 4.154 		-19.711 		24
v 70.849 		20.139 		20
v 4.28 		-20.083 		24
v 7.442 		15.901 		24.704
v 71.144 		20.398 		20
v 4.357 		-20.468 		24
v -73.619 		3.698 		20.004
v 71.471 		20.617 		20
v 71.823 		20.79 		20
v 0 		-24.35 		24
v 72.195 		20.916 		20
v -73.448 		14.448 		20.0036
v -71.947 		14.85 		20.0005
v 72.58 		20.993 		20
v -71.694 		15.02 		20
v -72.299 		14.677 		20.0013
v 7.501 		15.884 		24.576
v 72.694 		21.0006 		20
v -72.671 		14.55 		20.002
v -73.056 		14.474 		20.0028
v 75.771 		-25.103 		20.014
v 72.694 		24.35 		20
v -0.5 		19.001 		24
v -71.694 		14.448 		20
v 65.536 		24.35 		20
v -73.084 		3.027 		20.0029
v -72.497 		3.317 		20.0017
v 66.498 		16.384 		20
v -71.877 		3.527 		20.0004
v 72.58 		15.039 		20
v 72.694 		15.0317 		20
v -71.694 		3.5635 		20
v 72.195 		15.116 		20
v 71.823 		15.242 		20
v 71.471 		15.416 		20
v 71.144 		15.634 		20
v 70.849 		15.893 		20
v 70.59 		16.188 		20
v 70.205 		3.527 		20
v 70.847 		3.655 		20
v 71.5 		3.698 		20
v 72.153 		3.655 		20
v 72.694 		3.5471 		20
v 7.501 		15.884 		24.32
v 73.869 		-25.569 		20.014
v 74.421 		-25.492 		20.014
v -70.674 		16.302 		20
v 74.619 		24.35 		23.996
v -70.848 		15.949 		20
v 74.596 		24.451 		23.996
v -71.066 		15.623 		20
v 74.525 		24.55 		23.996
v -71.325 		15.328 		20
v -71.621 		15.069 		20
v 73.826 		-24.875 		20.004
v 74.055 		-24.809 		20.004
v 74.619 		24.35 		20.004
v 74.596 		24.451 		20.004
v 7.501 		16.331 		24.25
v 7.517 		16.331 		24.25
v -0.5 		12.288 		24
v 74.525 		24.55 		20.004
v -0.5 		9.001 		24
v 7.501 		15.872 		24.25
v 7.501 		15.884 		24.25
v -70.674 		16.302 		24
v -8.501 		9.001 		24
v 7.442 		15.901 		24.25
v -70.848 		15.949 		24
v 7.662 		16.005 		24.25
v -71.066 		15.623 		24
v -32.768 		24.35 		24
v -71.325 		15.328 		24
v 7.435 		15.897 		24.25
v -27.751 		0.497 		24
v -26.871 		0.931 		24
v 7.519 		15.879 		24.25
v -71.621 		15.069 		24
v -25.942 		1.247 		24
v 66.878 		0.609 		20
v 7.597 		15.925 		24.25
v -24.979 		1.438 		24
v -24 		1.503 		24
v 67.168 		1.196 		20
v -23.021 		1.438 		24
v -22.058 		1.247 		24
v -21.129 		0.931 		24
v 67.531 		1.74 		20
v -20.249 		0.497 		24
v 67.963 		2.232 		20
v 68.455 		2.664 		20
v 68.999 		3.027 		20
v 69.586 		3.317 		20
v -0.121 		-23.46 		24
v 66.498 		3.698 		20
v -0.448 		-23.242 		24
v -0.743 		-22.983 		24
v -1.002 		-22.688 		24
v -1.22 		-22.361 		24
v -1.394 		-22.009 		24
v 69.586 		-5.927 		20
v -1.52 		-21.637 		24
v -1.597 		-21.252 		24
v 68.999 		-5.637 		20
v -1.623 		-20.86 		24
v 68.455 		-5.274 		20
v -1.597 		-20.468 		24
v 67.963 		-4.842 		20
v -1.52 		-20.083 		24
v -1.394 		-19.711 		24
v 67.531 		-4.35 		20
v -1.22 		-19.359 		24
v -71.236 		3.655 		20
v -71.236 		3.655 		24
v 67.168 		-3.806 		20
v -1.002 		-19.032 		24
v 66.878 		-3.219 		20
v -0.743 		-18.737 		24
v -70.583 		3.698 		20
v -70.583 		3.698 		24
v -0.448 		-18.478 		24
v 66.668 		-2.6 		20
v -0.121 		-18.26 		24
v -69.93 		3.655 		20
v -69.93 		3.655 		24
v 66.54 		-1.958 		20
v 66.498 		-1.305 		20
v 66.54 		-0.652 		20
v -69.288 		3.527 		20
v -69.288 		3.527 		24
v 66.668 		-0.01 		20
v -68.668 		3.317 		20
v -8.192 		-24.35 		24
v -68.668 		3.317 		24
v -68.081 		3.027 		20
v -68.081 		3.027 		24
v 7.425 		15.87 		24.75
v 70.847 		-6.265 		20
v 71.5 		-6.307 		20
v 70.205 		-6.137 		20
v -67.537 		2.664 		20
v -67.537 		2.664 		24
v -24.979 		-13.438 		24
v 7.425 		15.87 		24.576
v -25.942 		-13.247 		24
v -67.045 		2.232 		20
v -67.045 		2.232 		24
v -26.871 		-12.931 		24
v 7.425 		15.87 		25
v -27.751 		-12.497 		24
v 72.153 		-6.265 		20
v -66.614 		1.74 		20
v 72.694 		-6.1571 		20
v -66.614 		1.74 		24
v -28.567 		-11.952 		24
v -29.305 		-11.305 		24
v -66.25 		1.196 		20
v 7.3879 		15.616 		24.75
v -66.25 		1.196 		24
v 7.426 		15.669 		24.75
v 7.447 		15.746 		24.75
v -29.952 		-10.567 		24
v -30.497 		-9.751 		24
v -65.961 		0.609 		20
v 7.424 		15.663 		25
v -65.961 		0.609 		24
v -30.931 		-8.871 		24
v -31.247 		-7.942 		24
v -31.438 		-6.979 		24
v -31.503 		-6 		24
v -31.438 		-5.021 		24
v 72.694 		-24.35 		20
v -31.247 		-4.058 		24
v 7.446 		15.743 		25
v -30.931 		-3.129 		24
v 57.581 		18.832 		20
v -30.497 		-2.249 		24
v 58.168 		19.122 		20
v -29.952 		-1.433 		24
v -29.305 		-0.695 		24
v 58.788 		19.332 		20
v -28.567 		-0.048 		24
v 59.43 		19.46 		20
v -24 		-13.503 		24
v 60.083 		19.503 		20
v -17.069 		-8.871 		24
v 60.736 		19.46 		20
v -71.694 		-6.1735 		24
v -71.877 		-6.137 		23.9996
v -17.503 		-9.751 		24
v 61.377 		19.332 		20
v -18.048 		-10.567 		24
v 61.997 		19.122 		20
v -72.497 		-5.927 		23.9983
v -18.695 		-11.305 		24
v 62.584 		18.832 		20
v -19.433 		-11.952 		24
v 63.128 		18.469 		20
v -20.249 		-12.497 		24
v 74.252 		-24.731 		20.004
v -73.084 		-5.637 		23.9971
v -21.129 		-12.931 		24
v -22.058 		-13.247 		24
v 73.749 		20.916 		23.9978
v -73.619 		-5.28 		23.996
v -23.021 		-13.438 		24
v 74.121 		20.79 		23.997
v -19.433 		-0.048 		24
v -18.695 		-0.695 		24
v 74.473 		20.617 		23.9963
v -18.048 		-1.433 		24
v -74.12 		-4.842 		23.9933
v -17.503 		-2.249 		24
v 74.619 		20.5192 		23.996
v -17.069 		-3.129 		24
v 74.409 		-24.644 		20.004
v -74.551 		-4.35 		23.991
v -16.753 		-4.058 		24
v -16.562 		-5.021 		24
v -74.915 		-3.806 		23.9891
v -16.498 		-6 		24
v -16.562 		-6.979 		24
v -75.204 		-3.219 		23.9876
v -16.753 		-7.942 		24
v 7.297 		15.509 		24.75
v -75.415 		-2.6 		23.9864
v 7.168 		15.4077 		24.75
v 7.178 		15.414 		25
v -75.497 		-2.1855 		23.986
v 7.339 		15.547 		25
v -75.497 		-0.4245 		23.986
v -75.415 		-0.01 		23.9864
v -73.628 		-5.274 		23.996
v 7.168 		15.3714 		24.75
v 74.619 		20.5192 		20.004
v -48.736 		2.655 		24
v 7.357 		15.573 		24.75
v -48.083 		2.698 		24
v -47.43 		2.655 		24
v -75.542 		-1.958 		23.9855
v -46.788 		2.527 		24
v -46.168 		2.317 		24
v 73.749 		20.916 		20.0022
v -75.585 		-1.305 		23.9851
v -45.581 		2.027 		24
v -45.037 		1.664 		24
v 74.121 		20.79 		20.003
v -75.542 		-0.652 		23.9855
v -44.545 		1.232 		24
v -44.114 		0.74 		24
v 74.473 		20.617 		20.0037
v -43.75 		0.196 		24
v -71.694 		26.789 		23.944
v -56.963 		17.537 		24
v -56.531 		17.045 		24
v 0.988 		-23.837 		20
v -56.168 		16.501 		24
v 1.38 		-23.863 		20
v 0.603 		-23.76 		20
v 0.231 		-23.634 		20
v -64.832 		16.501 		24
v -64.469 		17.045 		24
v 3.98 		-22.361 		20
v -64.037 		17.537 		24
v -63.545 		17.969 		24
v 3.762 		-22.688 		20
v -63.001 		18.332 		24
v -71.694 		27.284 		23.915
v 3.503 		-22.983 		20
v -62.414 		18.622 		24
v 74.8 		20.398 		23.995
v -61.795 		18.832 		24
v 3.208 		-23.242 		20
v 75.095 		20.139 		23.9935
v -61.153 		18.96 		24
v -60.5 		19.003 		24
v 75.354 		19.844 		23.9921
v -75.542 		-1.958 		20.0145
v 2.881 		-23.46 		20
v 7.501 		15.36 		24.25
v -75.497 		-2.1855 		20.014
v -59.847 		18.96 		24
v 7.501 		15.4932 		24.25
v 63.62 		18.037 		20
v -59.205 		18.832 		24
v -75.585 		-1.305 		20.0149
v 2.529 		-23.634 		20
v -58.586 		18.622 		24
v 64.051 		17.545 		20
v 7.425 		15.87 		24.25
v -71.694 		27.707 		23.88
v 7.449 		15.751 		24.25
v -75.542 		-0.652 		20.0145
v -57.999 		18.332 		24
v 64.415 		17.001 		20
v 2.157 		-23.76 		20
v -57.455 		17.969 		24
v 64.704 		16.414 		20
v -75.497 		-0.4245 		20.014
v 1.772 		-23.837 		20
v 7.3 		15.513 		24.25
v 75.572 		19.518 		23.9909
v 4.383 		-20.86 		20
v 4.357 		-21.252 		20
v 75.746 		19.165 		23.99
v 7.168 		15.4254 		24.25
v -61.795 		9.168 		24
v 4.28 		-21.637 		20
v 55.461 		16.414 		20
v 75.872 		18.793 		23.9893
v -62.414 		9.378 		24
v -74.12 		-4.842 		20.0067
v 4.154 		-22.009 		20
v 55.75 		17.001 		20
v 75.949 		18.408 		23.9889
v -63.001 		9.668 		24
v 56.114 		17.545 		20
v -74.551 		-4.35 		20.009
v -63.545 		10.031 		24
v 7.431 		15.682 		24.25
v 75.975 		18.016 		23.9888
v 56.545 		18.037 		20
v -74.915 		-3.806 		20.0109
v -64.037 		10.463 		24
v 57.037 		18.469 		20
v 0.231 		-18.086 		20
v -64.469 		10.955 		24
v 75.949 		17.624 		23.9889
v -75.204 		-3.219 		20.0124
v -64.832 		11.499 		24
v 75.872 		17.239 		23.9893
v 0.603 		-17.96 		20
v -65.122 		12.086 		24
v -75.415 		-2.6 		20.0136
v 75.746 		16.867 		23.99
v 55.08 		24.35 		20
v -65.332 		12.705 		24
v 0.988 		-17.883 		20
v -65.46 		13.347 		24
v 75.572 		16.515 		23.9909
v -65.503 		14 		24
v 49.295 		3.527 		20
v -65.46 		14.653 		24
v 1.38 		-17.858 		20
v 49.914 		3.317 		20
v -75.415 		-0.01 		20.0136
v -65.332 		15.295 		24
v 1.772 		-17.883 		20
v -65.122 		15.914 		24
v 50.501 		3.027 		20
v 51.045 		2.664 		20
v 76.497 		16.384 		23.986
v 2.157 		-17.96 		20
v -73.628 		-5.274 		20.004
v -73.619 		-5.28 		20.004
v 51.537 		2.232 		20
v -60.5 		8.998 		24
v -61.153 		9.04 		24
v 51.969 		1.74 		20
v 2.529 		-18.086 		20
v 52.332 		1.196 		20
v 52.622 		0.609 		20
v -57.455 		10.031 		24
v 2.881 		-18.26 		20
v -57.999 		9.668 		24
v -58.586 		9.378 		24
v -59.205 		9.168 		24
v 3.208 		-18.478 		20
v -71.877 		-6.137 		20.0004
v -71.694 		-6.1735 		20
v -59.847 		9.04 		24
v 57.037 		10.531 		20
v 3.503 		-18.737 		20
v 56.545 		10.963 		20
v -72.497 		-5.927 		20.0017
v -55.878 		15.914 		24
v 3.762 		-19.032 		20
v 56.114 		11.455 		20
v -73.084 		-5.637 		20.0029
v -55.668 		15.295 		24
v 55.75 		11.999 		20
v -55.54 		14.653 		24
v 3.98 		-19.359 		20
v -55.498 		14 		24
v 55.461 		12.586 		20
v -55.54 		13.347 		24
v 55.251 		13.205 		20
v -55.668 		12.705 		24
v 55.123 		13.847 		20
v -55.878 		12.086 		24
v 4.154 		-19.711 		20
v 55.08 		14.5 		20
v -56.168 		11.499 		24
v 4.28 		-20.083 		20
v 55.123 		15.153 		20
v -56.531 		10.955 		24
v -71.694 		28.048 		23.841
v -56.963 		10.463 		24
v 55.251 		15.795 		20
v 4.357 		-20.468 		20
v -55.498 		8.998 		24
v 7.162 		15.403 		24.75
v 59.43 		9.54 		20
v 60.083 		9.498 		20
v 6.661 		15.38 		24.75
v 6.7061 		15.36 		24.75
v 58.788 		9.668 		20
v -52.415 		0.196 		24
v 58.168 		9.878 		20
v 6.656 		15.3808 		24.75
v -52.051 		0.74 		24
v 57.581 		10.168 		20
v -51.62 		1.232 		24
v -51.128 		1.664 		24
v 61.377 		9.668 		20
v -50.584 		2.027 		24
v 60.736 		9.54 		20
v 7.0901 		15.36 		24.75
v -49.997 		2.317 		24
v -49.377 		2.527 		24
v 64.915 		15.795 		20
v -71.694 		28.297 		23.799
v 65.042 		15.153 		20
v 65.085 		14.5 		20
v 65.042 		13.847 		20
v 64.915 		13.205 		20
v 64.704 		12.586 		20
v -71.694 		28.449 		23.754
v 74.421 		-26.142 		20.032
v 64.415 		11.999 		20
v -48.083 		-7.307 		24
v -48.736 		-7.265 		24
v 64.051 		11.455 		20
v -71.236 		-6.265 		20
v -71.236 		-6.265 		24
v -70.583 		-6.307 		24
v -70.583 		-6.307 		20
v 63.62 		10.963 		20
v -43.461 		-4.219 		24
v 63.128 		10.531 		20
v 62.584 		10.168 		20
v -43.75 		-4.806 		24
v 61.997 		9.878 		20
v -44.114 		-5.35 		24
v -44.545 		-5.842 		24
v 75.231 		-26.028 		20.032
v -45.037 		-6.274 		24
v -45.581 		-6.637 		24
v -46.168 		-6.927 		24
v -46.788 		-7.137 		24
v -47.43 		-7.265 		24
v -71.694 		28.5 		23.709
v -43.461 		-0.391 		24
v -43.251 		-1.01 		24
v -69.93 		-6.265 		20
v -69.93 		-6.265 		24
v -43.123 		-1.652 		24
v -43.08 		-2.305 		24
v -43.123 		-2.958 		24
v -43.251 		-3.6 		24
v 43.378 		0.609 		20
v -65.751 		-0.01 		20
v -65.751 		-0.01 		24
v 43.668 		1.196 		20
v 44.031 		1.74 		20
v -65.623 		-0.652 		20
v -72.826 		26.759 		23.944
v -65.623 		-0.652 		24
v 6.685 		15.372 		24.25
v 44.463 		2.232 		20
v -40.96 		-24.35 		24
v 44.955 		2.664 		20
v -65.58 		-1.305 		20
v -65.58 		-1.305 		24
v 45.499 		3.027 		20
v -64.332 		-16.205 		24
v -65.623 		-1.958 		20
v 46.086 		3.317 		20
v -65.623 		-1.958 		24
v 46.705 		3.527 		20
v -64.122 		-15.586 		24
v 47.347 		3.655 		20
v -65.751 		-2.6 		20
v -65.751 		-2.6 		24
v -63.832 		-14.999 		24
v 48 		3.698 		20
v -63.469 		-14.455 		24
v 48.653 		3.655 		20
v -65.961 		-3.219 		20
v -65.961 		-3.219 		24
v -63.037 		-13.963 		24
v -73.055 		27.248 		23.915
v -62.545 		-13.531 		24
v -66.25 		-3.806 		20
v -66.25 		-3.806 		24
v -62.001 		-13.168 		24
v 6.478 		15.411 		24.75
v -61.414 		-12.878 		24
v 6.543 		15.399 		24.75
v -66.614 		-4.35 		20
v -66.614 		-4.35 		24
v -60.795 		-12.668 		24
v 6.473 		15.412 		25
v 6.654 		15.383 		25
v -60.153 		-12.54 		24
v -67.045 		-4.842 		20
v -67.045 		-4.842 		24
v -59.5 		-12.498 		24
v 52.832 		-0.01 		20
v -58.847 		-12.54 		24
v -73.252 		27.666 		23.88
v -67.537 		-5.274 		20
v -67.537 		-5.274 		24
v -58.205 		-12.668 		24
v 52.96 		-0.652 		20
v -57.586 		-12.878 		24
v 53.003 		-1.305 		20
v -68.081 		-5.637 		20
v -68.081 		-5.637 		24
v 52.96 		-1.958 		20
v -56.999 		-13.168 		24
v 52.832 		-2.6 		20
v -68.668 		-5.927 		20
v -68.668 		-5.927 		24
v -56.455 		-13.531 		24
v 52.622 		-3.219 		20
v -55.963 		-13.963 		24
v 52.332 		-3.806 		20
v -69.288 		-6.137 		20
v -69.288 		-6.137 		24
v -55.531 		-14.455 		24
v 51.969 		-4.35 		20
v -55.168 		-14.999 		24
v 51.537 		-4.842 		20
v -54.878 		-15.586 		24
v 51.045 		-5.274 		20
v -54.668 		-16.205 		24
v 50.501 		-5.637 		20
v 6.144 		15.4294 		24.75
v 6.4635 		15.4118 		24.75
v 49.914 		-5.927 		20
v 49.295 		-6.137 		20
v 6.371 		15.419 		24.25
v -49.377 		-7.137 		24
v 75.771 		-27.543 		20.12
v 65.085 		-6.307 		20
v -49.997 		-6.927 		24
v -73.409 		28.002 		23.841
v -50.584 		-6.637 		24
v 55.08 		-16 		20
v -51.128 		-6.274 		24
v 55.123 		-15.347 		20
v -51.62 		-5.842 		24
v 55.251 		-14.705 		20
v -52.051 		-5.35 		24
v 55.461 		-14.086 		20
v -52.415 		-4.806 		24
v 55.75 		-13.499 		20
v 75.383 		-27.141 		20.085
v -52.704 		-4.219 		24
v 56.114 		-12.955 		20
v -52.915 		-3.6 		24
v 56.545 		-12.463 		20
v -53.042 		-2.958 		24
v 57.037 		-12.031 		20
v -53.085 		-2.305 		24
v 55.08 		-10.998 		20
v -53.042 		-1.652 		24
v 76.497 		16.384 		20.014
v -52.915 		-1.01 		24
v 57.581 		-11.668 		20
v -52.704 		-0.391 		24
v 58.168 		-11.378 		20
v -73.525 		28.248 		23.799
v 58.788 		-11.168 		20
v 59.43 		-11.04 		20
v 60.083 		-10.998 		20
v 60.736 		-11.04 		20
v 61.377 		-11.168 		20
v 61.997 		-11.378 		20
v -73.596 		28.398 		23.754
v 62.584 		-11.668 		20
v 63.128 		-12.031 		20
v -54.54 		-16.847 		24
v 63.62 		-12.463 		20
v -54.498 		-17.5 		24
v 64.051 		-12.955 		20
v -73.619 		-24.35 		23.996
v -73.596 		-24.451 		23.996
v -71.694 		-24.35 		24
v -54.54 		-18.153 		24
v 64.415 		-13.499 		20
v -54.668 		-18.795 		24
v -73.525 		-24.55 		23.996
v -54.878 		-19.414 		24
v 64.704 		-14.086 		20
v -55.168 		-20.001 		24
v 7.501 		15.001 		24.75
v 64.915 		-14.705 		20
v -55.531 		-20.545 		24
v 65.042 		-15.347 		20
v -55.963 		-21.037 		24
v -56.455 		-21.469 		24
v 65.085 		-16 		20
v -56.999 		-21.832 		24
v 7.501 		15.001 		24.25
v 7.168 		15.001 		24.25
v -73.619 		28.449 		23.709
v 59.43 		-20.96 		20
v 60.083 		-21.003 		20
v 58.788 		-20.832 		20
v 58.168 		-20.622 		20
v 57.581 		-20.332 		20
v 61.377 		-20.832 		20
v 60.736 		-20.96 		20
v 6.819 		15.31 		24.75
v 65.042 		-16.653 		20
v 64.915 		-17.295 		20
v 7.075 		15.351 		24.75
v 6.913 		15.296 		24.75
v 7.003 		15.316 		24.75
v 64.704 		-17.914 		20
v 64.415 		-18.501 		20
v 7.0499 		15.3388 		24.576
v 64.051 		-19.045 		20
v 63.62 		-19.537 		20
v 63.128 		-19.969 		20
v 62.584 		-20.332 		20
v 61.997 		-20.622 		20
v 6.913 		15.296 		25
v 6.913 		15.296 		24.576
v -71.694 		25.632 		23.986
v -73.596 		-24.451 		20.004
v -71.694 		24.35 		24
v -72.289 		25.616 		23.986
v 57.037 		-19.969 		20
v 6.816 		15.312 		25
v -70.548 		18.228 		24
v -73.619 		-24.35 		20.004
v 56.545 		-19.537 		20
v -70.472 		17.843 		24
v -73.525 		-24.55 		20.004
v 56.114 		-19.045 		20
v -70.446 		17.451 		24
v 7.003 		15.316 		24.576
v -70.472 		17.059 		24
v 55.75 		-18.501 		20
v -70.548 		16.674 		24
v 55.461 		-17.914 		20
v 7.003 		15.316 		25
v 55.251 		-17.295 		20
v 55.123 		-16.653 		20
v -71.694 		19.8818 		24
v -71.621 		19.833 		24
v -71.694 		26.234 		23.968
v -71.325 		19.574 		24
v -72.568 		26.211 		23.968
v -71.066 		19.278 		24
v -70.848 		18.952 		24
v 49.152 		-24.35 		20
v -70.674 		18.6 		24
v 47.347 		-6.265 		20
v 48 		-6.307 		20
v -71.694 		-24.35 		20
v 74.929 		-26.67 		20.056
v 46.705 		-6.137 		20
v 46.086 		-5.927 		20
v 74.8 		20.398 		20.005
v 45.499 		-5.637 		20
v -73.421 		26.142 		23.968
v 44.955 		-5.274 		20
v 75.095 		20.139 		20.0065
v 44.463 		-4.842 		20
v 75.354 		19.844 		20.0079
v 44.031 		-4.35 		20
v 75.572 		19.518 		20.0091
v 48.653 		-6.265 		20
v 75.746 		19.165 		20.01
v 43.668 		-3.806 		20
v 75.872 		18.793 		20.0107
v 43.378 		-3.219 		20
v 43.168 		-2.6 		20
v 75.949 		18.408 		20.0111
v 43.04 		-1.958 		20
v 75.975 		18.016 		20.0112
v 42.998 		-1.305 		20
v 43.04 		-0.652 		20
v 75.949 		17.624 		20.0111
v 74.619 		-28.449 		20.291
v 43.168 		-0.01 		20
v 75.872 		17.239 		20.0107
v 75.746 		16.867 		20.01
v 74.596 		-28.398 		20.246
v 75.572 		16.515 		20.0091
v 19.195 		0.305 		20
v 19.933 		0.952 		20
v 74.525 		-28.248 		20.201
v 20.749 		1.497 		20
v 21.629 		1.931 		20
v 22.558 		2.247 		20
v 16.998 		2.0049 		20
v 23.521 		2.438 		20
v 24.5 		2.503 		20
v 25.479 		2.438 		20
v 74.409 		-28.002 		20.159
v 26.442 		2.247 		20
v 27.371 		1.931 		20
v 28.251 		1.497 		20
v 29.067 		0.952 		20
v -71.694 		24.999 		23.996
v 29.805 		0.305 		20
v -71.995 		24.991 		23.996
v 23.521 		-12.438 		20
v 24.5 		-12.503 		20
v 22.558 		-12.247 		20
v 21.629 		-11.931 		20
v 74.252 		-27.666 		20.12
v 20.749 		-11.497 		20
v 19.933 		-10.952 		20
v 19.195 		-10.305 		20
v 18.548 		-9.567 		20
v 18.003 		-8.751 		20
v 6.656 		15.001 		24.25
v 17.569 		-7.871 		20
v 7.003 		15.316 		24.25
v 17.253 		-6.942 		20
v 17.062 		-5.979 		20
v 16.998 		-5 		20
v 6.827 		15.307 		24.25
v 6.913 		15.296 		24.25
v 17.062 		-4.021 		20
v -72.289 		24.967 		23.996
v -72.568 		24.928 		23.996
v 74.055 		-27.248 		20.085
v 73.826 		-26.759 		20.056
v 6.577 		15.315 		24.576
v 6.144 		15.3254 		24.75
v 6.577 		15.315 		24.75
v 72.694 		26.789 		23.944
v 6.144 		15.3063 		24.75
v 82.163 		26.67 		23.799
v 6.577 		15.315 		25
v 17.253 		-3.058 		20
v 17.569 		-2.129 		20
v 18.003 		-1.249 		20
v 72.694 		27.284 		23.915
v 18.548 		-0.433 		20
v 82.527 		26.759 		23.754
v -72.826 		24.875 		23.996
v 30.997 		-8.751 		20
v 30.452 		-9.567 		20
v -73.055 		24.809 		23.996
v 29.805 		-10.305 		20
v 6.577 		15.315 		24.25
v 6.144 		15.3254 		24.25
v -73.252 		24.731 		23.996
v 82.65 		26.789 		23.709
v 72.694 		27.707 		23.88
v 29.067 		-10.952 		20
v 28.251 		-11.497 		20
v 6.144 		15.001 		24.25
v -73.409 		24.644 		23.996
v 27.371 		-11.931 		20
v 6.144 		15.3063 		24.3146
v 26.442 		-12.247 		20
v 25.479 		-12.438 		20
v -72.869 		25.569 		23.986
v 30.452 		-0.433 		20
v 72.694 		-24.35 		24
v 30.997 		-1.249 		20
v -73.421 		25.492 		23.986
v 72.694 		28.048 		23.841
v 31.431 		-2.129 		20
v 31.747 		-3.058 		20
v 31.938 		-4.021 		20
v 32.002 		-5 		20
v 72.694 		28.297 		23.799
v 31.938 		-5.979 		20
v 31.747 		-6.942 		20
v 84.254 		24.967 		23.799
v 31.431 		-7.871 		20
v 5.808 		15.448 		24.75
v 84.699 		24.991 		23.754
v 72.694 		28.449 		23.754
v 84.254 		25.616 		23.754
v 72.694 		28.5 		23.709
v 5.472 		15.459 		24.25
v 4.383 		-16.384 		20
v 5.12 		15.4588 		24.75
v 84.848 		24.999 		23.709
v 84.398 		25.632 		23.709
v 5.472 		15.459 		25
v 4.785 		15.464 		24.75
v 73.568 		24.928 		23.996
v 73.289 		24.967 		23.996
v 72.995 		24.991 		23.996
v -71.694 		28.5 		20.291
v 72.694 		24.999 		23.996
v -71.694 		28.449 		20.246
v 72.694 		-24.999 		23.996
v 72.995 		-24.991 		23.996
v 73.289 		-24.967 		23.996
v 4.608 		15.4646 		24.75
v 73.568 		-24.928 		23.996
v -71.694 		28.297 		20.201
v 4.608 		15.3623 		24.75
v 4.7031 		15.36 		24.75
v 73.289 		25.616 		23.986
v 4.608 		15.3623 		24.25
v -71.694 		28.048 		20.159
v 72.694 		25.632 		23.986
v 72.694 		-25.632 		23.986
v 4.184 		15.466 		24.75
v 4.096 		15.4652 		24.75
v 4.441 		15.467 		25
v 73.568 		26.211 		23.968
v -71.694 		27.707 		20.12
v 4.096 		15.3746 		24.75
v -24.576 		24.35 		20
v -71.694 		27.284 		20.085
v 72.694 		26.234 		23.968
v -27.751 		0.497 		20
v -26.871 		0.931 		20
v -25.942 		1.247 		20
v -24.979 		1.438 		20
v -24 		1.503 		20
v -23.021 		1.438 		20
v -22.058 		1.247 		20
v -21.129 		0.931 		20
v -20.249 		0.497 		20
v -71.694 		26.789 		20.056
v 4.096 		15.2654 		24.75
v -0.121 		-23.46 		20
v 72.694 		28.5 		20.291
v -0.448 		-23.242 		20
v 72.694 		28.449 		20.246
v -0.743 		-22.983 		20
v -1.002 		-22.688 		20
v -1.22 		-22.361 		20
v -1.394 		-22.009 		20
v 72.694 		28.297 		20.201
v -1.52 		-21.637 		20
v -73.619 		28.449 		20.291
v -1.597 		-21.252 		20
v -1.623 		-20.86 		20
v -73.596 		28.398 		20.246
v -1.597 		-20.468 		20
v -72.568 		-24.928 		23.996
v -1.52 		-20.083 		20
v 72.694 		28.048 		20.159
v -1.394 		-19.711 		20
v -72.289 		-24.967 		23.996
v 4.096 		15.001 		24.25
v -1.22 		-19.359 		20
v -71.995 		-24.991 		23.996
v -1.002 		-19.032 		20
v -0.743 		-18.737 		20
v -73.525 		28.248 		20.201
v -71.694 		-24.999 		23.996
v -0.448 		-18.478 		20
v 72.694 		27.707 		20.12
v -0.121 		-18.26 		20
v -73.409 		28.002 		20.159
v -1.623 		-24.35 		20
v 72.694 		27.284 		20.085
v 2.048 		15.4473 		24.75
v 73.289 		-25.616 		23.986
v 2.048 		15.4238 		24.75
v 82.464 		26.028 		23.841
v 72.694 		26.789 		20.056
v -73.252 		27.666 		20.12
v 3.931 		15.465 		24.25
v -73.409 		-24.644 		23.996
v 73.568 		26.211 		20.032
v -73.252 		-24.731 		23.996
v -73.055 		-24.809 		23.996
v 72.694 		-26.234 		23.968
v 3.072 		15.2468 		24.75
v 3.227 		15.248 		24.75
v -72.826 		-24.875 		23.996
v 73.568 		-26.211 		23.968
v -73.055 		27.248 		20.085
v 72.694 		26.234 		20.032
v -72.826 		26.759 		20.056
v 73.289 		25.616 		20.014
v 3.072 		15.001 		24.25
v 72.694 		25.632 		20.014
v 3.072 		15.001 		24.75
v 72.694 		-26.789 		23.944
v 73.568 		24.928 		20.004
v -73.421 		-25.492 		23.986
v 2.068 		15.239 		24.75
v 3.065 		15.245 		25
v 83.122 		26.142 		23.799
v 73.289 		24.967 		20.004
v 72.995 		24.991 		20.004
v -72.869 		-25.569 		23.986
v -71.694 		26.234 		20.032
v 72.694 		-27.284 		23.915
v -72.568 		26.211 		20.032
v 72.694 		-27.707 		23.88
v -73.421 		26.142 		20.032
v 72.694 		24.999 		20.004
v 2.048 		15.2395 		24.75
v 83.524 		26.211 		23.754
v 2.578 		15.237 		24.25
v 72.694 		-28.048 		23.841
v -71.694 		25.632 		20.014
v -72.289 		25.616 		20.014
v -72.289 		-25.616 		23.986
v 2.048 		15.001 		24.25
v -71.694 		-25.632 		23.986
v 72.694 		-28.297 		23.799
v 83.659 		26.234 		23.709
v 72.694 		-28.449 		23.754
v -73.421 		-26.142 		23.968
v 1.024 		16.3379 		24.75
v 1.041 		16.354 		24.75
v 1.0809 		16.384 		24.75
v 82.527 		24.875 		23.88
v -72.568 		-26.211 		23.968
v 82.163 		25.387 		23.88
v 83.524 		24.928 		23.841
v -71.694 		24.999 		20.004
v -71.694 		-26.234 		23.968
v -71.995 		24.991 		20.004
v 72.694 		-26.234 		20.032
v 83.122 		25.492 		23.841
v 73.568 		-26.211 		20.032
v 1.084 		16.029 		25
v -72.289 		24.967 		20.004
v 1.098 		16.021 		25
v 1.114 		15.973 		25
v 72.694 		-25.632 		20.014
v 73.289 		-25.616 		20.014
v -72.568 		24.928 		20.004
v 83.825 		25.569 		23.799
v -24.979 		-13.438 		20
v -25.942 		-13.247 		20
v -26.871 		-12.931 		20
v 1.084 		16.029 		24.75
v 1.098 		16.021 		24.75
v -27.751 		-12.497 		20
v -28.567 		-11.952 		20
v -29.305 		-11.305 		20
v 1.084 		16.029 		24.704
v 1.098 		16.021 		24.704
v -29.952 		-10.567 		20
v -30.497 		-9.751 		20
v -71.694 		-26.789 		23.944
v -30.931 		-8.871 		20
v 1.105 		16 		24.75
v -31.247 		-7.942 		20
v -31.438 		-6.979 		20
v -31.503 		-6 		20
v -71.694 		-27.284 		23.915
v -31.438 		-5.021 		20
v 1.024 		16.0162 		24.75
v -31.247 		-4.058 		20
v -30.931 		-3.129 		20
v -30.497 		-2.249 		20
v -72.869 		25.569 		20.014
v -29.952 		-1.433 		20
v -29.305 		-0.695 		20
v 82.65 		26.789 		20.291
v -28.567 		-0.048 		20
v -71.694 		-27.707 		23.88
v -73.421 		25.492 		20.014
v -24 		-13.503 		20
v 82.527 		26.759 		20.246
v 1.114 		15.973 		24.75
v 1.114 		15.973 		24.704
v -71.694 		-28.048 		23.841
v 82.163 		26.67 		20.201
v 1.1018 		15.872 		24.75
v -72.826 		24.875 		20.004
v -71.694 		-28.297 		23.799
v -73.055 		24.809 		20.004
v 72.694 		-24.999 		20.004
v -71.694 		-28.449 		23.754
v -73.252 		24.731 		20.004
v 72.995 		-24.991 		20.004
v 84.848 		24.999 		20.291
v -73.409 		24.644 		20.004
v 73.289 		-24.967 		20.004
v 84.398 		25.632 		20.291
v 1.084 		16.029 		24.25
v 84.699 		24.991 		20.246
v 1.114 		15.973 		24.25
v -72.826 		-26.759 		23.944
v 1.098 		16.021 		24.25
v 73.568 		-24.928 		20.004
v 84.254 		25.616 		20.246
v -73.055 		-27.248 		23.915
v 84.254 		24.967 		20.201
v -17.069 		-8.871 		20
v -17.503 		-9.751 		20
v -18.048 		-10.567 		20
v -18.695 		-11.305 		20
v -19.433 		-11.952 		20
v 72.694 		21.0006 		24
v 72.972 		21.019 		23.9994
v -20.249 		-12.497 		20
v 1.536 		15.4428 		24.75
v 73.364 		20.993 		23.9986
v -21.129 		-12.931 		20
v -22.058 		-13.247 		20
v 1.536 		15.4361 		24.75
v -23.021 		-13.438 		20
v -73.252 		-27.666 		23.88
v -19.433 		-0.048 		20
v -18.695 		-0.695 		20
v 72.694 		24.35 		24
v -18.048 		-1.433 		20
v -17.503 		-2.249 		20
v -17.069 		-3.129 		20
v -16.753 		-4.058 		20
v -73.525 		24.55 		23.996
v -16.562 		-5.021 		20
v -73.596 		24.451 		23.996
v -16.498 		-6 		20
v -73.619 		24.35 		23.996
v -16.562 		-6.979 		20
v -16.753 		-7.942 		20
v 83.659 		26.234 		20.291
v -73.409 		-28.002 		23.841
v 1.08 		15.692 		24.75
v 1.083 		15.661 		24.75
v 83.524 		26.211 		20.246
v 1.08 		15.678 		25
v -73.525 		24.55 		20.004
v -48.736 		2.655 		20
v -48.083 		2.698 		20
v -47.43 		2.655 		20
v -73.525 		-28.248 		23.799
v -46.788 		2.527 		20
v -73.596 		24.451 		20.004
v -46.168 		2.317 		20
v 72.972 		21.019 		20.0006
v -45.581 		2.027 		20
v -45.037 		1.664 		20
v 73.364 		20.993 		20.0014
v -44.545 		1.232 		20
v 83.122 		26.142 		20.201
v -44.114 		0.74 		20
v -43.75 		0.196 		20
v -73.619 		24.35 		20.004
v 82.464 		26.028 		20.159
v -56.963 		17.537 		20
v -71.694 		24.35 		20
v -56.531 		17.045 		20
v 1.0945 		15.616 		24.75
v -56.168 		16.501 		20
v -73.596 		-28.398 		23.754
v -64.832 		16.501 		20
v -64.469 		17.045 		20
v 1.33 		15.441 		24.75
v 1.33 		15.441 		25
v -64.037 		17.537 		20
v -73.619 		-28.449 		23.709
v -63.545 		17.969 		20
v -63.001 		18.332 		20
v -62.414 		18.622 		20
v -61.795 		18.832 		20
v -61.153 		18.96 		20
v 83.825 		25.569 		20.201
v -60.5 		19.003 		20
v -59.847 		18.96 		20
v -59.205 		18.832 		20
v -58.586 		18.622 		20
v -57.999 		18.332 		20
v -73.619 		20.4421 		23.996
v -73.448 		20.453 		23.9964
v -57.455 		17.969 		20
v 83.524 		24.928 		20.159
v -73.056 		20.428 		23.9972
v -72.671 		20.351 		23.998
v -72.299 		20.225 		23.9987
v -71.947 		20.051 		23.9995
v 1.111 		15.564 		25
v 1.169 		15.476 		25
v 83.122 		25.492 		20.159
v -61.795 		9.168 		20
v 1.255 		15.399 		25
v -62.414 		9.378 		20
v -63.001 		9.668 		20
v 1.254 		15.391 		25
v -63.545 		10.031 		20
v -64.037 		10.463 		20
v 1.201 		15.387 		25
v -64.469 		10.955 		20
v -64.832 		11.499 		20
v -72.568 		-24.928 		20.004
v -73.619 		20.4421 		20.004
v -65.122 		12.086 		20
v -65.332 		12.705 		20
v -73.448 		20.453 		20.0036
v -65.46 		13.347 		20
v -73.056 		20.428 		20.0028
v -65.503 		14 		20
v -72.671 		20.351 		20.002
v -72.289 		-24.967 		20.004
v -65.46 		14.653 		20
v -72.299 		20.225 		20.0013
v -65.332 		15.295 		20
v -71.947 		20.051 		20.0005
v -65.122 		15.914 		20
v 82.527 		24.875 		20.12
v -71.694 		19.8818 		20
v -71.995 		-24.991 		20.004
v -61.153 		9.04 		20
v -60.5 		8.998 		20
v 82.163 		25.387 		20.12
v -57.455 		10.031 		20
v -70.548 		18.228 		20
v -70.472 		17.843 		20
v -71.694 		-24.999 		20.004
v 1.099 		15.4 		25
v -70.446 		17.451 		20
v 1.031 		15.427 		25
v -70.472 		17.059 		20
v -70.548 		16.674 		20
v -71.621 		19.833 		20
v -71.325 		19.574 		20
v 1.1595 		15.488 		24.75
v 1.105 		15.575 		24.75
v 72.694 		-28.449 		20.246
v -71.066 		19.278 		20
v -70.848 		18.952 		20
v -70.674 		18.6 		20
v 70.372 		16.515 		24
v 82.65 		24.35 		23.88
v 70.198 		16.867 		24
v -73.421 		-25.492 		20.014
v 83.659 		24.35 		23.841
v 70.072 		17.239 		24
v 72.694 		-28.297 		20.201
v 69.995 		17.624 		24
v 84.398 		24.35 		23.799
v 69.97 		18.016 		24
v -72.869 		-25.569 		20.014
v 72.694 		-28.048 		20.159
v 69.995 		18.408 		24
v 84.848 		24.35 		23.754
v 70.072 		18.793 		24
v 85 		24.35 		23.709
v 70.198 		19.165 		24
v 70.372 		19.518 		24
v -73.409 		-24.644 		20.004
v 72.694 		-27.707 		20.12
v 70.59 		19.844 		24
v -73.252 		-24.731 		20.004
v 70.849 		20.139 		24
v 85 		24.35 		20.291
v 72.694 		-27.284 		20.085
v 71.144 		20.398 		24
v 84.848 		24.35 		20.246
v -73.055 		-24.809 		20.004
v 84.398 		24.35 		20.201
v 1.208 		15.446 		24.75
v 71.471 		20.617 		24
v 1.23 		15.424 		24.75
v 71.823 		20.79 		24
v -72.826 		-24.875 		20.004
v 1.2123 		15.4417 		24.704
v 72.195 		20.916 		24
v 72.58 		20.993 		24
v 72.694 		-26.789 		20.056
v 1.162 		15.484 		24.75
v 83.659 		24.35 		20.159
v 82.65 		24.35 		20.12
v -73.929 		26.67 		23.944
v -74.383 		27.141 		23.915
v 72.972 		15.014 		23.9994
v 72.694 		15.0317 		24
v 1.255 		15.399 		24.75
v 1.254 		15.391 		24.75
v 1.254 		15.391 		24.704
v 73.364 		15.039 		23.9986
v 1.255 		15.399 		24.704
v 74.619 		15.5133 		23.996
v 74.473 		15.416 		23.9963
v 74.121 		15.242 		23.997
v -73.421 		-26.142 		20.032
v 73.749 		15.116 		23.9978
v 74.619 		15.29 		23.996
v 72.694 		3.5471 		24
v -72.568 		-26.211 		20.032
v 72.795 		3.527 		23.9998
v 73.414 		3.317 		23.9985
v 74.001 		3.027 		23.9973
v 74.545 		2.664 		23.9962
v 1.191 		15.388 		24.75
v -71.694 		-26.234 		20.032
v 74.619 		2.599 		23.996
v 75.354 		16.188 		23.9921
v 1.152 		15.3944 		24.75
v 75.095 		15.893 		23.9935
v 74.8 		15.634 		23.995
v -72.289 		-25.616 		20.014
v 80.447 		26.964 		23.841
v -75.645 		26.964 		23.915
v -71.694 		-25.632 		20.014
v 75.037 		2.232 		23.9938
v 1.093 		15.404 		24.75
v 1.031 		15.427 		24.75
v 75.469 		1.74 		23.9915
v 80.97 		27.141 		23.799
v 75.832 		1.196 		23.9895
v -74.771 		27.543 		23.88
v 76.122 		0.609 		23.988
v 1.0873 		15.4061 		24.704
v 1.031 		15.427 		24.704
v -71.694 		-28.449 		20.246
v 81.289 		27.248 		23.754
v -75.082 		27.867 		23.841
v 1.024 		15.4337 		24.75
v -71.694 		-28.297 		20.201
v -75.311 		28.104 		23.799
v 81.396 		27.284 		23.709
v -71.694 		-28.048 		20.159
v 79.927 		27.707 		23.709
v -71.694 		-27.707 		20.12
v -75.45 		28.248 		23.754
v -57.999 		9.668 		20
v -58.586 		9.378 		20
v -59.205 		9.168 		20
v -59.847 		9.04 		20
v -55.878 		15.914 		20
v -71.694 		-27.284 		20.085
v -55.668 		15.295 		20
v -55.54 		14.653 		20
v -75.497 		28.297 		23.709
v -55.498 		14 		20
v -55.54 		13.347 		20
v 81.289 		24.809 		23.915
v -55.668 		12.705 		20
v -71.694 		-26.789 		20.056
v -55.878 		12.086 		20
v -56.168 		11.499 		20
v -56.531 		10.955 		20
v -56.963 		10.463 		20
v 80.97 		25.256 		23.915
v -52.415 		0.196 		20
v -52.051 		0.74 		20
v -51.62 		1.232 		20
v 1.031 		15.427 		24.25
v -51.128 		1.664 		20
v -73.619 		-28.449 		20.291
v -50.584 		2.027 		20
v -74.231 		26.028 		23.968
v -49.997 		2.317 		20
v 1.148 		15.503 		24.25
v -49.377 		2.527 		20
v 1.255 		15.399 		24.25
v 80.447 		25.682 		23.915
v -73.596 		-28.398 		20.246
v -74.978 		25.874 		23.968
v 1.254 		15.391 		24.25
v -75.645 		25.682 		23.968
v -48.736 		-7.265 		20
v -48.083 		-7.307 		20
v -73.525 		-28.248 		20.201
v -43.461 		-4.219 		20
v -43.75 		-4.806 		20
v -44.114 		-5.35 		20
v -74.978 		26.523 		23.944
v -44.545 		-5.842 		20
v 1.088 		15.627 		24.25
v -45.037 		-6.274 		20
v -45.581 		-6.637 		20
v 1.079 		15.72 		24.25
v -46.168 		-6.927 		20
v -46.788 		-7.137 		20
v -47.43 		-7.265 		20
v -43.461 		-0.391 		20
v 81.565 		25.874 		23.88
v -43.251 		-1.01 		20
v -43.123 		-1.652 		20
v 1.33 		15.441 		24.25
v -43.08 		-2.305 		20
v -43.123 		-2.958 		20
v -43.251 		-3.6 		20
v -73.409 		-28.002 		20.159
v 80.748 		26.323 		23.88
v -49.152 		-24.35 		20
v -73.252 		-27.666 		20.12
v -64.332 		-16.205 		20
v -64.122 		-15.586 		20
v -63.832 		-14.999 		20
v -63.469 		-14.455 		20
v 81.565 		26.523 		23.841
v -63.037 		-13.963 		20
v -62.545 		-13.531 		20
v -73.929 		25.387 		23.986
v -62.001 		-13.168 		20
v -61.414 		-12.878 		20
v -60.795 		-12.668 		20
v -60.153 		-12.54 		20
v -59.5 		-12.498 		20
v -74.383 		25.256 		23.986
v -58.847 		-12.54 		20
v 1.022 		16.336 		24.75
v 0.959 		16.238 		24.75
v -58.205 		-12.668 		20
v -57.586 		-12.878 		20
v 0.9274 		16.128 		24.75
v -73.055 		-27.248 		20.085
v -56.999 		-13.168 		20
v -56.455 		-13.531 		20
v -74.771 		25.103 		23.986
v -55.963 		-13.963 		20
v -55.531 		-14.455 		20
v -55.168 		-14.999 		20
v -75.082 		24.932 		23.986
v -54.878 		-15.586 		20
v -54.668 		-16.205 		20
v 81.396 		27.284 		20.291
v -72.826 		-26.759 		20.056
v -75.311 		24.746 		23.986
v 79.927 		27.707 		20.291
v -49.377 		-7.137 		20
v -49.997 		-6.927 		20
v 1.022 		16.336 		25
v -50.584 		-6.637 		20
v 0.959 		16.238 		25
v -51.128 		-6.274 		20
v 81.289 		27.248 		20.246
v -51.62 		-5.842 		20
v -52.051 		-5.35 		20
v -52.415 		-4.806 		20
v 0.907 		16.057 		24.75
v -52.704 		-4.219 		20
v -52.915 		-3.6 		20
v 0.917 		16.007 		24.75
v -53.042 		-2.958 		20
v 0.939 		15.998 		24.75
v -53.085 		-2.305 		20
v -53.042 		-1.652 		20
v -52.915 		-1.01 		20
v -52.704 		-0.391 		20
v 80.97 		27.141 		20.201
v -54.54 		-16.847 		20
v -54.498 		-17.5 		20
v -54.54 		-18.153 		20
v -54.668 		-18.795 		20
v -54.878 		-19.414 		20
v -55.168 		-20.001 		20
v 80.447 		26.964 		20.159
v -55.531 		-20.545 		20
v -55.963 		-21.037 		20
v -56.455 		-21.469 		20
v -56.999 		-21.832 		20
v 0.917 		16.007 		25
v 0.942 		15.998 		25
v 0.907 		16.057 		25
v 1.022 		16.336 		24.25
v 0.959 		16.238 		24.25
v -75.497 		-24.35 		23.986
v -75.45 		-24.55 		23.986
v 0.907 		16.057 		24.25
v 81.565 		26.523 		20.159
v 0.917 		16.007 		24.25
v 0.932 		15.999 		24.25
v 81.565 		25.874 		20.12
v -74.383 		27.141 		20.085
v 80.748 		26.323 		20.12
v -73.929 		26.67 		20.056
v 81.289 		24.809 		20.085
v 57.581 		18.832 		24
v 0 		15.872 		24.25
v 58.168 		19.122 		24
v 58.788 		19.332 		24
v -75.497 		-24.35 		20.014
v -75.45 		-24.55 		20.014
v -75.497 		28.297 		20.291
v 59.43 		19.46 		24
v 0.896 		15.781 		25
v 0.86 		15.824 		25
v 60.083 		19.503 		24
v -75.45 		28.248 		20.246
v 60.736 		19.46 		24
v 61.377 		19.332 		24
v 61.997 		19.122 		24
v 62.584 		18.832 		24
v 0.839 		15.831 		25
v 63.128 		18.469 		24
v 63.62 		18.037 		24
v 0.796 		15.819 		25
v 64.051 		17.545 		24
v 64.415 		17.001 		24
v 64.704 		16.414 		24
v 0.8994 		15.744 		24.75
v -75.311 		28.104 		20.201
v 0.896 		15.7734 		24.75
v -77.281 		-24.35 		23.968
v -75.082 		27.867 		20.159
v -74.771 		27.543 		20.12
v -77.281 		-24.35 		20.032
v 75.354 		16.188 		20.0079
v 75.095 		15.893 		20.0065
v 0.7842 		15.808 		24.75
v 0.8733 		15.808 		24.75
v 0.86 		15.824 		24.75
v 0.839 		15.831 		24.75
v 0.796 		15.819 		24.75
v 74.8 		15.634 		20.005
v 74.619 		15.5133 		20.004
v 0.86 		15.824 		24.704
v 0.796 		15.819 		24.704
v 80.97 		25.256 		20.085
v -75.645 		26.964 		20.085
v 0.839 		15.831 		24.704
v 80.447 		25.682 		20.085
v -78.927 		-24.35 		23.944
v -80.396 		-24.35 		23.915
v 0.768 		15.7929 		24.75
v -74.978 		26.523 		20.056
v 0.895 		15.782 		24.75
v -81.65 		-24.35 		23.88
v -74.231 		26.028 		20.032
v -74.978 		25.874 		20.032
v -81.65 		-24.35 		20.12
v -75.645 		25.682 		20.032
v -80.396 		-24.35 		20.085
v 0.9144 		15.616 		24.75
v 79.734 		26.724 		23.88
v -78.927 		-24.35 		20.056
v 79.139 		27.341 		23.841
v 79.573 		27.543 		23.799
v -73.929 		25.387 		20.014
v -74.383 		25.256 		20.014
v -75.311 		-24.746 		23.986
v 0.766 		15.791 		24.75
v 0.7467 		15.7121 		24.75
v 0.742 		15.693 		25
v 79.838 		27.666 		23.754
v 0.742 		15.693 		24.75
v 0.7548 		15.616 		24.75
v -75.082 		-24.932 		23.986
v -74.771 		25.103 		20.014
v 0.742 		15.693 		24.576
v -75.082 		24.932 		20.014
v 0.766 		15.791 		24.576
v -75.311 		24.746 		20.014
v -74.771 		-25.103 		23.986
v 0.766 		15.791 		25
v 85 		-24.35 		23.709
v 85 		-24.35 		20.291
v -74.383 		-25.256 		23.986
v 0.815 		15.431 		25
v 0.918 		15.585 		25
v 78.546 		27.066 		23.88
v -73.929 		-25.387 		23.986
v 0.978 		15.469 		25
v 0.918 		15.585 		24.75
v 78.007 		27.867 		23.799
v 0.959 		15.496 		24.75
v 0.9673 		15.488 		24.75
v 75.037 		2.232 		20.0062
v 0.768 		15.5508 		24.75
v 0.7926 		15.488 		24.75
v 78.212 		28.002 		23.754
v -76.214 		27.341 		23.88
v -75.645 		-25.682 		23.968
v 78.281 		28.048 		23.709
v -74.978 		-25.874 		23.968
v -76.672 		27.645 		23.841
v -74.231 		-26.028 		23.968
v 78.212 		24.644 		23.968
v 0.815 		15.431 		24.75
v 0.8744 		15.36 		24.75
v 78.007 		24.932 		23.968
v -74.978 		-26.523 		23.944
v 79.838 		24.731 		23.944
v -76.809 		26.724 		23.915
v -77.546 		27.066 		23.88
v 79.573 		25.103 		23.944
v 79.139 		25.457 		23.944
v -73.929 		-26.67 		23.944
v 0.753 		15.597 		25
v 0.764 		15.561 		24.75
v 78.546 		25.783 		23.944
v -74.383 		-27.141 		23.915
v -77.007 		27.867 		23.799
v 0.7563 		15.6069 		24.576
v -77.212 		28.002 		23.754
v 79.734 		26.075 		23.915
v -77.281 		28.048 		23.709
v 78.847 		26.425 		23.915
v -75.645 		-26.964 		23.915
v -75.946 		26.323 		23.944
v 79.838 		27.666 		20.246
v 0.796 		15.819 		24.25
v 0.766 		15.791 		24.25
v -76.809 		26.075 		23.944
v 0.893 		15.785 		24.25
v 0.839 		15.831 		24.25
v 0.742 		15.693 		24.25
v 0.86 		15.824 		24.25
v -74.771 		-27.543 		23.88
v -77.546 		25.783 		23.944
v 79.573 		27.543 		20.201
v -75.082 		-27.867 		23.841
v 79.139 		27.341 		20.159
v 79.734 		26.724 		20.12
v -75.311 		-28.104 		23.799
v 0.815 		15.431 		24.25
v 0.959 		15.496 		24.25
v 0.918 		15.585 		24.25
v 0.783 		15.497 		24.25
v -76.214 		25.457 		23.968
v -75.45 		-28.248 		23.754
v -76.672 		25.205 		23.968
v 0 		15.36 		24.25
v -75.497 		-28.297 		23.709
v 1.841 		15.239 		25
v 78.281 		28.048 		20.291
v -77.007 		24.932 		23.968
v 78.212 		28.002 		20.246
v 1.536 		15.252 		24.75
v -77.212 		24.644 		23.968
v 78.007 		27.867 		20.201
v 1.536 		15.001 		24.25
v 74.619 		2.599 		20.004
v 1.536 		15.001 		24.75
v 75.469 		1.74 		20.0085
v -75.311 		-24.746 		20.014
v 75.832 		1.196 		20.0105
v 76.122 		0.609 		20.012
v 74.619 		3.698 		20.004
v 1.325 		15.256 		25
v 1.047 		15.288 		24.75
v 1.024 		15.2918 		24.75
v -75.082 		-24.932 		20.014
v 78.546 		27.066 		20.12
v 1.2177 		15.267 		24.75
v -74.771 		-25.103 		20.014
v 1.291 		15.258 		24.75
v -74.383 		-25.256 		20.014
v -73.929 		-25.387 		20.014
v 1.024 		15.001 		24.25
v 79.734 		26.075 		20.085
v 1.222 		15.263 		24.25
v 78.847 		26.425 		20.085
v 8.757 		16.999 		25
v 8.348 		17.885 		25
v 6.069 		20.787 		25
v 5.339 		21.349 		25
v 4.545 		21.847 		25
v 7.336 		19.465 		25
v 6.734 		20.159 		25
v 78.546 		25.783 		20.056
v 7.876 		18.707 		25
v 0.902 		15.327 		24.75
v 1.023 		15.292 		24.75
v -74.978 		-26.523 		20.056
v 7.734 		16.467 		25
v 7.784 		16.479 		25
v 7.807 		16.415 		25
v 7.795 		16.471 		25
v 0.902 		15.327 		25
v -75.645 		-25.682 		20.032
v 79.838 		24.731 		20.056
v -74.978 		-25.874 		20.032
v 0.512 		15.001 		24.25
v 79.573 		25.103 		20.056
v 7.593 		16.701 		25
v 0.902 		15.327 		24.25
v 7.433 		16.759 		25
v 79.139 		25.457 		20.056
v -74.231 		-26.028 		20.032
v 78.212 		24.644 		20.032
v 7.381 		16.399 		25
v 49.152 		24.35 		24
v 7.559 		16.581 		25
v 7.511 		16.52 		25
v 7.418 		16.457 		25
v 78.007 		24.932 		20.032
v 55.461 		16.414 		24
v 0 		15.001 		24.25
v 55.75 		17.001 		24
v 56.114 		17.545 		24
v 6.351 		16.839 		25
v 6.998 		16.805 		25
v 56.545 		18.037 		24
v 57.037 		18.469 		24
v 0 		15.049 		24.25
v 4.693 		16.869 		25
v 49.295 		3.527 		24
v 49.914 		3.317 		24
v 50.501 		3.027 		24
v 51.045 		2.664 		24
v 1.272 		22.955 		25
v 51.537 		2.232 		24
v 2.234 		14.206 		25
v 3.692 		22.277 		25
v 2.776 		22.639 		25
v 2.55 		22.715 		25
v 1.85 		22.89 		25
v 51.969 		1.74 		24
v 52.332 		1.196 		24
v 2.4 		14.186 		25
v 52.622 		0.609 		24
v 2.569 		14.103 		25
v 2.289 		16.815 		25
v 2.517 		14.148 		25
v 57.037 		10.531 		24
v 56.545 		10.963 		24
v 56.114 		11.455 		24
v 2.606 		14.023 		25
v 55.75 		11.999 		24
v 55.461 		12.586 		24
v 55.251 		13.205 		24
v 2.612 		14.001 		24.75
v 55.123 		13.847 		24
v 77.809 		26.724 		23.915
v 1.773 		16.769 		25
v 55.08 		14.5 		24
v 2.234 		14.206 		24.25
v 1.536 		16.7161 		25
v 55.123 		15.153 		24
v 55.251 		15.795 		24
v 59.43 		9.54 		24
v 60.083 		9.498 		24
v 72.972 		15.014 		20.0006
v 2.4 		14.186 		24.25
v 58.788 		9.668 		24
v 1.513 		16.711 		25
v 58.168 		9.878 		24
v 73.364 		15.039 		20.0014
v 2.517 		14.148 		24.25
v 57.581 		10.168 		24
v 1.342 		16.558 		25
v 74.473 		15.416 		20.0037
v 1.397 		16.623 		25
v 74.121 		15.242 		20.003
v 61.377 		9.668 		24
v 73.749 		15.116 		20.0022
v 60.736 		9.54 		24
v 1.34 		16.459 		25
v 1.345 		16.467 		25
v 1.325 		16.507 		25
v 77.214 		27.341 		23.88
v 72.795 		3.527 		20.0002
v 64.915 		15.795 		24
v -74.383 		-27.141 		20.085
v 73.414 		3.317 		20.0015
v 65.042 		15.153 		24
v 65.085 		14.5 		24
v 1.142 		16.43 		25
v 2.582 		14.079 		24.25
v 65.042 		13.847 		24
v 74.001 		3.027 		20.0027
v 77.672 		27.645 		23.841
v 74.545 		2.664 		20.0038
v 64.915 		13.205 		24
v 64.704 		12.586 		24
v 64.415 		11.999 		24
v 64.051 		11.455 		24
v -1.934 		22.879 		25
v -1.572 		22.944 		25
v 63.62 		10.963 		24
v 2.642 		13.851 		25
v 63.128 		10.531 		24
v -0.178 		22.999 		25
v -0.85 		22.993 		25
v -1.188 		22.978 		25
v -2.739 		22.647 		25
v 62.584 		10.168 		24
v -3.51 		22.357 		25
v 61.997 		9.878 		24
v -73.929 		-26.67 		20.056
v 2.614 		14.001 		24.484
v 2.613 		14.001 		24.25
v -75.497 		-28.297 		20.291
v -75.45 		-28.248 		20.246
v 2.648 		13.788 		24.75
v 76.645 		26.964 		23.915
v 2.668 		13.309 		24.75
v 2.668 		13.309 		25
v 1.513 		14.143 		25
v 1.816 		14.193 		25
v -75.311 		-28.104 		20.201
v 1.323 		14.05 		25
v 1.181 		13.943 		25
v 1.156 		13.917 		24.75
v 1.258 		14.001 		24.75
v 76.082 		27.867 		23.841
v 76.311 		28.104 		23.799
v -75.082 		-27.867 		20.159
v -74.771 		-27.543 		20.12
v 76.45 		28.248 		23.754
v -75.645 		-26.964 		20.085
v 76.497 		28.297 		23.709
v 72.58 		15.039 		24
v 72.195 		15.116 		24
v 71.823 		15.242 		24
v 71.471 		15.416 		24
v 71.144 		15.634 		24
v 70.849 		15.893 		24
v 76.645 		25.682 		23.968
v 70.59 		16.188 		24
v -77.212 		-24.644 		23.968
v 75.978 		25.874 		23.968
v -77.007 		-24.932 		23.968
v -76.672 		-25.205 		23.968
v 77.809 		26.075 		23.944
v -76.214 		-25.457 		23.968
v 70.205 		3.527 		24
v 70.847 		3.655 		24
v 71.5 		3.698 		24
v 76.946 		26.323 		23.944
v 72.153 		3.655 		24
v 75.978 		26.523 		23.944
v -77.546 		-25.783 		23.944
v -76.809 		-26.075 		23.944
v 1.816 		14.193 		24.25
v 66.878 		0.609 		24
v 67.168 		1.196 		24
v 67.531 		1.74 		24
v 1.323 		14.05 		24.25
v 76.311 		24.746 		23.986
v 67.963 		2.232 		24
v -75.946 		-26.323 		23.944
v 1.424 		14.109 		24.25
v 68.455 		2.664 		24
v 68.999 		3.027 		24
v 76.082 		24.932 		23.986
v 69.586 		3.317 		24
v 1.258 		14.001 		24.25
v 77.672 		25.205 		23.968
v 1.032 		13.79 		25
v 1.032 		13.789 		24.75
v 77.214 		25.457 		23.968
v 73.414 		-5.927 		23.9985
v 72.795 		-6.137 		23.9998
v 72.694 		-6.1571 		24
v 0.5 		14.001 		24.25
v 74.619 		-5.209 		23.996
v 74.545 		-5.274 		23.9962
v 74.001 		-5.637 		23.9973
v -76.809 		-26.724 		23.915
v 0.942 		13.652 		24.75
v 0.863 		13.466 		24.75
v 0.835 		13.387 		24.75
v 0.835 		13.387 		25
v 76.332 		-0.01 		23.9869
v 76.46 		-0.652 		23.9862
v 76.497 		-1.2139 		23.986
v 76.497 		-1.3961 		23.986
v 76.46 		-1.958 		23.9862
v 0.897 		13.583 		25
v 76.332 		-2.6 		23.9869
v 76.122 		-3.219 		23.988
v -77.281 		28.048 		20.291
v 75.832 		-3.806 		23.9895
v 75.469 		-4.35 		23.9915
v 75.037 		-4.842 		23.9938
v -77.212 		28.002 		20.246
v 0.904 		13.596 		24.75
v 77.672 		27.645 		20.159
v 76.503 		-1.305 		23.9859
v -77.007 		27.867 		20.201
v 0.788 		12.938 		24.75
v 0.779 		12.815 		25
v 6.6 		11.963 		25
v 6.6 		11.963 		24.75
v 77.214 		27.341 		20.12
v -76.672 		27.645 		20.159
v 7.618 		11.345 		24.75
v 7.452 		11.587 		24.75
v 7.331 		11.696 		24.75
v 7.14 		11.828 		24.75
v 6.857 		11.924 		24.75
v 7.452 		11.587 		25
v 6.857 		11.924 		25
v 7.618 		11.345 		25
v 7.149 		11.825 		25
v 7.048 		11.871 		25
v 7.048 		11.871 		24.75
v -77.546 		-27.066 		23.88
v 77.809 		26.724 		20.085
v 7.296 		11.726 		25
v -76.214 		-27.341 		23.88
v 7.784 		10.635 		24.75
v 7.764 		10.497 		24.75
v 7.764 		10.497 		25
v 7.767 		10.923 		25
v 7.708 		11.139 		25
v 7.708 		11.139 		24.75
v 7.767 		10.923 		24.75
v 7.778 		10.826 		24.75
v -76.672 		-27.645 		23.841
v 7.784 		10.635 		25
v 76.503 		-1.305 		20.0141
v 76.497 		-1.2139 		20.014
v 76.497 		-1.3961 		20.014
v 5.731 		12.011 		25
v 5.731 		12.011 		24.75
v 7.7 		10.223 		25
v 7.7 		10.223 		24.75
v 76.497 		28.297 		20.291
v -77.007 		-27.867 		23.799
v 76.45 		28.248 		20.246
v 1.054 		10.589 		24.75
v 1.037 		10.607 		25
v 76.332 		-0.01 		20.0131
v 0.885 		10.835 		24.75
v 0.814 		11.046 		25
v 0.885 		10.835 		25
v 76.46 		-0.652 		20.0138
v 76.46 		-1.958 		20.0138
v 76.332 		-2.6 		20.0131
v 2.668 		12.077 		24.75
v 0.75 		11.658 		24.75
v 0.759 		11.413 		24.75
v 0.807 		11.072 		24.75
v 76.122 		-3.219 		20.012
v 0.751 		12.085 		25
v 75.832 		-3.806 		20.0105
v 0.768 		11.305 		25
v 75.469 		-4.35 		20.0085
v 75.037 		-4.842 		20.0062
v 76.311 		28.104 		20.201
v 2.668 		12.077 		25
v 74.619 		-5.209 		20.004
v 0.753 		12.119 		24.75
v 73.414 		-5.927 		20.0015
v 72.795 		-6.137 		20.0002
v 76.082 		27.867 		20.159
v 74.545 		-5.274 		20.0038
v 74.001 		-5.637 		20.0027
v 1.416 		10.223 		24.75
v 1.416 		10.223 		25
v -77.212 		-28.002 		23.754
v 8.501 		8.001 		24.75
v 8.203 		7.899 		25
v 8.258 		8.001 		24.75
v 8.258 		8.001 		24.25
v 76.645 		26.964 		20.085
v 8.203 		7.899 		24.25
v -76.214 		27.341 		20.12
v -77.546 		27.066 		20.12
v -77.281 		-28.048 		23.709
v -76.809 		26.724 		20.085
v 7.754 		7.211 		25
v 7.754 		7.211 		24.25
v 7.233 		6.537 		25
v 7.233 		6.537 		24.25
v 6.641 		5.875 		25
v 6.641 		5.875 		24.25
v 5.951 		5.221 		25
v 77.809 		26.075 		20.056
v 5.951 		5.221 		24.25
v 5.213 		4.647 		24.25
v 4.428 		4.155 		24.25
v 5.213 		4.647 		25
v 4.428 		4.155 		25
v 76.946 		26.323 		20.056
v 0.5 		8.001 		24.25
v -77.212 		-24.644 		20.032
v 75.978 		26.523 		20.056
v 69.586 		-5.927 		24
v 3.606 		3.747 		24.25
v 2.752 		3.427 		24.25
v 1.87 		3.193 		24.25
v 0.97 		3.051 		24.25
v 0.054 		3.001 		24.25
v 1.87 		3.193 		25
v 0.97 		3.051 		25
v -77.007 		-24.932 		20.032
v 0.054 		3.001 		25
v 2.752 		3.427 		25
v 3.606 		3.747 		25
v -75.946 		26.323 		20.056
v -76.672 		-25.205 		20.032
v 76.645 		25.682 		20.032
v -76.809 		26.075 		20.056
v 75.978 		25.874 		20.032
v -76.214 		-25.457 		20.032
v -77.546 		25.783 		20.056
v 0 		15.049 		24.512
v -0.372 		15.754 		24.75
v -0.3673 		15.36 		24.75
v -76.214 		25.457 		20.032
v 68.999 		-5.637 		24
v 68.455 		-5.274 		24
v 67.963 		-4.842 		24
v 67.531 		-4.35 		24
v -76.672 		25.205 		20.032
v 77.672 		25.205 		20.032
v 67.168 		-3.806 		24
v -77.546 		-25.783 		20.056
v 66.878 		-3.219 		24
v 66.668 		-2.6 		24
v 77.214 		25.457 		20.032
v -77.007 		24.932 		20.032
v 66.54 		-1.958 		24
v -76.809 		-26.075 		20.056
v 66.498 		-1.305 		24
v 66.54 		-0.652 		24
v 76.311 		24.746 		20.014
v -77.212 		24.644 		20.032
v 66.668 		-0.01 		24
v -75.946 		-26.323 		20.056
v -2.209 		15.924 		25
v -2.146 		16.174 		25
v -2.078 		16.297 		25
v 70.847 		-6.265 		24
v 71.5 		-6.307 		24
v -2.238 		15.631 		25
v 70.205 		-6.137 		24
v 76.082 		24.932 		20.014
v -0.336 		12.813 		25
v -2.274 		14.32 		25
v -0.363 		15.001 		24.75
v 43.378 		0.609 		24
v 43.668 		1.196 		24
v 44.031 		1.74 		24
v 44.463 		2.232 		24
v 44.955 		2.664 		24
v 45.499 		3.027 		24
v 46.086 		3.317 		24
v 46.705 		3.527 		24
v 47.347 		3.655 		24
v 48 		3.698 		24
v 48.653 		3.655 		24
v -77.281 		-28.048 		20.291
v -0.362 		15.001 		24.25
v 52.832 		-0.01 		24
v -77.212 		-28.002 		20.246
v 52.96 		-0.652 		24
v 53.003 		-1.305 		24
v 52.96 		-1.958 		24
v 52.832 		-2.6 		24
v 52.622 		-3.219 		24
v 52.332 		-3.806 		24
v -0.363 		15.049 		24.25
v 51.969 		-4.35 		24
v -0.363 		15.049 		24.512
v 51.537 		-4.842 		24
v -77.007 		-27.867 		20.201
v 51.045 		-5.274 		24
v 74.929 		26.67 		23.944
v 50.501 		-5.637 		24
v -78.734 		26.724 		23.88
v 49.914 		-5.927 		24
v 49.295 		-6.137 		24
v -76.672 		-27.645 		20.159
v 75.383 		27.141 		23.915
v -78.139 		27.341 		23.841
v -0.363 		15.049 		24.559
v 55.123 		-15.347 		24
v 55.251 		-14.705 		24
v 55.461 		-14.086 		24
v 55.75 		-13.499 		24
v -79.447 		26.964 		23.841
v 56.114 		-12.955 		24
v 56.545 		-12.463 		24
v 57.037 		-12.031 		24
v 57.581 		-11.668 		24
v 58.168 		-11.378 		24
v 58.788 		-11.168 		24
v 75.771 		27.543 		23.88
v 59.43 		-11.04 		24
v -77.546 		-27.066 		20.12
v 60.736 		-11.04 		24
v -78.573 		27.543 		23.799
v 61.377 		-11.168 		24
v 61.997 		-11.378 		24
v 62.584 		-11.668 		24
v -76.214 		-27.341 		20.12
v 63.128 		-12.031 		24
v 63.62 		-12.463 		24
v 64.051 		-12.955 		24
v 64.415 		-13.499 		24
v -78.838 		27.666 		23.754
v 64.704 		-14.086 		24
v 64.915 		-14.705 		24
v 65.042 		-15.347 		24
v -2.086 		16.284 		24.75
v -2.153 		16.158 		24.75
v -2.209 		15.924 		24.75
v -76.809 		-26.724 		20.085
v -2.241 		15.586 		24.75
v -6.069 		15.405 		25
v -6.035 		14.541 		25
v -6.133 		15.965 		25
v -6.095 		15.717 		25
v -78.927 		27.707 		23.709
v 73.826 		26.759 		23.944
v -8.012 		15.895 		25
v -7.98 		16.271 		25
v -6.181 		16.157 		25
v -2.275 		14.129 		24.75
v -6.245 		16.307 		25
v 74.055 		27.248 		23.915
v -8.036 		13.799 		25
v 72.153 		-6.265 		24
v -78.139 		25.457 		23.944
v -78.838 		-24.731 		23.944
v 74.252 		27.666 		23.88
v -78.573 		25.103 		23.944
v -78.573 		-25.103 		23.944
v -6.064 		15.301 		24.75
v -6.133 		15.965 		24.75
v -6.095 		15.717 		24.75
v -78.838 		24.731 		23.944
v -78.139 		-25.457 		23.944
v -8.026 		15.126 		24.75
v 74.409 		28.002 		23.841
v -77.847 		26.425 		23.915
v -8.012 		15.895 		24.75
v -7.98 		16.271 		24.75
v -6.181 		16.157 		24.75
v -78.734 		26.075 		23.915
v -6.245 		16.307 		24.75
v 74.525 		28.248 		23.799
v -79.447 		25.682 		23.915
v -8.037 		13.35 		24.75
v -79.447 		-25.682 		23.915
v -6.027 		14.147 		24.75
v -78.734 		-26.075 		23.915
v 74.596 		28.398 		23.754
v -77.847 		-26.425 		23.915
v -0.383 		11.291 		24.25
v -0.338 		11.951 		24.25
v -0.383 		11.291 		25
v 74.619 		28.449 		23.709
v -0.338 		11.951 		25
v -79.748 		26.323 		23.88
v -79.748 		-26.323 		23.88
v -0.5 		10.815 		24.25
v -1.063 		10.271 		25
v -1.063 		10.271 		24.75
v -0.717 		10.479 		25
v -0.717 		10.479 		24.75
v -0.501 		10.811 		25
v -0.501 		10.811 		24.75
v -0.5 		10.815 		24.75
v -2.309 		11.997 		25
v -78.927 		27.707 		20.291
v -1.566 		10.159 		25
v -2.251 		10.117 		25
v -78.838 		27.666 		20.246
v 75.231 		26.028 		23.968
v -2.309 		11.997 		24.75
v -78.734 		-26.724 		23.88
v -7.324 		10.341 		25
v -7.651 		10.555 		25
v 74.421 		26.142 		23.968
v -7.861 		10.887 		25
v -79.447 		-26.964 		23.841
v -8.027 		12.011 		25
v -7.978 		11.363 		25
v -0.5 		9.001 		24.25
v -78.573 		27.543 		20.201
v -1.566 		10.159 		24.75
v -2.251 		10.117 		24.75
v -5.981 		11.939 		25
v -6.85 		10.219 		25
v -78.139 		-27.341 		23.841
v -6.204 		10.161 		25
v 82.65 		-24.35 		23.88
v -78.139 		27.341 		20.159
v -9.501 		12.491 		25
v -9.238 		10.643 		25
v -8.662 		8.889 		25
v -9.006 		16.277 		25
v -9.43 		14.385 		25
v -78.573 		-27.543 		23.799
v 83.659 		-24.35 		23.841
v -7.324 		10.341 		24.75
v -7.651 		10.555 		24.75
v -5.258 		4.663 		25
v -3.632 		3.757 		25
v -1.795 		3.185 		25
v -0.869 		3.045 		25
v -7.793 		7.275 		25
v -79.447 		26.964 		20.159
v -6.652 		5.851 		25
v -7.861 		10.887 		24.75
v 8.348 		17.885 		24.25
v 8.757 		16.999 		24.25
v -8.027 		12.011 		24.75
v 84.398 		-24.35 		23.799
v -7.978 		11.363 		24.75
v 5.339 		21.349 		24.25
v 4.545 		21.847 		24.25
v 84.848 		-24.35 		23.754
v -78.734 		26.724 		20.12
v 6.069 		20.787 		24.25
v -78.838 		-27.666 		23.754
v -5.981 		11.939 		24.75
v 6.734 		20.159 		24.25
v 7.336 		19.465 		24.25
v -4.928 		10.141 		24.75
v -6.204 		10.161 		24.75
v 7.876 		18.707 		24.25
v -6.85 		10.219 		24.75
v 7.501 		19.001 		24.25
v 6.144 		19.001 		24.25
v 7.501 		18.432 		24.25
v 84.848 		-24.35 		20.246
v 84.398 		-24.35 		20.201
v -79.748 		26.323 		20.12
v 75.771 		25.103 		23.986
v -8.501 		9.001 		24.25
v -78.927 		-27.707 		23.709
v 7.501 		19.001 		24.75
v 83.659 		-24.35 		20.159
v -8.662 		8.889 		24.25
v -9.238 		10.643 		24.25
v -9.501 		12.491 		24.25
v -9.43 		14.385 		24.25
v -9.006 		16.277 		24.25
v 4.096 		19.001 		24.25
v -77.847 		26.425 		20.085
v 75.383 		25.256 		23.986
v 82.65 		-24.35 		20.12
v -78.734 		26.075 		20.085
v 74.929 		25.387 		23.986
v -79.748 		-26.323 		20.12
v -0.869 		3.045 		24.25
v -1.795 		3.185 		24.25
v -3.632 		3.757 		24.25
v -5.258 		4.663 		24.25
v -6.652 		5.851 		24.25
v -79.447 		25.682 		20.085
v -7.793 		7.275 		24.25
v 84.254 		-24.967 		23.799
v -79.447 		-25.682 		20.085
v -78.734 		-26.075 		20.085
v -78.139 		25.457 		20.056
v 74.409 		24.644 		23.996
v -78.573 		25.103 		20.056
v -77.847 		-26.425 		20.085
v 74.252 		24.731 		23.996
v 74.055 		24.809 		23.996
v 73.826 		24.875 		23.996
v -78.838 		24.731 		20.056
v -78.838 		-24.731 		20.056
v 4.096 		18.432 		24.75
v -78.573 		-25.103 		20.056
v 7.501 		17.408 		24.25
v -78.139 		-25.457 		20.056
v 84.254 		-25.616 		23.754
v 7.501 		16.896 		24.25
v 84.699 		-24.991 		23.754
v 74.421 		25.492 		23.986
v 7.744 		16.472 		24.25
v 7.807 		16.427 		24.25
v 73.869 		25.569 		23.986
v 7.795 		16.471 		24.25
v 7.784 		16.479 		24.25
v -79.97 		27.141 		23.799
v -81.163 		26.67 		23.799
v 84.398 		-25.632 		23.709
v 84.848 		-24.999 		23.709
v -80.289 		27.248 		23.754
v -81.527 		26.759 		23.754
v 7.168 		16.787 		24.75
v 7.501 		16.734 		24.75
v 7.4316 		16.7591 		24.75
v 82.163 		-25.387 		23.88
v -78.927 		-27.707 		20.291
v -80.396 		27.284 		23.709
v -78.838 		-27.666 		20.246
v -81.65 		26.789 		23.709
v 82.527 		-24.875 		23.88
v 7.501 		16.734 		24.576
v 7.433 		16.759 		24.75
v 7.433 		16.759 		24.576
v -78.573 		-27.543 		20.201
v -80.565 		25.874 		23.88
v 7.381 		16.399 		24.75
v -79.447 		-26.964 		20.159
v -80.565 		26.523 		23.841
v 7.424 		16.461 		24.75
v -78.139 		-27.341 		20.159
v 7.501 		16.513 		24.75
v -81.464 		26.028 		23.841
v 75.771 		27.543 		20.12
v -78.734 		-26.724 		20.12
v 7.501 		16.734 		24.32
v -80.289 		-24.809 		23.915
v -79.97 		25.256 		23.915
v -80.289 		24.809 		23.915
v -79.97 		-25.256 		23.915
v -81.163 		25.387 		23.88
v -81.527 		24.875 		23.88
v -81.527 		-24.875 		23.88
v 7.501 		16.734 		24.25
v 75.383 		27.141 		20.085
v 7.433 		16.759 		24.25
v 7.168 		16.787 		24.25
v -81.163 		-25.387 		23.88
v 7.593 		16.701 		24.25
v -80.565 		-25.874 		23.88
v 74.929 		26.67 		20.056
v -80.396 		27.284 		20.291
v 7.501 		16.513 		24.25
v 7.559 		16.581 		24.25
v -81.65 		26.789 		20.291
v 7.511 		16.52 		24.25
v -80.289 		27.248 		20.246
v -81.527 		26.759 		20.246
v -81.464 		-26.028 		23.841
v 74.619 		28.449 		20.291
v -80.565 		-26.523 		23.841
v 74.596 		28.398 		20.246
v 6.144 		16.8398 		24.75
v 6.998 		16.805 		24.75
v -79.97 		27.141 		20.201
v -81.163 		26.67 		20.201
v 6.998 		16.805 		24.25
v 83.122 		-25.492 		23.841
v 5.943 		16.848 		24.75
v 83.524 		-24.928 		23.841
v 4.838 		16.868 		24.75
v 5.1554 		16.8623 		24.75
v -81.163 		-26.67 		23.799
v 4.096 		16.8606 		24.75
v -79.97 		-27.141 		23.799
v -80.565 		26.523 		20.159
v 83.825 		-25.569 		23.799
v -81.527 		-26.759 		23.754
v -81.464 		26.028 		20.159
v -80.289 		-27.248 		23.754
v 5.127 		16.865 		24.25
v -81.65 		-26.789 		23.709
v -80.565 		25.874 		20.12
v -81.163 		25.387 		20.12
v -80.396 		-27.284 		23.709
v 3.692 		22.277 		24.25
v -81.527 		24.875 		20.12
v 2.05 		22.852 		24.25
v 2.448 		22.747 		24.25
v 82.464 		-26.028 		23.841
v 0.108 		22.997 		24.25
v 0.65 		22.983 		24.25
v 1.272 		22.955 		24.25
v 1.747 		22.907 		24.25
v 2.776 		22.639 		24.25
v -79.97 		25.256 		20.085
v -81.527 		-24.875 		20.12
v -80.289 		24.809 		20.085
v 83.122 		-26.142 		23.799
v -81.163 		-25.387 		20.12
v 0 		19.001 		24.25
v 2.048 		16.7935 		24.75
v 2.289 		16.815 		24.75
v 4.037 		16.86 		24.75
v -80.289 		-24.809 		20.085
v 3.032 		16.842 		24.75
v 3.3721 		16.8534 		24.75
v 3.541 		16.859 		24.75
v -79.97 		-25.256 		20.085
v -75.45 		24.55 		23.986
v -75.497 		24.35 		23.986
v -75.45 		24.55 		20.014
v 2.289 		16.815 		24.25
v -75.497 		24.35 		20.014
v -81.464 		-26.028 		20.159
v 74.525 		28.248 		20.201
v -80.565 		-26.523 		20.159
v -80.565 		-25.874 		20.12
v 74.409 		28.002 		20.159
v 74.252 		27.666 		20.12
v -77.281 		24.35 		23.968
v 74.055 		27.248 		20.085
v -77.281 		24.35 		20.032
v 73.826 		26.759 		20.056
v 83.524 		-26.211 		23.754
v -81.65 		-26.789 		20.291
v -80.396 		-27.284 		20.291
v -81.527 		-26.759 		20.246
v 83.659 		-26.234 		23.709
v -78.927 		24.35 		23.944
v -80.289 		-27.248 		20.246
v -80.396 		24.35 		23.915
v -81.163 		-26.67 		20.201
v 82.163 		-26.67 		23.799
v -81.65 		24.35 		23.88
v 82.527 		-26.759 		23.754
v -79.97 		-27.141 		20.201
v 82.65 		-26.789 		23.709
v -81.65 		24.35 		20.12
v 84.398 		-25.632 		20.291
v 84.848 		-24.999 		20.291
v 84.254 		-25.616 		20.246
v -80.396 		24.35 		20.085
v 84.699 		-24.991 		20.246
v -78.927 		24.35 		20.056
v 84.254 		-24.967 		20.201
v 83.825 		-25.569 		20.201
v -75.497 		19.639 		23.986
v -75.276 		19.833 		23.9872
v 83.122 		-25.492 		20.159
v -74.95 		20.051 		23.9889
v -74.597 		20.225 		23.9908
v 83.524 		-24.928 		20.159
v -74.225 		20.351 		23.9928
v -73.84 		20.428 		23.9948
v 82.163 		-25.387 		20.12
v 82.527 		-24.875 		20.12
v -76.349 		16.674 		23.9774
v -76.425 		17.059 		23.9766
v -76.451 		17.451 		23.9764
v -76.425 		17.843 		23.9766
v -76.349 		18.228 		23.9774
v 1.773 		16.769 		24.75
v -76.222 		18.6 		23.9787
v 1.536 		16.7161 		24.75
v -76.049 		18.952 		23.9804
v -75.83 		19.278 		23.9826
v -75.571 		19.574 		23.9853
v 1.773 		16.769 		24.25
v -82.659 		-24.35 		23.841
v 83.659 		-26.234 		20.291
v 83.524 		-26.211 		20.246
v -83.398 		-24.35 		23.799
v 1.513 		16.711 		24.75
v 1.4246 		16.64 		24.75
v -83.848 		-24.35 		23.754
v 83.122 		-26.142 		20.201
v -76.349 		16.674 		20.0226
v -76.425 		17.059 		20.0234
v -76.451 		17.451 		20.0236
v -83.848 		-24.35 		20.246
v -76.425 		17.843 		20.0234
v -76.349 		18.228 		20.0226
v -83.398 		-24.35 		20.201
v -76.222 		18.6 		20.0213
v -76.049 		18.952 		20.0196
v -75.83 		19.278 		20.0174
v 1.381 		16.605 		24.75
v -75.571 		19.574 		20.0147
v 82.464 		-26.028 		20.159
v -75.497 		19.639 		20.014
v -82.659 		-24.35 		20.159
v 1.3279 		16.512 		24.75
v -75.276 		19.833 		20.0128
v 82.65 		-26.789 		20.291
v -74.95 		20.051 		20.0111
v -74.597 		20.225 		20.0092
v -74.225 		20.351 		20.0072
v 82.527 		-26.759 		20.246
v -73.84 		20.428 		20.0052
v -82.524 		-24.928 		23.841
v 1.345 		16.467 		24.75
v 1.325 		16.507 		24.75
v 82.163 		-26.67 		20.201
v 1.34 		16.459 		24.75
v 1.3075 		16.4543 		24.75
v -82.122 		-25.492 		23.841
v 1.28 		16.4504 		24.75
v -83.254 		-24.967 		23.799
v -82.825 		-25.569 		23.799
v -83.699 		-24.991 		23.754
v -83.848 		-24.999 		23.709
v 78.281 		-24.35 		23.968
v 79.927 		-24.35 		23.944
v 1.142 		16.43 		24.75
v 1.249 		16.446 		24.75
v -82.122 		-26.142 		23.799
v 81.396 		-24.35 		23.915
v -83.254 		-25.616 		23.754
v 81.396 		-24.35 		20.085
v -82.524 		-26.211 		23.754
v 79.927 		-24.35 		20.056
v 78.281 		-24.35 		20.032
v 1.513 		16.711 		24.25
v 1.142 		16.43 		24.25
v -83.398 		-25.632 		23.709
v 1.35 		16.569 		24.25
v -82.659 		-26.234 		23.709
v -82.122 		26.142 		23.799
v 1.247 		16.446 		24.25
v 76.45 		-24.55 		23.986
v 1.34 		16.459 		24.25
v 76.497 		-24.35 		23.986
v 1.345 		16.467 		24.25
v -82.524 		26.211 		23.754
v 1.325 		16.507 		24.25
v -83.254 		25.616 		23.754
v -82.659 		26.234 		23.709
v -83.848 		-24.999 		20.291
v 76.45 		-24.55 		20.014
v -83.398 		25.632 		23.709
v -83.699 		-24.991 		20.246
v 76.497 		-24.35 		20.014
v -82.122 		25.492 		23.841
v -83.254 		-24.967 		20.201
v -82.524 		24.928 		23.841
v 74.525 		-24.55 		23.996
v -82.825 		-25.569 		20.201
v 74.596 		-24.451 		23.996
v -3.51 		22.357 		24.25
v -2.739 		22.647 		24.25
v -1.934 		22.879 		24.25
v -1.657 		22.933 		24.25
v -0.966 		22.989 		24.25
v 74.619 		-24.35 		23.996
v -82.524 		-24.928 		20.159
v -82.825 		25.569 		23.799
v -83.254 		24.967 		23.799
v -82.122 		-25.492 		20.159
v -0.5 		19.001 		24.75
v 74.525 		-24.55 		20.004
v 74.596 		-24.451 		20.004
v -0.256 		19.001 		24.25
v 74.619 		-24.35 		20.004
v -83.699 		24.991 		23.754
v -0.384 		19.001 		24.25
v -83.848 		24.999 		23.709
v -83.398 		-25.632 		20.291
v -82.659 		-26.234 		20.291
v -0.448 		19.001 		24.25
v -83.254 		-25.616 		20.246
v 80.447 		-25.682 		23.915
v -82.524 		-26.211 		20.246
v -0.5 		19.001 		24.25
v 80.97 		-25.256 		23.915
v -0.5 		18.944 		24.25
v 81.289 		-24.809 		23.915
v -82.659 		26.234 		20.291
v -83.398 		25.632 		20.291
v -82.122 		-26.142 		20.201
v -82.524 		26.211 		20.246
v -83.254 		25.616 		20.246
v -0.5 		18.432 		24.25
v 80.748 		-26.323 		23.88
v 81.565 		-25.874 		23.88
v -82.122 		26.142 		20.201
v -0.388 		17.097 		24.75
v -0.5 		17.097 		24.75
v 81.565 		-26.523 		23.841
v -83.848 		24.999 		20.291
v -83.699 		24.991 		20.246
v -82.825 		25.569 		20.201
v -83.254 		24.967 		20.201
v 80.447 		-26.964 		23.841
v -82.122 		25.492 		20.159
v -82.524 		24.928 		20.159
v 80.97 		-27.141 		23.799
v -82.659 		24.35 		23.841
v -83.398 		24.35 		23.799
v 81.289 		-27.248 		23.754
v -83.848 		24.35 		23.754
v 79.927 		-27.707 		23.709
v 81.396 		-27.284 		23.709
v 81.565 		-26.523 		20.159
v 80.748 		-26.323 		20.12
v 81.565 		-25.874 		20.12
v 80.447 		-25.682 		20.085
v 80.97 		-25.256 		20.085
v 81.289 		-24.809 		20.085
v 79.927 		-27.707 		20.291
v 81.396 		-27.284 		20.291
v 81.289 		-27.248 		20.246
v 80.97 		-27.141 		20.201
v 80.447 		-26.964 		20.159
v 78.007 		-24.932 		23.968
v 78.212 		-24.644 		23.968
v 79.139 		-25.457 		23.944
v 79.573 		-25.103 		23.944
v 79.838 		-24.731 		23.944
v 78.546 		-25.783 		23.944
v 78.847 		-26.425 		23.915
v 79.734 		-26.075 		23.915
v 79.734 		-26.724 		23.88
v 79.139 		-27.341 		23.841
v 79.573 		-27.543 		23.799
v 79.838 		-27.666 		23.754
v 78.546 		-27.066 		23.88
v 78.007 		-27.867 		23.799
v 78.212 		-28.002 		23.754
v 78.281 		-28.048 		23.709
v 78.847 		-26.425 		20.085
v 79.734 		-26.075 		20.085
v 78.546 		-25.783 		20.056
v 79.139 		-25.457 		20.056
v 79.573 		-25.103 		20.056
v 79.838 		-24.731 		20.056
v 78.007 		-24.932 		20.032
v 78.212 		-24.644 		20.032
v 79.838 		-27.666 		20.246
v 79.573 		-27.543 		20.201
v 79.139 		-27.341 		20.159
v 79.734 		-26.724 		20.12
v 78.281 		-28.048 		20.291
v 78.212 		-28.002 		20.246
v 78.007 		-27.867 		20.201
v 78.546 		-27.066 		20.12
v 76.082 		-24.932 		23.986
v 76.311 		-24.746 		23.986
v 77.214 		-25.457 		23.968
v 77.672 		-25.205 		23.968
v 75.978 		-25.874 		23.968
v 76.645 		-25.682 		23.968
v 75.978 		-26.523 		23.944
v 76.946 		-26.323 		23.944
v 77.809 		-26.075 		23.944
v 77.809 		-26.724 		23.915
v 77.214 		-27.341 		23.88
v 77.672 		-27.645 		23.841
v 76.645 		-26.964 		23.915
v 76.082 		-27.867 		23.841
v 76.311 		-28.104 		23.799
v 76.45 		-28.248 		23.754
v 76.497 		-28.297 		23.709
v 77.214 		-25.457 		20.032
v 77.672 		-25.205 		20.032
v 76.082 		-24.932 		20.014
v 76.311 		-24.746 		20.014
v 75.978 		-26.523 		20.056
v 76.946 		-26.323 		20.056
v 77.809 		-26.075 		20.056
v 75.978 		-25.874 		20.032
v 76.645 		-25.682 		20.032
v 77.672 		-27.645 		20.159
v 77.214 		-27.341 		20.12
v 77.809 		-26.724 		20.085
v 76.497 		-28.297 		20.291
v 76.45 		-28.248 		20.246
v 76.311 		-28.104 		20.201
v 76.082 		-27.867 		20.159
v 76.645 		-26.964 		20.085
# 2926 vertices

g group_0_14541540

usemtl color_14541540
s 0

f 13 	1 	2
f 12 	2350 	93
f 2342 	2356 	2340
f 13 	2 	21
f 23 	49 	19
f 14 	20 	24
f 15 	14 	24
f 22 	24 	20
f 15 	14 	26
f 25 	49 	23
f 40 	14 	38
f 15 	38 	14
f 26 	38 	15
f 16 	49 	32
f 24 	22 	45
f 5 	33 	1165
f 36 	1165 	35
f 37 	1165 	36
f 39 	1165 	37
f 41 	1165 	39
f 38 	26 	42
f 44 	28 	1165
f 49 	1165 	28
f 43 	1165 	41
f 1165 	33 	34
f 47 	48 	207
f 43 	44 	1165
f 28 	32 	49
f 49 	16 	17
f 49 	17 	19
f 51 	207 	48
f 55 	49 	53
f 56 	93 	55
f 25 	53 	49
f 62 	93 	61
f 61 	93 	60
f 7 	2897 	2898
f 58 	93 	56
f 60 	93 	58
f 50 	52 	64
f 68 	93 	67
f 71 	93 	70
f 73 	93 	71
f 65 	66 	2350
f 78 	323 	77
f 77 	93 	73
f 80 	320 	78
f 81 	318 	80
f 52 	72 	114
f 82 	315 	81
f 52 	114 	64
f 59 	216 	57
f 66 	67 	2350
f 93 	2350 	67
f 69 	93 	68
f 69 	70 	93
f 2350 	2351 	65
f 92 	90 	52
f 72 	52 	90
f 86 	314 	82
f 87 	314 	86
f 49 	55 	93
f 90 	92 	22
f 96 	240 	95
f 98 	144 	97
f 102 	103 	144
f 155 	11 	8
f 108 	1971 	107
f 110 	1971 	109
f 109 	1971 	108
f 155 	1281 	11
f 74 	7 	18
f 106 	107 	1971
f 105 	106 	1971
f 22 	20 	90
f 20 	100 	90
f 103 	105 	1971
f 74 	18 	76
f 311 	1971 	110
f 45 	92 	457
f 50 	92 	52
f 76 	31 	79
f 98 	99 	144
f 99 	102 	144
f 1971 	144 	103
f 22 	92 	45
f 96 	97 	240
f 76 	18 	31
f 64 	114 	115
f 117 	116 	115
f 115 	114 	117
f 116 	50 	115
f 120 	119 	121
f 122 	120 	121
f 131 	94 	91
f 123 	124 	125
f 128 	1971 	468
f 126 	127 	116
f 126 	116 	117
f 125 	124 	122
f 125 	122 	121
f 123 	127 	126
f 123 	125 	130
f 123 	130 	127
f 125 	121 	50
f 125 	50 	130
f 130 	50 	127
f 91 	129 	131
f 119 	50 	121
f 132 	134 	135
f 132 	135 	133
f 2897 	7 	94
f 240 	97 	144
f 136 	156 	89
f 88 	89 	156
f 138 	140 	135
f 138 	135 	134
f 139 	156 	136
f 1971 	128 	157
f 1971 	157 	144
f 138 	137 	142
f 138 	142 	140
f 143 	156 	139
f 83 	156 	143
f 149 	24 	148
f 201 	206 	24
f 137 	24 	149
f 149 	150 	142
f 149 	142 	137
f 83 	84 	151
f 145 	146 	84
f 149 	148 	152
f 149 	152 	150
f 156 	83 	153
f 148 	147 	154
f 148 	154 	152
f 8 	141 	155
f 45 	202 	24
f 148 	24 	147
f 151 	153 	83
f 146 	151 	84
f 206 	154 	147
f 162 	253 	158
f 161 	163 	164
f 161 	164 	165
f 167 	161 	165
f 167 	165 	169
f 159 	160 	170
f 172 	159 	170
f 173 	253 	171
f 175 	253 	173
f 167 	169 	172
f 167 	172 	170
f 111 	216 	59
f 2411 	2410 	160
f 170 	160 	2410
f 160 	182 	2411
f 194 	233 	157
f 201 	24 	202
f 178 	222 	177
f 1684 	222 	178
f 179 	180 	181
f 179 	181 	182
f 181 	180 	186
f 181 	186 	187
f 189 	253 	183
f 187 	186 	191
f 187 	191 	192
f 190 	228 	185
f 193 	253 	189
f 192 	191 	195
f 192 	195 	197
f 228 	190 	196
f 182 	160 	179
f 159 	179 	160
f 187 	192 	181
f 192 	197 	181
f 182 	181 	197
f 167 	170 	2410
f 197 	2411 	182
f 229 	196 	203
f 47 	205 	46
f 203 	46 	205
f 2513 	206 	201
f 147 	24 	206
f 205 	47 	207
f 208 	206 	2513
f 51 	209 	207
f 208 	154 	206
f 54 	211 	209
f 54 	209 	51
f 211 	54 	213
f 57 	213 	54
f 216 	213 	57
f 214 	215 	1002
f 230 	1002 	215
f 234 	230 	215
f 214 	1002 	212
f 111 	218 	216
f 219 	212 	210
f 112 	217 	113
f 218 	111 	177
f 218 	177 	220
f 210 	221 	219
f 222 	220 	177
f 219 	214 	212
f 112 	174 	217
f 215 	223 	234
f 214 	224 	223
f 188 	185 	225
f 188 	225 	226
f 113 	217 	227
f 225 	185 	228
f 214 	223 	215
f 228 	196 	229
f 219 	224 	214
f 46 	203 	196
f 144 	157 	233
f 230 	241 	144
f 113 	227 	118
f 231 	198 	199
f 231 	199 	232
f 236 	230 	235
f 234 	235 	230
f 200 	237 	199
f 232 	199 	237
f 237 	200 	188
f 237 	188 	226
f 235 	239 	238
f 235 	238 	236
f 27 	347 	30
f 234 	239 	235
f 234 	223 	239
f 240 	144 	241
f 155 	141 	1291
f 246 	230 	245
f 244 	245 	230
f 243 	244 	230
f 242 	230 	246
f 241 	230 	242
f 236 	243 	230
f 247 	253 	193
f 238 	248 	243
f 238 	243 	236
f 245 	250 	251
f 245 	251 	246
f 244 	252 	250
f 244 	250 	245
f 248 	252 	244
f 248 	244 	243
f 255 	2233 	241
f 254 	253 	247
f 242 	255 	241
f 84 	253 	145
f 256 	255 	242
f 251 	256 	242
f 251 	242 	246
f 254 	145 	253
f 249 	184 	176
f 84 	158 	253
f 257 	184 	249
f 262 	269 	210
f 168 	171 	253
f 168 	253 	162
f 269 	2549 	210
f 265 	101 	263
f 271 	253 	268
f 175 	268 	253
f 267 	101 	265
f 272 	393 	270
f 273 	391 	272
f 264 	204 	257
f 279 	388 	277
f 277 	390 	273
f 274 	276 	290
f 352 	30 	347
f 262 	278 	280
f 269 	262 	280
f 269 	280 	1956
f 257 	204 	184
f 283 	284 	285
f 285 	286 	287
f 253 	271 	290
f 274 	290 	271
f 283 	289 	284
f 284 	286 	285
f 286 	288 	287
f 294 	383 	279
f 301 	240 	300
f 299 	300 	240
f 240 	301 	95
f 297 	291 	1309
f 303 	93 	302
f 305 	93 	304
f 310 	101 	309
f 308 	93 	307
f 259 	101 	310
f 309 	101 	308
f 314 	87 	312
f 315 	82 	314
f 2315 	311 	2314
f 318 	81 	315
f 1795 	1824 	319
f 320 	80 	318
f 326 	328 	77
f 325 	337 	324
f 327 	324 	337
f 302 	93 	328
f 93 	77 	328
f 323 	78 	320
f 326 	77 	323
f 304 	93 	303
f 307 	93 	305
f 337 	319 	327
f 260 	101 	259
f 93 	308 	101
f 101 	260 	261
f 261 	263 	101
f 270 	399 	267
f 295 	383 	294
f 240 	258 	298
f 299 	240 	298
f 49 	93 	101
f 296 	298 	258
f 287 	361 	285
f 285 	378 	283
f 329 	327 	319
f 330 	329 	319
f 695 	689 	337
f 341 	101 	340
f 345 	101 	344
f 349 	101 	348
f 403 	337 	343
f 333 	406 	351
f 451 	342 	442
f 342 	451 	452
f 378 	285 	361
f 350 	337 	354
f 356 	354 	337
f 325 	356 	337
f 359 	365 	361
f 267 	402 	101
f 339 	340 	101
f 341 	344 	101
f 345 	348 	101
f 339 	101 	362
f 359 	313 	361
f 368 	306 	363
f 369 	463 	367
f 258 	463 	372
f 366 	424 	370
f 742 	337 	376
f 373 	283 	378
f 379 	376 	337
f 283 	373 	384
f 375 	424 	381
f 382 	379 	337
f 390 	277 	388
f 388 	279 	386
f 337 	394 	387
f 387 	382 	337
f 391 	273 	390
f 385 	421 	389
f 393 	272 	391
f 331 	321 	373
f 363 	454 	368
f 1255 	1196 	406
f 397 	270 	393
f 389 	421 	392
f 400 	384 	373
f 400 	373 	378
f 394 	337 	396
f 395 	421 	398
f 331 	373 	378
f 401 	398 	421
f 405 	404 	421
f 380 	383 	258
f 295 	258 	383
f 377 	380 	258
f 386 	279 	383
f 399 	270 	397
f 374 	377 	258
f 372 	374 	258
f 361 	400 	378
f 365 	400 	361
f 404 	401 	421
f 402 	267 	399
f 355 	101 	402
f 357 	101 	355
f 358 	101 	357
f 362 	101 	358
f 313 	331 	361
f 378 	361 	331
f 337 	350 	346
f 371 	403 	343
f 346 	343 	337
f 396 	337 	403
f 349 	351 	101
f 406 	101 	351
f 406 	333 	334
f 334 	336 	406
f 406 	336 	338
f 384 	994 	373
f 994 	557 	373
f 373 	359 	361
f 373 	361 	378
f 421 	418 	405
f 411 	420 	409
f 412 	409 	420
f 413 	384 	400
f 420 	403 	412
f 414 	410 	418
f 440 	455 	413
f 415 	412 	403
f 128 	468 	419
f 410 	407 	418
f 407 	405 	418
f 395 	392 	421
f 385 	381 	421
f 370 	424 	375
f 421 	381 	424
f 396 	403 	422
f 403 	420 	423
f 423 	422 	403
f 342 	452 	353
f 428 	425 	420
f 425 	423 	420
f 413 	384 	321
f 384 	373 	321
f 416 	415 	403
f 408 	416 	403
f 371 	408 	403
f 38 	45 	40
f 437 	436 	429
f 158 	84 	371
f 419 	202 	42
f 158 	343 	346
f 40 	45 	194
f 433 	821 	434
f 364 	360 	424
f 434 	424 	360
f 457 	194 	45
f 435 	826 	436
f 324 	268 	325
f 359 	361 	287
f 556 	533 	554
f 400 	464 	413
f 413 	283 	384
f 330 	276 	329
f 430 	429 	436
f 429 	426 	437
f 438 	437 	426
f 427 	438 	426
f 431 	430 	436
f 439 	438 	427
f 432 	431 	436
f 436 	822 	432
f 433 	432 	821
f 343 	158 	371
f 38 	42 	202
f 283 	413 	455
f 445 	447 	467
f 202 	419 	468
f 449 	467 	447
f 45 	38 	202
f 478 	479 	468
f 409 	88 	411
f 455 	456 	283
f 321 	473 	413
f 444 	332 	335
f 464 	400 	470
f 365 	470 	400
f 444 	335 	446
f 470 	365 	540
f 346 	162 	158
f 457 	233 	194
f 168 	162 	350
f 346 	350 	162
f 354 	171 	350
f 168 	350 	171
f 322 	317 	477
f 173 	171 	356
f 354 	356 	171
f 356 	325 	175
f 268 	175 	325
f 173 	356 	175
f 324 	327 	268
f 271 	268 	327
f 327 	329 	271
f 274 	271 	329
f 454 	363 	453
f 368 	454 	458
f 274 	329 	276
f 258 	233 	457
f 289 	283 	456
f 330 	2724 	276
f 457 	459 	258
f 83 	371 	84
f 408 	371 	83
f 460 	157 	461
f 679 	157 	460
f 445 	465 	443
f 462 	443 	465
f 465 	445 	467
f 449 	469 	467
f 470 	686 	461
f 464 	470 	461
f 472 	468 	471
f 469 	449 	450
f 469 	450 	474
f 679 	460 	473
f 461 	473 	460
f 478 	468 	475
f 475 	468 	472
f 202 	468 	481
f 89 	88 	409
f 450 	411 	88
f 474 	450 	88
f 136 	89 	412
f 409 	412 	89
f 476 	905 	480
f 466 	212 	477
f 485 	463 	483
f 463 	202 	483
f 484 	480 	491
f 415 	139 	412
f 136 	412 	139
f 440 	413 	464
f 461 	440 	464
f 605 	463 	604
f 609 	611 	463
f 143 	139 	416
f 415 	416 	139
f 481 	482 	202
f 482 	483 	202
f 479 	481 	468
f 485 	604 	463
f 408 	83 	416
f 143 	416 	83
f 317 	278 	466
f 486 	491 	487
f 646 	648 	468
f 321 	322 	473
f 488 	487 	491
f 376 	183 	742
f 369 	372 	463
f 295 	296 	258
f 258 	459 	463
f 379 	189 	183
f 379 	183 	376
f 262 	466 	278
f 488 	829 	489
f 382 	193 	189
f 382 	189 	379
f 529 	406 	492
f 489 	829 	435
f 366 	364 	424
f 387 	247 	193
f 387 	193 	382
f 455 	440 	461
f 494 	529 	493
f 493 	529 	492
f 394 	247 	387
f 495 	529 	494
f 486 	484 	491
f 247 	394 	254
f 496 	529 	495
f 461 	440 	473
f 440 	413 	473
f 498 	529 	496
f 422 	146 	145
f 254 	394 	145
f 394 	396 	145
f 422 	145 	396
f 501 	529 	499
f 423 	151 	146
f 423 	146 	422
f 995 	992 	534
f 992 	988 	536
f 425 	153 	151
f 425 	151 	423
f 461 	460 	440
f 504 	502 	942
f 477 	317 	466
f 509 	510 	156
f 153 	425 	156
f 425 	428 	156
f 509 	156 	428
f 517 	519 	618
f 477 	473 	322
f 515 	516 	510
f 515 	510 	509
f 511 	942 	513
f 615 	617 	519
f 520 	521 	516
f 520 	516 	515
f 367 	463 	519
f 518 	513 	916
f 463 	615 	519
f 455 	461 	157
f 521 	520 	526
f 525 	526 	520
f 490 	492 	406
f 499 	529 	498
f 338 	490 	406
f 210 	212 	262
f 262 	212 	466
f 528 	530 	526
f 528 	526 	525
f 503 	505 	588
f 582 	586 	512
f 512 	514 	582
f 617 	618 	519
f 514 	517 	620
f 620 	582 	514
f 524 	905 	527
f 527 	905 	476
f 531 	532 	530
f 531 	530 	528
f 359 	287 	533
f 508 	512 	586
f 535 	568 	534
f 537 	538 	532
f 537 	532 	531
f 359 	533 	365
f 540 	365 	533
f 542 	543 	538
f 542 	538 	537
f 568 	997 	534
f 997 	995 	534
f 313 	359 	545
f 533 	545 	359
f 548 	550 	543
f 548 	543 	542
f 544 	867 	541
f 549 	568 	547
f 535 	547 	568
f 546 	867 	544
f 553 	555 	550
f 553 	550 	548
f 557 	533 	556
f 287 	623 	533
f 551 	867 	546
f 552 	867 	551
f 559 	867 	558
f 560 	562 	555
f 560 	555 	553
f 942 	916 	513
f 511 	507 	942
f 507 	504 	942
f 536 	534 	992
f 564 	841 	563
f 563 	867 	559
f 556 	554 	561
f 518 	916 	522
f 566 	835 	565
f 565 	838 	564
f 556 	561 	570
f 1 	13 	2847
f 557 	556 	570
f 10 	2727 	2
f 578 	468 	576
f 468 	648 	576
f 10 	9 	2727
f 556 	716 	557
f 471 	468 	578
f 577 	732 	579
f 581 	421 	583
f 556 	994 	554
f 590 	984 	585
f 557 	570 	545
f 593 	529 	591
f 501 	503 	588
f 596 	353 	452
f 598 	529 	595
f 533 	557 	545
f 986 	584 	984
f 602 	529 	599
f 413 	994 	384
f 596 	417 	353
f 533 	688 	540
f 585 	984 	584
f 601 	984 	597
f 597 	984 	590
f 607 	463 	605
f 609 	463 	607
f 444 	603 	606
f 444 	606 	610
f 557 	688 	533
f 596 	612 	417
f 557 	716 	688
f 614 	463 	611
f 603 	444 	600
f 613 	1755 	608
f 359 	373 	533
f 618 	620 	517
f 615 	463 	614
f 533 	373 	557
f 616 	1755 	613
f 667 	332 	610
f 621 	623 	624
f 586 	588 	508
f 506 	508 	588
f 529 	501 	588
f 588 	591 	529
f 593 	595 	529
f 598 	599 	529
f 505 	506 	588
f 625 	1755 	622
f 619 	622 	1755
f 621 	624 	626
f 444 	610 	332
f 580 	529 	602
f 529 	580 	867
f 539 	541 	867
f 558 	867 	552
f 539 	867 	580
f 183 	253 	628
f 627 	628 	253
f 567 	856 	566
f 576 	648 	575
f 575 	849 	573
f 621 	630 	623
f 629 	1755 	601
f 608 	1755 	629
f 984 	601 	1755
f 633 	533 	621
f 554 	533 	633
f 619 	1755 	616
f 1076 	1074 	363
f 637 	468 	635
f 623 	697 	621
f 636 	640 	1792
f 645 	468 	642
f 639 	453 	643
f 633 	626 	561
f 647 	643 	453
f 631 	647 	453
f 849 	575 	648
f 290 	644 	253
f 554 	633 	561
f 634 	635 	468
f 638 	468 	637
f 641 	468 	638
f 642 	468 	641
f 468 	784 	634
f 786 	797 	634
f 290 	1792 	640
f 646 	468 	645
f 571 	573 	850
f 716 	554 	633
f 651 	468 	650
f 625 	636 	1792
f 644 	290 	640
f 627 	253 	644
f 1755 	625 	1792
f 647 	606 	643
f 633 	621 	626
f 468 	651 	653
f 647 	631 	606
f 1030 	678 	468
f 693 	468 	690
f 600 	639 	603
f 643 	603 	639
f 643 	606 	603
f 1030 	1054 	660
f 667 	610 	631
f 663 	1030 	661
f 630 	621 	994
f 621 	633 	994
f 994 	556 	557
f 661 	1030 	660
f 668 	1030 	666
f 666 	1030 	663
f 633 	554 	994
f 672 	1030 	671
f 589 	421 	592
f 676 	157 	679
f 594 	592 	421
f 1770 	1795 	677
f 674 	677 	1795
f 460 	461 	686
f 460 	686 	688
f 684 	468 	681
f 680 	594 	421
f 692 	696 	351
f 477 	212 	679
f 473 	477 	679
f 679 	212 	676
f 650 	468 	693
f 670 	332 	667
f 319 	337 	689
f 351 	696 	654
f 668 	671 	1030
f 1030 	672 	678
f 681 	468 	678
f 690 	468 	684
f 679 	697 	676
f 697 	702 	676
f 698 	332 	673
f 691 	685 	421
f 685 	680 	421
f 589 	587 	421
f 421 	587 	583
f 579 	732 	581
f 700 	357 	699
f 701 	332 	698
f 421 	424 	691
f 694 	691 	424
f 1795 	319 	682
f 682 	674 	1795
f 682 	319 	689
f 704 	357 	700
f 706 	332 	701
f 673 	332 	670
f 711 	332 	706
f 732 	710 	705
f 708 	750 	1770
f 715 	532 	712
f 460 	688 	679
f 717 	748 	711
f 714 	708 	1770
f 697 	679 	716
f 713 	710 	732
f 718 	713 	732
f 716 	679 	688
f 726 	521 	723
f 719 	714 	1770
f 721 	718 	732
f 572 	732 	574
f 721 	732 	572
f 729 	521 	726
f 725 	719 	1770
f 421 	581 	732
f 574 	732 	577
f 540 	686 	470
f 723 	526 	720
f 733 	474 	729
f 731 	748 	727
f 460 	679 	440
f 679 	676 	994
f 413 	679 	994
f 440 	679 	413
f 677 	730 	1770
f 731 	736 	748
f 688 	686 	540
f 657 	1040 	745
f 695 	337 	742
f 727 	748 	724
f 717 	724 	748
f 332 	711 	748
f 878 	876 	785
f 783 	781 	882
f 748 	266 	332
f 884 	882 	781
f 751 	1770 	750
f 763 	767 	804
f 697 	633 	621
f 730 	725 	1770
f 1770 	751 	1035
f 764 	388 	760
f 738 	884 	777
f 781 	777 	884
f 882 	878 	783
f 769 	388 	764
f 753 	562 	968
f 775 	771 	1035
f 633 	697 	716
f 805 	803 	755
f 776 	468 	772
f 778 	468 	776
f 755 	752 	805
f 554 	716 	556
f 780 	468 	778
f 653 	772 	468
f 771 	765 	1035
f 808 	805 	752
f 752 	747 	808
f 751 	775 	1035
f 768 	808 	747
f 747 	746 	768
f 1060 	1035 	766
f 765 	766 	1035
f 287 	2573 	895
f 624 	623 	798
f 797 	792 	794
f 797 	794 	759
f 797 	759 	761
f 714 	613 	608
f 714 	608 	708
f 785 	783 	878
f 795 	732 	705
f 468 	780 	782
f 468 	782 	784
f 786 	634 	784
f 797 	789 	792
f 789 	797 	786
f 654 	652 	334
f 654 	334 	333
f 719 	616 	613
f 719 	613 	714
f 334 	652 	655
f 334 	655 	336
f 807 	797 	804
f 725 	619 	616
f 725 	616 	719
f 809 	797 	807
f 730 	622 	619
f 730 	619 	725
f 758 	757 	799
f 757 	755 	803
f 624 	798 	814
f 674 	636 	625
f 622 	730 	625
f 730 	677 	625
f 674 	625 	677
f 632 	634 	797
f 810 	797 	809
f 811 	491 	813
f 815 	797 	812
f 636 	674 	682
f 636 	682 	640
f 816 	632 	797
f 814 	798 	630
f 623 	630 	798
f 689 	644 	640
f 689 	640 	682
f 694 	424 	817
f 761 	762 	804
f 810 	812 	797
f 815 	816 	797
f 762 	763 	804
f 767 	753 	968
f 754 	555 	753
f 703 	550 	754
f 707 	543 	703
f 712 	538 	707
f 720 	530 	715
f 735 	469 	733
f 968 	804 	767
f 742 	628 	627
f 644 	689 	627
f 689 	695 	627
f 742 	627 	695
f 802 	806 	801
f 821 	432 	822
f 801 	802 	287
f 742 	183 	628
f 745 	1042 	743
f 737 	467 	735
f 822 	436 	823
f 830 	831 	832
f 830 	832 	833
f 823 	436 	826
f 1012 	1016 	287
f 623 	287 	798
f 798 	287 	814
f 802 	1012 	287
f 621 	533 	623
f 806 	801 	287
f 895 	806 	287
f 765 	585 	584
f 831 	830 	584
f 830 	766 	584
f 765 	584 	766
f 834 	829 	491
f 798 	697 	623
f 771 	590 	585
f 771 	585 	765
f 841 	564 	840
f 839 	837 	491
f 775 	597 	590
f 775 	590 	771
f 845 	867 	844
f 837 	836 	491
f 836 	834 	491
f 826 	435 	829
f 491 	829 	488
f 821 	820 	434
f 424 	434 	820
f 819 	817 	424
f 820 	819 	424
f 844 	867 	843
f 750 	629 	601
f 597 	775 	601
f 775 	751 	601
f 750 	601 	751
f 806 	939 	801
f 846 	867 	845
f 827 	867 	847
f 708 	608 	629
f 708 	629 	750
f 939 	865 	801
f 803 	799 	757
f 799 	800 	758
f 800 	491 	758
f 905 	758 	491
f 491 	480 	905
f 800 	813 	491
f 811 	839 	491
f 850 	573 	849
f 852 	925 	851
f 777 	774 	738
f 746 	741 	770
f 770 	768 	746
f 774 	770 	741
f 741 	738 	774
f 1325 	1331 	441
f 569 	571 	854
f 853 	854 	571
f 802 	801 	865
f 852 	851 	833
f 852 	833 	832
f 1015 	1020 	814
f 825 	1325 	441
f 835 	566 	856
f 858 	859 	560
f 562 	560 	859
f 1121 	702 	798
f 697 	798 	702
f 850 	853 	571
f 569 	854 	855
f 856 	567 	855
f 840 	564 	838
f 838 	565 	835
f 843 	867 	841
f 563 	841 	867
f 569 	855 	567
f 825 	442 	842
f 859 	858 	862
f 859 	862 	864
f 846 	847 	867
f 828 	931 	827
f 825 	441 	442
f 864 	862 	869
f 864 	869 	870
f 860 	1107 	861
f 861 	1107 	866
f 442 	342 	842
f 866 	1107 	868
f 873 	875 	870
f 873 	870 	869
f 877 	881 	852
f 871 	732 	874
f 879 	880 	875
f 879 	875 	873
f 885 	886 	880
f 885 	880 	879
f 791 	788 	874
f 788 	785 	876
f 649 	888 	863
f 887 	920 	883
f 890 	891 	886
f 890 	886 	885
f 649 	664 	888
f 898 	901 	891
f 795 	791 	874
f 876 	874 	788
f 891 	956 	886
f 896 	897 	891
f 896 	891 	890
f 1085 	2922 	316
f 899 	900 	895
f 901 	904 	891
f 889 	915 	887
f 732 	795 	874
f 871 	868 	732
f 857 	1164 	860
f 1083 	1082 	1169
f 902 	903 	897
f 902 	897 	896
f 888 	1569 	863
f 904 	956 	891
f 908 	909 	903
f 908 	903 	902
f 895 	900 	806
f 801 	806 	900
f 912 	951 	910
f 905 	524 	911
f 900 	1033 	801
f 664 	907 	888
f 914 	915 	909
f 914 	909 	908
f 895 	939 	806
f 913 	522 	916
f 917 	949 	912
f 919 	920 	915
f 919 	915 	914
f 921 	947 	917
f 687 	907 	664
f 925 	926 	920
f 925 	920 	919
f 922 	942 	924
f 895 	893 	899
f 925 	852 	926
f 942 	973 	924
f 971 	969 	924
f 931 	828 	929
f 980 	867 	933
f 930 	928 	963
f 1178 	939 	935
f 936 	935 	939
f 892 	894 	903
f 906 	956 	904
f 910 	953 	906
f 929 	940 	927
f 923 	945 	921
f 2847 	2722 	2719
f 2722 	2847 	13
f 932 	930 	963
f 922 	918 	942
f 942 	918 	916
f 911 	524 	913
f 523 	522 	913
f 523 	913 	524
f 793 	944 	687
f 9 	2730 	2727
f 949 	917 	947
f 951 	912 	949
f 944 	907 	687
f 950 	1073 	952
f 893 	936 	939
f 959 	957 	963
f 954 	963 	957
f 962 	875 	960
f 961 	963 	967
f 928 	924 	969
f 961 	959 	963
f 936 	935 	899
f 893 	936 	899
f 793 	970 	944
f 963 	928 	967
f 966 	864 	964
f 797 	761 	804
f 969 	967 	928
f 818 	970 	793
f 939 	1150 	865
f 971 	924 	972
f 940 	929 	828
f 953 	910 	951
f 947 	921 	945
f 956 	906 	953
f 958 	886 	956
f 960 	880 	958
f 943 	927 	940
f 656 	338 	655
f 336 	655 	338
f 973 	942 	974
f 933 	827 	931
f 945 	923 	943
f 927 	943 	923
f 964 	870 	962
f 338 	656 	490
f 895 	893 	939
f 824 	977 	818
f 362 	709 	339
f 1183 	1151 	939
f 926 	852 	881
f 883 	926 	881
f 339 	659 	662
f 339 	662 	340
f 942 	978 	976
f 665 	341 	662
f 340 	662 	341
f 1134 	1133 	936
f 936 	893 	1134
f 893 	895 	1134
f 1012 	1134 	802
f 982 	867 	980
f 895 	806 	1134
f 341 	665 	669
f 341 	669 	344
f 984 	985 	986
f 818 	977 	970
f 675 	345 	669
f 344 	669 	345
f 985 	990 	986
f 345 	675 	683
f 345 	683 	348
f 990 	1269 	986
f 981 	979 	942
f 692 	349 	683
f 348 	683 	349
f 502 	500 	981
f 998 	867 	996
f 996 	867 	993
f 349 	692 	351
f 814 	630 	994
f 654 	333 	351
f 1001 	231 	867
f 1002 	157 	676
f 402 	796 	355
f 500 	497 	983
f 983 	981 	500
f 942 	502 	981
f 979 	978 	942
f 942 	976 	975
f 942 	975 	974
f 972 	924 	973
f 937 	934 	963
f 934 	932 	963
f 1003 	157 	1002
f 355 	699 	357
f 987 	867 	982
f 989 	867 	987
f 991 	867 	989
f 867 	991 	993
f 998 	999 	867
f 827 	933 	867
f 497 	536 	988
f 988 	983 	497
f 1000 	997 	568
f 1244 	1248 	986
f 704 	358 	357
f 999 	1001 	867
f 676 	702 	1003
f 676 	1003 	1002
f 952 	1073 	963
f 954 	952 	963
f 948 	1059 	950
f 937 	963 	938
f 946 	1058 	948
f 1248 	1251 	986
f 358 	704 	709
f 358 	709 	362
f 1004 	977 	824
f 659 	339 	709
f 676 	212 	1002
f 1002 	1003 	994
f 848 	1004 	824
f 1002 	994 	676
f 213 	986 	211
f 209 	986 	207
f 728 	369 	367
f 728 	367 	722
f 1008 	1007 	1056
f 209 	211 	986
f 369 	728 	372
f 734 	372 	728
f 1010 	568 	1011
f 372 	734 	740
f 372 	740 	374
f 1000 	568 	1013
f 872 	877 	852
f 744 	377 	374
f 744 	374 	740
f 814 	287 	1015
f 1017 	287 	1016
f 1015 	287 	1017
f 377 	744 	380
f 749 	380 	744
f 798 	814 	1020
f 1018 	1014 	568
f 1019 	1018 	568
f 229 	986 	228
f 756 	383 	380
f 756 	380 	749
f 232 	867 	231
f 802 	865 	1012
f 383 	756 	386
f 760 	386 	756
f 1012 	865 	1125
f 1022 	568 	1023
f 986 	867 	226
f 232 	237 	867
f 388 	386 	760
f 1016 	1012 	1026
f 1024 	568 	1025
f 1239 	1004 	1193
f 769 	390 	388
f 225 	986 	226
f 225 	228 	986
f 203 	986 	229
f 205 	986 	203
f 207 	986 	205
f 237 	226 	867
f 222 	986 	220
f 218 	220 	986
f 218 	986 	216
f 390 	769 	773
f 390 	773 	391
f 779 	393 	773
f 391 	773 	393
f 1125 	1016 	1012
f 1024 	1023 	568
f 1022 	1021 	568
f 1019 	568 	1021
f 1013 	568 	1014
f 1007 	1005 	1056
f 1005 	1006 	1056
f 568 	1056 	1006
f 1006 	1011 	568
f 1010 	1025 	568
f 787 	397 	779
f 393 	779 	397
f 1026 	1012 	1033
f 397 	787 	790
f 397 	790 	399
f 657 	658 	1037
f 399 	790 	796
f 399 	796 	402
f 1032 	1009 	1056
f 699 	355 	796
f 1041 	1017 	1016
f 1041 	1016 	1027
f 1036 	1056 	1039
f 1036 	1032 	1056
f 1044 	743 	1042
f 1017 	1016 	1026
f 1017 	1026 	1046
f 1043 	1039 	1056
f 1045 	1043 	1056
f 1017 	994 	1016
f 1047 	1045 	1056
f 1048 	1047 	1056
f 1052 	1030 	1050
f 1050 	1030 	1049
f 1028 	1053 	1031
f 1054 	1030 	1052
f 1009 	1008 	1056
f 1051 	1053 	1028
f 1035 	1060 	1029
f 1034 	1037 	658
f 1034 	658 	1057
f 1046 	624 	1015
f 363 	306 	965
f 1055 	660 	1054
f 1059 	948 	1058
f 1060 	1038 	1029
f 955 	1130 	1061
f 1017 	1041 	1020
f 1017 	1020 	1015
f 660 	1057 	658
f 1057 	660 	1055
f 657 	1037 	1040
f 1042 	745 	1040
f 462 	739 	1044
f 1063 	1062 	1056
f 453 	363 	631
f 1056 	1175 	1067
f 1067 	1175 	1069
f 1068 	1064 	363
f 1064 	631 	363
f 1070 	1068 	363
f 467 	737 	465
f 938 	963 	1073
f 1053 	1066 	1031
f 1069 	1175 	1071
f 1072 	1070 	363
f 1061 	825 	842
f 1071 	1175 	1075
f 1077 	1075 	1174
f 1079 	1076 	363
f 1074 	1072 	363
f 1082 	1080 	1170
f 1170 	1169 	1082
f 1084 	965 	1087
f 1065 	1063 	1056
f 1067 	1065 	1056
f 1062 	1058 	1056
f 946 	1056 	1058
f 1073 	950 	1059
f 465 	739 	462
f 469 	735 	467
f 474 	733 	469
f 88 	521 	474
f 743 	1044 	739
f 1171 	1170 	1080
f 1174 	1172 	1077
f 1078 	1077 	1172
f 1172 	1171 	1078
f 1080 	1078 	1171
f 946 	1048 	1056
f 1088 	965 	1090
f 516 	88 	510
f 1088 	1087 	965
f 965 	1084 	1081
f 363 	965 	1079
f 1081 	1079 	965
f 649 	863 	1051
f 526 	723 	521
f 530 	720 	526
f 863 	1053 	1051
f 532 	715 	530
f 1092 	1091 	1097
f 1068 	670 	1064
f 1092 	1097 	1094
f 732 	1096 	1097
f 1094 	1097 	1095
f 550 	703 	543
f 1070 	673 	1068
f 670 	1068 	673
f 2924 	1089 	1093
f 1095 	1097 	1096
f 562 	753 	555
f 673 	1070 	1072
f 555 	754 	550
f 966 	968 	859
f 1103 	732 	1104
f 516 	521 	88
f 156 	510 	88
f 538 	712 	532
f 521 	729 	474
f 543 	707 	538
f 739 	465 	737
f 1015 	1017 	1046
f 1015 	994 	1017
f 562 	859 	968
f 732 	1107 	1105
f 1105 	1104 	732
f 732 	1103 	1102
f 732 	1102 	1100
f 732 	1100 	1099
f 1098 	1096 	732
f 1099 	1098 	732
f 732 	868 	1107
f 1164 	1107 	860
f 1012 	802 	1033
f 801 	1033 	802
f 584 	986 	831
f 727 	1084 	1087
f 1012 	1016 	994
f 727 	1087 	1088
f 1109 	104 	1111
f 1110 	104 	1109
f 814 	1015 	624
f 1111 	104 	1112
f 994 	1134 	1012
f 814 	994 	1015
f 1112 	104 	1114
f 104 	1184 	1114
f 870 	964 	864
f 806 	802 	1134
f 1115 	1114 	1184
f 1116 	1115 	1184
f 606 	631 	610
f 1064 	667 	631
f 880 	960 	875
f 1117 	1116 	1184
f 1119 	994 	1003
f 667 	1064 	670
f 1121 	798 	1020
f 891 	897 	898
f 1113 	941 	1101
f 1118 	1117 	1184
f 894 	898 	897
f 1120 	1118 	1184
f 1072 	698 	673
f 1122 	1120 	1184
f 1126 	1027 	1125
f 1016 	1125 	1027
f 701 	698 	1074
f 1072 	1074 	698
f 903 	894 	897
f 1076 	706 	1074
f 701 	1074 	706
f 915 	889 	909
f 886 	958 	880
f 711 	706 	1079
f 1076 	1079 	706
f 1121 	1041 	1027
f 1121 	1027 	1126
f 920 	887 	915
f 1081 	717 	1079
f 711 	1079 	717
f 926 	883 	920
f 903 	909 	892
f 1020 	1041 	1121
f 889 	892 	909
f 986 	222 	852
f 1546 	1130 	1113
f 717 	1081 	1084
f 717 	1084 	724
f 1113 	955 	941
f 724 	1084 	727
f 1119 	1003 	1126
f 1121 	1126 	1003
f 859 	864 	966
f 875 	962 	870
f 955 	1113 	1130
f 702 	1121 	1003
f 1119 	1126 	1125
f 865 	1119 	1125
f 1028 	1031 	1106
f 832 	986 	852
f 832 	831 	986
f 222 	872 	852
f 727 	1088 	731
f 1106 	1031 	1108
f 731 	1088 	1090
f 731 	1090 	736
f 1163 	1128 	1108
f 1003 	1119 	157
f 1119 	1157 	157
f 1132 	1133 	1134
f 1136 	1134 	1133
f 213 	216 	986
f 1131 	1061 	1130
f 935 	936 	1133
f 1124 	1123 	1184
f 1127 	1184 	1139
f 1138 	1133 	1134
f 1136 	1132 	1134
f 1139 	1097 	1140
f 1134 	1136 	1138
f 1141 	1097 	1143
f 1143 	1097 	1091
f 994 	1119 	1157
f 2388 	1142 	1135
f 1134 	994 	1136
f 1611 	1137 	1144
f 1132 	1150 	1151
f 1132 	1151 	1133
f 1147 	1056 	1149
f 1131 	1325 	825
f 1150 	1132 	1160
f 1156 	1155 	1056
f 1160 	1302 	1150
f 1131 	825 	1061
f 1161 	1159 	104
f 1119 	1003 	1157
f 1031 	1163 	1108
f 1119 	865 	1150
f 1167 	1129 	1128
f 49 	1196 	1165
f 1157 	1119 	1150
f 1166 	1164 	857
f 1302 	1282 	1150
f 1421 	1361 	1153
f 857 	1086 	1166
f 1169 	1166 	1086
f 1157 	1249 	157
f 1714 	1153 	1361
f 1163 	1167 	1128
f 1200 	1165 	1198
f 1002 	230 	1003
f 1174 	1075 	1175
f 1056 	104 	1159
f 1159 	1156 	1056
f 1149 	1056 	1155
f 1146 	1056 	1147
f 1056 	1146 	1177
f 1177 	1175 	1056
f 1086 	1083 	1169
f 2609 	2615 	935
f 893 	2609 	936
f 935 	936 	2609
f 1178 	1183 	939
f 1141 	1140 	1097
f 1127 	1124 	1184
f 1123 	1122 	1184
f 1179 	1181 	1176
f 1178 	899 	935
f 1110 	1162 	104
f 1162 	1161 	104
f 1691 	1145 	1129
f 1148 	1707 	1152
f 1179 	1187 	1181
f 656 	655 	1260
f 1179 	1186 	1187
f 1178 	1189 	1185
f 1187 	1310 	1181
f 568 	1388 	1381
f 935 	1133 	1178
f 659 	104 	662
f 665 	662 	104
f 568 	451 	1388
f 669 	665 	104
f 1188 	1178 	1185
f 568 	452 	451
f 675 	669 	104
f 1188 	899 	1178
f 1163 	1031 	1066
f 568 	596 	452
f 683 	104 	692
f 696 	692 	104
f 1066 	1647 	1163
f 568 	612 	596
f 1163 	1647 	1167
f 568 	2807 	612
f 2615 	2618 	1178
f 104 	709 	704
f 568 	2808 	2807
f 1178 	1185 	1183
f 568 	2810 	2808
f 683 	675 	104
f 709 	104 	659
f 1188 	1189 	1211
f 568 	549 	2810
f 1230 	1195 	1193
f 728 	1419 	734
f 1195 	1242 	1193
f 1196 	1197 	1165
f 1189 	1183 	1185
f 1185 	1189 	1188
f 1197 	1198 	1165
f 1268 	1183 	1189
f 1199 	1268 	1189
f 1189 	1199 	1211
f 2550 	1191 	1190
f 760 	1184 	764
f 769 	764 	1184
f 1200 	74 	1165
f 1203 	1151 	1205
f 1203 	1205 	1202
f 1201 	1254 	1195
f 1165 	74 	76
f 1203 	1138 	1202
f 1184 	104 	779
f 1191 	1204 	1192
f 76 	79 	1165
f 1151 	1183 	1205
f 1192 	1207 	1194
f 779 	773 	1184
f 1204 	1207 	1192
f 79 	85 	1165
f 1202 	1199 	1203
f 1199 	1189 	1203
f 1185 	1203 	1189
f 790 	787 	104
f 787 	779 	104
f 773 	769 	1184
f 756 	1184 	760
f 749 	1184 	756
f 744 	740 	1184
f 1097 	1184 	740
f 734 	1097 	740
f 749 	744 	1184
f 704 	700 	104
f 699 	104 	700
f 796 	104 	699
f 1097 	1139 	1184
f 796 	790 	104
f 1211 	1199 	1209
f 655 	652 	1260
f 652 	654 	1260
f 654 	696 	1260
f 696 	104 	1260
f 1202 	1138 	1214
f 1411 	1410 	1097
f 1214 	1209 	1202
f 1210 	1209 	1214
f 1199 	1202 	1209
f 1212 	1217 	1204
f 1228 	1202 	1214
f 1189 	2617 	1199
f 1219 	1218 	1215
f 1204 	1217 	1207
f 1220 	1219 	1215
f 1221 	1220 	1215
f 1209 	1210 	1268
f 1225 	1215 	1226
f 1408 	1407 	1097
f 1135 	1217 	1212
f 1224 	1215 	1225
f 1223 	1215 	1224
f 1222 	1215 	1223
f 1222 	1221 	1215
f 1202 	1205 	1214
f 1097 	1215 	732
f 1209 	1268 	1199
f 722 	1419 	728
f 1260 	1229 	656
f 1133 	1203 	1136
f 1228 	1136 	1203
f 1228 	1203 	1202
f 1682 	1234 	1260
f 1294 	1296 	1227
f 1271 	986 	1269
f 1133 	1151 	1203
f 1234 	1682 	1235
f 1236 	1235 	1682
f 1133 	1138 	1203
f 1454 	1214 	1138
f 848 	1193 	1004
f 986 	1271 	1272
f 1682 	1365 	1236
f 1150 	939 	1151
f 1365 	1405 	1236
f 1185 	1178 	1133
f 1203 	1185 	1133
f 1228 	1160 	1136
f 1132 	1136 	1160
f 1242 	1239 	1193
f 1136 	1228 	1138
f 1195 	1254 	1242
f 986 	1251 	1255
f 1157 	2071 	1249
f 1396 	1395 	1243
f 1136 	994 	1228
f 1249 	1284 	1157
f 1395 	1394 	1245
f 233 	2071 	144
f 1206 	1259 	1201
f 1003 	230 	1157
f 2071 	1157 	230
f 1233 	1260 	1234
f 1231 	1260 	1233
f 1231 	1229 	1260
f 1248 	1244 	1293
f 1262 	1454 	1210
f 1209 	1210 	1454
f 1187 	1186 	1382
f 1201 	1259 	1254
f 1196 	1208 	1263
f 1454 	1264 	1214
f 1211 	1209 	1454
f 1208 	1277 	1263
f 1210 	1214 	1264
f 1210 	1264 	1262
f 1267 	1259 	1206
f 1208 	1273 	1277
f 1196 	1263 	1197
f 1306 	1251 	1248
f 91 	1198 	1197
f 1917 	1300 	1264
f 1214 	1264 	1275
f 1251 	1308 	1255
f 91 	1197 	1263
f 1251 	1306 	1308
f 1199 	2620 	1209
f 1209 	2620 	1210
f 2670 	1279 	1266
f 1210 	1262 	1268
f 1198 	94 	1200
f 1206 	1213 	1267
f 1198 	91 	94
f 1183 	1268 	1205
f 1205 	1268 	1676
f 1267 	1794 	1259
f 1200 	94 	7
f 1200 	7 	74
f 1676 	1264 	1205
f 1214 	1205 	1264
f 1270 	2597 	11
f 986 	1272 	1276
f 1216 	1278 	1213
f 1276 	1244 	986
f 1275 	1264 	1274
f 1228 	1214 	1275
f 1213 	1278 	1267
f 1263 	129 	91
f 1263 	1277 	129
f 1227 	1280 	1216
f 1138 	1275 	1289
f 1270 	11 	1281
f 1160 	1228 	1275
f 1228 	1275 	1138
f 1216 	1280 	1278
f 1282 	194 	1249
f 1273 	249 	1277
f 1270 	1283 	1279
f 1271 	1846 	1272
f 176 	129 	1277
f 1282 	1249 	1157
f 1270 	1281 	1283
f 2071 	2048 	1249
f 1277 	249 	176
f 1275 	1228 	1284
f 994 	1284 	1228
f 1324 	1265 	1318
f 118 	227 	1286
f 994 	1157 	1284
f 1284 	1249 	1282
f 1288 	1289 	1274
f 1275 	1274 	1289
f 1276 	1287 	1244
f 1280 	1227 	1296
f 141 	118 	1286
f 249 	1273 	1285
f 1265 	1324 	1290
f 1850 	1287 	1276
f 1291 	141 	1286
f 1287 	1293 	1244
f 1290 	1137 	1265
f 1275 	1288 	1274
f 155 	1292 	1281
f 1300 	1288 	1264
f 257 	249 	1285
f 1302 	1160 	1275
f 1285 	1295 	257
f 1288 	1275 	1274
f 155 	1291 	1292
f 1296 	1298 	1280
f 1292 	1299 	1281
f 1295 	264 	257
f 1274 	1264 	1288
f 1295 	1297 	264
f 1333 	1181 	1301
f 1281 	1299 	1283
f 1293 	1287 	1312
f 1288 	1940 	1302
f 1275 	1288 	1302
f 1297 	1303 	282
f 1333 	1301 	1290
f 1300 	1940 	1288
f 1304 	1305 	1294
f 1301 	1144 	1290
f 418 	217 	174
f 1288 	1300 	1928
f 1310 	1301 	1181
f 1293 	1306 	1248
f 1301 	1153 	1144
f 1297 	282 	264
f 1310 	1153 	1301
f 1294 	1305 	1296
f 1282 	1307 	1284
f 1922 	1284 	1307
f 1290 	1144 	1137
f 1307 	194 	1282
f 1303 	291 	282
f 1157 	1150 	1282
f 1307 	1282 	1302
f 1303 	1309 	291
f 1322 	1327 	1305
f 1300 	1288 	1922
f 1275 	1284 	1288
f 1922 	1288 	1284
f 1298 	1296 	1358
f 297 	1309 	1311
f 1382 	1421 	1187
f 1310 	1187 	1421
f 1421 	1153 	1310
f 1311 	316 	297
f 1293 	1312 	1317
f 1313 	2281 	1314
f 1314 	2281 	1315
f 27 	316 	1311
f 2762 	2761 	1337
f 1314 	1337 	1315
f 1354 	1337 	1313
f 1313 	1337 	1314
f 1306 	1293 	1317
f 30 	1085 	316
f 27 	30 	316
f 1314 	1753 	1313
f 1306 	1317 	1321
f 1319 	1324 	1316
f 1315 	2771 	1314
f 1322 	1305 	1304
f 1564 	1325 	1131
f 1320 	1322 	1304
f 1306 	1321 	1308
f 1323 	1325 	1564
f 1316 	1324 	1318
f 1318 	1265 	1673
f 1323 	1330 	1331
f 1176 	1319 	1531
f 1245 	1243 	1395
f 1243 	1241 	1396
f 1402 	1399 	1238
f 1399 	1396 	1241
f 1403 	1402 	1236
f 1405 	1403 	1236
f 1238 	1236 	1402
f 1319 	1333 	1324
f 1321 	1317 	1346
f 1176 	1333 	1319
f 1338 	2762 	1337
f 1335 	1682 	1336
f 1336 	1682 	1339
f 1333 	1290 	1324
f 1446 	1322 	1320
f 1342 	1343 	1338
f 1342 	1338 	1337
f 1339 	1682 	1340
f 1344 	1341 	1682
f 1341 	1340 	1682
f 1327 	1322 	1446
f 1326 	1328 	1337
f 1338 	1337 	1328
f 1176 	1181 	1333
f 1345 	1344 	1682
f 2648 	2709 	1262
f 1345 	1682 	1347
f 1338 	1343 	1348
f 1349 	1347 	1682
f 1329 	1348 	1328
f 1751 	1326 	1337
f 1386 	1352 	1346
f 1337 	1354 	1751
f 1358 	1296 	1305
f 1357 	1672 	1359
f 1733 	1383 	1354
f 1354 	1342 	1337
f 1360 	1442 	1362
f 1362 	1215 	1218
f 1298 	1358 	1364
f 2649 	2648 	1262
f 1371 	1400 	1367
f 1343 	1368 	1348
f 1827 	1817 	1364
f 1367 	1348 	1368
f 1361 	1724 	1714
f 1327 	1358 	1305
f 1361 	1366 	1724
f 1323 	1331 	1325
f 1329 	1367 	1348
f 1338 	1328 	1348
f 1327 	1332 	1358
f 1358 	1332 	1364
f 1371 	1367 	1329
f 1332 	1372 	1364
f 1789 	1791 	1371
f 1331 	1330 	1378
f 1450 	1456 	347
f 1375 	1378 	1330
f 1331 	1378 	1381
f 1377 	1380 	1837
f 347 	1376 	1450
f 1186 	1379 	1382
f 568 	1381 	1378
f 1385 	1668 	1368
f 1331 	1381 	441
f 1387 	1343 	1383
f 1342 	1383 	1343
f 441 	1381 	1388
f 1379 	1384 	1389
f 1386 	1317 	1312
f 1343 	1387 	1385
f 1343 	1385 	1368
f 1346 	1317 	1386
f 441 	1388 	442
f 1374 	1446 	1377
f 1379 	1389 	1382
f 1388 	451 	442
f 1386 	1390 	1352
f 1420 	1419 	1256
f 1256 	1253 	1420
f 1383 	1385 	1387
f 1390 	1406 	1363
f 1397 	1398 	1409
f 1384 	1391 	1462
f 1352 	1390 	1363
f 1262 	1400 	1454
f 1252 	1250 	1393
f 1108 	1030 	1106
f 1454 	1404 	1264
f 1128 	1030 	1108
f 1129 	1030 	1128
f 600 	444 	1401
f 1247 	1245 	1394
f 1241 	1240 	1399
f 1391 	1478 	1462
f 1145 	1030 	1129
f 1215 	1407 	1226
f 1404 	1400 	1262
f 1404 	1262 	1264
f 1215 	1097 	1407
f 1148 	1030 	1145
f 1398 	1401 	1409
f 1401 	444 	1409
f 1152 	1030 	1148
f 446 	1409 	444
f 1210 	2652 	1262
f 2652 	2649 	1262
f 1158 	1030 	1152
f 448 	1409 	446
f 1030 	1158 	1414
f 1412 	1411 	1097
f 1410 	1408 	1097
f 1414 	1416 	1030
f 1453 	1268 	1400
f 1262 	1400 	1268
f 1415 	1413 	1097
f 1413 	1412 	1097
f 1416 	1418 	1030
f 722 	1258 	1419
f 1268 	1453 	1676
f 1478 	1391 	1471
f 1250 	1247 	1394
f 1394 	1393 	1250
f 1393 	1392 	1252
f 1253 	1252 	1392
f 1392 	1420 	1253
f 1258 	1256 	1419
f 1097 	734 	1419
f 1417 	1097 	1419
f 1417 	1415 	1097
f 1264 	1676 	1404
f 1334 	1682 	1335
f 1365 	1682 	1334
f 1240 	1238 	1399
f 1414 	2656 	1416
f 1400 	1262 	2751
f 1448 	1453 	1424
f 1424 	1453 	1423
f 1191 	1409 	1190
f 1359 	1442 	1360
f 1356 	1674 	1357
f 1679 	1678 	1353
f 1662 	1661 	1349
f 1666 	1664 	1349
f 1682 	1666 	1349
f 1664 	1662 	1349
f 1355 	1677 	1356
f 1426 	1424 	1423
f 1192 	1409 	1191
f 1382 	1425 	1421
f 1194 	1409 	1192
f 1406 	1369 	1363
f 1441 	1439 	1215
f 1425 	1382 	1389
f 1423 	1371 	1329
f 1421 	1425 	1366
f 1406 	1422 	1369
f 1367 	1668 	1371
f 1421 	1366 	1361
f 1432 	1215 	1434
f 1426 	1423 	1329
f 1425 	1389 	1440
f 1668 	1424 	1423
f 1435 	418 	1438
f 1422 	1431 	1373
f 1425 	1370 	1366
f 1215 	1362 	1442
f 1822 	1789 	1423
f 1423 	1789 	1371
f 1425 	1440 	1370
f 1439 	1437 	1215
f 1437 	1436 	1215
f 1436 	1434 	1215
f 1430 	1215 	1432
f 1429 	1633 	1430
f 1428 	1635 	1429
f 1424 	1822 	1423
f 414 	418 	1435
f 418 	453 	1438
f 639 	1438 	453
f 1442 	1441 	1215
f 1442 	1359 	1672
f 1431 	1376 	1373
f 1476 	1424 	1426
f 418 	454 	453
f 1431 	1450 	1376
f 1371 	1423 	1453
f 418 	458 	454
f 1462 	1444 	1440
f 1422 	1373 	1369
f 1424 	1665 	1448
f 418 	166 	458
f 1446 	1332 	1327
f 1447 	1445 	1215
f 174 	166 	418
f 1449 	1447 	1215
f 1446 	1372 	1332
f 1446 	1374 	1372
f 1448 	1822 	1424
f 418 	227 	217
f 1453 	1454 	1400
f 1446 	1380 	1377
f 418 	1286 	227
f 1454 	1453 	1404
f 1446 	1427 	1380
f 418 	1291 	1286
f 1446 	1433 	1427
f 1400 	1404 	1453
f 418 	1292 	1291
f 1450 	1909 	1456
f 1455 	1446 	1457
f 1446 	1443 	1433
f 1444 	1761 	1763
f 418 	1299 	1292
f 1497 	1495 	1446
f 1458 	1446 	1459
f 1418 	1472 	1030
f 1400 	1371 	1453
f 1384 	1462 	1389
f 1917 	1264 	1404
f 421 	1299 	418
f 1462 	1440 	1389
f 1465 	1215 	1466
f 1470 	1467 	1215
f 1470 	1215 	1445
f 360 	1527 	2099
f 1404 	1676 	1453
f 1467 	1466 	1215
f 1215 	1465 	1464
f 1461 	1446 	1463
f 1463 	1446 	1464
f 1475 	1049 	1030
f 1527 	360 	1529
f 364 	1529 	360
f 1460 	1446 	1461
f 1459 	1446 	1460
f 1457 	1446 	1458
f 1452 	1526 	1455
f 1518 	1517 	1501
f 1215 	1464 	1446
f 1473 	1474 	1030
f 1474 	1475 	1030
f 366 	1532 	1529
f 366 	1529 	364
f 1471 	1509 	1478
f 370 	1532 	366
f 1471 	1504 	1509
f 1418 	1468 	1469
f 1472 	1418 	1469
f 1473 	1030 	1472
f 347 	1456 	1645
f 1536 	370 	375
f 1478 	1444 	1462
f 381 	1539 	1536
f 381 	1536 	375
f 548 	542 	1479
f 1481 	1479 	542
f 542 	537 	1481
f 385 	1539 	381
f 1493 	1443 	1495
f 1484 	1482 	531
f 531 	528 	1484
f 389 	1543 	385
f 392 	1543 	389
f 1499 	1496 	445
f 445 	443 	1499
f 395 	1547 	392
f 1624 	1737 	1508
f 1505 	1502 	1446
f 1502 	1500 	1446
f 1446 	1500 	1497
f 1443 	1446 	1495
f 1490 	1443 	1493
f 1547 	395 	1549
f 398 	1549 	395
f 568 	1378 	1375
f 1448 	1424 	1476
f 1549 	398 	1552
f 401 	1552 	398
f 401 	404 	1552
f 1478 	1509 	1761
f 405 	1559 	1557
f 405 	1557 	404
f 1509 	1807 	1810
f 1469 	1468 	1493
f 1478 	1761 	1444
f 1559 	405 	1562
f 407 	1562 	405
f 410 	1563 	1562
f 410 	1562 	407
f 1554 	1060 	1560
f 1475 	1474 	1502
f 410 	414 	1563
f 1435 	1398 	414
f 1502 	1505 	1475
f 1519 	1050 	1505
f 1489 	1560 	1060
f 1521 	1522 	1476
f 1060 	1498 	1489
f 1504 	1807 	1509
f 1060 	1506 	1498
f 1523 	1089 	30
f 1448 	1522 	1453
f 1556 	1558 	1453
f 1522 	1521 	1453
f 1060 	1513 	1506
f 1089 	1523 	1093
f 1034 	1526 	1511
f 1649 	1521 	1522
f 1512 	1037 	1511
f 30 	1089 	1085
f 2461 	2469 	1528
f 1037 	1512 	1515
f 1037 	1515 	1040
f 1517 	1042 	1515
f 1040 	1515 	1042
f 1528 	1319 	1316
f 1476 	1522 	1448
f 1042 	1517 	1518
f 1528 	1531 	1319
f 370 	1534 	1532
f 1613 	1855 	1522
f 443 	462 	1518
f 1533 	1093 	1523
f 1534 	370 	1536
f 1535 	1176 	1531
f 1469 	1493 	1472
f 1495 	1472 	1493
f 1497 	1473 	1472
f 1497 	1472 	1495
f 1101 	1533 	1538
f 1535 	1179 	1176
f 385 	1541 	1539
f 1473 	1497 	1474
f 1500 	1474 	1497
f 1540 	1179 	1535
f 1500 	1502 	1474
f 1543 	1541 	385
f 1050 	1049 	1505
f 1050 	1519 	1520
f 1533 	1101 	1093
f 392 	1544 	1543
f 1542 	1186 	1540
f 1547 	1544 	392
f 1540 	1186 	1179
f 1525 	1055 	1524
f 1113 	1101 	1538
f 1055 	1525 	1526
f 1186 	1542 	1379
f 1546 	1113 	1538
f 1542 	1550 	1379
f 1034 	1511 	1037
f 1550 	1384 	1379
f 1552 	404 	1557
f 1553 	1384 	1550
f 1551 	1130 	1546
f 1521 	1565 	1453
f 1572 	1453 	1558
f 1042 	1518 	1044
f 1480 	1556 	1477
f 1044 	1518 	462
f 1555 	1391 	1553
f 1561 	1558 	1556
f 1555 	1471 	1391
f 1480 	1558 	1556
f 1553 	1391 	1384
f 1556 	1453 	1565
f 1398 	1397 	414
f 1563 	414 	1397
f 1475 	1505 	1049
f 1435 	1438 	1398
f 1401 	1398 	1438
f 1565 	1649 	1556
f 1564 	1131 	1551
f 1520 	1052 	1050
f 1471 	1555 	1566
f 639 	600 	1438
f 1401 	1438 	600
f 1476 	1477 	1565
f 1524 	1054 	1520
f 1052 	1520 	1054
f 1054 	1524 	1055
f 1565 	1477 	1556
f 1055 	1526 	1057
f 1551 	1131 	1130
f 1057 	1526 	1034
f 1558 	1589 	1556
f 1476 	1565 	1521
f 1537 	1530 	1498
f 863 	1568 	1053
f 1530 	1489 	1498
f 1504 	1566 	1567
f 1521 	1649 	1565
f 1498 	1506 	1537
f 863 	1569 	1568
f 1556 	1593 	1565
f 1038 	1060 	1545
f 1504 	1471 	1566
f 1060 	1548 	1545
f 1573 	1917 	1572
f 1453 	1572 	1917
f 1567 	1765 	1504
f 1060 	1554 	1548
f 1765 	1567 	292
f 1573 	1572 	1574
f 1576 	1574 	1572
f 1570 	1583 	1575
f 1572 	1480 	1573
f 1483 	1573 	1480
f 888 	907 	1606
f 1579 	1582 	1578
f 1581 	1575 	1585
f 1577 	1578 	1582
f 1558 	1561 	1576
f 1558 	1576 	1572
f 1583 	1585 	1575
f 888 	1606 	1569
f 1572 	1558 	1480
f 1589 	1593 	1933
f 1586 	1582 	1585
f 2502 	1566 	1555
f 1486 	1573 	1483
f 1588 	1582 	1587
f 907 	944 	1612
f 1582 	1588 	1591
f 1596 	1584 	1580
f 1586 	1587 	1582
f 1573 	1574 	1589
f 1531 	2469 	1535
f 970 	977 	1620
f 2483 	2487 	1535
f 1540 	1535 	2487
f 1573 	1486 	1589
f 1579 	1581 	1585
f 1583 	1570 	1571
f 1582 	1579 	1585
f 1540 	2487 	1542
f 1486 	1514 	1589
f 2502 	1555 	1553
f 977 	1004 	1629
f 1592 	748 	736
f 1601 	1593 	1514
f 1567 	1566 	2517
f 1530 	1537 	1968
f 1577 	1582 	1595
f 2517 	292 	1567
f 1643 	1608 	1593
f 1643 	1593 	1589
f 1772 	1629 	1004
f 1594 	748 	1592
f 1582 	748 	1595
f 1569 	1598 	1568
f 1589 	1593 	1556
f 1589 	1558 	1572
f 1589 	1572 	1573
f 1596 	1580 	1537
f 1584 	1599 	1590
f 1600 	748 	1591
f 1930 	1929 	1602
f 1596 	1599 	1584
f 1582 	1591 	748
f 1601 	1514 	1516
f 1605 	748 	1603
f 1607 	748 	1605
f 1537 	1506 	1596
f 748 	1607 	2144
f 1608 	1609 	1602
f 1608 	1602 	1601
f 1596 	1506 	1513
f 1603 	748 	1600
f 1594 	1595 	748
f 1602 	1601 	1516
f 1596 	1513 	1599
f 1826 	1597 	1604
f 1601 	1602 	1929
f 1929 	1933 	1593
f 1601 	1929 	1593
f 1589 	1514 	1593
f 1597 	1826 	1825
f 1608 	1601 	1593
f 1604 	1137 	1611
f 1612 	1606 	907
f 1521 	1602 	1522
f 1521 	1565 	1601
f 1601 	1602 	1521
f 1601 	1565 	1593
f 1613 	1522 	1602
f 1613 	1602 	1609
f 1612 	1864 	1606
f 1611 	1833 	1604
f 1144 	1153 	1616
f 1516 	1851 	1602
f 944 	1615 	1612
f 1613 	1868 	1602
f 970 	1615 	944
f 1851 	1613 	1602
f 1611 	1144 	1616
f 1616 	1618 	1611
f 1589 	1574 	1655
f 1616 	1153 	1714
f 1644 	1642 	1621
f 1622 	1621 	1642
f 1620 	1615 	970
f 1714 	1618 	1616
f 1642 	1641 	1622
f 1625 	1449 	1215
f 1589 	1655 	1643
f 1628 	1627 	1215
f 1627 	1625 	1215
f 1630 	1215 	1631
f 1704 	1634 	1626
f 977 	1629 	1620
f 1715 	1634 	1704
f 1633 	1429 	1635
f 275 	281 	1632
f 1637 	1648 	1638
f 1510 	1638 	1646
f 1648 	1646 	1638
f 1635 	1428 	1636
f 1631 	1215 	1633
f 1430 	1633 	1215
f 1628 	1215 	1630
f 1590 	1634 	1715
f 1004 	1239 	1772
f 1632 	1316 	1318
f 1641 	1640 	1623
f 1624 	1623 	1640
f 1623 	1622 	1641
f 1556 	1649 	1561
f 1651 	1561 	1649
f 347 	1645 	352
f 1650 	1636 	1428
f 1648 	1637 	1650
f 1654 	1167 	1647
f 1639 	1673 	1652
f 537 	531 	1482
f 1482 	1481 	537
f 1479 	1507 	548
f 553 	548 	1507
f 1507 	1508 	553
f 560 	553 	1508
f 560 	1508 	1737
f 1646 	1644 	1510
f 1637 	1636 	1650
f 1621 	1510 	1644
f 1645 	1610 	352
f 447 	445 	1496
f 1608 	1643 	1609
f 1653 	1610 	1645
f 281 	1528 	1316
f 1568 	1066 	1053
f 1574 	1576 	1655
f 1651 	1655 	1576
f 1632 	281 	1316
f 1561 	1651 	1576
f 1660 	1679 	1351
f 1351 	1350 	1660
f 1522 	1448 	1665
f 1066 	1663 	1647
f 1318 	1639 	1632
f 1423 	1371 	1668
f 1659 	1614 	1653
f 1667 	1666 	1682
f 1066 	1568 	1663
f 1665 	1424 	1668
f 1663 	1888 	1647
f 1318 	1673 	1639
f 1653 	1614 	1610
f 1674 	1356 	1675
f 1672 	1357 	1674
f 1367 	1368 	1668
f 1888 	1654 	1647
f 1355 	1353 	1678
f 1673 	1681 	1652
f 1649 	1522 	1665
f 1669 	1667 	1682
f 1350 	1349 	1661
f 1661 	1660 	1350
f 1353 	1351 	1679
f 1677 	1355 	1678
f 1675 	1356 	1677
f 1654 	1892 	1656
f 1659 	1617 	1614
f 1713 	1658 	1739
f 1658 	1671 	1682
f 1671 	1670 	1682
f 1670 	1669 	1682
f 1655 	1651 	1643
f 1643 	1651 	1649
f 1649 	1665 	1643
f 1680 	1617 	1659
f 1568 	1598 	1663
f 2087 	1683 	1680
f 1684 	178 	851
f 1665 	1668 	1906
f 1385 	1893 	1668
f 1673 	1688 	1681
f 1129 	1167 	1691
f 1683 	1619 	1680
f 1689 	914 	1690
f 1688 	1673 	1265
f 1692 	902 	1693
f 1694 	890 	1695
f 1693 	896 	1694
f 1688 	1597 	1681
f 1691 	1697 	1145
f 1732 	1730 	879
f 1680 	1619 	1617
f 1700 	1754 	1703
f 1145 	1697 	1148
f 1696 	885 	1729
f 1313 	1699 	1354
f 1699 	1700 	1354
f 1703 	1354 	1700
f 1697 	1707 	1148
f 1265 	1137 	1688
f 1729 	1727 	1698
f 1688 	1604 	1597
f 1711 	1158 	1152
f 1701 	1698 	1727
f 1683 	1626 	1619
f 1700 	2281 	1699
f 1313 	1699 	2281
f 1604 	1688 	1137
f 1704 	1626 	1683
f 1707 	1711 	1152
f 1702 	1701 	1726
f 1727 	1726 	1701
f 1698 	1696 	1729
f 1730 	1729 	885
f 885 	879 	1730
f 1695 	885 	1696
f 1700 	1703 	2281
f 1711 	1716 	1158
f 1714 	1717 	1618
f 1682 	1740 	1658
f 1314 	1720 	1313
f 1699 	1313 	1720
f 1699 	1720 	1722
f 1699 	1722 	1700
f 1718 	1657 	1710
f 1710 	1709 	1718
f 1700 	1722 	1703
f 1158 	1716 	1414
f 1654 	1691 	1167
f 1723 	1721 	1706
f 1706 	1705 	1723
f 1584 	1590 	1715
f 1366 	1370 	1738
f 869 	862 	1735
f 1640 	1737 	1624
f 1370 	1745 	1738
f 1691 	1656 	1697
f 1708 	1706 	1721
f 1721 	1719 	1708
f 1709 	1708 	1719
f 1719 	1718 	1709
f 1712 	1710 	1657
f 1713 	1712 	1658
f 1738 	1724 	1366
f 1735 	1734 	869
f 1725 	1723 	1705
f 873 	869 	1734
f 1705 	1702 	1725
f 1726 	1725 	1702
f 1354 	1703 	1728
f 1731 	1733 	1728
f 1354 	1728 	1733
f 1654 	1656 	1691
f 1354 	1337 	1348
f 1690 	908 	1692
f 1685 	851 	1686
f 1816 	2681 	2844
f 1740 	1682 	1741
f 1731 	1802 	1728
f 1703 	1728 	2281
f 1707 	1910 	1711
f 1743 	1742 	1682
f 1731 	1733 	1800
f 1746 	1744 	1682
f 1915 	1716 	1711
f 1409 	1194 	1971
f 1338 	1348 	1337
f 1354 	1815 	1733
f 1899 	1738 	1901
f 1748 	1747 	1682
f 1750 	1751 	1733
f 1901 	1738 	1745
f 1750 	1733 	1731
f 1749 	1748 	1682
f 1747 	1746 	1682
f 1744 	1743 	1682
f 1742 	1741 	1682
f 1739 	1658 	1740
f 1657 	1658 	1712
f 1752 	1750 	1731
f 1752 	1731 	1728
f 1728 	1703 	1752
f 1722 	1752 	1703
f 1792 	290 	1811
f 1733 	1751 	1354
f 1745 	1902 	1932
f 1802 	1798 	1728
f 1745 	1932 	1901
f 1699 	1753 	1754
f 1699 	1754 	1700
f 51 	1060 	54
f 1756 	984 	1755
f 57 	54 	1060
f 1758 	1370 	1440
f 1728 	1703 	1757
f 1754 	1757 	1703
f 59 	57 	1060
f 1440 	1444 	1758
f 1731 	1728 	1759
f 1757 	1759 	1728
f 177 	1060 	178
f 1060 	851 	178
f 1342 	1354 	1383
f 1758 	1745 	1370
f 1756 	985 	984
f 1383 	1733 	1760
f 190 	1060 	196
f 1760 	1731 	1759
f 985 	1829 	990
f 1733 	1731 	1760
f 198 	1749 	1682
f 199 	198 	1682
f 1756 	1829 	985
f 199 	1682 	200
f 1699 	1313 	1753
f 1267 	1278 	1762
f 51 	48 	1060
f 48 	47 	1060
f 1060 	47 	46
f 196 	1060 	46
f 190 	185 	1060
f 185 	188 	1060
f 1682 	1060 	188
f 188 	200 	1682
f 1278 	1280 	1764
f 1684 	851 	1685
f 1764 	1762 	1278
f 1763 	1758 	1444
f 1383 	1760 	1385
f 1760 	1759 	1894
f 1764 	1814 	1762
f 572 	1766 	721
f 1525 	1455 	1526
f 1767 	1891 	100
f 574 	1768 	1766
f 574 	1766 	572
f 1452 	1451 	1512
f 1515 	1512 	1451
f 577 	1769 	1768
f 577 	1768 	574
f 579 	1773 	1769
f 579 	1769 	577
f 581 	1776 	1773
f 581 	1773 	579
f 583 	1778 	1776
f 583 	1776 	581
f 1519 	1505 	1446
f 1239 	1777 	1772
f 587 	1779 	1778
f 587 	1778 	583
f 1520 	1519 	1446
f 1524 	1520 	1446
f 589 	1780 	1779
f 589 	1779 	587
f 1239 	1242 	1777
f 592 	1781 	1780
f 592 	1780 	589
f 1525 	1524 	1455
f 1446 	1455 	1524
f 1777 	2156 	1772
f 594 	1783 	1781
f 594 	1781 	592
f 680 	1784 	1783
f 680 	1783 	594
f 1512 	1511 	1452
f 1511 	1526 	1452
f 685 	1786 	1784
f 685 	1784 	680
f 1451 	1503 	1515
f 691 	1787 	1786
f 691 	1786 	685
f 1770 	1029 	1771
f 694 	1788 	1787
f 694 	1787 	691
f 1029 	1770 	1035
f 1789 	1822 	1906
f 1029 	1038 	1771
f 1777 	1242 	1790
f 1367 	1371 	1815
f 1790 	1242 	1254
f 411 	450 	420
f 1348 	1367 	1815
f 1790 	2160 	1777
f 1789 	1774 	1791
f 1756 	1755 	2100
f 449 	1496 	450
f 1755 	1792 	2100
f 443 	1518 	1499
f 1501 	1499 	1518
f 1503 	1501 	1517
f 1517 	1515 	1503
f 1259 	1793 	1254
f 428 	420 	509
f 1801 	1775 	1782
f 1793 	1790 	1254
f 1792 	1811 	2398
f 1801 	1782 	1785
f 1259 	1794 	1793
f 1799 	1800 	1802
f 1801 	1802 	1800
f 1090 	965 	1796
f 1800 	1799 	1775
f 1762 	1794 	1267
f 1815 	1893 	1799
f 1803 	1797 	1927
f 1815 	1799 	1733
f 1808 	2239 	1794
f 1771 	1795 	1770
f 965 	1927 	1796
f 1797 	1796 	1927
f 1802 	1806 	1798
f 1785 	1798 	1802
f 1807 	1504 	1765
f 1771 	2258 	1795
f 1762 	1808 	1794
f 1765 	1963 	1807
f 1762 	1814 	1808
f 1809 	1801 	1800
f 1809 	1800 	1805
f 1775 	1801 	1800
f 1800 	1801 	1731
f 1761 	1509 	1810
f 515 	420 	520
f 1801 	1809 	1806
f 1801 	1806 	1802
f 1785 	1802 	1801
f 1496 	1494 	420
f 1731 	1801 	1802
f 2281 	1728 	1798
f 1814 	2272 	1808
f 1763 	1939 	1941
f 525 	520 	1487
f 1280 	1298 	1764
f 528 	525 	1485
f 1485 	1484 	528
f 1815 	1799 	1798
f 1791 	1815 	1798
f 1813 	1789 	1798
f 1802 	1798 	1799
f 1817 	1764 	1298
f 1487 	1485 	525
f 1488 	1487 	520
f 1491 	1488 	520
f 420 	450 	1496
f 1494 	1492 	420
f 515 	509 	420
f 520 	420 	1491
f 1492 	1491 	420
f 1298 	1364 	1817
f 449 	447 	1496
f 1800 	1733 	1799
f 1764 	1817 	1814
f 1815 	1354 	1348
f 1765 	1960 	1963
f 833 	1060 	830
f 1814 	1818 	2272
f 1817 	1818 	1814
f 1774 	1775 	1815
f 1775 	1799 	1815
f 1791 	1774 	1815
f 1785 	1843 	1798
f 862 	858 	1736
f 1734 	1732 	873
f 1791 	1798 	1789
f 1813 	1835 	1789
f 1857 	1822 	1835
f 1789 	1835 	1822
f 1821 	1824 	2539
f 879 	873 	1732
f 1791 	1815 	1371
f 885 	1695 	890
f 1681 	1597 	1823
f 1686 	925 	1687
f 1823 	1825 	1849
f 890 	1694 	896
f 1822 	1774 	1789
f 1817 	1827 	1818
f 1597 	1825 	1823
f 1798 	1806 	1840
f 902 	1692 	908
f 1828 	1820 	1818
f 1604 	1833 	1826
f 1821 	2691 	1824
f 919 	1687 	925
f 1828 	1837 	1820
f 908 	1690 	914
f 896 	1693 	902
f 1687 	919 	1689
f 1736 	1735 	862
f 1737 	1736 	858
f 858 	560 	1737
f 1789 	1906 	1791
f 1060 	766 	830
f 851 	1060 	833
f 925 	1686 	851
f 914 	1689 	919
f 1893 	1805 	1800
f 111 	1060 	177
f 1800 	1799 	1893
f 1828 	1818 	1827
f 2691 	319 	1824
f 1830 	1831 	1813
f 1835 	1813 	1831
f 111 	59 	1060
f 1831 	1834 	1835
f 1838 	1835 	1834
f 990 	1836 	1269
f 1835 	1834 	1832
f 1835 	2281 	1834
f 1830 	1840 	1831
f 1836 	990 	1829
f 1833 	1859 	1826
f 1834 	1831 	1838
f 1840 	1838 	1831
f 1836 	1842 	1269
f 1843 	1832 	1831
f 1843 	1831 	1830
f 1844 	1845 	1542
f 1834 	1831 	1832
f 2281 	1831 	1834
f 1833 	1611 	1618
f 1830 	1813 	1840
f 1798 	1840 	1813
f 1269 	1842 	1271
f 1550 	1542 	1845
f 1830 	1813 	1843
f 1813 	1798 	1843
f 1271 	1842 	1846
f 1813 	2281 	1798
f 1813 	1830 	2281
f 1831 	2281 	1830
f 1827 	1364 	1372
f 1272 	1850 	1276
f 1827 	1374 	1828
f 1272 	1846 	1850
f 1372 	1374 	1827
f 1374 	1377 	1828
f 1854 	1851 	1848
f 1377 	1837 	1828
f 2051 	1849 	1825
f 1837 	1380 	1839
f 1829 	2103 	1836
f 1826 	1853 	1825
f 1427 	1841 	1839
f 1380 	1427 	1839
f 1853 	2051 	1825
f 1822 	1857 	1852
f 1857 	1858 	1852
f 1853 	1826 	1859
f 2089 	1853 	1859
f 1860 	1598 	1569
f 1858 	1854 	1852
f 1858 	1855 	1854
f 1860 	1569 	1606
f 1855 	1854 	1522
f 1854 	1852 	1522
f 1448 	1522 	1852
f 1448 	1852 	1822
f 1842 	1861 	1846
f 1833 	1862 	1859
f 1857 	1847 	1858
f 1618 	1862 	1833
f 1852 	1848 	1774
f 1861 	1863 	1846
f 1852 	1854 	1848
f 1852 	1774 	1822
f 1864 	1860 	1606
f 1855 	1851 	1854
f 1914 	1862 	1618
f 1846 	1863 	1850
f 1914 	2091 	1862
f 1863 	1865 	1850
f 1609 	1905 	1855
f 1613 	1609 	1855
f 1855 	1613 	1851
f 1850 	1865 	1287
f 1865 	1312 	1287
f 1847 	1867 	1858
f 1867 	1847 	1868
f 1958 	1868 	1847
f 1866 	332 	266
f 1868 	2281 	1867
f 1867 	2281 	1858
f 1863 	1870 	1865
f 1930 	1602 	1868
f 1868 	1855 	1867
f 1869 	2119 	335
f 1855 	1868 	1613
f 1858 	1867 	1855
f 1885 	1620 	1629
f 1904 	1965 	1868
f 1865 	1870 	1876
f 266 	1871 	1866
f 266 	275 	1871
f 1860 	1873 	1598
f 1852 	1906 	1822
f 1866 	1871 	1874
f 1865 	1876 	1312
f 1906 	1852 	1905
f 1905 	1852 	1854
f 1598 	1873 	1872
f 1312 	1876 	1386
f 1854 	1855 	1905
f 1643 	1905 	1609
f 1866 	1874 	1869
f 1873 	2343 	1872
f 1857 	1878 	1858
f 1869 	1874 	1875
f 1878 	1877 	1847
f 1878 	1847 	1857
f 2128 	1875 	1879
f 1857 	1858 	1878
f 1880 	1876 	1870
f 1835 	1878 	1857
f 1878 	1907 	1858
f 1877 	1878 	1832
f 1615 	1881 	1612
f 1870 	1887 	1880
f 1876 	1880 	1390
f 1612 	1881 	1864
f 1632 	1871 	275
f 1835 	1838 	1882
f 1835 	1882 	1878
f 1878 	1835 	1832
f 1406 	1390 	1880
f 1632 	1639 	1871
f 1881 	2365 	1864
f 1878 	2281 	1835
f 1858 	2281 	1878
f 1876 	1390 	1386
f 1871 	1639 	1874
f 1615 	1883 	1881
f 1887 	1897 	1880
f 1874 	1639 	1652
f 1620 	1883 	1615
f 1806 	1890 	1840
f 1652 	1875 	1874
f 1884 	1879 	1875
f 1897 	1406 	1880
f 1894 	1806 	1809
f 1885 	1883 	1620
f 1806 	1894 	1890
f 1652 	1884 	1875
f 1422 	1406 	1897
f 1896 	1809 	1805
f 1884 	1886 	1879
f 1805 	1893 	1896
f 1681 	1823 	1884
f 2152 	2387 	1885
f 1884 	1652 	1681
f 1903 	1909 	1450
f 1885 	1629 	2152
f 1886 	1884 	1823
f 1882 	1838 	1895
f 1629 	1772 	2152
f 1849 	1886 	1823
f 1717 	1914 	1618
f 1890 	1891 	1840
f 1889 	1717 	1714
f 1893 	1815 	1906
f 1714 	1724 	1889
f 1888 	1892 	1654
f 1717 	1889 	1916
f 1809 	1896 	1894
f 1724 	1899 	1889
f 1892 	1898 	1656
f 1895 	1907 	1882
f 1891 	1895 	1840
f 1838 	1840 	1895
f 1724 	1738 	1899
f 1891 	1890 	100
f 1890 	1894 	100
f 1911 	1895 	1767
f 1906 	1668 	1893
f 1872 	1888 	1663
f 1897 	1900 	1422
f 1919 	1889 	1899
f 1757 	100 	1759
f 1759 	100 	1894
f 1872 	1663 	1598
f 1893 	1385 	1896
f 1760 	1894 	1896
f 1900 	1431 	1422
f 1891 	1767 	1895
f 1760 	1896 	1385
f 1902 	1745 	1758
f 1892 	2413 	1898
f 1902 	1758 	1763
f 1815 	1791 	1906
f 1892 	2409 	2413
f 2413 	2416 	1898
f 1900 	1903 	1431
f 1909 	1903 	2200
f 1907 	1904 	1867
f 1867 	1858 	1907
f 1697 	1656 	1908
f 1878 	1882 	1907
f 1656 	1898 	1908
f 1911 	1962 	1904
f 1904 	1907 	1911
f 1908 	1707 	1697
f 1643 	1665 	1905
f 1906 	1905 	1665
f 1908 	1910 	1707
f 1450 	1431 	1903
f 1763 	1941 	1902
f 1908 	2397 	1910
f 1911 	1907 	1895
f 1898 	2397 	1908
f 1754 	100 	1757
f 1913 	1289 	1288
f 1711 	1910 	1915
f 1288 	1928 	1913
f 1910 	2400 	1915
f 1456 	1909 	1912
f 1916 	1914 	1717
f 2241 	2072 	1912
f 2072 	1645 	1456
f 2072 	1456 	1912
f 1917 	1940 	1300
f 1915 	1918 	1716
f 1889 	1919 	1916
f 1928 	1300 	1917
f 1920 	1922 	1307
f 965 	1923 	1927
f 1921 	1927 	1856
f 1938 	194 	1920
f 1920 	194 	1307
f 1302 	1940 	1307
f 1925 	1923 	965
f 1856 	1927 	1923
f 1924 	2258 	1771
f 1899 	2158 	1919
f 2204 	1926 	965
f 1926 	1925 	965
f 1930 	1928 	1929
f 1901 	2158 	1899
f 1573 	1589 	1933
f 1404 	1453 	1917
f 1933 	1935 	1573
f 1917 	1573 	1935
f 1940 	1935 	1933
f 1933 	1929 	1940
f 1931 	1548 	1934
f 1928 	1917 	1935
f 1917 	1300 	1922
f 1933 	1929 	1928
f 1935 	1933 	1928
f 1922 	1962 	2313
f 1929 	2313 	1930
f 1933 	1922 	1929
f 1935 	1922 	1933
f 2313 	1929 	1922
f 1935 	1917 	1922
f 1307 	2114 	1920
f 848 	1182 	1230
f 1920 	1938 	1922
f 1962 	1922 	1938
f 1038 	1924 	1771
f 157 	1249 	194
f 1939 	1763 	1761
f 1938 	1920 	1940
f 1920 	1307 	1940
f 1193 	848 	1230
f 1545 	1924 	1038
f 1939 	1761 	1810
f 1931 	1924 	1545
f 1943 	1957 	1942
f 1917 	1935 	1940
f 1945 	1985 	1944
f 1940 	1965 	1938
f 1545 	1548 	1931
f 1944 	1985 	1948
f 1934 	1554 	1936
f 1810 	1967 	1949
f 1867 	1904 	1868
f 1934 	1548 	1554
f 1554 	1560 	1936
f 1810 	1949 	1939
f 1946 	2002 	1945
f 1952 	1965 	1930
f 1936 	1560 	1937
f 1951 	1952 	1868
f 1930 	1868 	1952
f 1560 	1489 	1937
f 1937 	1489 	1530
f 1930 	2313 	1952
f 2281 	1868 	2313
f 1951 	2313 	1868
f 1951 	1952 	2313
f 1928 	1930 	1952
f 1928 	1952 	1951
f 1958 	1928 	1951
f 293 	1960 	292
f 1868 	1958 	1951
f 1943 	1964 	1955
f 1957 	1943 	1955
f 292 	1960 	1765
f 1956 	1942 	1957
f 1951 	1868 	1965
f 1965 	1952 	1951
f 1807 	1967 	1810
f 1950 	1966 	1943
f 1965 	1940 	1929
f 1929 	1930 	1965
f 1807 	1963 	1967
f 1961 	1968 	2302
f 1964 	1943 	1966
f 1954 	1955 	1964
f 1938 	1977 	1962
f 1961 	1530 	1968
f 293 	306 	1969
f 1965 	1904 	1962
f 286 	1974 	288
f 1965 	1962 	1938
f 2302 	1968 	1953
f 421 	732 	1299
f 1973 	1954 	1972
f 1964 	1972 	1954
f 1960 	293 	1969
f 1962 	194 	1938
f 2069 	1953 	1580
f 705 	1976 	795
f 1977 	2326 	2313
f 1962 	1977 	2313
f 1960 	1975 	1963
f 710 	1978 	1976
f 710 	1976 	705
f 1968 	1580 	1953
f 1974 	289 	1973
f 1954 	1973 	289
f 1970 	288 	1974
f 713 	1979 	1978
f 713 	1978 	710
f 1960 	1969 	1975
f 718 	1982 	1979
f 718 	1979 	713
f 1966 	1950 	1981
f 721 	1983 	1982
f 721 	1982 	718
f 1580 	1584 	2069
f 1977 	1962 	1984
f 1911 	1984 	1962
f 1947 	1980 	1950
f 1981 	1950 	1980
f 1980 	1947 	1985
f 1969 	2299 	1975
f 721 	1766 	1983
f 1977 	194 	1962
f 2324 	738 	1986
f 741 	1987 	1986
f 741 	1986 	738
f 1937 	1961 	1959
f 1948 	1985 	1947
f 746 	1988 	1987
f 746 	1987 	741
f 1936 	1937 	1959
f 1988 	746 	1989
f 747 	1989 	746
f 752 	1991 	1989
f 752 	1989 	747
f 2064 	2058 	126
f 133 	124 	2067
f 755 	1997 	1991
f 755 	1991 	752
f 757 	1998 	1997
f 757 	1997 	755
f 758 	2000 	1998
f 758 	1998 	757
f 1994 	2002 	1993
f 1961 	1937 	1530
f 1969 	306 	368
f 1968 	1537 	1580
f 2004 	768 	770
f 2004 	770 	2005
f 1985 	1945 	2002
f 774 	2006 	2005
f 774 	2005 	770
f 777 	2008 	2006
f 777 	2006 	774
f 1969 	368 	2299
f 1993 	2002 	1946
f 781 	2009 	2008
f 781 	2008 	777
f 783 	2010 	2009
f 783 	2009 	781
f 785 	2012 	2010
f 785 	2010 	783
f 2012 	785 	788
f 2012 	788 	2015
f 1653 	1645 	2072
f 791 	2018 	2015
f 791 	2015 	788
f 2002 	1994 	2014
f 1994 	1995 	2014
f 795 	2019 	2018
f 795 	2018 	791
f 1804 	1803 	1927
f 2071 	2127 	2070
f 795 	1976 	2019
f 799 	2020 	2021
f 799 	2021 	800
f 1992 	2016 	2023
f 1992 	2023 	1999
f 803 	2024 	2020
f 803 	2020 	799
f 805 	2026 	2024
f 805 	2024 	803
f 1995 	1996 	2014
f 808 	2029 	2026
f 808 	2026 	805
f 1996 	1990 	2014
f 2029 	808 	2004
f 768 	2004 	808
f 2028 	2001 	2003
f 1927 	2031 	1804
f 2034 	811 	813
f 2034 	813 	2036
f 2033 	2031 	1927
f 2028 	2003 	2023
f 1999 	2023 	2003
f 2036 	813 	800
f 2036 	800 	2021
f 1886 	1849 	2013
f 2038 	2039 	2037
f 2035 	2033 	1927
f 817 	2042 	694
f 1788 	694 	2042
f 2017 	2014 	1990
f 2016 	2114 	1307
f 1307 	1282 	2023
f 2028 	2023 	1282
f 2016 	1307 	2023
f 2075 	2013 	2040
f 427 	2022 	439
f 2042 	817 	819
f 2042 	819 	2045
f 2030 	2047 	2039
f 2045 	819 	820
f 2045 	820 	2046
f 2040 	2013 	1849
f 2041 	439 	2022
f 2048 	2070 	2001
f 821 	2049 	2046
f 821 	2046 	820
f 2028 	2048 	2001
f 822 	2053 	2049
f 822 	2049 	821
f 2037 	2039 	2047
f 823 	2054 	2053
f 823 	2053 	822
f 2051 	2040 	1849
f 2052 	2050 	1927
f 826 	2055 	2054
f 826 	2054 	823
f 2090 	2069 	2043
f 1921 	2052 	1927
f 2025 	2017 	1990
f 829 	2056 	2055
f 829 	2055 	826
f 2028 	1282 	2048
f 834 	2059 	2056
f 834 	2056 	829
f 2051 	2085 	2040
f 2060 	2007 	2011
f 836 	2061 	2059
f 836 	2059 	834
f 2044 	2041 	2022
f 2022 	1927 	2044
f 2050 	2044 	1927
f 2022 	2027 	1927
f 2027 	2035 	1927
f 837 	2066 	2061
f 837 	2061 	836
f 2051 	2086 	2085
f 2065 	123 	2057
f 123 	126 	2057
f 2058 	2057 	126
f 2067 	123 	2065
f 2062 	2063 	117
f 1282 	1249 	2048
f 839 	2068 	2066
f 839 	2066 	837
f 2068 	839 	2034
f 811 	2034 	839
f 2063 	2064 	117
f 1990 	2062 	114
f 2043 	1715 	1704
f 233 	2127 	2071
f 1853 	2086 	2051
f 2001 	2070 	2007
f 1715 	2043 	2069
f 72 	2047 	1990
f 2048 	2071 	2070
f 1859 	2091 	2089
f 1584 	1715 	2069
f 2007 	2070 	2011
f 2030 	2032 	1990
f 230 	144 	2071
f 117 	114 	2062
f 2011 	2084 	2074
f 2047 	2030 	1990
f 2074 	2077 	2060
f 2060 	2011 	2074
f 2073 	1653 	2072
f 2076 	2222 	2077
f 2074 	2076 	2077
f 124 	133 	122
f 133 	135 	122
f 2074 	2084 	2076
f 123 	2067 	124
f 126 	117 	2064
f 114 	72 	1990
f 2075 	2040 	2361
f 142 	120 	140
f 150 	120 	142
f 159 	172 	154
f 2082 	2083 	2084
f 120 	122 	140
f 2084 	2081 	2082
f 2080 	1659 	2073
f 426 	2092 	427
f 2092 	1571 	427
f 429 	2093 	2092
f 429 	2092 	426
f 2080 	1680 	1659
f 2087 	1680 	2080
f 430 	2093 	429
f 150 	152 	172
f 2073 	1659 	1653
f 431 	2095 	430
f 2393 	2391 	2304
f 2391 	2385 	2304
f 165 	150 	169
f 2095 	431 	2096
f 432 	2096 	431
f 1218 	471 	1362
f 172 	169 	150
f 152 	154 	172
f 1219 	472 	471
f 1219 	471 	1218
f 433 	2097 	2096
f 433 	2096 	432
f 1220 	475 	472
f 1220 	472 	1219
f 2097 	433 	2099
f 434 	2099 	433
f 1221 	478 	475
f 1221 	475 	1220
f 1222 	479 	478
f 1222 	478 	1221
f 360 	2099 	434
f 1223 	481 	479
f 1223 	479 	1222
f 195 	191 	2466
f 1224 	482 	481
f 1224 	481 	1223
f 1225 	483 	482
f 1225 	482 	1224
f 186 	208 	191
f 180 	179 	208
f 154 	208 	179
f 159 	154 	179
f 186 	180 	208
f 1226 	485 	483
f 1226 	483 	1225
f 2466 	191 	208
f 1226 	604 	485
f 1090 	1796 	1592
f 529 	1255 	406
f 1594 	1592 	1797
f 1796 	1797 	1592
f 1853 	2089 	2086
f 2088 	1683 	2087
f 1594 	1797 	1803
f 2031 	1578 	1804
f 1578 	1577 	1804
f 2421 	2086 	2089
f 1578 	2031 	2033
f 1862 	2091 	1859
f 2184 	2197 	250
f 252 	2191 	250
f 1581 	2033 	2035
f 656 	1229 	490
f 2088 	2369 	2043
f 490 	1229 	1231
f 1581 	2035 	2027
f 1231 	1233 	493
f 2089 	2426 	2421
f 2022 	427 	1571
f 2022 	1571 	1570
f 1234 	493 	1233
f 2043 	2369 	2090
f 1235 	495 	1234
f 280 	278 	221
f 2043 	1704 	2088
f 1236 	495 	1235
f 430 	2094 	2093
f 2088 	1704 	1683
f 1942 	1956 	221
f 280 	221 	1956
f 1238 	498 	1236
f 2094 	430 	2095
f 498 	1238 	1240
f 284 	1974 	286
f 289 	1974 	284
f 1953 	2069 	2090
f 317 	219 	278
f 331 	313 	321
f 570 	219 	321
f 1575 	2027 	2022
f 1575 	2022 	1570
f 221 	278 	219
f 321 	219 	322
f 322 	219 	317
f 2102 	1756 	2100
f 736 	1090 	1592
f 313 	545 	321
f 545 	570 	321
f 1258 	519 	1256
f 561 	626 	219
f 1594 	1803 	1595
f 1756 	2102 	1829
f 1595 	1804 	1577
f 1803 	1804 	1595
f 1231 	492 	490
f 1578 	2033 	1579
f 492 	1231 	493
f 1579 	2033 	1581
f 2102 	2103 	1829
f 1234 	494 	493
f 1581 	2027 	1575
f 2104 	2098 	2131
f 1836 	2105 	1842
f 495 	494 	1234
f 561 	219 	570
f 2126 	489 	2106
f 435 	2106 	489
f 1236 	496 	495
f 1836 	2103 	2105
f 436 	2107 	2106
f 436 	2106 	435
f 498 	496 	1236
f 2105 	1861 	1842
f 437 	2108 	2107
f 437 	2107 	436
f 1240 	499 	498
f 2098 	2104 	2109
f 499 	1240 	1241
f 499 	1241 	501
f 438 	2110 	2108
f 438 	2108 	437
f 1243 	503 	501
f 1243 	501 	1241
f 2041 	1585 	1583
f 2110 	438 	1583
f 438 	439 	1583
f 2041 	1583 	439
f 1792 	2398 	2100
f 224 	219 	626
f 239 	223 	624
f 2098 	2109 	2101
f 2044 	1586 	1585
f 2044 	1585 	2041
f 1245 	505 	503
f 1245 	503 	1243
f 2050 	1586 	2044
f 505 	1245 	506
f 1247 	506 	1245
f 1586 	2050 	1587
f 2109 	2111 	2101
f 1250 	508 	506
f 1250 	506 	1247
f 2052 	1588 	1587
f 2052 	1587 	2050
f 508 	1250 	512
f 1252 	512 	1250
f 1879 	1886 	2104
f 1253 	514 	512
f 1253 	512 	1252
f 1856 	1600 	1591
f 1588 	2052 	1591
f 2052 	1921 	1591
f 1856 	1591 	1921
f 2104 	2013 	2109
f 1923 	1603 	1600
f 1923 	1600 	1856
f 2406 	2112 	2103
f 1925 	1605 	1603
f 1925 	1603 	1923
f 1926 	1607 	1605
f 1926 	1605 	1925
f 2083 	2082 	2129
f 2103 	2112 	2105
f 2013 	2104 	1886
f 1926 	2144 	1607
f 2013 	2075 	2109
f 2083 	2076 	2084
f 1046 	239 	624
f 2109 	2075 	2111
f 1026 	2173 	1046
f 476 	2115 	2301
f 2105 	2113 	1861
f 480 	2116 	2115
f 480 	2115 	476
f 484 	2117 	2116
f 484 	2116 	480
f 2079 	2078 	2114
f 2112 	2113 	2105
f 626 	624 	223
f 224 	626 	223
f 2118 	2078 	2081
f 486 	2120 	2117
f 486 	2117 	484
f 1861 	2113 	2121
f 487 	2123 	2120
f 487 	2120 	486
f 2119 	446 	335
f 2123 	487 	2124
f 488 	2124 	487
f 2122 	2078 	2118
f 489 	2126 	2124
f 489 	2124 	488
f 2122 	2114 	2078
f 900 	899 	1138
f 1861 	2121 	1863
f 2079 	2114 	2016
f 2016 	1992 	2079
f 900 	1138 	1033
f 2121 	1870 	1863
f 2461 	1528 	281
f 2114 	2122 	1920
f 1938 	1920 	2122
f 1531 	1528 	2469
f 335 	332 	1866
f 2081 	2084 	2118
f 2127 	2118 	2084
f 2483 	1535 	2469
f 1211 	1138 	1188
f 1938 	2122 	2118
f 1938 	2118 	2127
f 1454 	1138 	1211
f 1866 	1869 	335
f 2084 	2070 	2127
f 1542 	2487 	1844
f 1550 	1845 	1553
f 2011 	2070 	2084
f 899 	1188 	1138
f 2119 	2128 	2125
f 2003 	2001 	1289
f 2083 	2129 	2130
f 2119 	1869 	2128
f 2173 	1026 	2163
f 2173 	2176 	1046
f 2130 	2129 	2140
f 2125 	2128 	2131
f 2140 	2076 	2130
f 2083 	2130 	2076
f 2136 	2137 	2801
f 2098 	2504 	2131
f 2127 	2135 	1938
f 1977 	1938 	2135
f 2138 	2132 	2801
f 2137 	2138 	2801
f 2135 	2127 	233
f 2397 	2400 	1910
f 2132 	2133 	2801
f 2133 	2134 	2801
f 1869 	1875 	2128
f 2141 	2142 	2076
f 2161 	2076 	2142
f 1165 	2801 	2134
f 1913 	1992 	1289
f 1879 	2131 	2128
f 2141 	2143 	2142
f 2146 	748 	2145
f 2144 	2145 	748
f 2141 	2149 	2143
f 1879 	2104 	2131
f 2150 	2779 	2148
f 2147 	2148 	2779
f 1329 	1328 	1751
f 1326 	1751 	1328
f 2151 	2779 	2150
f 2153 	2779 	2151
f 2140 	2129 	2149
f 2154 	2779 	2153
f 1751 	1775 	1329
f 1426 	1329 	1774
f 2439 	2387 	2152
f 2155 	2779 	2154
f 2801 	2779 	2136
f 2155 	2136 	2779
f 2152 	1772 	2156
f 2152 	2442 	2439
f 2141 	2076 	2157
f 2149 	2141 	2157
f 1483 	1480 	1486
f 1480 	1477 	1486
f 1476 	1514 	1477
f 2149 	2157 	2140
f 2759 	266 	2159
f 2159 	266 	2146
f 2135 	233 	2257
f 2161 	2142 	2143
f 2161 	2143 	2162
f 1514 	1476 	1516
f 1486 	1477 	1514
f 1851 	1516 	1476
f 1774 	1848 	1426
f 1426 	1848 	1476
f 2156 	1777 	2160
f 2160 	2454 	2156
f 2140 	2157 	2076
f 2032 	2025 	1990
f 2113 	2139 	2121
f 1720 	2047 	72
f 2422 	2139 	2113
f 1901 	1932 	2165
f 2139 	1887 	2121
f 2171 	2164 	2187
f 2188 	2187 	2164
f 2182 	2189 	2164
f 2147 	2759 	2159
f 748 	2146 	266
f 2779 	2759 	2147
f 2166 	2160 	1790
f 2169 	2168 	2172
f 1722 	1720 	72
f 1790 	1793 	2166
f 1901 	2165 	2158
f 2169 	2172 	2180
f 2760 	275 	2759
f 2173 	2163 	2164
f 2173 	2164 	2171
f 266 	2759 	275
f 1782 	1775 	1750
f 1887 	1870 	2121
f 2760 	281 	275
f 2175 	2176 	2170
f 514 	1253 	517
f 1256 	517 	1253
f 2189 	2188 	2164
f 1752 	1722 	72
f 72 	1750 	1752
f 519 	517 	1256
f 2176 	2177 	2170
f 2176 	2173 	2171
f 722 	367 	1258
f 1258 	367 	519
f 2179 	1932 	1902
f 2171 	2177 	2176
f 2170 	2169 	2175
f 2139 	2422 	2178
f 1902 	1941 	2179
f 2169 	2180 	2175
f 2139 	2181 	1887
f 2172 	2168 	2167
f 2172 	2167 	2174
f 293 	292 	2768
f 2766 	2768 	292
f 2237 	1932 	2179
f 1751 	1750 	1775
f 1774 	1329 	1775
f 2178 	2181 	2139
f 2184 	2191 	2183
f 2182 	2183 	2191
f 1750 	72 	1782
f 2181 	1897 	1887
f 293 	2768 	306
f 2184 	2183 	2198
f 2184 	2198 	2197
f 2185 	2186 	2187
f 2185 	2187 	2188
f 1843 	72 	1832
f 2189 	2182 	2185
f 2178 	2190 	2181
f 1843 	1785 	72
f 1785 	1782 	72
f 2182 	2191 	2185
f 965 	306 	2193
f 2189 	2185 	2188
f 2237 	2165 	1932
f 306 	2769 	2192
f 2459 	2190 	2178
f 2177 	2171 	2187
f 2170 	2177 	2187
f 2187 	2167 	2170
f 2169 	2170 	2167
f 2168 	2169 	2167
f 1851 	1476 	1848
f 2186 	2174 	2187
f 2167 	2187 	2174
f 1900 	2181 	2190
f 2192 	2769 	2194
f 72 	2311 	1877
f 1941 	2256 	2179
f 2182 	2164 	2183
f 2196 	2198 	2164
f 2196 	2164 	2195
f 2163 	2195 	2164
f 2181 	1900 	1897
f 1877 	1832 	72
f 2091 	1914 	2199
f 2230 	2198 	2196
f 233 	258 	2257
f 2789 	2194 	2769
f 2192 	2193 	306
f 1903 	1900 	2190
f 1914 	2201 	2199
f 2203 	2231 	2202
f 2205 	2206 	2207
f 2205 	2207 	2203
f 1916 	2201 	1914
f 2205 	2203 	2202
f 1928 	2079 	1913
f 1992 	1999 	1289
f 2204 	965 	2208
f 2193 	2208 	965
f 2789 	2210 	2209
f 2789 	2209 	2194
f 2202 	2230 	2211
f 2196 	2211 	2230
f 2205 	2202 	2211
f 2214 	2211 	2213
f 2076 	2161 	2211
f 2205 	2211 	2214
f 1847 	1877 	2311
f 2215 	2210 	2789
f 2212 	2216 	2218
f 2217 	2215 	2789
f 2220 	2219 	2789
f 2219 	2217 	2789
f 2222 	2211 	2196
f 2222 	2196 	2195
f 1916 	2221 	2201
f 1999 	2003 	1289
f 2076 	2211 	2222
f 2789 	2810 	2223
f 2223 	2220 	2789
f 1919 	2221 	1916
f 2224 	2211 	2161
f 2212 	2211 	2224
f 2213 	2211 	2212
f 1138 	1289 	2001
f 2216 	2212 	2224
f 2224 	2161 	2162
f 2001 	2007 	1138
f 2216 	2224 	2162
f 2206 	2205 	2214
f 2213 	2212 	2218
f 2007 	2060 	1138
f 2214 	2213 	2218
f 2206 	2214 	2218
f 2158 	2227 	1919
f 2060 	2077 	1138
f 2223 	2810 	2228
f 2195 	2163 	1138
f 2810 	2225 	2229
f 2229 	2228 	2810
f 2183 	2164 	2198
f 2221 	1919 	2227
f 2202 	2231 	2230
f 2226 	2810 	549
f 2222 	2195 	2077
f 2231 	2197 	2230
f 2198 	2230 	2197
f 1903 	2190 	2200
f 2081 	2078 	1928
f 2260 	497 	500
f 2260 	500 	2283
f 2079 	1928 	2078
f 2580 	2227 	2158
f 502 	2284 	500
f 2283 	500 	2284
f 240 	241 	2233
f 1992 	1913 	2079
f 2580 	2158 	2165
f 504 	2284 	502
f 2233 	255 	2235
f 507 	2286 	504
f 2233 	2236 	240
f 2235 	2236 	2233
f 2232 	1909 	2200
f 2082 	2081 	1958
f 1928 	1958 	2081
f 2236 	2235 	2238
f 2234 	2238 	2235
f 511 	2286 	507
f 1793 	1794 	2239
f 513 	2291 	511
f 258 	240 	2236
f 2291 	513 	2292
f 518 	2292 	513
f 2166 	1793 	2239
f 255 	2234 	2235
f 522 	2295 	2292
f 522 	2292 	518
f 256 	2234 	255
f 2237 	2591 	2165
f 2129 	1958 	2149
f 2239 	2240 	2166
f 523 	2295 	522
f 2234 	2243 	2238
f 2149 	1958 	2311
f 524 	2298 	523
f 2082 	1958 	2129
f 2298 	524 	2301
f 527 	2301 	524
f 2243 	2244 	2238
f 2239 	2242 	2240
f 2243 	2245 	2246
f 2243 	2246 	2244
f 476 	2301 	527
f 2245 	2247 	2248
f 2245 	2248 	2246
f 534 	2307 	535
f 2247 	2249 	2251
f 2247 	2251 	2248
f 2239 	1808 	2242
f 2232 	2241 	1912
f 2236 	2257 	258
f 2143 	2149 	2311
f 2162 	2143 	2311
f 2250 	1941 	1939
f 2260 	2309 	497
f 2244 	2257 	2238
f 2246 	2257 	2244
f 2248 	2257 	2246
f 2251 	2257 	2248
f 2252 	2257 	2251
f 2253 	2257 	2252
f 1939 	1949 	2250
f 2138 	2229 	2132
f 2252 	2254 	2255
f 2252 	2255 	2253
f 2232 	1912 	1909
f 2256 	1941 	2250
f 2132 	2225 	2226
f 2255 	2271 	2253
f 2176 	2175 	1046
f 2249 	2254 	2252
f 2249 	2252 	2251
f 547 	2396 	549
f 239 	1046 	2175
f 2241 	2325 	2072
f 535 	2307 	547
f 238 	2180 	2172
f 1824 	1795 	2258
f 2272 	2242 	1808
f 2261 	2257 	2253
f 2236 	2238 	2257
f 2179 	2259 	2237
f 238 	239 	2180
f 2175 	2180 	239
f 2172 	2174 	238
f 2174 	2186 	248
f 238 	2174 	248
f 2262 	2257 	2261
f 2263 	2257 	2262
f 2264 	2257 	2263
f 2265 	2257 	2264
f 2179 	2256 	2259
f 2272 	2275 	2242
f 2263 	2266 	2267
f 2263 	2267 	2264
f 2267 	2269 	2265
f 2267 	2265 	2264
f 2262 	2270 	2266
f 2262 	2266 	2263
f 2261 	2271 	2270
f 2261 	2270 	2262
f 251 	250 	2197
f 2271 	2261 	2253
f 2185 	2191 	252
f 2184 	250 	2191
f 2186 	2185 	248
f 252 	248 	2185
f 2274 	1949 	2293
f 194 	1767 	40
f 100 	40 	1767
f 1033 	1138 	2163
f 2163 	1026 	1033
f 1767 	194 	1911
f 2274 	2250 	1949
f 2268 	1931 	2273
f 256 	251 	2197
f 2231 	256 	2197
f 3 	1767 	100
f 2250 	2276 	2256
f 1911 	1767 	2279
f 3 	2279 	1767
f 2274 	2276 	2250
f 194 	1977 	1984
f 2256 	2276 	8
f 1820 	2275 	2272
f 1984 	1911 	194
f 2162 	2311 	2216
f 1984 	1911 	2279
f 2276 	141 	8
f 1924 	2268 	2258
f 2077 	2195 	1138
f 2427 	2216 	2311
f 2256 	8 	2259
f 72 	2280 	2281
f 2206 	2435 	2207
f 1924 	1931 	2268
f 2259 	8 	11
f 1818 	1820 	2272
f 2207 	2435 	2203
f 119 	120 	2305
f 1931 	1934 	2273
f 2274 	118 	2276
f 2282 	2278 	2275
f 2203 	2433 	2231
f 2280 	63 	2281
f 2247 	2231 	2249
f 2273 	1934 	2277
f 2247 	2245 	2231
f 1934 	1936 	2277
f 504 	2285 	2284
f 64 	115 	50
f 116 	127 	50
f 119 	2378 	50
f 256 	2231 	2234
f 1820 	2282 	2275
f 141 	2276 	118
f 2286 	2285 	504
f 2282 	2287 	2278
f 1975 	2288 	1963
f 511 	2289 	2286
f 2249 	2231 	2254
f 2255 	2254 	2231
f 2243 	2231 	2245
f 2234 	2231 	2243
f 2266 	2270 	2231
f 2291 	2289 	511
f 1963 	2288 	1967
f 2349 	2280 	90
f 1967 	2293 	1949
f 2280 	72 	90
f 2270 	2271 	2231
f 2271 	2255 	2231
f 2269 	2267 	2431
f 1967 	2288 	2293
f 1847 	2311 	1958
f 2295 	523 	2297
f 135 	140 	122
f 2298 	2297 	523
f 1911 	2335 	1767
f 4 	63 	2280
f 2349 	4 	2280
f 2296 	1961 	2302
f 164 	2393 	2304
f 2279 	3 	2337
f 120 	150 	2305
f 2307 	534 	2306
f 2306 	534 	536
f 2306 	536 	2309
f 90 	100 	1767
f 1975 	2299 	2310
f 536 	497 	2309
f 150 	2304 	2305
f 150 	165 	2304
f 368 	458 	2299
f 164 	2304 	165
f 2302 	1953 	2381
f 2132 	2226 	2133
f 2299 	166 	2310
f 2378 	2379 	50
f 1975 	2310 	2288
f 2218 	2216 	2427
f 1959 	2290 	2277
f 2288 	2310 	112
f 1959 	2277 	1936
f 857 	2314 	87
f 174 	112 	2310
f 1959 	2296 	2290
f 860 	2315 	2314
f 860 	2314 	857
f 861 	2316 	2315
f 861 	2315 	860
f 2293 	2288 	112
f 866 	2317 	2316
f 866 	2316 	861
f 2313 	72 	2281
f 868 	2318 	2317
f 868 	2317 	866
f 2293 	112 	113
f 1959 	1961 	2296
f 2318 	868 	2319
f 871 	2319 	868
f 874 	2320 	2319
f 874 	2319 	871
f 113 	2274 	2293
f 876 	2321 	2320
f 876 	2320 	874
f 1820 	1837 	2282
f 878 	2322 	2321
f 878 	2321 	876
f 882 	2323 	2322
f 882 	2322 	878
f 2282 	1839 	2287
f 884 	2324 	2323
f 884 	2323 	882
f 118 	2274 	113
f 2282 	1837 	1839
f 738 	2324 	884
f 2287 	1841 	2294
f 905 	2327 	758
f 2000 	758 	2327
f 2327 	905 	911
f 2327 	911 	2329
f 2329 	911 	913
f 2329 	913 	2330
f 1839 	1841 	2287
f 916 	2331 	2330
f 916 	2330 	913
f 166 	2299 	458
f 918 	2332 	2331
f 918 	2331 	916
f 2325 	2073 	2072
f 1977 	2135 	2326
f 922 	2333 	2332
f 922 	2332 	918
f 924 	2334 	2333
f 924 	2333 	922
f 2328 	2073 	2325
f 928 	2336 	2334
f 928 	2334 	924
f 2310 	166 	174
f 930 	2338 	2336
f 930 	2336 	928
f 2279 	2335 	1984
f 932 	2340 	2338
f 932 	2338 	930
f 934 	2342 	2340
f 934 	2340 	932
f 2328 	2080 	2073
f 937 	2344 	2342
f 937 	2342 	934
f 2279 	2337 	2335
f 938 	2345 	2344
f 938 	2344 	937
f 2339 	2080 	2328
f 2345 	938 	75
f 1860 	1864 	2348
f 2347 	2341 	2111
f 62 	946 	12
f 948 	2350 	12
f 948 	12 	946
f 2337 	90 	2335
f 2349 	90 	2337
f 950 	2351 	2350
f 950 	2350 	948
f 90 	1767 	2335
f 2111 	2075 	2347
f 952 	2352 	2351
f 952 	2351 	950
f 2348 	1873 	1860
f 954 	2353 	2352
f 954 	2352 	952
f 2348 	2354 	1873
f 957 	2355 	2353
f 957 	2353 	954
f 4 	2337 	3
f 2346 	2087 	2339
f 959 	2356 	2355
f 959 	2355 	957
f 2348 	2553 	2354
f 961 	2357 	2356
f 961 	2356 	959
f 1911 	1984 	2335
f 1873 	2354 	2343
f 2087 	2346 	2088
f 2357 	961 	2358
f 967 	2358 	961
f 969 	2359 	2358
f 969 	2358 	967
f 971 	2360 	2359
f 971 	2359 	969
f 2339 	2087 	2080
f 972 	2362 	2360
f 972 	2360 	971
f 4 	2349 	2337
f 973 	6 	2362
f 973 	2362 	972
f 974 	2364 	6
f 974 	6 	973
f 457 	92 	50
f 2347 	2075 	2361
f 2348 	1864 	2365
f 975 	2366 	2364
f 975 	2364 	974
f 975 	2367 	2366
f 976 	2367 	975
f 2424 	2326 	2135
f 978 	2368 	2367
f 978 	2367 	976
f 2085 	2361 	2040
f 2363 	2369 	2577
f 979 	2370 	2368
f 979 	2368 	978
f 2365 	2553 	2348
f 981 	2371 	2370
f 981 	2370 	979
f 983 	2372 	2371
f 983 	2371 	981
f 988 	2373 	2372
f 988 	2372 	983
f 992 	2375 	2373
f 992 	2373 	988
f 995 	2376 	2375
f 995 	2375 	992
f 2374 	2365 	1881
f 997 	2377 	2376
f 997 	2376 	995
f 2369 	2346 	2577
f 1000 	5 	2377
f 1000 	2377 	997
f 2305 	2378 	119
f 1883 	2374 	1881
f 2304 	2303 	2379
f 2369 	2088 	2346
f 2379 	2303 	2380
f 1005 	17 	16
f 1005 	16 	1006
f 1007 	19 	17
f 1007 	17 	1005
f 2457 	2438 	2312
f 2380 	50 	2379
f 2382 	50 	2380
f 1008 	23 	19
f 1008 	19 	1007
f 2426 	2089 	2091
f 1009 	25 	23
f 1009 	23 	1008
f 2312 	2308 	2384
f 2304 	2379 	2378
f 2378 	2305 	2304
f 1883 	1885 	2387
f 2380 	2303 	2308
f 2386 	2383 	2308
f 2383 	2384 	2308
f 2308 	2303 	2386
f 28 	1025 	1010
f 2381 	2090 	2363
f 2308 	2382 	2380
f 28 	1010 	1011
f 28 	1011 	32
f 32 	1011 	1006
f 32 	1006 	16
f 2385 	2386 	2303
f 1883 	2387 	2374
f 1013 	33 	1000
f 5 	1000 	33
f 1014 	34 	33
f 1014 	33 	1013
f 195 	2466 	2390
f 1018 	35 	34
f 1018 	34 	1014
f 2303 	2304 	2385
f 2347 	2394 	2341
f 2326 	2311 	2313
f 2363 	2090 	2369
f 1019 	36 	35
f 1019 	35 	1018
f 2387 	2564 	2374
f 2311 	72 	2313
f 2347 	2399 	2394
f 1021 	37 	36
f 1021 	36 	1019
f 1022 	39 	37
f 1022 	37 	1021
f 2308 	2312 	2392
f 1023 	41 	39
f 1023 	39 	1022
f 2392 	2382 	2308
f 2341 	2394 	2388
f 2396 	2134 	549
f 2226 	549 	2134
f 2133 	2226 	2134
f 50 	2392 	2437
f 2444 	2437 	2392
f 2394 	1142 	2388
f 2396 	547 	2307
f 2392 	50 	2382
f 1953 	2090 	2381
f 2144 	1926 	2204
f 2144 	2204 	2208
f 2144 	2208 	2145
f 1142 	2394 	1154
f 2145 	2208 	2193
f 2192 	2159 	2193
f 2159 	2146 	2193
f 2145 	2193 	2146
f 2311 	2326 	2424
f 2209 	2148 	2147
f 2159 	2192 	2147
f 2192 	2194 	2147
f 2209 	2147 	2194
f 2210 	2150 	2148
f 2210 	2148 	2209
f 2100 	2398 	2401
f 2397 	2584 	2400
f 2215 	2151 	2150
f 2215 	2150 	2210
f 2402 	2384 	2383
f 2399 	2347 	2361
f 2217 	2153 	2151
f 2217 	2151 	2215
f 2219 	2154 	2153
f 2219 	2153 	2217
f 2399 	1154 	2394
f 2383 	2386 	2404
f 2408 	2399 	2361
f 2220 	2155 	2154
f 2220 	2154 	2219
f 2402 	2383 	2404
f 1918 	1915 	2405
f 2100 	2401 	2102
f 2404 	2386 	2385
f 2404 	2385 	2403
f 2400 	2405 	1915
f 2228 	2137 	2136
f 2155 	2220 	2136
f 2220 	2223 	2136
f 2228 	2136 	2223
f 2103 	2102 	2406
f 2403 	2410 	2404
f 2402 	2404 	2407
f 2229 	2138 	2137
f 2229 	2137 	2228
f 2401 	2406 	2102
f 2085 	2408 	2361
f 2225 	2132 	2229
f 1888 	1872 	2409
f 2390 	2389 	2410
f 2390 	2410 	2411
f 1872 	2343 	2409
f 2385 	2391 	2403
f 2412 	2403 	2391
f 2410 	2389 	2407
f 2409 	1892 	1888
f 2411 	197 	2390
f 195 	2390 	197
f 1811 	2583 	2398
f 2399 	1168 	1154
f 2414 	2412 	2391
f 2414 	2391 	2393
f 1811 	1812 	2583
f 2414 	2393 	164
f 2414 	164 	163
f 2408 	1168 	2399
f 2086 	2415 	2085
f 163 	2410 	2414
f 2414 	2410 	2412
f 161 	167 	2410
f 163 	161 	2410
f 2407 	2404 	2410
f 2412 	2410 	2403
f 2398 	2586 	2401
f 2408 	2085 	2415
f 1566 	2508 	2517
f 2418 	2401 	2586
f 2395 	2417 	2407
f 2408 	2415 	1173
f 2384 	2402 	2419
f 2401 	2418 	2406
f 2389 	2395 	2407
f 2416 	2397 	1898
f 2419 	2457 	2384
f 2420 	2112 	2406
f 2407 	2417 	2419
f 2402 	2407 	2419
f 2408 	1173 	1168
f 1024 	43 	41
f 1024 	41 	1023
f 2416 	2584 	2397
f 1025 	44 	43
f 1025 	43 	1024
f 2418 	2420 	2406
f 2415 	2086 	2421
f 1025 	28 	44
f 50 	2437 	457
f 2420 	2422 	2112
f 2400 	2585 	2405
f 2584 	2585 	2400
f 2415 	1180 	1173
f 2423 	2424 	2257
f 2135 	2257 	2424
f 2415 	2421 	1180
f 2405 	2678 	2676
f 2112 	2422 	2113
f 2427 	2311 	2424
f 2425 	2427 	2424
f 2409 	2343 	2428
f 2409 	2428 	2413
f 1182 	2421 	2426
f 2389 	2467 	2395
f 2413 	2572 	2416
f 2384 	2457 	2312
f 2418 	2429 	2420
f 2428 	2572 	2413
f 2424 	2423 	2425
f 2421 	1182 	1180
f 2427 	2425 	2218
f 2445 	2422 	2420
f 2206 	2218 	2425
f 2429 	2445 	2420
f 2434 	2432 	2431
f 2434 	2431 	2433
f 2436 	2434 	2433
f 2436 	2433 	2435
f 2437 	2436 	2435
f 2091 	2199 	2426
f 2433 	2203 	2435
f 2437 	2435 	2425
f 2575 	2579 	2428
f 2206 	2425 	2435
f 2436 	2444 	2434
f 2433 	2266 	2231
f 2439 	2598 	2387
f 2430 	457 	2437
f 2429 	2450 	2445
f 2430 	2437 	2423
f 2425 	2423 	2437
f 2460 	2478 	2441
f 2392 	2438 	2444
f 2101 	2443 	2519
f 2392 	2312 	2438
f 2101 	2111 	2443
f 2431 	2266 	2433
f 2440 	2441 	2474
f 2473 	2474 	2441
f 2442 	2152 	2156
f 2445 	2178 	2422
f 2436 	2437 	2444
f 2432 	2434 	2444
f 2449 	2464 	2447
f 2494 	2456 	2444
f 2450 	2429 	2607
f 2521 	2522 	2257
f 2430 	2257 	2453
f 2430 	2423 	2257
f 2463 	2451 	2395
f 2501 	2502 	1553
f 457 	2430 	459
f 2453 	459 	2430
f 2463 	2464 	2452
f 2452 	2451 	2463
f 2455 	2456 	2441
f 2455 	2441 	2440
f 1212 	2550 	2448
f 2445 	2459 	2178
f 2442 	2156 	2454
f 2458 	2446 	2476
f 2465 	2476 	2446
f 2446 	2447 	2465
f 2450 	2459 	2445
f 2455 	2440 	2431
f 2455 	2431 	2432
f 2458 	2476 	2460
f 2432 	2444 	2455
f 2455 	2444 	2456
f 2448 	2388 	1212
f 2160 	2166 	2462
f 1212 	1204 	2550
f 2465 	2447 	2464
f 2449 	2452 	2464
f 2389 	2390 	2466
f 2467 	2389 	2466
f 2463 	2395 	2467
f 2470 	2471 	2447
f 2470 	2447 	2446
f 2454 	2160 	2462
f 2431 	2440 	2475
f 2267 	2266 	2431
f 2475 	2269 	2431
f 2474 	2475 	2440
f 2473 	2441 	2472
f 2476 	2478 	2460
f 2472 	2441 	2478
f 2462 	2477 	2454
f 2449 	2447 	2471
f 2449 	2471 	2479
f 2496 	1950 	2480
f 2443 	2111 	2341
f 2450 	2468 	2459
f 2462 	2488 	2477
f 210 	2481 	1942
f 210 	1942 	221
f 2482 	2395 	2451
f 1943 	1942 	2481
f 1943 	2481 	2480
f 2200 	2459 	2468
f 2482 	2417 	2395
f 2482 	2451 	2452
f 2482 	2452 	2484
f 2542 	2500 	2480
f 2484 	2452 	2449
f 2484 	2449 	2479
f 1945 	2485 	2486
f 1945 	2486 	1946
f 2443 	2341 	2448
f 2486 	2632 	1946
f 2462 	2166 	2240
f 2341 	2388 	2448
f 2479 	2491 	2484
f 2484 	2491 	2482
f 2471 	2491 	2479
f 2470 	2491 	2471
f 2232 	2200 	2468
f 2492 	2499 	2489
f 2482 	2491 	2417
f 1948 	2489 	1944
f 2459 	2200 	2190
f 2489 	2485 	1945
f 2489 	1945 	1944
f 2444 	2491 	2494
f 2470 	2497 	2491
f 2493 	2499 	2492
f 2388 	1135 	1212
f 2240 	2488 	2462
f 2444 	2438 	2491
f 2457 	2491 	2438
f 1948 	2492 	2489
f 2491 	2457 	2419
f 1948 	1947 	2493
f 1948 	2493 	2492
f 2488 	2503 	2477
f 2419 	2417 	2491
f 2460 	2494 	2495
f 2119 	448 	446
f 2497 	2470 	2446
f 2497 	2446 	2458
f 2488 	2518 	2503
f 2497 	2458 	2460
f 2497 	2460 	2495
f 2498 	128 	2499
f 2468 	2490 	2232
f 2500 	128 	2498
f 2495 	2491 	2497
f 2494 	2491 	2495
f 2514 	2593 	2499
f 2499 	2500 	2498
f 2460 	2456 	2494
f 2490 	2241 	2232
f 2460 	2441 	2456
f 2498 	2496 	2500
f 2488 	2240 	2515
f 2505 	463 	2453
f 2493 	2496 	2498
f 2493 	2498 	2499
f 2501 	1553 	1845
f 2119 	2125 	448
f 2488 	2515 	2518
f 2502 	2501 	2690
f 2496 	2493 	1950
f 1947 	1950 	2493
f 2505 	201 	463
f 202 	463 	201
f 459 	2453 	463
f 2125 	2131 	2504
f 2498 	2500 	2507
f 2498 	2507 	2499
f 2509 	2510 	2505
f 201 	2505 	2510
f 201 	2510 	2511
f 201 	2511 	2512
f 201 	2512 	2513
f 128 	2514 	2499
f 2240 	2242 	2515
f 2527 	2509 	2505
f 2514 	2647 	2593
f 2508 	1566 	2502
f 208 	2513 	2466
f 2513 	2512 	2467
f 2513 	2467 	2466
f 2506 	2241 	2490
f 2512 	2511 	2463
f 2512 	2463 	2467
f 2527 	2465 	2509
f 2464 	2510 	2509
f 2464 	2509 	2465
f 2463 	2511 	2510
f 2463 	2510 	2464
f 2506 	2563 	2241
f 2518 	2526 	2503
f 2524 	2525 	2453
f 2525 	2527 	2453
f 2523 	2524 	2453
f 2453 	2257 	2523
f 2505 	2453 	2527
f 2522 	2523 	2257
f 2265 	2521 	2257
f 2465 	2527 	2476
f 2527 	2525 	2478
f 2527 	2478 	2476
f 2524 	2472 	2478
f 2524 	2478 	2525
f 2098 	2516 	2504
f 2521 	2265 	2475
f 2269 	2475 	2265
f 2503 	2526 	2629
f 2523 	2473 	2472
f 2523 	2472 	2524
f 2616 	2528 	2483
f 2522 	2474 	2473
f 2522 	2473 	2523
f 2475 	2474 	2522
f 2475 	2522 	2521
f 2515 	2242 	2275
f 2275 	2278 	2515
f 2098 	2101 	2516
f 1335 	541 	539
f 1335 	539 	1334
f 2515 	2278 	2518
f 1529 	2045 	1527
f 1336 	544 	541
f 1336 	541 	1335
f 2516 	2101 	2519
f 1339 	546 	544
f 1339 	544 	1336
f 2531 	2526 	2518
f 1340 	551 	546
f 1340 	546 	1339
f 1341 	552 	551
f 1341 	551 	1340
f 1534 	1788 	1532
f 1532 	2042 	1529
f 1344 	558 	552
f 1344 	552 	1341
f 2278 	2531 	2518
f 448 	2532 	1409
f 1345 	559 	558
f 1345 	558 	1344
f 2531 	2533 	2526
f 2530 	2534 	2520
f 1347 	563 	559
f 1347 	559 	1345
f 2532 	2535 	1409
f 1347 	564 	563
f 2536 	1409 	2535
f 1349 	564 	1347
f 1350 	565 	564
f 1350 	564 	1349
f 2537 	1409 	2536
f 565 	1350 	1351
f 565 	1351 	566
f 2537 	1190 	1409
f 1353 	567 	566
f 1353 	566 	1351
f 448 	2125 	2532
f 1355 	569 	567
f 1355 	567 	1353
f 2531 	2294 	2533
f 1356 	571 	569
f 1356 	569 	1355
f 2486 	2485 	2514
f 2485 	2489 	2514
f 2514 	2489 	2499
f 2294 	2300 	2533
f 2533 	2300 	2538
f 2514 	2499 	2507
f 1943 	2480 	1950
f 2532 	2125 	2504
f 1409 	1783 	1552
f 2542 	128 	2500
f 2500 	2499 	2542
f 2532 	2504 	2535
f 2496 	2480 	2500
f 2535 	2504 	2516
f 1562 	1409 	1559
f 2287 	2531 	2278
f 2535 	2516 	2536
f 2507 	2500 	2542
f 1563 	1409 	1562
f 2519 	2537 	2536
f 2542 	2545 	128
f 2590 	157 	2545
f 1397 	1409 	1563
f 1557 	1559 	1409
f 1552 	1557 	1409
f 2536 	2516 	2519
f 2542 	2499 	2593
f 2287 	2294 	2531
f 2542 	2481 	2545
f 2543 	2290 	2529
f 2555 	2556 	2544
f 2537 	2547 	1190
f 2544 	2556 	2546
f 2545 	2568 	2542
f 2582 	2568 	2545
f 2568 	2560 	2542
f 1541 	1786 	1539
f 1544 	1784 	1543
f 1547 	1783 	1544
f 1547 	1549 	1783
f 1549 	1552 	1783
f 1543 	1784 	1541
f 1786 	1787 	1539
f 2519 	2547 	2537
f 2529 	2290 	2530
f 2547 	2550 	1190
f 2546 	2487 	2528
f 2534 	2530 	2296
f 2552 	2481 	2551
f 2549 	2551 	2481
f 2443 	2547 	2519
f 2448 	2550 	2547
f 2546 	1844 	2487
f 2481 	2552 	2595
f 2548 	2595 	2552
f 2556 	1844 	2546
f 2443 	2448 	2547
f 2094 	2095 	2106
f 2481 	210 	2549
f 2542 	2480 	2481
f 2290 	2296 	2530
f 2528 	2487 	2483
f 2096 	2126 	2095
f 2296 	2302 	2534
f 2553 	2554 	2354
f 2550 	1204 	1191
f 2534 	2302 	2381
f 2557 	2558 	2553
f 2553 	2558 	2554
f 2258 	2539 	1824
f 1954 	2548 	1955
f 1527 	2046 	2099
f 2549 	269 	1956
f 2092 	2093 	2108
f 2539 	2268 	2541
f 2365 	2374 	2557
f 1957 	1955 	2552
f 1957 	2552 	2551
f 2108 	2110 	2092
f 2258 	2268 	2539
f 1957 	2551 	2549
f 2374 	2564 	2557
f 2552 	1955 	2548
f 2268 	2273 	2541
f 2549 	1956 	1957
f 2557 	2553 	2365
f 2541 	2273 	2543
f 2277 	2290 	2543
f 2556 	2555 	2687
f 2561 	2576 	2569
f 1357 	573 	571
f 1357 	571 	1356
f 2687 	1844 	2556
f 2273 	2277 	2543
f 1571 	2092 	2110
f 1583 	1571 	2110
f 2107 	2108 	2093
f 1359 	575 	573
f 1359 	573 	1357
f 1360 	576 	575
f 1360 	575 	1359
f 1362 	578 	576
f 1362 	576 	1360
f 1362 	471 	578
f 2325 	2241 	2563
f 2565 	2563 	2673
f 1966 	2559 	2561
f 1334 	539 	580
f 1334 	580 	1365
f 2056 	2059 	2126
f 582 	1420 	1392
f 2055 	2056 	2126
f 2557 	2566 	2558
f 2560 	1964 	1966
f 582 	1392 	1393
f 582 	1393 	586
f 2054 	2055 	2126
f 1394 	588 	586
f 1394 	586 	1393
f 2564 	2566 	2557
f 2677 	2565 	2673
f 1395 	591 	588
f 1395 	588 	1394
f 2560 	2568 	1964
f 2565 	2328 	2563
f 1396 	593 	591
f 1396 	591 	1395
f 1399 	595 	593
f 1399 	593 	1396
f 2507 	2542 	2560
f 1402 	598 	595
f 1402 	595 	1399
f 2561 	2540 	2507
f 2560 	2569 	2507
f 2561 	2507 	2569
f 1403 	599 	598
f 1403 	598 	1402
f 2093 	2094 	2107
f 2560 	1966 	2569
f 1405 	602 	599
f 1405 	599 	1403
f 2116 	2117 	2034
f 2563 	2328 	2325
f 2598 	2564 	2387
f 2570 	2569 	2560
f 2570 	2560 	2568
f 602 	1405 	1365
f 602 	1365 	580
f 1407 	604 	1226
f 2096 	2054 	2126
f 2117 	2120 	2068
f 2566 	2564 	2601
f 2598 	2601 	2564
f 1408 	605 	604
f 1408 	604 	1407
f 2106 	2107 	2094
f 2559 	2561 	2570
f 2569 	2570 	2561
f 2199 	2201 	2608
f 2571 	2565 	2677
f 1966 	2561 	2569
f 2565 	2339 	2328
f 2116 	2036 	2115
f 2068 	2034 	2117
f 2115 	2021 	2301
f 2608 	2606 	2199
f 2573 	288 	1970
f 2571 	2339 	2565
f 2106 	2095 	2126
f 287 	288 	2573
f 2573 	1974 	2576
f 2575 	2428 	2343
f 2573 	1970 	1974
f 2283 	2372 	2260
f 2343 	2354 	2575
f 2665 	2221 	2227
f 2571 	2346 	2339
f 1974 	1973 	2578
f 2366 	2367 	2289
f 1974 	2578 	2576
f 2286 	2368 	2285
f 2577 	2346 	2571
f 2292 	2364 	2291
f 2289 	2291 	2366
f 2364 	2366 	2291
f 2579 	2572 	2428
f 2297 	2364 	2295
f 605 	1408 	1410
f 605 	1410 	607
f 2301 	2021 	2298
f 607 	1410 	1411
f 607 	1411 	609
f 609 	1411 	1412
f 609 	1412 	611
f 2561 	2559 	2576
f 2560 	2569 	2578
f 611 	1412 	1413
f 611 	1413 	614
f 2581 	2363 	2574
f 2576 	2578 	2569
f 614 	1413 	1415
f 614 	1415 	615
f 2260 	2373 	2309
f 2309 	2375 	2306
f 615 	1415 	1417
f 615 	1417 	617
f 1419 	618 	617
f 1419 	617 	1417
f 2381 	2363 	2581
f 2354 	2554 	2575
f 1420 	620 	618
f 1420 	618 	1419
f 2307 	1165 	2396
f 1420 	582 	620
f 2574 	2363 	2577
f 2134 	2396 	1165
f 1165 	2307 	2306
f 2285 	2370 	2284
f 2602 	2578 	1973
f 2554 	2775 	2575
f 1972 	2600 	2602
f 1972 	2602 	1973
f 2295 	2364 	2292
f 2298 	2021 	2297
f 2284 	2371 	2283
f 2534 	2581 	2520
f 35 	1165 	34
f 2781 	2775 	2554
f 2548 	1954 	289
f 2554 	2558 	2781
f 1768 	1971 	1766
f 2581 	2534 	2381
f 2582 	2595 	2568
f 1773 	1776 	1971
f 1769 	1971 	1768
f 1409 	1971 	1776
f 2592 	2570 	2582
f 2568 	2582 	2570
f 568 	1375 	1056
f 2599 	2568 	2578
f 2560 	2578 	2568
f 2583 	2586 	2398
f 2595 	2600 	1964
f 30 	352 	1610
f 1032 	53 	1009
f 25 	1009 	53
f 2583 	2594 	2586
f 2416 	2587 	2584
f 2578 	2602 	2599
f 53 	1032 	1036
f 53 	1036 	55
f 1784 	1544 	1783
f 1536 	1539 	1787
f 1039 	56 	55
f 1039 	55 	1036
f 2572 	2587 	2416
f 1043 	58 	56
f 1043 	56 	1039
f 2587 	2588 	2584
f 1536 	1787 	1788
f 1045 	60 	58
f 1045 	58 	1043
f 2548 	289 	456
f 1047 	61 	60
f 1047 	60 	1045
f 1812 	1816 	2589
f 1778 	1409 	1776
f 1779 	1409 	1778
f 1781 	1409 	1780
f 1779 	1780 	1409
f 1781 	1783 	1409
f 1786 	1541 	1784
f 1773 	1971 	1769
f 1048 	62 	61
f 1048 	61 	1047
f 946 	62 	1048
f 2584 	2588 	2585
f 1536 	1788 	1534
f 2592 	2545 	2593
f 2545 	2542 	2593
f 2590 	2545 	2592
f 2165 	2591 	2580
f 1812 	2589 	2583
f 2545 	2481 	2595
f 1976 	1978 	1971
f 2595 	2590 	2545
f 2590 	2592 	2582
f 1983 	1971 	1982
f 2583 	2589 	2594
f 2570 	2592 	2593
f 2594 	2596 	2586
f 2582 	2568 	2590
f 1979 	1971 	1978
f 1979 	1982 	1971
f 1766 	1971 	1983
f 2590 	2582 	2545
f 2594 	2605 	2596
f 1964 	2568 	2595
f 2595 	2582 	2590
f 2237 	2259 	2597
f 2418 	2586 	2596
f 2259 	11 	2597
f 128 	2545 	157
f 1991 	2029 	1989
f 2596 	2429 	2418
f 2548 	2600 	2595
f 2597 	2591 	2237
f 1997 	2026 	1991
f 2439 	2442 	2603
f 1989 	2004 	1988
f 455 	2599 	456
f 2602 	456 	2599
f 2600 	2548 	2602
f 456 	2602 	2548
f 2597 	2670 	2591
f 2568 	2599 	2590
f 2327 	2329 	2020
f 2598 	2439 	2603
f 1972 	1964 	2600
f 1998 	2024 	1997
f 2603 	2604 	2598
f 1987 	2006 	1986
f 1988 	2005 	1987
f 2012 	2015 	2323
f 1986 	2008 	2324
f 2199 	2606 	2426
f 2005 	1988 	2004
f 2598 	2604 	2601
f 2006 	1987 	2005
f 1182 	2426 	1230
f 2606 	1230 	2426
f 2599 	157 	2590
f 455 	157 	2599
f 2596 	2607 	2429
f 1981 	2609 	2610
f 2605 	2607 	2596
f 2008 	1986 	2006
f 2603 	2442 	2611
f 1981 	2559 	1966
f 2010 	2323 	2009
f 2442 	2454 	2611
f 1981 	2610 	2559
f 2603 	2612 	2604
f 1976 	1971 	2019
f 2603 	2611 	2612
f 2561 	2559 	2540
f 2559 	2610 	2540
f 2029 	1991 	2026
f 2026 	1997 	2024
f 2619 	2607 	2605
f 2004 	1989 	2029
f 2573 	2559 	895
f 2576 	2559 	2573
f 2609 	893 	2610
f 2036 	2021 	2115
f 2619 	2621 	2607
f 2364 	2297 	2021
f 2454 	2477 	2611
f 895 	2610 	893
f 2610 	895 	2559
f 2045 	1529 	2042
f 2042 	1532 	1788
f 2613 	2610 	2593
f 2610 	2559 	2593
f 2570 	2593 	2559
f 2610 	2613 	2609
f 2615 	2609 	2613
f 2593 	2822 	2613
f 2124 	2126 	2059
f 2059 	2061 	2124
f 2054 	2096 	2053
f 2615 	2609 	1981
f 2099 	2049 	2097
f 2562 	2616 	2567
f 2097 	2049 	2096
f 2615 	1985 	2617
f 2615 	2617 	2618
f 2123 	2124 	2061
f 2615 	1981 	1980
f 2120 	2123 	2066
f 2562 	2614 	2616
f 1985 	2615 	1980
f 2034 	2036 	2116
f 2567 	2616 	2469
f 2617 	1985 	2620
f 2046 	1527 	2045
f 2053 	2096 	2049
f 2046 	2049 	2099
f 2061 	2066 	2123
f 2068 	2120 	2066
f 2615 	2540 	2609
f 2450 	2607 	2621
f 2610 	2609 	2540
f 2615 	2617 	2540
f 2483 	2469 	2616
f 2611 	2622 	2612
f 2567 	2469 	2461
f 2020 	2364 	2021
f 2024 	1998 	2020
f 2000 	2020 	1998
f 2009 	2324 	2008
f 1971 	2323 	2015
f 2617 	2615 	2618
f 2621 	2468 	2450
f 2617 	2620 	2540
f 2622 	2611 	2477
f 2015 	2018 	1971
f 2018 	2019 	1971
f 2327 	2020 	2000
f 2620 	2650 	2540
f 2612 	2622 	2625
f 2620 	1199 	2617
f 2619 	2626 	2621
f 2614 	2623 	2528
f 2624 	2626 	2619
f 2618 	2617 	1189
f 1189 	1178 	2618
f 2621 	2490 	2468
f 1178 	935 	2615
f 2318 	1971 	2317
f 2613 	2627 	2615
f 2621 	2626 	2490
f 2623 	2546 	2528
f 2627 	2617 	2618
f 1971 	2318 	2319
f 2627 	2618 	2615
f 2622 	2477 	2503
f 2617 	2627 	2620
f 2650 	2620 	2627
f 2622 	2629 	2625
f 2320 	1971 	2319
f 2614 	2528 	2616
f 2629 	2622 	2503
f 2321 	1971 	2320
f 2628 	2631 	2624
f 2322 	1971 	2321
f 2627 	2613 	2822
f 2323 	1971 	2322
f 2010 	2012 	2323
f 2324 	2009 	2323
f 2629 	2630 	2625
f 2624 	2631 	2626
f 2546 	2623 	2544
f 2632 	1993 	1946
f 312 	2314 	311
f 2315 	2316 	311
f 2316 	2317 	311
f 1971 	311 	2317
f 2314 	312 	87
f 2641 	2632 	2647
f 2626 	2631 	2506
f 2631 	2628 	2673
f 2673 	2506 	2631
f 2486 	2514 	2632
f 2634 	2635 	2647
f 2635 	2641 	2647
f 2514 	2647 	2632
f 2626 	2506 	2490
f 2641 	1994 	1993
f 2641 	1993 	2632
f 1996 	2640 	1990
f 2332 	6 	2331
f 2635 	1995 	2641
f 1995 	1994 	2641
f 2635 	2634 	1996
f 2634 	2640 	1996
f 2635 	1996 	1995
f 2642 	2629 	2526
f 2526 	2533 	2642
f 2640 	2639 	1990
f 2344 	2355 	2342
f 2629 	2642 	2630
f 2639 	2638 	1990
f 2340 	2357 	2338
f 2062 	2638 	2637
f 2630 	2644 	2633
f 75 	65 	2351
f 2062 	1990 	2638
f 2330 	2331 	2364
f 2333 	2362 	2332
f 2334 	2360 	2333
f 2358 	2359 	2336
f 2357 	2358 	2338
f 2364 	2020 	2330
f 2373 	2375 	2309
f 2329 	2330 	2020
f 2630 	2642 	2644
f 128 	419 	2514
f 62 	12 	93
f 2644 	2689 	2633
f 2647 	2809 	2593
f 2822 	2593 	2809
f 2351 	2352 	75
f 2345 	75 	2352
f 2640 	2634 	2647
f 2639 	2640 	2647
f 2344 	2345 	2353
f 2507 	2540 	2806
f 2355 	2344 	2353
f 2352 	2353 	2345
f 2356 	2342 	2355
f 2507 	2806 	2514
f 2633 	2689 	2685
f 2002 	2648 	2649
f 2650 	2002 	2654
f 2357 	2340 	2356
f 2336 	2338 	2358
f 2334 	2336 	2359
f 2650 	1985 	2002
f 2533 	2538 	2642
f 2652 	2653 	2002
f 2654 	2002 	2653
f 2362 	2333 	2360
f 2652 	2002 	2649
f 2651 	2643 	1819
f 2642 	2538 	2644
f 2620 	1985 	2650
f 6 	2332 	2362
f 2364 	2331 	6
f 2359 	2360 	2334
f 1819 	1821 	2651
f 2651 	2655 	2643
f 2654 	2540 	2650
f 529 	867 	1255
f 2654 	2653 	2540
f 2653 	2652 	2540
f 2643 	2655 	2646
f 2371 	2284 	2370
f 2286 	2289 	2367
f 2372 	2283 	2371
f 2368 	2286 	2367
f 1716 	2656 	1414
f 2373 	2260 	2372
f 2370 	2285 	2368
f 2376 	2306 	2375
f 2655 	2529 	2646
f 2652 	2649 	2540
f 2648 	2540 	2649
f 2377 	2306 	2376
f 1416 	2657 	1418
f 1165 	2306 	2377
f 1821 	2539 	2651
f 2656 	2657 	1416
f 5 	1165 	2377
f 2651 	2541 	2655
f 2652 	1210 	2653
f 2539 	2541 	2651
f 2655 	2543 	2529
f 2541 	2543 	2655
f 2650 	1210 	2620
f 2650 	2654 	1210
f 2654 	2653 	1210
f 1367 	1400 	2751
f 1348 	1367 	2751
f 2656 	2667 	2657
f 2627 	2654 	2650
f 1841 	2658 	2294
f 2649 	2659 	2648
f 1841 	1433 	2658
f 2652 	2659 	2649
f 2294 	2658 	2300
f 2654 	2627 	2653
f 2652 	2653 	2627
f 2652 	2627 	2659
f 2658 	2660 	2300
f 2606 	1232 	1230
f 2608 	1232 	2606
f 2221 	2662 	2201
f 2627 	2822 	2659
f 2221 	2665 	2662
f 2608 	2201 	2662
f 2662 	1237 	2608
f 1841 	1427 	1433
f 1433 	1443 	2658
f 2658 	1443 	2660
f 2608 	1237 	1232
f 2662 	1246 	1237
f 1716 	1918 	2656
f 2665 	1246 	2662
f 1918 	2667 	2656
f 2664 	2520 	2661
f 2227 	2666 	2665
f 2580 	2666 	2227
f 2530 	2520 	2664
f 2666 	1257 	2665
f 1918 	2405 	2676
f 2663 	2661 	2520
f 2676 	2667 	1918
f 2665 	1257 	1246
f 2591 	2668 	2580
f 1811 	290 	2676
f 2668 	2666 	2580
f 2520 	2581 	2663
f 2666 	1261 	1257
f 2668 	1261 	2666
f 2636 	2645 	2623
f 2529 	2664 	2646
f 1063 	68 	1062
f 2670 	2668 	2591
f 1375 	1513 	1260
f 2544 	2623 	2645
f 68 	1063 	1065
f 2300 	2660 	2669
f 2645 	2671 	2544
f 1067 	70 	1065
f 2636 	2623 	2614
f 2668 	1266 	1261
f 70 	1067 	1069
f 2529 	2530 	2664
f 2680 	2671 	2645
f 1266 	2668 	2670
f 2628 	2672 	2673
f 75 	938 	1073
f 1270 	2670 	2597
f 2673 	2563 	2506
f 1075 	77 	1071
f 1270 	1279 	2670
f 2672 	2677 	2673
f 2671 	2555 	2544
f 2674 	2677 	2672
f 2675 	2555 	2671
f 857 	87 	1086
f 2675 	2686 	2555
f 66 	65 	1058
f 1059 	1058 	65
f 2405 	2585 	2678
f 66 	1058 	1062
f 66 	1062 	67
f 2555 	2686 	2687
f 67 	1062 	68
f 68 	1065 	69
f 2678 	1812 	2676
f 69 	1065 	70
f 2585 	2681 	2678
f 70 	1069 	71
f 2679 	2683 	2674
f 2588 	2681 	2585
f 71 	1069 	73
f 1071 	73 	1069
f 2682 	2671 	2680
f 77 	73 	1071
f 2679 	2574 	2683
f 2682 	2684 	2675
f 1059 	65 	1073
f 75 	1073 	65
f 2684 	2741 	2675
f 2674 	2683 	2677
f 2682 	2675 	2671
f 1077 	78 	77
f 1077 	77 	1075
f 2683 	2571 	2677
f 78 	1077 	80
f 1078 	80 	1077
f 80 	1078 	81
f 1080 	81 	1078
f 2577 	2571 	2683
f 81 	1080 	1082
f 81 	1082 	82
f 1844 	2687 	1845
f 2574 	2577 	2683
f 1083 	86 	82
f 1083 	82 	1082
f 86 	1083 	87
f 1086 	87 	1083
f 2686 	2690 	2687
f 2686 	2688 	2690
f 2687 	2690 	2501
f 2663 	2679 	2826
f 2691 	2689 	2644
f 2687 	2501 	1845
f 2679 	2663 	2574
f 2644 	2538 	2691
f 2690 	2688 	2692
f 2688 	2693 	2692
f 2502 	2690 	2692
f 2669 	2691 	2538
f 2508 	2502 	2692
f 2538 	2300 	2669
f 2663 	2581 	2574
f 2697 	2657 	2695
f 2694 	2695 	2657
f 2698 	2657 	2697
f 2716 	1816 	2844
f 2692 	2693 	2699
f 2693 	2696 	2699
f 2700 	2701 	2657
f 1418 	2657 	2701
f 2508 	2692 	2699
f 1418 	2701 	1468
f 2698 	2700 	2657
f 2696 	2702 	2703
f 2705 	290 	2704
f 2659 	2822 	2715
f 2696 	2703 	2699
f 2706 	290 	2705
f 276 	2704 	290
f 2711 	2720 	2806
f 2699 	2517 	2508
f 2719 	2716 	2844
f 1626 	1551 	1619
f 2699 	2703 	2517
f 2709 	2648 	2014
f 2002 	2014 	2648
f 1626 	1564 	1551
f 2709 	2014 	2017
f 2709 	2017 	2711
f 2 	2727 	21
f 2648 	2709 	2540
f 2711 	2540 	2709
f 2730 	9 	29
f 2710 	2712 	2667
f 2709 	2711 	1262
f 2720 	2721 	1262
f 2711 	2720 	1262
f 2648 	2659 	2715
f 2648 	2715 	2709
f 1816 	2716 	2747
f 2822 	2829 	2715
f 2717 	2686 	2675
f 2721 	2734 	2806
f 2741 	2718 	2717
f 2706 	2707 	290
f 2708 	2667 	2707
f 290 	2707 	2667
f 2710 	2667 	2708
f 2712 	2713 	2667
f 2713 	2714 	2667
f 2657 	2667 	2694
f 2714 	2694 	2667
f 2667 	2676 	290
f 2717 	2718 	2688
f 1811 	2676 	1812
f 2720 	2721 	2806
f 2678 	2681 	1812
f 1816 	1812 	2681
f 2722 	13 	2758
f 2711 	2017 	2025
f 2711 	2025 	2720
f 2718 	2693 	2688
f 2709 	2715 	2711
f 13 	21 	2758
f 2717 	2688 	2686
f 1819 	29 	2685
f 2721 	2734 	1262
f 2685 	2689 	1819
f 1821 	1819 	2689
f 2025 	2032 	2720
f 1821 	2689 	2691
f 2721 	2720 	2032
f 21 	2785 	2758
f 2691 	2669 	319
f 2734 	2032 	2030
f 330 	319 	2724
f 2693 	2718 	2723
f 2725 	2724 	319
f 2748 	2039 	2038
f 2723 	2696 	2693
f 2038 	2037 	2748
f 2723 	2736 	2696
f 2731 	2669 	2732
f 2729 	2669 	2731
f 1285 	1273 	1346
f 2733 	2669 	2735
f 2732 	2669 	2733
f 1346 	1295 	1285
f 2773 	2734 	2721
f 2748 	1262 	2734
f 2739 	2748 	2734
f 2734 	2721 	2032
f 2736 	2702 	2696
f 2739 	2734 	2030
f 2738 	2730 	29
f 2735 	2669 	2737
f 2729 	2728 	2669
f 2726 	319 	2728
f 319 	2669 	2728
f 2726 	2725 	319
f 2660 	2737 	2669
f 2736 	2852 	2702
f 2739 	2734 	2773
f 2737 	2660 	2740
f 2675 	2741 	2717
f 2742 	2740 	2660
f 2743 	2742 	2660
f 2744 	2743 	2660
f 29 	1819 	2738
f 1443 	2746 	2660
f 2744 	2660 	2746
f 2833 	2806 	2734
f 1490 	2746 	1443
f 2718 	2741 	2745
f 2748 	2749 	2039
f 1816 	2747 	2589
f 2748 	2037 	2751
f 2704 	276 	2724
f 2751 	2047 	2752
f 2037 	2047 	2751
f 1260 	104 	1375
f 2726 	2706 	2725
f 2739 	2030 	2749
f 2745 	2750 	2723
f 2589 	2747 	2753
f 2706 	2726 	2728
f 2030 	2039 	2749
f 2047 	2754 	2752
f 2589 	2753 	2594
f 2745 	2723 	2718
f 2710 	2708 	2731
f 2748 	2751 	2749
f 2751 	2752 	2749
f 2753 	2605 	2594
f 2752 	2754 	2749
f 2716 	2755 	2747
f 2762 	2761 	2749
f 2716 	2719 	2755
f 2750 	2736 	2723
f 2747 	2756 	2753
f 2752 	2754 	1338
f 2754 	2762 	1338
f 2747 	2755 	2756
f 1338 	1348 	2751
f 2751 	2752 	1338
f 2698 	2743 	2700
f 2757 	2755 	2719
f 2746 	2701 	2744
f 2719 	2722 	2757
f 2764 	281 	2760
f 2754 	2762 	2749
f 2746 	1490 	1468
f 2461 	281 	2764
f 2748 	2739 	2749
f 2751 	1262 	2748
f 306 	2768 	2769
f 2728 	2707 	2706
f 2757 	2765 	2755
f 2707 	2728 	2708
f 2729 	2708 	2728
f 2739 	2773 	2749
f 2226 	2225 	2810
f 2729 	2731 	2708
f 2720 	2773 	2721
f 2710 	2731 	2732
f 1196 	49 	101
f 2778 	2776 	2751
f 2722 	2758 	2757
f 2733 	2713 	2732
f 2752 	2751 	2776
f 2713 	2733 	2735
f 2748 	2780 	2751
f 2778 	2751 	2780
f 2740 	2695 	2737
f 2749 	2780 	2748
f 2698 	2697 	2743
f 2047 	1720 	1314
f 2744 	2700 	2743
f 2761 	2762 	2047
f 2700 	2744 	2701
f 2753 	2763 	2605
f 1314 	1315 	2047
f 2761 	2047 	1315
f 2756 	2763 	2753
f 1376 	347 	1311
f 1493 	1468 	1490
f 2047 	2762 	2754
f 2865 	2764 	2760
f 2763 	2619 	2605
f 2755 	2765 	2756
f 2704 	2724 	2705
f 2725 	2705 	2724
f 1315 	2281 	2761
f 2725 	2706 	2705
f 2739 	2749 	2761
f 2734 	2739 	2761
f 2734 	2761 	2281
f 2765 	2767 	2756
f 2766 	2517 	2703
f 2774 	2767 	2765
f 2766 	292 	2517
f 2732 	2712 	2710
f 1315 	1337 	2761
f 2713 	2712 	2732
f 2763 	2756 	2767
f 2761 	2776 	2771
f 2735 	2714 	2713
f 2767 	2624 	2763
f 2762 	2776 	2761
f 2735 	2737 	2694
f 2714 	2735 	2694
f 2695 	2694 	2737
f 2752 	2776 	2754
f 2754 	2776 	2762
f 2767 	2628 	2624
f 2695 	2740 	2697
f 2742 	2697 	2740
f 2771 	1315 	2761
f 2742 	2743 	2697
f 2720 	2711 	2770
f 2624 	2619 	2763
f 1753 	1314 	2771
f 2757 	2772 	2765
f 2701 	2746 	1468
f 1303 	1369 	1309
f 2770 	2773 	2720
f 1376 	1311 	1373
f 1309 	1373 	1311
f 2757 	2758 	2772
f 2601 	2784 	2566
f 2772 	2774 	2765
f 2790 	2572 	2579
f 2770 	2715 	2829
f 2771 	20 	1753
f 2575 	2775 	2579
f 2814 	2774 	2772
f 2715 	2770 	2711
f 2767 	2774 	2628
f 2772 	2758 	2814
f 2781 	2783 	2775
f 2795 	2779 	2801
f 2795 	2777 	2779
f 2749 	2782 	2780
f 2758 	2785 	2814
f 2749 	2773 	2782
f 2777 	2759 	2779
f 2776 	2778 	2782
f 2782 	2773 	2829
f 2773 	2770 	2829
f 2784 	2558 	2566
f 2774 	2672 	2628
f 2780 	2782 	2778
f 2784 	2781 	2558
f 2781 	2787 	2783
f 1754 	1753 	20
f 100 	1754 	20
f 14 	20 	2771
f 2776 	2782 	2829
f 21 	2788 	2785
f 2784 	2787 	2781
f 2787 	2813 	2783
f 2727 	2788 	21
f 2281 	63 	2734
f 2788 	2817 	2785
f 14 	3 	20
f 2785 	2817 	2814
f 2810 	2789 	2786
f 2730 	2791 	2727
f 14 	40 	20
f 100 	20 	40
f 2572 	2790 	2587
f 100 	20 	3
f 2792 	2588 	2587
f 2727 	2791 	2788
f 85 	2793 	1165
f 2791 	2794 	2788
f 2790 	2792 	2587
f 2793 	2795 	1165
f 2797 	2820 	2796
f 2798 	2820 	2797
f 2799 	2820 	2798
f 2800 	2820 	2799
f 134 	2820 	138
f 2795 	2801 	1165
f 2800 	2064 	2063
f 2063 	2062 	2800
f 1321 	1346 	1273
f 2064 	2799 	2058
f 2788 	2794 	2817
f 2800 	2799 	2064
f 2798 	2057 	2058
f 2738 	2802 	2730
f 2799 	2798 	2058
f 2775 	2803 	2579
f 2062 	2637 	2800
f 2894 	2777 	2793
f 2803 	2790 	2579
f 2065 	2057 	2797
f 2798 	2797 	2057
f 2793 	2777 	2795
f 2797 	2796 	2067
f 2797 	2067 	2065
f 2802 	2791 	2730
f 2803 	2804 	2790
f 2796 	132 	133
f 2796 	133 	2067
f 2802 	2805 	2791
f 2638 	2647 	2637
f 1617 	1619 	1538
f 2792 	2790 	2804
f 2791 	2805 	2794
f 2804 	2845 	2792
f 2802 	2646 	2805
f 1590 	1599 	1323
f 2514 	419 	2647
f 1330 	1599 	1375
f 2783 	2803 	2775
f 2809 	2637 	2647
f 2808 	2810 	2786
f 2643 	2738 	1819
f 2514 	2806 	2647
f 2803 	2783 	2811
f 2783 	2813 	2811
f 2643 	2802 	2738
f 2804 	2803 	2811
f 2822 	2809 	2812
f 2812 	2637 	2809
f 2643 	2646 	2802
f 2809 	2647 	2806
f 2646 	2664 	2805
f 2805 	2664 	2661
f 2816 	2812 	2806
f 2639 	2647 	2638
f 2814 	2815 	2774
f 2816 	2822 	2812
f 2816 	2637 	2812
f 2836 	2813 	2787
f 1429 	634 	632
f 1429 	632 	1428
f 2812 	419 	2816
f 2814 	2819 	2815
f 1430 	635 	634
f 1430 	634 	1429
f 2784 	2824 	2787
f 1432 	637 	635
f 1432 	635 	1430
f 2817 	2819 	2814
f 1434 	638 	637
f 1434 	637 	1432
f 2822 	2816 	2820
f 1436 	641 	638
f 1436 	638 	1434
f 2819 	2674 	2815
f 1437 	642 	641
f 1437 	641 	1436
f 1439 	645 	642
f 1439 	642 	1437
f 2601 	2824 	2784
f 24 	138 	2822
f 2637 	2816 	2800
f 2820 	2800 	2816
f 1441 	646 	645
f 1441 	645 	1439
f 1299 	1320 	1304
f 2806 	2822 	2820
f 1442 	648 	646
f 1442 	646 	1441
f 2672 	2815 	2674
f 2806 	2820 	2816
f 2809 	2806 	2812
f 2825 	2787 	2824
f 2764 	2865 	2823
f 2809 	419 	2812
f 2826 	2819 	2817
f 2820 	419 	2822
f 2817 	2794 	2826
f 2823 	2461 	2764
f 2601 	2827 	2824
f 2820 	2816 	419
f 2809 	2647 	419
f 2679 	2674 	2819
f 2819 	2826 	2679
f 2827 	2601 	2604
f 2827 	2828 	2824
f 2796 	2820 	132
f 2822 	138 	2820
f 2805 	2661 	2794
f 2822 	2806 	2829
f 2834 	2829 	2806
f 2824 	2828 	2825
f 2822 	2829 	24
f 2661 	2826 	2794
f 2771 	2776 	2829
f 2661 	2663 	2826
f 2604 	2612 	2832
f 2829 	2822 	419
f 2612 	2625 	2832
f 2815 	2672 	2774
f 2604 	2832 	2827
f 137 	138 	24
f 132 	2820 	134
f 2834 	2806 	2833
f 2818 	2562 	2821
f 2834 	26 	2829
f 2832 	2838 	2827
f 2818 	2831 	2562
f 2829 	26 	24
f 15 	24 	26
f 2821 	2562 	2567
f 2832 	2841 	2838
f 14 	2771 	2829
f 14 	2829 	26
f 26 	2829 	42
f 419 	42 	2829
f 2567 	2823 	2821
f 2827 	2838 	2828
f 2833 	4 	2834
f 63 	4 	2833
f 2461 	2823 	2567
f 2834 	15 	26
f 1168 	818 	793
f 2540 	2711 	2806
f 2833 	2734 	63
f 2625 	2841 	2832
f 3 	14 	4
f 2787 	2825 	2836
f 4 	14 	15
f 15 	2834 	4
f 2636 	2830 	2835
f 2836 	2825 	2837
f 2828 	2837 	2825
f 2636 	2831 	2830
f 2831 	2636 	2614
f 2831 	2614 	2562
f 1206 	1246 	1257
f 2680 	2835 	2840
f 2839 	2837 	2828
f 2835 	2645 	2636
f 2828 	2838 	2839
f 2835 	2680 	2645
f 1304 	1294 	1283
f 10 	2837 	9
f 1283 	1299 	1304
f 2839 	9 	2837
f 2838 	2842 	2839
f 2841 	2842 	2838
f 2835 	2830 	2869
f 2839 	29 	9
f 2842 	29 	2839
f 2625 	2630 	2841
f 2630 	2633 	2841
f 2841 	2633 	2842
f 2842 	2685 	29
f 2680 	2840 	2843
f 2633 	2685 	2842
f 2588 	2792 	2844
f 1445 	650 	1470
f 650 	1445 	1447
f 650 	1447 	651
f 651 	1447 	1449
f 651 	1449 	653
f 2844 	2681 	2588
f 653 	1449 	772
f 2792 	2845 	2844
f 2719 	2844 	2845
f 2804 	2811 	2847
f 2847 	2845 	2804
f 2719 	2845 	2847
f 2843 	2846 	2682
f 1 	2847 	2811
f 2811 	2813 	1
f 2846 	2684 	2682
f 1216 	1261 	1266
f 1 	2813 	2836
f 2 	1 	2836
f 2843 	2682 	2680
f 2837 	10 	2836
f 2 	2836 	10
f 2684 	2846 	2849
f 1320 	1215 	1446
f 2857 	2741 	2849
f 2736 	2750 	2850
f 1227 	1216 	1266
f 2850 	2852 	2736
f 2850 	2851 	2852
f 1142 	1154 	664
f 2851 	2853 	2852
f 1206 	1201 	1237
f 2852 	2853 	2854
f 1257 	1213 	1206
f 1213 	1257 	1216
f 1266 	1294 	1227
f 2702 	2852 	2854
f 1030 	468 	1106
f 2702 	2855 	2703
f 1451 	657 	1503
f 1452 	658 	657
f 1452 	657 	1451
f 1455 	660 	658
f 1455 	658 	1452
f 1457 	661 	660
f 1457 	660 	1455
f 1458 	663 	661
f 1458 	661 	1457
f 2854 	2855 	2702
f 1459 	666 	663
f 1459 	663 	1458
f 1460 	668 	666
f 1460 	666 	1459
f 1461 	671 	668
f 1461 	668 	1460
f 2766 	2703 	2855
f 1463 	672 	671
f 1463 	671 	1461
f 1464 	678 	672
f 1464 	672 	1463
f 1465 	681 	678
f 1465 	678 	1464
f 1466 	684 	681
f 1466 	681 	1465
f 2768 	2766 	2855
f 1467 	690 	684
f 1467 	684 	1466
f 1470 	693 	690
f 1470 	690 	1467
f 1470 	650 	693
f 703 	1479 	1481
f 703 	1481 	707
f 1482 	712 	707
f 1482 	707 	1481
f 1484 	715 	712
f 1484 	712 	1482
f 1485 	720 	715
f 1485 	715 	1484
f 1487 	723 	720
f 1487 	720 	1485
f 1488 	726 	723
f 1488 	723 	1487
f 1491 	729 	726
f 1491 	726 	1488
f 1492 	733 	729
f 1492 	729 	1491
f 1494 	735 	733
f 1494 	733 	1492
f 735 	1494 	1496
f 735 	1496 	737
f 1499 	739 	737
f 1499 	737 	1496
f 1501 	743 	739
f 1501 	739 	1499
f 1503 	745 	743
f 1503 	743 	1501
f 1503 	657 	745
f 1507 	754 	753
f 1507 	753 	1508
f 1479 	703 	754
f 1479 	754 	1507
f 1510 	759 	1638
f 794 	1638 	759
f 759 	1510 	1621
f 759 	1621 	761
f 761 	1621 	1622
f 761 	1622 	762
f 762 	1622 	1623
f 762 	1623 	763
f 763 	1623 	1624
f 763 	1624 	767
f 767 	1624 	1508
f 767 	1508 	753
f 772 	1449 	1625
f 772 	1625 	1627
f 772 	1627 	776
f 776 	1627 	1628
f 776 	1628 	778
f 778 	1628 	1630
f 778 	1630 	780
f 1631 	782 	780
f 1631 	780 	1630
f 1633 	784 	782
f 1633 	782 	1631
f 1635 	786 	784
f 1635 	784 	1633
f 1636 	789 	786
f 1636 	786 	1635
f 1637 	792 	789
f 1637 	789 	1636
f 1638 	794 	792
f 1638 	792 	1637
f 1641 	807 	804
f 1641 	804 	1640
f 1642 	809 	807
f 1642 	807 	1641
f 2849 	2848 	2857
f 2856 	2857 	2848
f 1644 	810 	809
f 1644 	809 	1642
f 1646 	812 	810
f 1646 	810 	1644
f 1648 	815 	812
f 1648 	812 	1646
f 1650 	816 	815
f 1650 	815 	1648
f 2684 	2849 	2741
f 1428 	632 	816
f 1428 	816 	1650
f 1657 	828 	1658
f 1666 	843 	1664
f 1667 	843 	1666
f 2856 	2858 	2857
f 1670 	846 	1669
f 846 	1670 	1671
f 2858 	2745 	2857
f 1672 	648 	1442
f 1677 	854 	1675
f 854 	1677 	1678
f 2857 	2745 	2741
f 1658 	828 	827
f 1718 	828 	1657
f 2858 	2885 	2859
f 1661 	838 	1660
f 835 	1660 	838
f 1195 	1230 	1232
f 1662 	840 	1661
f 838 	1661 	840
f 1664 	841 	1662
f 840 	1662 	841
f 2858 	2750 	2745
f 841 	1664 	843
f 1667 	844 	843
f 844 	1667 	1669
f 844 	1669 	845
f 2859 	2750 	2858
f 845 	1669 	846
f 846 	1671 	847
f 847 	1671 	1658
f 847 	1658 	827
f 849 	648 	1672
f 849 	1672 	1674
f 849 	1674 	850
f 1675 	853 	1674
f 850 	1674 	853
f 853 	1675 	854
f 854 	1678 	855
f 855 	1678 	1679
f 855 	1679 	856
f 856 	1679 	1660
f 856 	1660 	835
f 2859 	2850 	2750
f 2859 	2860 	2850
f 2860 	2851 	2850
f 1091 	95 	1143
f 1092 	96 	95
f 1092 	95 	1091
f 1094 	97 	96
f 1094 	96 	1092
f 1095 	98 	97
f 1095 	97 	1094
f 1096 	99 	98
f 1096 	98 	1095
f 1098 	102 	99
f 1098 	99 	1096
f 1099 	103 	102
f 1099 	102 	1098
f 2862 	2894 	2861
f 1100 	105 	103
f 1100 	103 	1099
f 1102 	106 	105
f 1102 	105 	1100
f 1103 	107 	106
f 1103 	106 	1102
f 1104 	108 	107
f 1104 	107 	1103
f 1105 	109 	108
f 1105 	108 	1104
f 1107 	110 	109
f 1107 	109 	1105
f 2863 	2821 	2864
f 2863 	2818 	2821
f 2861 	2865 	2862
f 2864 	2865 	2861
f 2865 	2760 	2862
f 1195 	1232 	1237
f 1206 	1237 	1246
f 2862 	2760 	2759
f 1320 	1299 	1215
f 2864 	2823 	2865
f 2864 	2821 	2823
f 1135 	649 	1217
f 2863 	2895 	2866
f 1237 	1201 	1195
f 2866 	2868 	2818
f 2818 	2868 	2831
f 1279 	1283 	1294
f 2866 	2818 	2863
f 2867 	2830 	2868
f 2831 	2868 	2830
f 2869 	2830 	2867
f 2840 	2870 	2843
f 2871 	2843 	2870
f 732 	1215 	1299
f 2869 	2840 	2835
f 1142 	649 	1135
f 222 	1684 	872
f 1685 	877 	872
f 1685 	872 	1684
f 1686 	881 	877
f 1686 	877 	1685
f 1687 	883 	881
f 1687 	881 	1686
f 1689 	887 	883
f 1689 	883 	1687
f 1690 	889 	887
f 1690 	887 	1689
f 1692 	892 	889
f 1692 	889 	1690
f 1693 	894 	892
f 1693 	892 	1692
f 1694 	898 	894
f 1694 	894 	1693
f 1695 	901 	898
f 1695 	898 	1694
f 2871 	2872 	2846
f 1696 	904 	901
f 1696 	901 	1695
f 1698 	906 	904
f 1698 	904 	1696
f 1701 	910 	906
f 1701 	906 	1698
f 1702 	912 	910
f 1702 	910 	1701
f 2872 	2849 	2846
f 912 	1702 	917
f 1705 	917 	1702
f 1706 	921 	917
f 1706 	917 	1705
f 1708 	923 	921
f 1708 	921 	1706
f 1709 	927 	923
f 1709 	923 	1708
f 2871 	2846 	2843
f 1710 	929 	927
f 1710 	927 	1709
f 1712 	931 	929
f 1712 	929 	1710
f 1713 	933 	931
f 1713 	931 	1712
f 1713 	980 	933
f 940 	828 	1718
f 940 	1718 	1719
f 940 	1719 	943
f 1721 	945 	943
f 1721 	943 	1719
f 1723 	947 	945
f 1723 	945 	1721
f 1725 	949 	947
f 1725 	947 	1723
f 1726 	951 	949
f 1726 	949 	1725
f 1727 	953 	951
f 1727 	951 	1726
f 1729 	956 	953
f 1729 	953 	1727
f 1730 	958 	956
f 1730 	956 	1729
f 1732 	960 	958
f 1732 	958 	1730
f 1106 	468 	1194
f 1971 	1194 	468
f 960 	1732 	1734
f 960 	1734 	962
f 2849 	2872 	2848
f 1735 	964 	962
f 1735 	962 	1734
f 1736 	966 	964
f 1736 	964 	1735
f 1737 	968 	966
f 1737 	966 	1736
f 2876 	2889 	2848
f 1640 	804 	968
f 1640 	968 	1737
f 986 	1255 	867
f 1513 	1060 	1682
f 980 	1713 	1739
f 980 	1739 	1740
f 980 	1740 	982
f 1217 	649 	1051
f 1741 	987 	982
f 1741 	982 	1740
f 1742 	989 	987
f 1742 	987 	1741
f 1743 	991 	989
f 1743 	989 	1742
f 1142 	664 	649
f 1744 	993 	991
f 1744 	991 	1743
f 1746 	996 	993
f 1746 	993 	1744
f 1747 	998 	996
f 1747 	996 	1746
f 2869 	2867 	2902
f 1748 	999 	998
f 1748 	998 	1747
f 1749 	1001 	999
f 1749 	999 	1748
f 1001 	1749 	231
f 198 	231 	1749
f 818 	1168 	1173
f 2873 	2869 	2902
f 818 	1173 	824
f 2870 	2873 	2903
f 2873 	2870 	2840
f 2873 	2840 	2869
f 1308 	1321 	1208
f 1194 	1207 	1106
f 1028 	1207 	1051
f 2874 	2872 	2871
f 2874 	2875 	2872
f 1682 	1260 	1513
f 1180 	824 	1173
f 2875 	2876 	2848
f 2875 	2848 	2872
f 1614 	1617 	1533
f 1634 	1564 	1626
f 1590 	1564 	1634
f 1375 	1599 	1513
f 1208 	1255 	1308
f 1309 	1369 	1373
f 27 	1311 	347
f 1533 	1610 	1614
f 687 	664 	1154
f 2878 	2853 	2851
f 848 	824 	1182
f 2877 	2916 	2879
f 2877 	2879 	2878
f 2878 	2880 	2853
f 1216 	1257 	1261
f 2878 	2879 	2880
f 1294 	1266 	1279
f 2881 	2853 	2880
f 2881 	2854 	2853
f 1207 	1028 	1106
f 1217 	1051 	1207
f 2854 	2881 	2882
f 2880 	2883 	2881
f 1168 	793 	1154
f 687 	1154 	793
f 2854 	2882 	2855
f 2768 	2855 	2882
f 1180 	1182 	824
f 2879 	2911 	2880
f 2880 	2911 	2883
f 2881 	2883 	2884
f 2881 	2884 	2882
f 1109 	260 	259
f 1109 	259 	1110
f 1111 	261 	260
f 1111 	260 	1109
f 2882 	2769 	2768
f 1112 	263 	261
f 1112 	261 	1111
f 2882 	2884 	2769
f 1114 	265 	263
f 1114 	263 	1112
f 1115 	267 	265
f 1115 	265 	1114
f 1116 	270 	267
f 1116 	267 	1115
f 1117 	272 	270
f 1117 	270 	1116
f 1118 	273 	272
f 1118 	272 	1117
f 1120 	273 	1118
f 310 	1110 	259
f 273 	1120 	277
f 1122 	279 	277
f 1122 	277 	1120
f 1123 	294 	279
f 1123 	279 	1122
f 294 	1123 	1124
f 294 	1124 	295
f 1127 	296 	295
f 1127 	295 	1124
f 2848 	2889 	2856
f 1139 	298 	296
f 1139 	296 	1127
f 1140 	299 	298
f 1140 	298 	1139
f 2856 	2889 	2885
f 1141 	300 	299
f 1141 	299 	1140
f 1143 	301 	300
f 1143 	300 	1141
f 2885 	2858 	2856
f 1143 	95 	301
f 302 	1177 	1146
f 302 	1146 	1147
f 302 	1147 	303
f 303 	1147 	1149
f 303 	1149 	304
f 1155 	305 	304
f 1155 	304 	1149
f 1156 	307 	305
f 1156 	305 	1155
f 2859 	2885 	2886
f 1159 	308 	307
f 1159 	307 	1156
f 1161 	309 	308
f 1161 	308 	1159
f 1162 	310 	309
f 1162 	309 	1161
f 1110 	310 	1162
f 1164 	311 	1107
f 110 	1107 	311
f 311 	1164 	1166
f 311 	1166 	312
f 2887 	2860 	2886
f 312 	1166 	1169
f 312 	1169 	314
f 314 	1169 	1170
f 314 	1170 	315
f 315 	1170 	1171
f 315 	1171 	318
f 318 	1171 	1172
f 318 	1172 	320
f 1174 	323 	320
f 1174 	320 	1172
f 2886 	2860 	2859
f 1175 	326 	323
f 1175 	323 	1174
f 1177 	328 	326
f 1177 	326 	1175
f 1177 	302 	328
f 2888 	2860 	2887
f 101 	406 	1196
f 2887 	2892 	2888
f 2888 	2851 	2860
f 2888 	2892 	2877
f 2888 	2878 	2851
f 2888 	2877 	2878
f 1295 	1352 	1297
f 2890 	2885 	2889
f 2890 	2891 	2886
f 1590 	1323 	1564
f 2890 	2886 	2885
f 2919 	2887 	2891
f 2919 	2892 	2887
f 2891 	2887 	2886
f 2892 	2921 	2877
f 1523 	1610 	1533
f 1617 	1538 	1533
f 1546 	1538 	1619
f 1546 	1619 	1551
f 79 	2893 	85
f 1330 	1323 	1599
f 79 	31 	2893
f 85 	2893 	2894
f 1056 	1375 	104
f 1196 	1255 	1208
f 1321 	1273 	1208
f 2894 	2793 	85
f 1346 	1352 	1295
f 1363 	1297 	1352
f 7 	2898 	18
f 1363 	1369 	1297
f 1303 	1297 	1369
f 1610 	1523 	30
f 18 	2895 	31
f 31 	2895 	2896
f 31 	2896 	2893
f 2893 	2896 	2861
f 2893 	2861 	2894
f 2894 	2862 	2777
f 2759 	2777 	2862
f 2895 	2863 	2896
f 2896 	2863 	2864
f 2896 	2864 	2861
f 94 	131 	2897
f 2895 	18 	2898
f 2899 	131 	129
f 129 	176 	2899
f 2900 	131 	2899
f 2900 	2897 	131
f 2897 	2901 	2898
f 2897 	2900 	2901
f 2898 	2901 	2866
f 2866 	2895 	2898
f 2902 	2900 	2899
f 2899 	2905 	2902
f 2900 	2867 	2901
f 2901 	2868 	2866
f 2901 	2867 	2868
f 2902 	2867 	2900
f 2903 	184 	204
f 2904 	2903 	204
f 2870 	2903 	2904
f 2904 	2871 	2870
f 2904 	2906 	2874
f 2871 	2904 	2874
f 2876 	2875 	2908
f 2908 	2909 	2876
f 2889 	2876 	2909
f 176 	184 	2905
f 2905 	2899 	176
f 2903 	2905 	184
f 2905 	2903 	2873
f 2905 	2873 	2902
f 2906 	204 	264
f 264 	282 	2906
f 2904 	204 	2906
f 2907 	2906 	282
f 282 	291 	2907
f 2874 	2906 	2907
f 2874 	2907 	2875
f 291 	297 	2908
f 2907 	291 	2908
f 2875 	2907 	2908
f 297 	316 	2909
f 2908 	297 	2909
f 2911 	2879 	2910
f 2918 	417 	2910
f 353 	417 	2918
f 2912 	2911 	2910
f 2912 	2910 	417
f 2913 	2883 	2911
f 2911 	2912 	2913
f 2913 	2786 	2883
f 2808 	2786 	2913
f 2883 	2786 	2884
f 2789 	2769 	2884
f 2789 	2884 	2786
f 612 	2912 	417
f 2912 	2807 	2913
f 2912 	612 	2807
f 2913 	2807 	2808
f 2926 	2914 	2915
f 842 	2914 	1061
f 2877 	2921 	2916
f 2914 	2917 	2915
f 2914 	842 	2917
f 2915 	2917 	2918
f 2915 	2918 	2916
f 2916 	2910 	2879
f 2916 	2918 	2910
f 842 	342 	2917
f 2917 	342 	353
f 2917 	353 	2918
f 2922 	2889 	2909
f 2890 	2889 	2922
f 2891 	2890 	2923
f 2925 	2920 	2919
f 2892 	2919 	2920
f 2920 	2921 	2892
f 2926 	2921 	2920
f 2926 	2915 	2921
f 2921 	2915 	2916
f 2909 	316 	2922
f 1085 	2923 	2922
f 1085 	1089 	2923
f 2890 	2922 	2923
f 2923 	1089 	2924
f 2924 	2891 	2923
f 2924 	2919 	2891
f 2925 	2919 	2924
f 1093 	1101 	2925
f 1101 	941 	2925
f 2924 	1093 	2925
f 2920 	2925 	941
f 941 	955 	2926
f 2926 	2920 	941
f 955 	2914 	2926
f 2914 	955 	1061
# 6272 faces

 #end of obj_0

